# source	term	english
# source\tterm\tenglish\nI2Languages (I2.Loc.LanguageSourceAsset)	UI/Blueprint	Blueprint
I2Languages (I2.Loc.LanguageSourceAsset)	UI/Continue	Continue
I2Languages (I2.Loc.LanguageSourceAsset)	UI/Craft	Craft
I2Languages (I2.Loc.LanguageSourceAsset)	UI/Disassemble	Disassemble
I2Languages (I2.Loc.LanguageSourceAsset)	UI/Eat	Eat
I2Languages (I2.Loc.LanguageSourceAsset)	UI/EventBlackout	The electricity has been cut off!
I2Languages (I2.Loc.LanguageSourceAsset)	UI/EventNoWater	The water has been cut off!
I2Languages (I2.Loc.LanguageSourceAsset)	UI/EventTrade	The Postman is missing!
I2Languages (I2.Loc.LanguageSourceAsset)	UI/Food	Food
I2Languages (I2.Loc.LanguageSourceAsset)	UI/Gear	Gear
I2Languages (I2.Loc.LanguageSourceAsset)	UI/Grab	Grab
I2Languages (I2.Loc.LanguageSourceAsset)	UI/Item	Items
I2Languages (I2.Loc.LanguageSourceAsset)	UI/Material	Materials
I2Languages (I2.Loc.LanguageSourceAsset)	UI/Separate	Separate
I2Languages (I2.Loc.LanguageSourceAsset)	UI/Trade	Trade
I2Languages (I2.Loc.LanguageSourceAsset)	UI/Use	Use
I2Languages (I2.Loc.LanguageSourceAsset)	UI/Hide	Hide
I2Languages (I2.Loc.LanguageSourceAsset)	UI/Unhide	Unhide
I2Languages (I2.Loc.LanguageSourceAsset)	UI/LadderHide	Cover
I2Languages (I2.Loc.LanguageSourceAsset)	UI/LadderUnhide	Uncover
I2Languages (I2.Loc.LanguageSourceAsset)	UI/PlanHide	Turn
I2Languages (I2.Loc.LanguageSourceAsset)	UI/PlanUnhide	Turn
I2Languages (I2.Loc.LanguageSourceAsset)	UI/	
I2Languages (I2.Loc.LanguageSourceAsset)	UI/agentClock	Open the door, the Agent has arrived!
I2Languages (I2.Loc.LanguageSourceAsset)	UI/reportHeader	Inspection Result
I2Languages (I2.Loc.LanguageSourceAsset)	UI/reportMissingItems	Essential items lacking
I2Languages (I2.Loc.LanguageSourceAsset)	UI/reportRedundantItems	Suspicious items
I2Languages (I2.Loc.LanguageSourceAsset)	UI/reportAdditionalText	We remind you to be a good citizen.
I2Languages (I2.Loc.LanguageSourceAsset)	UI/reportNone	none
I2Languages (I2.Loc.LanguageSourceAsset)	UI/reportNextVisit	Next visit
I2Languages (I2.Loc.LanguageSourceAsset)	UI/reportNextVisitDemo	- 
I2Languages (I2.Loc.LanguageSourceAsset)	UI/reportConsumption	Consumption
I2Languages (I2.Loc.LanguageSourceAsset)	UI/reportSuspicion	Suspicion level
I2Languages (I2.Loc.LanguageSourceAsset)	UI/reportPreparedness	Preparedness
I2Languages (I2.Loc.LanguageSourceAsset)	UI/reportPositive	Result: <i>Positive score</i>
I2Languages (I2.Loc.LanguageSourceAsset)	UI/reportNegative	Result: <i>Negative score</i>
I2Languages (I2.Loc.LanguageSourceAsset)	UI/reportGrade	Grade
I2Languages (I2.Loc.LanguageSourceAsset)	UI/reportResult	Result:
I2Languages (I2.Loc.LanguageSourceAsset)	UI/reportItemRedundant	Too many:
I2Languages (I2.Loc.LanguageSourceAsset)	UI/reportItemMissing	Too little:
I2Languages (I2.Loc.LanguageSourceAsset)	UI/reportAnyItem	any
I2Languages (I2.Loc.LanguageSourceAsset)	UI/reportGradeTooltip	The grade depends on the result of the visit.
I2Languages (I2.Loc.LanguageSourceAsset)	UI/reportSuspicionTooltip	The suspicion level depends on the results from all visits.\nIf the Agent doesn't suspect anything, you get a buff.\nIf the Agent suspects something, you get a debuff.
I2Languages (I2.Loc.LanguageSourceAsset)	UI/reportConsumptionTooltip	Keep consumption below suspect values
I2Languages (I2.Loc.LanguageSourceAsset)	UI/reportWaterTooltip	Average daily water consumption
I2Languages (I2.Loc.LanguageSourceAsset)	UI/reportElectricityTooltip	Electricity consumption
I2Languages (I2.Loc.LanguageSourceAsset)	UI/reportNextVisitTooltip	The agent will visit you on:
I2Languages (I2.Loc.LanguageSourceAsset)	UI/reportNextVisitTooltipDay	day
I2Languages (I2.Loc.LanguageSourceAsset)	UI/reportNextVisitTooltipMonth	month
I2Languages (I2.Loc.LanguageSourceAsset)	UI/reportManualHeader	Citizen Inspection Protocol
I2Languages (I2.Loc.LanguageSourceAsset)	UI/reportManualNextVisit	To be conducted in 1–7 days intervals, depending on the suspicion level.
I2Languages (I2.Loc.LanguageSourceAsset)	UI/reportManualItems	Standard house equipment
I2Languages (I2.Loc.LanguageSourceAsset)	UI/reportManualConsumption	Consumption rate up to
I2Languages (I2.Loc.LanguageSourceAsset)	UI/reportManualItemsText	The rating is up to your judgement, but you should pay attention to the lack of certain items or excess thereof (relative to the standard).
I2Languages (I2.Loc.LanguageSourceAsset)	UI/reportManualEleInfo	Check the electricity box
I2Languages (I2.Loc.LanguageSourceAsset)	UI/reportManualSinkInfo	Check the sink
I2Languages (I2.Loc.LanguageSourceAsset)	UI/reportManualWaterInfo	Water usage per day (since the last visit)
I2Languages (I2.Loc.LanguageSourceAsset)	UI/reportManualBorderRed	The most\nSuspicious
I2Languages (I2.Loc.LanguageSourceAsset)	UI/reportManualBorderOrange	More\nSuspicious
I2Languages (I2.Loc.LanguageSourceAsset)	UI/tooltipQuantity	Safe quantity
I2Languages (I2.Loc.LanguageSourceAsset)	UI/tooltipType	For all items of the category
I2Languages (I2.Loc.LanguageSourceAsset)	UI/reportNotOpen	I'll come tomorrow. Avoiding inspection has serious consequences!
I2Languages (I2.Loc.LanguageSourceAsset)	UI/reportUnsuccessful	Unsuccessful
I2Languages (I2.Loc.LanguageSourceAsset)	UI/pcs	pcs.
I2Languages (I2.Loc.LanguageSourceAsset)	UI/EventBlackoutC	The electricity has been cut off!
I2Languages (I2.Loc.LanguageSourceAsset)	UI/EventNoWaterC	The water has been cut off!
I2Languages (I2.Loc.LanguageSourceAsset)	UI/EventTradeC	The Postman is missing!
I2Languages (I2.Loc.LanguageSourceAsset)	UI/EventAgentC	The Agent
I2Languages (I2.Loc.LanguageSourceAsset)	UI/shelterSpaceOccupied	Shelter space is already occupied
I2Languages (I2.Loc.LanguageSourceAsset)	UI/shelterSiloUnreachable	The silo is unreachable. Build more rooms to reach it.
I2Languages (I2.Loc.LanguageSourceAsset)	UI/demoBlockText	Not available in the demo
I2Languages (I2.Loc.LanguageSourceAsset)	UI/endOfDemo	Demo Ends
I2Languages (I2.Loc.LanguageSourceAsset)	UI/LimitBar	Sleep to recover
I2Languages (I2.Loc.LanguageSourceAsset)	UI/BlueprintsIcon	Blueprints [Tab]
I2Languages (I2.Loc.LanguageSourceAsset)	UI/StatusIcon	Prepper Status [U]
I2Languages (I2.Loc.LanguageSourceAsset)	UI/ClockIcon	Clock [T]
I2Languages (I2.Loc.LanguageSourceAsset)	UI/ConstructionIcon	Construction [B]
I2Languages (I2.Loc.LanguageSourceAsset)	UI/InventoryIcon	Inventory [I]
I2Languages (I2.Loc.LanguageSourceAsset)	UI/Bunker	Bunker
I2Languages (I2.Loc.LanguageSourceAsset)	UI/Farming	Farming
I2Languages (I2.Loc.LanguageSourceAsset)	UI/Decorative	Decorative
I2Languages (I2.Loc.LanguageSourceAsset)	UI/Food0	Basic recipes
I2Languages (I2.Loc.LanguageSourceAsset)	UI/Food1	Cookbook 1
I2Languages (I2.Loc.LanguageSourceAsset)	UI/Food2	Cookbook 2
I2Languages (I2.Loc.LanguageSourceAsset)	UI/Food3	Cookbook 3
I2Languages (I2.Loc.LanguageSourceAsset)	UI/FoodFarm	Farm Cookbook
I2Languages (I2.Loc.LanguageSourceAsset)	UI/AnimalFarmDLC	Animal Farm
I2Languages (I2.Loc.LanguageSourceAsset)	UI/controlEsc	Menu
I2Languages (I2.Loc.LanguageSourceAsset)	UI/controlTab	Blueprints
I2Languages (I2.Loc.LanguageSourceAsset)	UI/controlCtrl	Fast forward
I2Languages (I2.Loc.LanguageSourceAsset)	UI/controlQ	Change weapon
I2Languages (I2.Loc.LanguageSourceAsset)	UI/controlWSAD	Move camera
I2Languages (I2.Loc.LanguageSourceAsset)	UI/controlT	Time control
I2Languages (I2.Loc.LanguageSourceAsset)	UI/controlB	Bunker construction
I2Languages (I2.Loc.LanguageSourceAsset)	UI/controlU	Gear / Journal
I2Languages (I2.Loc.LanguageSourceAsset)	UI/controlI	Inventory
I2Languages (I2.Loc.LanguageSourceAsset)	UI/controlSpace	Center the camera / Drive around obstacles
I2Languages (I2.Loc.LanguageSourceAsset)	UI/controlSpacePort	Center the camera
I2Languages (I2.Loc.LanguageSourceAsset)	UI/controlLMB	Move / Quick action
I2Languages (I2.Loc.LanguageSourceAsset)	UI/controlRMB	Interact
I2Languages (I2.Loc.LanguageSourceAsset)	UI/controlKeyboardLayout	Keyboard layout
I2Languages (I2.Loc.LanguageSourceAsset)	UI/controlQuickGrab	Quick grab
I2Languages (I2.Loc.LanguageSourceAsset)	UI/controlGrid	Alternate item placement grid
I2Languages (I2.Loc.LanguageSourceAsset)	UI/controlBoost	Drive Boost
I2Languages (I2.Loc.LanguageSourceAsset)	UI/contextEAT	EAT
I2Languages (I2.Loc.LanguageSourceAsset)	UI/contextSLEEP	SLEEP
I2Languages (I2.Loc.LanguageSourceAsset)	UI/contextCRAFT	CRAFT
I2Languages (I2.Loc.LanguageSourceAsset)	UI/contextTRADE	Trade
I2Languages (I2.Loc.LanguageSourceAsset)	UI/contextRECEIVE	RECEIVE
I2Languages (I2.Loc.LanguageSourceAsset)	UI/contextRECHARGE	RECHARGE
I2Languages (I2.Loc.LanguageSourceAsset)	UI/contextWATER	WATER
I2Languages (I2.Loc.LanguageSourceAsset)	UI/contextPLANT	PLANT
I2Languages (I2.Loc.LanguageSourceAsset)	UI/contextHARVEST	HARVEST
I2Languages (I2.Loc.LanguageSourceAsset)	UI/contextREAD	READ
I2Languages (I2.Loc.LanguageSourceAsset)	UI/contextTURNON	TURN ON
I2Languages (I2.Loc.LanguageSourceAsset)	UI/contextNAP	NAP
I2Languages (I2.Loc.LanguageSourceAsset)	UI/contextCOOK	COOK
I2Languages (I2.Loc.LanguageSourceAsset)	UI/contextEQUIP	EQUIP
I2Languages (I2.Loc.LanguageSourceAsset)	UI/contextTALK	TALK
I2Languages (I2.Loc.LanguageSourceAsset)	UI/contextCOLLECT	COLLECT
I2Languages (I2.Loc.LanguageSourceAsset)	UI/contextCHANGECOLOR	CHANGE COLOR
I2Languages (I2.Loc.LanguageSourceAsset)	UI/contextUSE	USE
I2Languages (I2.Loc.LanguageSourceAsset)	UI/contextREPAIR	Repair
I2Languages (I2.Loc.LanguageSourceAsset)	UI/contextMINE	MINE
I2Languages (I2.Loc.LanguageSourceAsset)	UI/contextQUICK_PLANT	QUICK PLANT
I2Languages (I2.Loc.LanguageSourceAsset)	UI/contextQUICK_SET	QUICK SET
I2Languages (I2.Loc.LanguageSourceAsset)	UI/contextLAUNCH_ROCKET	LAUNCH THE ROCKET
I2Languages (I2.Loc.LanguageSourceAsset)	UI/contextOPEN	OPEN
I2Languages (I2.Loc.LanguageSourceAsset)	UI/contextINSPECT	INSPECT
I2Languages (I2.Loc.LanguageSourceAsset)	UI/contextGRAB	GRAB
I2Languages (I2.Loc.LanguageSourceAsset)	UI/contextBUILD	BUILD
I2Languages (I2.Loc.LanguageSourceAsset)	UI/contextHIDE	HIDE
I2Languages (I2.Loc.LanguageSourceAsset)	UI/contextPOWERON	POWER ON
I2Languages (I2.Loc.LanguageSourceAsset)	UI/contextPOWEROFF	POWER OFF
I2Languages (I2.Loc.LanguageSourceAsset)	UI/contextDESTROY	DESTROY
I2Languages (I2.Loc.LanguageSourceAsset)	UI/contextCHOP	CHOP
I2Languages (I2.Loc.LanguageSourceAsset)	UI/contextCANCEL	CANCEL
I2Languages (I2.Loc.LanguageSourceAsset)	UI/contextDOWN	Down 
I2Languages (I2.Loc.LanguageSourceAsset)	UI/contextUP	Up 
I2Languages (I2.Loc.LanguageSourceAsset)	UI/contextGETBACK	Get back 
I2Languages (I2.Loc.LanguageSourceAsset)	UI/contextMELT	Melt
I2Languages (I2.Loc.LanguageSourceAsset)	UI/contextDRY	Dry
I2Languages (I2.Loc.LanguageSourceAsset)	UI/contextGIVE	Give
I2Languages (I2.Loc.LanguageSourceAsset)	UI/contextLEVEL	LEVEL
I2Languages (I2.Loc.LanguageSourceAsset)	UI/contextAsk	Ask
I2Languages (I2.Loc.LanguageSourceAsset)	UI/contextFort	Fort Observer
I2Languages (I2.Loc.LanguageSourceAsset)	UI/contextCustomize	Customize
I2Languages (I2.Loc.LanguageSourceAsset)	UI/attributeStamina	Stamina
I2Languages (I2.Loc.LanguageSourceAsset)	UI/attributeHealth	Health
I2Languages (I2.Loc.LanguageSourceAsset)	UI/attributePrep	Preparedness
I2Languages (I2.Loc.LanguageSourceAsset)	UI/Resume	Resume
I2Languages (I2.Loc.LanguageSourceAsset)	UI/Back	<back
I2Languages (I2.Loc.LanguageSourceAsset)	UI/BackPort	back
I2Languages (I2.Loc.LanguageSourceAsset)	UI/Apply	Apply
I2Languages (I2.Loc.LanguageSourceAsset)	UI/habitat	habitat
I2Languages (I2.Loc.LanguageSourceAsset)	UI/planBunker	Build the bunker
I2Languages (I2.Loc.LanguageSourceAsset)	UI/planFood	Establish a food source
I2Languages (I2.Loc.LanguageSourceAsset)	UI/planMakeAPlan	Make a plan
I2Languages (I2.Loc.LanguageSourceAsset)	UI/planRocket1	Ultimate Rocket Plan Phase 1
I2Languages (I2.Loc.LanguageSourceAsset)	UI/planRocket2	Ultimate Rocket Plan Phase 2
I2Languages (I2.Loc.LanguageSourceAsset)	UI/planRocket3	Ultimate Rocket Plan Phase 3
I2Languages (I2.Loc.LanguageSourceAsset)	UI/planRocket4	Ultimate Rocket Plan Phase 4
I2Languages (I2.Loc.LanguageSourceAsset)	UI/actionPlan	Plan
I2Languages (I2.Loc.LanguageSourceAsset)	UI/rocketProlog	More of the rocket\nin the full version
I2Languages (I2.Loc.LanguageSourceAsset)	UI/railWayProlog	You need the full version \nof the game to repair that
I2Languages (I2.Loc.LanguageSourceAsset)	UI/demoEnd1	Thank you for playing the demo!
I2Languages (I2.Loc.LanguageSourceAsset)	UI/demoEnd2	   If you want to try to survive in the bunker and live the Prepper's story we encourage you to visit Mr. Prepper's full game Steam Page: 
I2Languages (I2.Loc.LanguageSourceAsset)	UI/demoEnd3	Mr. Prepper steam page
I2Languages (I2.Loc.LanguageSourceAsset)	UI/demoEnd4	   Add it to your Wishlist and Subscribe to be up to date!\n   We hope you enjoyed this small part of our game!\n
I2Languages (I2.Loc.LanguageSourceAsset)	UI/demoEnd5	Kind regards,\nRejected Games
I2Languages (I2.Loc.LanguageSourceAsset)	UI/demoEnd6	   P.S. although this is the end of demo, and the rest of the content is only available in the full version, you can continue playing if you wish ;D
I2Languages (I2.Loc.LanguageSourceAsset)	UI/demoEnd7	Exit Game
I2Languages (I2.Loc.LanguageSourceAsset)	UI/demoEnd8	Continue playing
I2Languages (I2.Loc.LanguageSourceAsset)	UI/myCash	My cash
I2Languages (I2.Loc.LanguageSourceAsset)	UI/trust	trust
I2Languages (I2.Loc.LanguageSourceAsset)	UI/lowPrep	Your preparedness is low
I2Languages (I2.Loc.LanguageSourceAsset)	UI/SeedsOnly	Seeds only
I2Languages (I2.Loc.LanguageSourceAsset)	UI/BaitsOnly	Baits only
I2Languages (I2.Loc.LanguageSourceAsset)	UI/Prepper	Set up
I2Languages (I2.Loc.LanguageSourceAsset)	UI/FoodOnly	Food only
I2Languages (I2.Loc.LanguageSourceAsset)	UI/WaterOnly	Water only
I2Languages (I2.Loc.LanguageSourceAsset)	UI/Upgrade	Upgrade
I2Languages (I2.Loc.LanguageSourceAsset)	UI/ChooseSlot	Choose a slot
I2Languages (I2.Loc.LanguageSourceAsset)	UI/UI	UI
I2Languages (I2.Loc.LanguageSourceAsset)	UI/Suspiciousness	Suspiciousness
I2Languages (I2.Loc.LanguageSourceAsset)	UI/Skills	Skills
I2Languages (I2.Loc.LanguageSourceAsset)	UI/warning	Warning!!!
I2Languages (I2.Loc.LanguageSourceAsset)	UI/deleteSave	Are you sure you want to pernamently <color=red>delete</color> this save file?
I2Languages (I2.Loc.LanguageSourceAsset)	UI/sleepWarning	You should go to sleep
I2Languages (I2.Loc.LanguageSourceAsset)	UI/GoToSleepClock	Time to sleep! You will collapse soon.
I2Languages (I2.Loc.LanguageSourceAsset)	UI/unlocked	unlocked
I2Languages (I2.Loc.LanguageSourceAsset)	UI/pillar	Ropeway pillar
I2Languages (I2.Loc.LanguageSourceAsset)	UI/Trash	Trash
I2Languages (I2.Loc.LanguageSourceAsset)	UI/changeWeaponTip	Press [Q] to change weapon/tool
I2Languages (I2.Loc.LanguageSourceAsset)	UI/changeWeaponTipPort	Press <sprite index=Button30_UIAtlas> to change weapon/tool
I2Languages (I2.Loc.LanguageSourceAsset)	UI/grabTip	[Alt] + LMB to quick grab
I2Languages (I2.Loc.LanguageSourceAsset)	UI/grabTipPort	Hold <sprite index=Button26_UIAtlas> and press <sprite index=Button0_UIAtlas> to quick grab
I2Languages (I2.Loc.LanguageSourceAsset)	UI/fastForwardTip	Hold [Left Ctrl] to fast forward
I2Languages (I2.Loc.LanguageSourceAsset)	UI/prologueEnd1	This storyline is to be continued in the full version!
I2Languages (I2.Loc.LanguageSourceAsset)	UI/prologueEnd2	If you want to try to survive in the bunker and live the Prepper's story, we encourage you to visit Mr. Prepper's full game Steam Page: 
I2Languages (I2.Loc.LanguageSourceAsset)	UI/prologueEnd3	Mr. Prepper Steam page
I2Languages (I2.Loc.LanguageSourceAsset)	UI/prologueEnd4	   Add it to your Wishlist and Subscribe to be up to date!\n   We hope you enjoyed this part of our game!\n
I2Languages (I2.Loc.LanguageSourceAsset)	UI/prologueEnd5	Kind regards,\nRejected Games
I2Languages (I2.Loc.LanguageSourceAsset)	UI/prologueEnd6	   P.S. Although this is the end of Prologue's story it's not the end of the content you can discover. Feel free to continue! :)
I2Languages (I2.Loc.LanguageSourceAsset)	UI/prologueEnd7	Exit Game
I2Languages (I2.Loc.LanguageSourceAsset)	UI/prologueEnd8	Continue playing
I2Languages (I2.Loc.LanguageSourceAsset)	UI/gearTip1	To equip a baseball bat, open your gear
I2Languages (I2.Loc.LanguageSourceAsset)	UI/gearTip2	Double click a baseball bat to equip it
I2Languages (I2.Loc.LanguageSourceAsset)	UI/gearTip2Port	Double press <sprite index=Button0_UIAtlas> on a baseball bat to equip it
I2Languages (I2.Loc.LanguageSourceAsset)	UI/gearTip3	Press Q to toggle your weapon
I2Languages (I2.Loc.LanguageSourceAsset)	UI/gearTip3Port	Press <sprite index=Button30_UIAtlas> to toggle your weapon
I2Languages (I2.Loc.LanguageSourceAsset)	UI/skip	Skip
I2Languages (I2.Loc.LanguageSourceAsset)	UI/prologueFarmingInfo1	In Prologue, ways of upgrading your farm are limited,
I2Languages (I2.Loc.LanguageSourceAsset)	UI/prologueFarmingInfo2	which makes survival very challenging in the long run.
I2Languages (I2.Loc.LanguageSourceAsset)	UI/prologueFarmingInfo3	In the full version, you will gain access to better, more efficient plants,
I2Languages (I2.Loc.LanguageSourceAsset)	UI/prologueFarmingInfo4	more tools to make your plants grow faster,
I2Languages (I2.Loc.LanguageSourceAsset)	UI/prologueFarmingInfo5	and more ways of obtaining water and electricity.
I2Languages (I2.Loc.LanguageSourceAsset)	UI/arrested	Arrested
I2Languages (I2.Loc.LanguageSourceAsset)	UI/escape	Escape
I2Languages (I2.Loc.LanguageSourceAsset)	UI/drive	Drive
I2Languages (I2.Loc.LanguageSourceAsset)	UI/driveForward	Drive Forward
I2Languages (I2.Loc.LanguageSourceAsset)	UI/backToJoe	Back to Joe
I2Languages (I2.Loc.LanguageSourceAsset)	UI/toggleFortObserver	Fort Observer
I2Languages (I2.Loc.LanguageSourceAsset)	UI/toggleScavenge	Scavenge
I2Languages (I2.Loc.LanguageSourceAsset)	UI/driveTooltipBeta	You can't go further in beta
I2Languages (I2.Loc.LanguageSourceAsset)	UI/inFullVersion	(In full version)
I2Languages (I2.Loc.LanguageSourceAsset)	UI/driveToFort	Drive to the fort
I2Languages (I2.Loc.LanguageSourceAsset)	UI/driveForwardTooltip	
I2Languages (I2.Loc.LanguageSourceAsset)	UI/backToJoeTooltip	Back to the junkyard
I2Languages (I2.Loc.LanguageSourceAsset)	UI/driveToFortTootlip	
I2Languages (I2.Loc.LanguageSourceAsset)	UI/driveForwardDesc	Take a risk
I2Languages (I2.Loc.LanguageSourceAsset)	UI/driveToFortDesc	
I2Languages (I2.Loc.LanguageSourceAsset)	UI/tooLittleFuel	Not enough fuel
I2Languages (I2.Loc.LanguageSourceAsset)	UI/PutOnBackPack	Put on a backpack to unlock
I2Languages (I2.Loc.LanguageSourceAsset)	UI/tutTipDisassemble1	Mr. Prepper can learn new recipes by disassembling items.
I2Languages (I2.Loc.LanguageSourceAsset)	UI/tutTipDisassemble2	If you disassemble something from your house,
I2Languages (I2.Loc.LanguageSourceAsset)	UI/tutTipDisassemble3	you will always be able to reconstruct it.
I2Languages (I2.Loc.LanguageSourceAsset)	UI/tipAdventuringGear1	With the backpack equipped, you can now use quick access slots.
I2Languages (I2.Loc.LanguageSourceAsset)	UI/tipAdventuringGear2	You can equip food, combat gear and other consumables here.
I2Languages (I2.Loc.LanguageSourceAsset)	UI/tipAdventuringGear3	You can use them any time with keyboard keys 1–4.
I2Languages (I2.Loc.LanguageSourceAsset)	UI/tipAdventuringGear3Port	You can use them any time by hold <sprite index=Button2_UIAtlas> and press <sprite index=Button36_UIAtlas>
I2Languages (I2.Loc.LanguageSourceAsset)	UI/youSureExit	Are you sure you want to exit? Your progress is being saved only when you sleep or nap.
I2Languages (I2.Loc.LanguageSourceAsset)	UI/CenterCamera	Center Camera
I2Languages (I2.Loc.LanguageSourceAsset)	UI/Up	Up
I2Languages (I2.Loc.LanguageSourceAsset)	UI/Down	Down
I2Languages (I2.Loc.LanguageSourceAsset)	UI/Left	Left
I2Languages (I2.Loc.LanguageSourceAsset)	UI/Right	Right
I2Languages (I2.Loc.LanguageSourceAsset)	UI/Blueprints	Blueprints
I2Languages (I2.Loc.LanguageSourceAsset)	UI/ChangeWeapon	Switch weapons
I2Languages (I2.Loc.LanguageSourceAsset)	UI/Reload	Reload
I2Languages (I2.Loc.LanguageSourceAsset)	UI/GearSlot1	Gear Slot 1
I2Languages (I2.Loc.LanguageSourceAsset)	UI/GearSlot2	Gear Slot 2
I2Languages (I2.Loc.LanguageSourceAsset)	UI/GearSlot3	Gear Slot 3
I2Languages (I2.Loc.LanguageSourceAsset)	UI/GearSlot4	Gear Slot 4
I2Languages (I2.Loc.LanguageSourceAsset)	UI/Timer	Timer
I2Languages (I2.Loc.LanguageSourceAsset)	UI/SpeedUp	Speed Up
I2Languages (I2.Loc.LanguageSourceAsset)	UI/Pouse	Pause
I2Languages (I2.Loc.LanguageSourceAsset)	UI/Construction	Construction
I2Languages (I2.Loc.LanguageSourceAsset)	UI/Inventory	Inventory
I2Languages (I2.Loc.LanguageSourceAsset)	UI/QuickGrab	Quick Grab
I2Languages (I2.Loc.LanguageSourceAsset)	UI/Avoid	Change Lane (Car)
I2Languages (I2.Loc.LanguageSourceAsset)	UI/Boost	Boost (Car)
I2Languages (I2.Loc.LanguageSourceAsset)	UI/BasicBind	Default Bind
I2Languages (I2.Loc.LanguageSourceAsset)	UI/CustomBind	Custom Bind
I2Languages (I2.Loc.LanguageSourceAsset)	UI/ReloadSave	Load Last Save
I2Languages (I2.Loc.LanguageSourceAsset)	UI/ReloadFurther	Go Further Back
I2Languages (I2.Loc.LanguageSourceAsset)	UI/Load	Load
I2Languages (I2.Loc.LanguageSourceAsset)	UI/Block	Block
I2Languages (I2.Loc.LanguageSourceAsset)	UI/TryAgain	Try Again
I2Languages (I2.Loc.LanguageSourceAsset)	UI/betaEnd1	You have finished all main quests in the beta version
I2Languages (I2.Loc.LanguageSourceAsset)	UI/betaEnd2	Thank you for playing the beta version!
I2Languages (I2.Loc.LanguageSourceAsset)	UI/betaEnd3	   P.S. Although this is the end of Beta, it's not the end of the content you can discover. Feel free to continue! :)
I2Languages (I2.Loc.LanguageSourceAsset)	UI/lounch	Launch The Rocket
I2Languages (I2.Loc.LanguageSourceAsset)	UI/MaterialsOnly	Materials Only
I2Languages (I2.Loc.LanguageSourceAsset)	UI/CommunityLanguageAsk	The current language has been translated by the community. Some parts might be unfinished.\nDo you still want to use it?
I2Languages (I2.Loc.LanguageSourceAsset)	UI/GraphicsSettingsAsk	Do you want to keep the current display settings?\n(Yes - keep, No - back to default)
I2Languages (I2.Loc.LanguageSourceAsset)	UI/creditsBob	Live well and read well!
I2Languages (I2.Loc.LanguageSourceAsset)	UI/creditsHunter	Hunt down \nall of them!
I2Languages (I2.Loc.LanguageSourceAsset)	UI/creditsPrep	See ya!
I2Languages (I2.Loc.LanguageSourceAsset)	UI/creditsJoe	Find yourself a nice junkyard!
I2Languages (I2.Loc.LanguageSourceAsset)	UI/creditsJenny	Live long and flourish!
I2Languages (I2.Loc.LanguageSourceAsset)	UI/creditsPostman	Send a nice postcard \nonce you're there!
I2Languages (I2.Loc.LanguageSourceAsset)	UI/creditsProducers	Producers
I2Languages (I2.Loc.LanguageSourceAsset)	UI/creditsProgrammers	Programmers
I2Languages (I2.Loc.LanguageSourceAsset)	UI/creditsGraphic	Graphical Assets
I2Languages (I2.Loc.LanguageSourceAsset)	UI/creditsWriter	Script Writer
I2Languages (I2.Loc.LanguageSourceAsset)	UI/creditsMusic	Music and Sound Effects
I2Languages (I2.Loc.LanguageSourceAsset)	UI/creditsDesign	Gameplay Design
I2Languages (I2.Loc.LanguageSourceAsset)	UI/creditsTranslators	Translators
I2Languages (I2.Loc.LanguageSourceAsset)	UI/creditsCommunity	Community Managers
I2Languages (I2.Loc.LanguageSourceAsset)	UI/creditsKillers	Bug Hunters
I2Languages (I2.Loc.LanguageSourceAsset)	UI/creditsQA	Quality Assurance
I2Languages (I2.Loc.LanguageSourceAsset)	UI/creditsBeta	Beta Testers
I2Languages (I2.Loc.LanguageSourceAsset)	UI/creditsSpecial	Special Thanks
I2Languages (I2.Loc.LanguageSourceAsset)	UI/creditsExternal	External Producers
I2Languages (I2.Loc.LanguageSourceAsset)	UI/creditsConcept	Based on a concept by
I2Languages (I2.Loc.LanguageSourceAsset)	UI/thx	Thank you for playing
I2Languages (I2.Loc.LanguageSourceAsset)	UI/stop	Stop
I2Languages (I2.Loc.LanguageSourceAsset)	UI/lvl	lvl
I2Languages (I2.Loc.LanguageSourceAsset)	UI/max	MAX
I2Languages (I2.Loc.LanguageSourceAsset)	UI/car	Fuel Tank
I2Languages (I2.Loc.LanguageSourceAsset)	UI/Car	Car
I2Languages (I2.Loc.LanguageSourceAsset)	UI/contextENTRANCE	Entrance
I2Languages (I2.Loc.LanguageSourceAsset)	UI/contextUNKNOWNLEVEL	Level ?
I2Languages (I2.Loc.LanguageSourceAsset)	UI/immortal	Immortal
I2Languages (I2.Loc.LanguageSourceAsset)	UI/mode	Game Mode
I2Languages (I2.Loc.LanguageSourceAsset)	UI/creative	Creative
I2Languages (I2.Loc.LanguageSourceAsset)	UI/regular	Regular
I2Languages (I2.Loc.LanguageSourceAsset)	UI/special	Special Modes
I2Languages (I2.Loc.LanguageSourceAsset)	UI/regularMode	Normal Game
I2Languages (I2.Loc.LanguageSourceAsset)	UI/creativeDesc	You have unlimited access to all items and materials and you can set to be immortal. This mode is intended for people who like to focus on creative/building part of the game without any limitations. In this mode you will not be able to unlock any achievements.
I2Languages (I2.Loc.LanguageSourceAsset)	UI/sandbox	Sandbox
I2Languages (I2.Loc.LanguageSourceAsset)	UI/sandboxDesc	All locations are unlocked from the start. This is a storyless mode - you get to make your own path. 
I2Languages (I2.Loc.LanguageSourceAsset)	UI/moreComing	more to come
I2Languages (I2.Loc.LanguageSourceAsset)	UI/CreativeOp	Creative Mode Options
I2Languages (I2.Loc.LanguageSourceAsset)	UI/creativeIcon	Creative Mode Options [C]
I2Languages (I2.Loc.LanguageSourceAsset)	UI/beta	Beta
I2Languages (I2.Loc.LanguageSourceAsset)	UI/diffEasy	Easy
I2Languages (I2.Loc.LanguageSourceAsset)	UI/diffEasyDesc	For those who just want to enjoy a calm everyday life of a prepper.
I2Languages (I2.Loc.LanguageSourceAsset)	UI/diffNormal	Normal
I2Languages (I2.Loc.LanguageSourceAsset)	UI/diffNormalDesc	Intended/balanced difficulty. We recommend you to start with this one.
I2Languages (I2.Loc.LanguageSourceAsset)	UI/diffHard	Hard
I2Languages (I2.Loc.LanguageSourceAsset)	UI/diffHardDesc	For players who want a bigger challenge.
I2Languages (I2.Loc.LanguageSourceAsset)	UI/diff	Difficulty
I2Languages (I2.Loc.LanguageSourceAsset)	UI/diffHardcoreDesc	<U>Hardcore</U> - if you faint, your save file is deleted
I2Languages (I2.Loc.LanguageSourceAsset)	UI/diffHardcore	Hardcore
I2Languages (I2.Loc.LanguageSourceAsset)	UI/daysSurvive	Days survived
I2Languages (I2.Loc.LanguageSourceAsset)	UI/corruptSuc	Your save file was corrupted. Automatic recovery was successful and everything should be fine now. If you encounter any more problems, please contact us via Steam or Discord. 
I2Languages (I2.Loc.LanguageSourceAsset)	UI/corruptFail	Your save file was corrupted. Automatic recovery failed. Corrupted save file was moved to Corr folder in your save files directory. Please contact us via Steam or Discord and we will try to help.
I2Languages (I2.Loc.LanguageSourceAsset)	UI/ok	OK
I2Languages (I2.Loc.LanguageSourceAsset)	UI/halloween	HALLOWEEN
I2Languages (I2.Loc.LanguageSourceAsset)	UI/halloweenFlyerText	MEET ME IN THE FOREST
I2Languages (I2.Loc.LanguageSourceAsset)	UI/contextCLOSE	CLOSE
I2Languages (I2.Loc.LanguageSourceAsset)	UI/contextAnimalsBand	TRACKING DEVICE
I2Languages (I2.Loc.LanguageSourceAsset)	UI/contextMaterial	BLACK FABRIC
I2Languages (I2.Loc.LanguageSourceAsset)	UI/contextBrokenCamera	BROKEN CAMERA
I2Languages (I2.Loc.LanguageSourceAsset)	UI/contextUFO	UFO
I2Languages (I2.Loc.LanguageSourceAsset)	UI/rocketNeeded0	<B>Unlock</B>: build Rocket Silo
I2Languages (I2.Loc.LanguageSourceAsset)	UI/rocketNeeded1	<B>Unlock</B>: finish building Rocket Phase 2
I2Languages (I2.Loc.LanguageSourceAsset)	UI/rocketNeeded2	<B>Unlock</B>: finish building Rocket Phase 3
I2Languages (I2.Loc.LanguageSourceAsset)	UI/contextSHAVE	Shave
I2Languages (I2.Loc.LanguageSourceAsset)	UI/contextMILK	Milk
I2Languages (I2.Loc.LanguageSourceAsset)	UI/contextFEED	FEED
I2Languages (I2.Loc.LanguageSourceAsset)	UI/contextFILLET	Fillet
I2Languages (I2.Loc.LanguageSourceAsset)	UI/contextFILLET_ALL	Fillet All
I2Languages (I2.Loc.LanguageSourceAsset)	UI/wall	Wall
I2Languages (I2.Loc.LanguageSourceAsset)	UI/floor	Floor
I2Languages (I2.Loc.LanguageSourceAsset)	UI/ceiling	Ceiling
I2Languages (I2.Loc.LanguageSourceAsset)	UI/customRoomTextureInfo	You can use <color=yellow>your own images</color>.\nPut them in "<color=yellow>Custom Room Texture</color>" folder in your game instalation directory and reload your save file.\nImages needs to be in <color=yellow>JPG or PNG</color> format.
I2Languages (I2.Loc.LanguageSourceAsset)	UI/addToWhislist	Add it to your Wishlist!
I2Languages (I2.Loc.LanguageSourceAsset)	UI/skipToUFO	Do you want to wait till 3:00?
I2Languages (I2.Loc.LanguageSourceAsset)	UI/unknown	Unknown
I2Languages (I2.Loc.LanguageSourceAsset)	UI/prefWeather	Preferred weather
I2Languages (I2.Loc.LanguageSourceAsset)	UI/prefTime	Preferred time
I2Languages (I2.Loc.LanguageSourceAsset)	UI/prefLocation	Preferred location
I2Languages (I2.Loc.LanguageSourceAsset)	UI/anyConditions	Without preferences
I2Languages (I2.Loc.LanguageSourceAsset)	UI/bestFishingRod	Best fishing rod
I2Languages (I2.Loc.LanguageSourceAsset)	UI/bestBait	Best bait
I2Languages (I2.Loc.LanguageSourceAsset)	UI/Rainy	Rainy
I2Languages (I2.Loc.LanguageSourceAsset)	UI/Sunny	Sunny
I2Languages (I2.Loc.LanguageSourceAsset)	UI/Foggy	Foggy
I2Languages (I2.Loc.LanguageSourceAsset)	UI/Stormy	Stormy
I2Languages (I2.Loc.LanguageSourceAsset)	UI/LabirinthLake	Maze Lake
I2Languages (I2.Loc.LanguageSourceAsset)	UI/Night	Nighttime
I2Languages (I2.Loc.LanguageSourceAsset)	UI/Morning	Morning
I2Languages (I2.Loc.LanguageSourceAsset)	UI/FBaitBasic	Basic
I2Languages (I2.Loc.LanguageSourceAsset)	UI/FBaitGood	Good
I2Languages (I2.Loc.LanguageSourceAsset)	UI/FBaitGreat	Great
I2Languages (I2.Loc.LanguageSourceAsset)	UI/FBaitExcelent	Excellent
I2Languages (I2.Loc.LanguageSourceAsset)	UI/OldRod	Old fishing rod
I2Languages (I2.Loc.LanguageSourceAsset)	UI/GoodRod	Good fishing rod
I2Languages (I2.Loc.LanguageSourceAsset)	UI/ExpertRod	Expert fishing rod
I2Languages (I2.Loc.LanguageSourceAsset)	UI/Pet	Pet
I2Languages (I2.Loc.LanguageSourceAsset)	UI/getFishingReward	Collect an award from Will!
I2Languages (I2.Loc.LanguageSourceAsset)	UI/contextPET	PET
I2Languages (I2.Loc.LanguageSourceAsset)	UI/contextCLEANUP	Clean up
I2Languages (I2.Loc.LanguageSourceAsset)	UI/contextOpenTrunk	Open the trunk
I2Languages (I2.Loc.LanguageSourceAsset)	UI/contextElevatorStorage	Storage
I2Languages (I2.Loc.LanguageSourceAsset)	UI/contextPUSH	Push
I2Languages (I2.Loc.LanguageSourceAsset)	UI/autopilot	Autopilot
I2Languages (I2.Loc.LanguageSourceAsset)	UI/autopilotUpgrade1	Autopilot upgrade
I2Languages (I2.Loc.LanguageSourceAsset)	UI/autopilotUpgrade2	Solar panels
I2Languages (I2.Loc.LanguageSourceAsset)	UI/autopilotDescription1	Your car will drive automatically, but will consume a bit more fuel.
I2Languages (I2.Loc.LanguageSourceAsset)	UI/autopilotDescription2	Your car will drive automatically without any additional cost.
I2Languages (I2.Loc.LanguageSourceAsset)	UI/contextWEATHER_TODAY	TODAY'S FORECAST
I2Languages (I2.Loc.LanguageSourceAsset)	UI/contextWEATHER_TOMORROW	TOMORROW'S FORECAST
I2Languages (I2.Loc.LanguageSourceAsset)	UI/contextPLAY	Play
I2Languages (I2.Loc.LanguageSourceAsset)	UI/contextSHOOT	Shoot
I2Languages (I2.Loc.LanguageSourceAsset)	UI/dogeUndergroundTut1	Xeno will be uncomfortable underground.
I2Languages (I2.Loc.LanguageSourceAsset)	UI/dogeOvergroundTut1	Xeno is still getting to know you.
I2Languages (I2.Loc.LanguageSourceAsset)	UI/dogeOvergroundTut2	You need to feed him and play with him to raise your friendship level.
I2Languages (I2.Loc.LanguageSourceAsset)	UI/dogeOvergroundTut3	By raising friendship level, Xeno will learn new behaviors and keep you more Prepared.
I2Languages (I2.Loc.LanguageSourceAsset)	UI/anyMeat	Any Meat
I2Languages (I2.Loc.LanguageSourceAsset)	UI/anyVege	Any food without meat
I2Languages (I2.Loc.LanguageSourceAsset)	UI/anySeed	Any Seed
I2Languages (I2.Loc.LanguageSourceAsset)	UI/anyFruit	Any fruit
I2Languages (I2.Loc.LanguageSourceAsset)	UI/bestFood	Best Food
I2Languages (I2.Loc.LanguageSourceAsset)	UI/goodFood	Good Food
I2Languages (I2.Loc.LanguageSourceAsset)	UI/okayFood	Okay Food
I2Languages (I2.Loc.LanguageSourceAsset)	UI/animalPet	Pet
I2Languages (I2.Loc.LanguageSourceAsset)	UI/barnHole	Hole in the barn
I2Languages (I2.Loc.LanguageSourceAsset)	UI/brokenFence	Broken fence
I2Languages (I2.Loc.LanguageSourceAsset)	UI/mazeLevel	Maze level
I2Languages (I2.Loc.LanguageSourceAsset)	UI/mazeUnlocked	unlocked
I2Languages (I2.Loc.LanguageSourceAsset)	UI/mazeLocked	locked
I2Languages (I2.Loc.LanguageSourceAsset)	UI/mazeProgressInfo	This panel displays unlocked maze levels and progress towards the next level. \nEach time you reach end of maze you are progressing towards unlocking the next level. \nHigher maze levels are longer, harder and give better rewards.\nEach day maze level is chosen randomly from your unlocked maze levels.
I2Languages (I2.Loc.LanguageSourceAsset)	UI/contextGiveTreat	GIVE TREAT
I2Languages (I2.Loc.LanguageSourceAsset)	UI/fishingCaughtFish	You caught
I2Languages (I2.Loc.LanguageSourceAsset)	UI/fishingNotCaughtFish	Close one, maybe next time!
I2Languages (I2.Loc.LanguageSourceAsset)	UI/fishingMinigameMiss	Miss
I2Languages (I2.Loc.LanguageSourceAsset)	UI/fishingMinigameGoodJob	Good Job!
I2Languages (I2.Loc.LanguageSourceAsset)	UI/fishingSignTooltip	Fish have their preferences regarding weather, time of the day and other things.\n\nThe weather is variable, so if you want to plan your fishing, check the weather forecast on the radio.\n\nIn the case of the time of day, the fish like these times:\nMorning: Till 12:00\nDay: 12:00 - 17:00\nNight: From 17:00
I2Languages (I2.Loc.LanguageSourceAsset)	UI/menuDLCInfo	Playing the DLC starts on the tenth day of game time, when you receive a letter with a work order from the Agency.
I2Languages (I2.Loc.LanguageSourceAsset)	UI/menuDLCEnable	DLC is enabled.
I2Languages (I2.Loc.LanguageSourceAsset)	UI/menuDiscord	Join Discord
I2Languages (I2.Loc.LanguageSourceAsset)	UI/DLCs	DLCs
I2Languages (I2.Loc.LanguageSourceAsset)	UI/farmDLC	Animal Farm
I2Languages (I2.Loc.LanguageSourceAsset)	UI/dlcSave	<b><size=20>incompatible</size></b>\n\nThis game file was saved with DLC(s) enabled. Install the DLC(s) listed in the save file description to load this game.
I2Languages (I2.Loc.LanguageSourceAsset)	UI/farmDLCFirstEnableInfo	<b><size=20>Animal Farm</size></b>\n\nAnimal Farm DLC is enabled. You can play it on an old save file or start a new one. The recommended way to enjoy the Animal Farm DLC is starting it with a fresh save file. Have fun!
I2Languages (I2.Loc.LanguageSourceAsset)	UI/dogeUpperFloorTut1	Xeno will be uncomfortable if you close him on the upper floor.
I2Languages (I2.Loc.LanguageSourceAsset)	UI/contextLAUNCH_ROCKET_SATELITE	Set the target: Brazen Serpent
I2Languages (I2.Loc.LanguageSourceAsset)	UI/farmDLCAvailable	Available in the Animal Farm DLC
I2Languages (I2.Loc.LanguageSourceAsset)	UI/notEnoughGranades	You need grenades to play this
I2Languages (I2.Loc.LanguageSourceAsset)	UI/TwoButtonsAttack	Attack with [Q] to the left. Attack with [E1] to the right.
I2Languages (I2.Loc.LanguageSourceAsset)	UI/TwoButtonsAttackPort	Attack with <sprite index=27> to the left. Attack with <sprite index=28> to the right.
I2Languages (I2.Loc.LanguageSourceAsset)	UI/CursorAttack	Attack with [E2] in the direction of the cursor.
I2Languages (I2.Loc.LanguageSourceAsset)	UI/CursorAttackPort	Attack in the direction you're aiming with <sprite index=28>.
I2Languages (I2.Loc.LanguageSourceAsset)	UI/OldCombatSystem	Click on an enemy to attack them.
I2Languages (I2.Loc.LanguageSourceAsset)	UI/OldCombatSystemPort	Press <sprite index=Button0_UIAtlas> on an enemy to attack them.
I2Languages (I2.Loc.LanguageSourceAsset)	UI/CombatTutTittle1	How to fight
I2Languages (I2.Loc.LanguageSourceAsset)	UI/CombatTutDescription1	There are two attack buttons. \nClick to attack once or hold to keep attacking.
I2Languages (I2.Loc.LanguageSourceAsset)	UI/AttackLeftTut	Attack to the left with [Q]
I2Languages (I2.Loc.LanguageSourceAsset)	UI/AttackRightTut	Attack to the right with [E]
I2Languages (I2.Loc.LanguageSourceAsset)	UI/CombatTutTittle2	options
I2Languages (I2.Loc.LanguageSourceAsset)	UI/CombatTutDescription2	You can customize attacking to fit your own preferences in the gameplay settings menu.
I2Languages (I2.Loc.LanguageSourceAsset)	UI/calMon	Monday
I2Languages (I2.Loc.LanguageSourceAsset)	UI/calTue	Tuesday
I2Languages (I2.Loc.LanguageSourceAsset)	UI/calWed	Wednesday
I2Languages (I2.Loc.LanguageSourceAsset)	UI/calThu	Thursday
I2Languages (I2.Loc.LanguageSourceAsset)	UI/calFri	Friday
I2Languages (I2.Loc.LanguageSourceAsset)	UI/calSat	Saturday
I2Languages (I2.Loc.LanguageSourceAsset)	UI/calSun	Sunday
I2Languages (I2.Loc.LanguageSourceAsset)	UI/Attack	Attack
I2Languages (I2.Loc.LanguageSourceAsset)	UI/AttackLeft	Attack to the left
I2Languages (I2.Loc.LanguageSourceAsset)	UI/AttackRight	Attack to the right
I2Languages (I2.Loc.LanguageSourceAsset)	UI/keyBindsConflict	Some key bindings are in conflict!
I2Languages (I2.Loc.LanguageSourceAsset)	UI/dlcLoadWarning	You are loading a save file that has not been saved with your currently enabled DLC(s). After you do that, you will not be able to load this save file without your currently enabled DLC(s). Do you want to continue?
I2Languages (I2.Loc.LanguageSourceAsset)	UI/dogeFriendshipLevel1	You feel more prepared. Xeno will now start reacting to the postman and the neighbors arriving.
I2Languages (I2.Loc.LanguageSourceAsset)	UI/dogeFriendshipLevel2	Xeno will be bringing you newspapers and hiding when the agent arrives.
I2Languages (I2.Loc.LanguageSourceAsset)	UI/dogeFriendshipLevel3	Xeno will be hiding his bowl from the Agent and will be bringing you gifts from time to time.
I2Languages (I2.Loc.LanguageSourceAsset)	UI/dogeFriendshipLevelLabel	Xeno Friendship Level:
I2Languages (I2.Loc.LanguageSourceAsset)	UI/dogeFriendshipBenefLabel	Friendship benefits
I2Languages (I2.Loc.LanguageSourceAsset)	UI/allCategory	All
I2Languages (I2.Loc.LanguageSourceAsset)	UI/dogFriendshipTooltip	When you interact with Xeno - for instance, you pet him, \ngive him snacks or react to his behavior - your friendship will increase.\nHowever, if you leave him alone at home at night or you \nneglect his needs to the point when he escapes, your friendship will decrease.\nThese are not the only factors that affect your friendship. \nPay attention to Xeno and his reactions in order to notice \nwhat changes your friendship level.
I2Languages (I2.Loc.LanguageSourceAsset)	UI/creditsAnimalFarm	Additional help with Animal Farm DLC
I2Languages (I2.Loc.LanguageSourceAsset)	UI/creditsWill	Respect the land or it'll bite you
I2Languages (I2.Loc.LanguageSourceAsset)	UI/credits	Credits
I2Languages (I2.Loc.LanguageSourceAsset)	UI/translationInProgress	Translation in progress - coming soon
I2Languages (I2.Loc.LanguageSourceAsset)	UI/ultimateFishBoard	Ultimate Fish Board
I2Languages (I2.Loc.LanguageSourceAsset)	UI/advancedCombatMode	This book activates advanced combat mode, allowing you to attack and move simultaneously. It can be disabled later. Enable now?
I2Languages (I2.Loc.LanguageSourceAsset)	UI/advancedCombatModeNo	You still get other benefits from this book: \nbetter speed and damage. 
I2Languages (I2.Loc.LanguageSourceAsset)	UI/advancedCombatModeSetting	Stop when attacking
I2Languages (I2.Loc.LanguageSourceAsset)	UI/contextKILL	Kill
I2Languages (I2.Loc.LanguageSourceAsset)	UI/fishingMinigameToEarly	Too Early!
I2Languages (I2.Loc.LanguageSourceAsset)	UI/fishingMinigameToLate	Too Late!
I2Languages (I2.Loc.LanguageSourceAsset)	UI/minigameEvent	event
I2Languages (I2.Loc.LanguageSourceAsset)	UI/minigameBeat	Reach the score:
I2Languages (I2.Loc.LanguageSourceAsset)	UI/minigameToGet	to get a prize of
I2Languages (I2.Loc.LanguageSourceAsset)	UI/minigameWin	We have a winner!!!
I2Languages (I2.Loc.LanguageSourceAsset)	UI/minigameWin2	The reward will be delivered to your mail box.
I2Languages (I2.Loc.LanguageSourceAsset)	UI/minigameEventFreedomRoad	Beat the target score in a Freedom Road event!
I2Languages (I2.Loc.LanguageSourceAsset)	UI/minigameEventUndeadHell	Beat the target score in an Undead Hell event!
I2Languages (I2.Loc.LanguageSourceAsset)	UI/minigameGetScoreUndeadHell1	Nights to survive:
I2Languages (I2.Loc.LanguageSourceAsset)	UI/minigameGetScoreFreedomRoad	Reach the level:  
I2Languages (I2.Loc.LanguageSourceAsset)	UI/minigameFlierTitle	GAME COMPETITION
I2Languages (I2.Loc.LanguageSourceAsset)	UI/minigameCongratulation	CONGRATULATIONS
I2Languages (I2.Loc.LanguageSourceAsset)	UI/minigameCongratulation2	MR. PREPPER!
I2Languages (I2.Loc.LanguageSourceAsset)	UI/minigameReachedTargetScore	YOU'VE REACHED THE TARGET SCORE IN THE GAME:
I2Languages (I2.Loc.LanguageSourceAsset)	UI/minigameYouWon	YOU WON
I2Languages (I2.Loc.LanguageSourceAsset)	UI/minigameOutstandingJob	OUTSTANDING JOB! SEE YOU IN THE NEXT EVENT
I2Languages (I2.Loc.LanguageSourceAsset)	UI/minigameGameingClub	NEIGHBORHOOD GAMING CLUB
I2Languages (I2.Loc.LanguageSourceAsset)	UI/computerNotebookContentText	Tuesday\n\nDear Diary... ah, damn, no, I can't do it like this.\n\nWednesday\n\nOkay, once again. I decided to start making some notes as an exercise. My memory feels bad and all days seem to be the same. It is said that journaling makes you remember stuff better. I will try and see how this works out.\n\nThursday\n\nToday I was just walking around Murricaville area. I think such long walks help me concentrate. I need to get to know the surroundings better.\n\nFriday\n\nThe forest seems familiar somehow: the plants, the light, the scents. One thing surprised me though, and it was the sound of howling. Since when do we have wolves around here? \n\nSaturday \n\nRestless today. Did some small chores and repairs around the house. I can't help thinking that the town is too quiet. What is missing? The traffic, maybe? The daily chatter of neighbors? Barking of dogs?\n\nSunday\n\nA dream about flying. Gaining speed. Exhilaration. I don't actually know whether I'm in an airplane or not. I'm flying right above the treeline, I feel I'm reaching my destination, but I don't slow down for landing, I just go faster, treetops are closer. I wake up with a twitch of my whole body.\n\nTuesday\n\nDecided to drive around Murricaville for a bit. Not much going on. Neighbors greet each other with "Bless the President!". The postman delivers "One Truth" (what happened to other newspapers?). Everything looks the same. Nothing is happening. Everything is thoroughly, deeply, incredibly boring.\n\nShould I drive further and see how it is in other places?\n\nWednesday\n\nI dreamt about dogs tonight. Don't remember the details, but it wasn't a pleasant dream. Barking, growling. Why they were so agitated? I don't know.\n\nThursday\n\nLiterally nothing happened today. I'm so bored I don't even know what to write here.\n\nSaturday\n\nOkay, I'm leaving tomorrow. I have a full tank. I really, really need to see other places.\n\n
I2Languages (I2.Loc.LanguageSourceAsset)	UI/AttackType1	Attack with [Q] and [E1]
I2Languages (I2.Loc.LanguageSourceAsset)	UI/AttackType1Port	Attack with <sprite index=27> and <sprite index=28>
I2Languages (I2.Loc.LanguageSourceAsset)	UI/AttackType2	Attack with [E2]
I2Languages (I2.Loc.LanguageSourceAsset)	UI/AttackType2Port	Attack with <sprite index=28>
I2Languages (I2.Loc.LanguageSourceAsset)	UI/AttackType3	Old Combat System
I2Languages (I2.Loc.LanguageSourceAsset)	UI/loadSaveConfirmationText	Do you want to load this save?
I2Languages (I2.Loc.LanguageSourceAsset)	UI/loadSaveMenuLabel	Load game
I2Languages (I2.Loc.LanguageSourceAsset)	UI/sortButtonTooltip	Sort
I2Languages (I2.Loc.LanguageSourceAsset)	UI/diffCustom	Custom
I2Languages (I2.Loc.LanguageSourceAsset)	UI/diffCustomdesc	Tailor the game to your preferences by adjusting individual parameters. Choose your own balance between challenge and creativity by customizing elements such as combat difficulty, speed of certain actions, events and more. This mode offers the ultimate flexibility for players who want to craft their own unique gameplay experience.\r
I2Languages (I2.Loc.LanguageSourceAsset)	UI/diffCustomSettings	Custom mode settings
I2Languages (I2.Loc.LanguageSourceAsset)	UI/applySettings	Apply settings
I2Languages (I2.Loc.LanguageSourceAsset)	UI/customSettingsCreative	Creative mode
I2Languages (I2.Loc.LanguageSourceAsset)	UI/customSettingsSandbox	Sandbox mode
I2Languages (I2.Loc.LanguageSourceAsset)	UI/customSettingsHardcore	Hardcore mode
I2Languages (I2.Loc.LanguageSourceAsset)	UI/customSettingsEnemyQuantity	Enemies quantity multiplier
I2Languages (I2.Loc.LanguageSourceAsset)	UI/customSettingsPlayerDmgTaken	Player damage taken multiplier
I2Languages (I2.Loc.LanguageSourceAsset)	UI/customSettingsPlayerAtkDmg	Player attack damage multiplier
I2Languages (I2.Loc.LanguageSourceAsset)	UI/customSettingsPlayerAtkSpeed	Player attack speed
I2Languages (I2.Loc.LanguageSourceAsset)	UI/customSettingsPlayerMovSpeed	Player movement speed
I2Languages (I2.Loc.LanguageSourceAsset)	UI/customSettingsCraftingSpeed	Crafting speed
I2Languages (I2.Loc.LanguageSourceAsset)	UI/customSettingsDisassembleMat	Materials received from disassembling multiplier
I2Languages (I2.Loc.LanguageSourceAsset)	UI/customSettingsPrepGain	Preparedness gain multiplier
I2Languages (I2.Loc.LanguageSourceAsset)	UI/customSettingsPrepLoss	Preparedness loss multiplier
I2Languages (I2.Loc.LanguageSourceAsset)	UI/customSettingsStaminaGain	Stamina gain multiplier
I2Languages (I2.Loc.LanguageSourceAsset)	UI/customSettingsStaminaLoss	Stamina loss multiplier
I2Languages (I2.Loc.LanguageSourceAsset)	UI/customSettingsHealthGain	Health gain multiplier
I2Languages (I2.Loc.LanguageSourceAsset)	UI/customSettingsHealthLoss	Health loss multiplier
I2Languages (I2.Loc.LanguageSourceAsset)	UI/customSettingsConditionDiff	Conditions difficulty
I2Languages (I2.Loc.LanguageSourceAsset)	UI/customSettingsEvents	Events
I2Languages (I2.Loc.LanguageSourceAsset)	UI/customSettingsEventDuration	Events duration
I2Languages (I2.Loc.LanguageSourceAsset)	UI/customSettingsFoodSpoilSpeed	Food spoil speed 
I2Languages (I2.Loc.LanguageSourceAsset)	UI/customSettingsPlantsCanWilt	Plants can wilt
I2Languages (I2.Loc.LanguageSourceAsset)	UI/customSettingsPlantsGrowSpeed	Plants grow speed multiplier
I2Languages (I2.Loc.LanguageSourceAsset)	UI/customSettingsTradePrices	Trade prices multiplier
I2Languages (I2.Loc.LanguageSourceAsset)	UI/customSettingsMachineFuelUse	Machines fuel usage multiplier
I2Languages (I2.Loc.LanguageSourceAsset)	UI/customSettingsDayDuration	Day duration multiplier
I2Languages (I2.Loc.LanguageSourceAsset)	UI/conditionDiffTooltip	Influences effects of player buffs and debuffs like hungry, tired, etc.
I2Languages (I2.Loc.LanguageSourceAsset)	UI/eventsAndEventsDurationTooltip	Electricity cut off, water cut off, postman missing events
I2Languages (I2.Loc.LanguageSourceAsset)	UI/eventDurationShort	Short
I2Languages (I2.Loc.LanguageSourceAsset)	UI/eventDurationLong	Long
I2Languages (I2.Loc.LanguageSourceAsset)	UI/eventDurationNormal	Normal
I2Languages (I2.Loc.LanguageSourceAsset)	UI/customSettingsSurpriseAgentVisits	Surprise agent visits
I2Languages (I2.Loc.LanguageSourceAsset)	UI/customSettingsGunsCanBreak	Guns can break
I2Languages (I2.Loc.LanguageSourceAsset)	UI/shareCustomPresetButton	Share with developers
I2Languages (I2.Loc.LanguageSourceAsset)	UI/todaysLimit	today's limit:
I2Languages (I2.Loc.LanguageSourceAsset)	UI/todaysLimitReached	today's limit reached
I2Languages (I2.Loc.LanguageSourceAsset)	UI/customModeSettingsShare	Custom mode settings share
I2Languages (I2.Loc.LanguageSourceAsset)	UI/customModeSettingsShareDesc	Help us come up with awesome custom mode settings to try. We may feature your settings in feature updates. This will send your current custom mode settings to us. Please provide name and description of your custom setting suggestion.
I2Languages (I2.Loc.LanguageSourceAsset)	UI/customModeSettingsShareNamePlaceholder	Name your custom setting...
I2Languages (I2.Loc.LanguageSourceAsset)	UI/customModeSettingsShareDescPlaceholder	Describe your custom setting...
I2Languages (I2.Loc.LanguageSourceAsset)	UI/customModeSettingsShareSend	Send
I2Languages (I2.Loc.LanguageSourceAsset)	UI/customModeSettingsShareWarning	Name and description are required
I2Languages (I2.Loc.LanguageSourceAsset)	UI/radiatedItemsTutorialMessage	Warning! Having irradiated items in your inventory \nmakes the Prepper's radiation level grow.
I2Languages (I2.Loc.LanguageSourceAsset)	UI/uraniumGlowingGlassJoeAsk	Glowing Glass
I2Languages (I2.Loc.LanguageSourceAsset)	UI/uraniumMineBobAsk	Uranium Mine
I2Languages (I2.Loc.LanguageSourceAsset)	UI/radiatedMushroomsAsk	Weird Mushrooms
I2Languages (I2.Loc.LanguageSourceAsset)	UI/nucklearEngineeringBookAsk	Nuclear DIY
I2Languages (I2.Loc.LanguageSourceAsset)	UI/contextCentrifuge	Activate
I2Languages (I2.Loc.LanguageSourceAsset)	UI/contextBUY	Buy
I2Languages (I2.Loc.LanguageSourceAsset)	UI/contextExtract	Extract
I2Languages (I2.Loc.LanguageSourceAsset)	UI/noElectricityDisabled	Electricity cut off event is permanently disabled
I2Languages (I2.Loc.LanguageSourceAsset)	UI/noWaterDisabled	Water cut off event is permanently disabled
I2Languages (I2.Loc.LanguageSourceAsset)	UI/postamMissingDisabled	Postman missing event is permanently disabled
I2Languages (I2.Loc.LanguageSourceAsset)	UI/expeditionSend	Send expedition
I2Languages (I2.Loc.LanguageSourceAsset)	UI/expeditionCancel	Cancel expedition
I2Languages (I2.Loc.LanguageSourceAsset)	UI/expeditionCost	Cost
I2Languages (I2.Loc.LanguageSourceAsset)	UI/expeditionDuration	Duration
I2Languages (I2.Loc.LanguageSourceAsset)	UI/expeditionLoot	Loot
I2Languages (I2.Loc.LanguageSourceAsset)	UI/expeditionLootCommon	Common
I2Languages (I2.Loc.LanguageSourceAsset)	UI/expeditionLootRare	Rare
I2Languages (I2.Loc.LanguageSourceAsset)	UI/expeditionLootEpic	Epic
I2Languages (I2.Loc.LanguageSourceAsset)	UI/nuclearDLC	Uranium Project
I2Languages (I2.Loc.LanguageSourceAsset)	UI/contextEXPEDITION	Expedition
I2Languages (I2.Loc.LanguageSourceAsset)	UI/currentExpedition	Current expedition:
I2Languages (I2.Loc.LanguageSourceAsset)	UI/craneTittle	Crane Machine
I2Languages (I2.Loc.LanguageSourceAsset)	UI/craneLevel	Level
I2Languages (I2.Loc.LanguageSourceAsset)	UI/craneLevelInfo	You gain experience points by retrieving boxes with the crane machine. \nYou gain extra experience points for clearing all boxes in the room. \nLevels grant perks that increase chances of better boxes and unlock additional mechanics.
I2Languages (I2.Loc.LanguageSourceAsset)	UI/craneCostInfo	Every next game is more expensive, but the cost resets every day.
I2Languages (I2.Loc.LanguageSourceAsset)	UI/craneRerollInfo	Reset position of current boxes.
I2Languages (I2.Loc.LanguageSourceAsset)	UI/craneCurrent	Current perks
I2Languages (I2.Loc.LanguageSourceAsset)	UI/craneNextLevel	Next level perks
I2Languages (I2.Loc.LanguageSourceAsset)	UI/craneNoPerks	No perks
I2Languages (I2.Loc.LanguageSourceAsset)	UI/craneStart	Play
I2Languages (I2.Loc.LanguageSourceAsset)	UI/craneCleared	Prize boxes cleared!
I2Languages (I2.Loc.LanguageSourceAsset)	UI/craneExp	exp
I2Languages (I2.Loc.LanguageSourceAsset)	UI/cranePerkUncommon	for <color=#A8E6A1>uncommon</color> boxes
I2Languages (I2.Loc.LanguageSourceAsset)	UI/cranePerkRare	for <color=#A1C9F1>rare</color> boxes
I2Languages (I2.Loc.LanguageSourceAsset)	UI/cranePerkVeryRare	for <color=#D1A8F0>very rare</color> boxes
I2Languages (I2.Loc.LanguageSourceAsset)	UI/cranePerkLegendary	for <color=#FFE0A8>legendary</color> boxes
I2Languages (I2.Loc.LanguageSourceAsset)	UI/craneChancesLabel	Current boxes chances
I2Languages (I2.Loc.LanguageSourceAsset)	UI/craneCommon	<color=#D3D3D3>Common</color> 
I2Languages (I2.Loc.LanguageSourceAsset)	UI/craneUncommon	<color=#A8E6A1>Uncommon</color> 
I2Languages (I2.Loc.LanguageSourceAsset)	UI/craneRare	<color=#A1C9F1>Rare</color> 
I2Languages (I2.Loc.LanguageSourceAsset)	UI/craneVeryRare	<color=#D1A8F0>Very Rare</color> 
I2Languages (I2.Loc.LanguageSourceAsset)	UI/craneLegendary	<color=#FFE0A8>Legendary</color> 
I2Languages (I2.Loc.LanguageSourceAsset)	UI/creditsUranium	Additional help with Project Uranium DLC
I2Languages (I2.Loc.LanguageSourceAsset)	UI/creditsUpdates	Additional help with Content Updates
I2Languages (I2.Loc.LanguageSourceAsset)	UI/creditsProgramming	(Programming)
I2Languages (I2.Loc.LanguageSourceAsset)	UI/creditsGraphics	(Graphics)
I2Languages (I2.Loc.LanguageSourceAsset)	UI/creditsLemon	Bye my lemonade!
I2Languages (I2.Loc.LanguageSourceAsset)	UI/creditsFreeSounds	SFX
I2Languages (I2.Loc.LanguageSourceAsset)	UI/geigerUIEnviro	It displays the current radiation level around you.
I2Languages (I2.Loc.LanguageSourceAsset)	UI/geigerUIInventory	It displays the current radiation level in your inventory.
I2Languages (I2.Loc.LanguageSourceAsset)	UI/contextPULL	Pull
I2Languages (I2.Loc.LanguageSourceAsset)	UI/contextDETONATE	Detonate
I2Languages (I2.Loc.LanguageSourceAsset)	UI/craneMinigameLucky	Lucky Prizes\nAll prize boxes are higher rarity.
I2Languages (I2.Loc.LanguageSourceAsset)	UI/craneMinigameOneType	Red Lights\nAll boxes have the same type.\nBonus exp for clearing all prize boxes.
I2Languages (I2.Loc.LanguageSourceAsset)	UI/craneMinigamePrizeBoxesCleared	Clear All Prize Boxes
I2Languages (I2.Loc.LanguageSourceAsset)	UI/craneMinigamePrizeBox	Prize Box
I2Languages (I2.Loc.LanguageSourceAsset)	UI/menuNuclearDLCInfo	To start the DLC side story, you need to survive until day 12 and complete a couple of quests from the main story. When these conditions are met, the scout girl will appear in the morning with information that starts the DLC.
I2Languages (I2.Loc.LanguageSourceAsset)	UI/gasMaskAsk	Gas Mask
I2Languages (I2.Loc.LanguageSourceAsset)	UI/Upgraded	Upgraded
I2Languages (I2.Loc.LanguageSourceAsset)	UI/buffsWindow	Player status
I2Languages (I2.Loc.LanguageSourceAsset)	UI/creditsPort	Port by Console Way
I2Languages (I2.Loc.LanguageSourceAsset)	UI/sleepOnlySave	Your progress is being saved only when you sleep or nap.
I2Languages (I2.Loc.LanguageSourceAsset)	UI/contextFREEZE	Freeze
I2Languages (I2.Loc.LanguageSourceAsset)	UI/contextDIAGNOSE	Diagnose
I2Languages (I2.Loc.LanguageSourceAsset)	UI/contextCALIBRATE	Calibrate
I2Languages (I2.Loc.LanguageSourceAsset)	UI/Ice	Ice
I2Languages (I2.Loc.LanguageSourceAsset)	UI/contextSCAREOFF	Scare Off
I2Languages (I2.Loc.LanguageSourceAsset)	UI/contextREACTIVATE	Reactivate
I2Languages (I2.Loc.LanguageSourceAsset)	UI/contextTURN_ON_FIRE	Light Up
I2Languages (I2.Loc.LanguageSourceAsset)	UI/contextTURN_OFF_FIRE	Extinguish
I2Languages (I2.Loc.LanguageSourceAsset)	UI/contextTURNOFF	Turn Off
I2Languages (I2.Loc.LanguageSourceAsset)	UI/contextSHAKE	Shake
I2Languages (I2.Loc.LanguageSourceAsset)	UI/frozenItemTutorialMessage	Freeze-dried — this item never expires.
I2Languages (I2.Loc.LanguageSourceAsset)	UI/mountainDLC	MountainDLC
I2Languages (I2.Loc.LanguageSourceAsset)	UI/ALL_FOOD	All recipes
I2Languages (I2.Loc.LanguageSourceAsset)	UI/RemainingTime	Remaining time
I2Languages (I2.Loc.LanguageSourceAsset)	UI/Under	under
I2Languages (I2.Loc.LanguageSourceAsset)	UI/ToggleReadyToCraftTip	Show only blueprints you have materials for.
I2Languages (I2.Loc.LanguageSourceAsset)	UI/ToggleReadyToCookTip	Show only recipes you have ingredients for.
I2Languages (I2.Loc.LanguageSourceAsset)	UI/FoodAttributeRegenInfo1	Eat to regenerate [x] [y]
I2Languages (I2.Loc.LanguageSourceAsset)	UI/FoodExpireInfo1	Expires after [x]
I2Languages (I2.Loc.LanguageSourceAsset)	UI/FoodMaxAttributeIncreaseInfo1	<b>Improved [x]</b>\n\nGain +[y] Max [x] for 24 hours.\nThis effect does not stack.
I2Languages (I2.Loc.LanguageSourceAsset)	UI/FoodMaxAttributeIncreaseInfo2	Eat [z] more to permanently gain +1 Max [x].
I2Languages (I2.Loc.LanguageSourceAsset)	UI/FoodMaxAttributeIncreaseInfo3	Current permanent Max [x] bonus: +[a]
I2Languages (I2.Loc.LanguageSourceAsset)	UI/FoodPoisonedInfo	You will get poisoned if you eat this.
I2Languages (I2.Loc.LanguageSourceAsset)	UI/FoodHealBeatenUpDebuff	Heals Beaten Up debuff.
I2Languages (I2.Loc.LanguageSourceAsset)	Chop/Mine	
I2Languages (I2.Loc.LanguageSourceAsset)	GAME INFO/	
I2Languages (I2.Loc.LanguageSourceAsset)	GAME INFO/Arabic	
I2Languages (I2.Loc.LanguageSourceAsset)	GAME INFO/Chinese	
I2Languages (I2.Loc.LanguageSourceAsset)	GAME INFO/Czech	
I2Languages (I2.Loc.LanguageSourceAsset)	GAME INFO/Danish	
I2Languages (I2.Loc.LanguageSourceAsset)	GAME INFO/Dutch	
I2Languages (I2.Loc.LanguageSourceAsset)	GAME INFO/French	
I2Languages (I2.Loc.LanguageSourceAsset)	GAME INFO/German	
I2Languages (I2.Loc.LanguageSourceAsset)	GAME INFO/Hungarian	
I2Languages (I2.Loc.LanguageSourceAsset)	GAME INFO/Italian	
I2Languages (I2.Loc.LanguageSourceAsset)	GAME INFO/Japanese	
I2Languages (I2.Loc.LanguageSourceAsset)	GAME INFO/Korean	
I2Languages (I2.Loc.LanguageSourceAsset)	GAME INFO/Polish	
I2Languages (I2.Loc.LanguageSourceAsset)	GAME INFO/Portuguese	
I2Languages (I2.Loc.LanguageSourceAsset)	GAME INFO/Russian	
I2Languages (I2.Loc.LanguageSourceAsset)	GAME INFO/Spanish	
I2Languages (I2.Loc.LanguageSourceAsset)	GAME INFO/Steam:	
I2Languages (I2.Loc.LanguageSourceAsset)	GAME INFO/Swedish	
I2Languages (I2.Loc.LanguageSourceAsset)	GAME INFO/Thai	
I2Languages (I2.Loc.LanguageSourceAsset)	GAME INFO/Trailer:	
I2Languages (I2.Loc.LanguageSourceAsset)	GAME INFO/Turkish	
I2Languages (I2.Loc.LanguageSourceAsset)	GAME INFO/Ukrainian	
I2Languages (I2.Loc.LanguageSourceAsset)	GAME INFO/https://store.steampowered.com/app/761830/Mr_Prepper/	
I2Languages (I2.Loc.LanguageSourceAsset)	Parameters/	
I2Languages (I2.Loc.LanguageSourceAsset)	Parameters/AWAITING REPLY IN Q A	
I2Languages (I2.Loc.LanguageSourceAsset)	Parameters/IN PROGRESS	
I2Languages (I2.Loc.LanguageSourceAsset)	Parameters/Korean	
I2Languages (I2.Loc.LanguageSourceAsset)	Parameters/READY	
I2Languages (I2.Loc.LanguageSourceAsset)	Q A/Translator	Translator | Question
I2Languages (I2.Loc.LanguageSourceAsset)	Q A/please choose your language	ask questions only in English
I2Languages (I2.Loc.LanguageSourceAsset)	Dialogues/color use	quest
I2Languages (I2.Loc.LanguageSourceAsset)	Dialogues/colors definition	yellow
I2Languages (I2.Loc.LanguageSourceAsset)	Dialogues/herbBush	<duration value=2.5>\n<voice type=surprise>\nAh! \n<voice type=surprise>\nOh fudge! I wasn't hiding, just picking some berries.\n<voice type=question>\nBob, are you okay?
I2Languages (I2.Loc.LanguageSourceAsset)	Dialogues/herbq1.1	<color=yellow>huh</color>, <S>praise</S> the forest.\nYou are here, just when i need you.\nThank god I escaped.. he had already devoured me with his eyes...\nWolf! And what did you think!\nThis bad wolf doesn't let me enter my house.\nMy flowers need water!\nYou are a strong man, please get rid of him and bring me his skin.\nIn return, I will give you something dear to my heart.
I2Languages (I2.Loc.LanguageSourceAsset)	Dialogues/herbq1.2	I'm not your grandma.\nSo be it, flower...hi hi
I2Languages (I2.Loc.LanguageSourceAsset)	Dialogues/herbq2.1	Oh hello there. Flower
I2Languages (I2.Loc.LanguageSourceAsset)	Dialogues/herbq2.2	Where are you think your going?\nIt's not nice to sniff around in strangers houses.
I2Languages (I2.Loc.LanguageSourceAsset)	Dialogues/herbq3	Oh, How can I thank you.\nPlease take those precious seeds.\nAny time you need something,\nBob and I are gonna hang around here
I2Languages (I2.Loc.LanguageSourceAsset)	Dialogues/herbr1	My name is Janny Winston.\nI live in the forest now. \nI'm known as Granny. \nI talk to flowers, \nWhat's so funny?! \nThere's a story behind that.
I2Languages (I2.Loc.LanguageSourceAsset)	Dialogues/herbr2	There are many stories in my head\nBut they are mystery to me.. \nto us who are old.. \nand lost our minds.
I2Languages (I2.Loc.LanguageSourceAsset)	Dialogues/herbr3	There's a mystery in the wood. \nthat few will know.\nBut i can tell you there are times when even big birds fall.
I2Languages (I2.Loc.LanguageSourceAsset)	Dialogues/prepCook	Just add some raw ingredients together, apply some heat... \n<voice type=laugh>\nand voilà - FOOD. \n<voice type=acceptance>\nCooking makes your food richer.
I2Languages (I2.Loc.LanguageSourceAsset)	Dialogues/prepCraft	<voice type=thanks>\nA workbench. A prepper's best friend.\n<voice type=acceptance>\nCraft, disassemble and work magic.  \n<voice type=order>\nBut it better stay hidden from the Agency...
I2Languages (I2.Loc.LanguageSourceAsset)	Dialogues/prepForest	<voice type=greeting>\nAh, the smell of adventure. \nI'm sure the forest is full of useful materials.
I2Languages (I2.Loc.LanguageSourceAsset)	Dialogues/prepLever	Oh! A lever. Maybe it'll be useful for fixing the ropeline? 
I2Languages (I2.Loc.LanguageSourceAsset)	Dialogues/prepMap	Where do I want to go today?
I2Languages (I2.Loc.LanguageSourceAsset)	Dialogues/prepMine	This could be a good place to look for STONE.
I2Languages (I2.Loc.LanguageSourceAsset)	Dialogues/prepPillar	It's not supposed to look like this. Is it...?
I2Languages (I2.Loc.LanguageSourceAsset)	Dialogues/prepRocketPlan	<voice type=order>\nGoal number one: survive.\n<voice type=order>\nGoal number two: ESCAPE!
I2Languages (I2.Loc.LanguageSourceAsset)	Dialogues/prepStart	It's time for my ULTIMATE PLAN. \nI gotta get out of this place.
I2Languages (I2.Loc.LanguageSourceAsset)	Dialogues/prepTrade	<voice type=acceptance>\nSo it's time for some trading.\nMake an order, collect it in 2 hours.\n<voice type=acceptance>\nThat's how it should work.
I2Languages (I2.Loc.LanguageSourceAsset)	Dialogues/preph1	Ok granny. \nAnd please, don't flower me just like that.
I2Languages (I2.Loc.LanguageSourceAsset)	Dialogues/preph2	So I'm a flower now.\nWell... I guess, I have to live with that.
I2Languages (I2.Loc.LanguageSourceAsset)	Dialogues/agentStartScene	By decision of the American Government on your last attempt to escape.\nFrom now I will conduct inspection visits.\nStay prepared.
I2Languages (I2.Loc.LanguageSourceAsset)	Dialogues/text2	ENG Text text
I2Languages (I2.Loc.LanguageSourceAsset)	Dialogues/text3	ENG Text text text
I2Languages (I2.Loc.LanguageSourceAsset)	Dialogues/text4	ENG Text text text text
I2Languages (I2.Loc.LanguageSourceAsset)	Dialogues/	I'm looking for hydrogen.
I2Languages (I2.Loc.LanguageSourceAsset)	Dialogues/prepHungry1	<voice type=disappointment>\nI'm so hungry!
I2Languages (I2.Loc.LanguageSourceAsset)	Dialogues/prepHungry2	<voice type=hunger>\nI could really use a snack.
I2Languages (I2.Loc.LanguageSourceAsset)	Dialogues/prepHungry3	<voice type=hunger>\nDamn, I'm starving!
I2Languages (I2.Loc.LanguageSourceAsset)	Dialogues/prepHungry4	<voice type=upset>\nIt would be nice to eat something.
I2Languages (I2.Loc.LanguageSourceAsset)	Dialogues/prepTired1	<voice type=question>\nI'm tired. A short nap?
I2Languages (I2.Loc.LanguageSourceAsset)	Dialogues/prepTired2	I could use a short nap.
I2Languages (I2.Loc.LanguageSourceAsset)	Dialogues/prepTired3	I'd like to go to bed for a short nap.
I2Languages (I2.Loc.LanguageSourceAsset)	Dialogues/prepTired4	<voice type=upset>\nI need to rest. Just for a little while...
I2Languages (I2.Loc.LanguageSourceAsset)	Dialogues/prepLowPrepnes1	<voice type=disappointment>\nI do not feel Prepared enough.
I2Languages (I2.Loc.LanguageSourceAsset)	Dialogues/prepLowPrepnes2	<voice type=disappointment>\nNothing goes right, I feel un-Prepared...
I2Languages (I2.Loc.LanguageSourceAsset)	Dialogues/prepLowPrepnes3	<voice type=disappointment>\nMy Preparedness is low.
I2Languages (I2.Loc.LanguageSourceAsset)	Dialogues/prepLowPrepnes4	<voice type=disappointment>\nEverything's slowed down and I don't feel Prepared enough.
I2Languages (I2.Loc.LanguageSourceAsset)	Dialogues/prepTutAfterAgent	<voice type=surprise>\nOh my, that was close. I have to be more careful.
I2Languages (I2.Loc.LanguageSourceAsset)	Dialogues/prepTutEnd	<voice type=acceptance>\nOkay, everything is in place. Time for my Ultimate Plan. 
I2Languages (I2.Loc.LanguageSourceAsset)	Dialogues/prepNotAllowed	It's not a good time for that.
I2Languages (I2.Loc.LanguageSourceAsset)	Dialogues/prepBasics1	<voice type=order>\nLet's get this over with.
I2Languages (I2.Loc.LanguageSourceAsset)	Dialogues/prepBasics2	<voice type=question>\nMorning jog? Nah.
I2Languages (I2.Loc.LanguageSourceAsset)	Dialogues/prepBasics3	One step at a time.
I2Languages (I2.Loc.LanguageSourceAsset)	Dialogues/prepBasics4	<voice type=order>\nTime to get Prepared!
I2Languages (I2.Loc.LanguageSourceAsset)	Dialogues/prepEat1	<voice type=upset>\nI'm so hungry.
I2Languages (I2.Loc.LanguageSourceAsset)	Dialogues/prepEat2	<voice type=question>\nMaybe I still have some leftovers in the fridge?
I2Languages (I2.Loc.LanguageSourceAsset)	Dialogues/prepEat3	<voice type=order>\nLet's look for some food in the fridge.
I2Languages (I2.Loc.LanguageSourceAsset)	Dialogues/prepEat4	I need to eat something soon.
I2Languages (I2.Loc.LanguageSourceAsset)	Dialogues/prepBuild1	<voice type=acceptance>\nTime to create my secret base.
I2Languages (I2.Loc.LanguageSourceAsset)	Dialogues/prepBuild2	I'll make the first room of my bunker.
I2Languages (I2.Loc.LanguageSourceAsset)	Dialogues/prepBuild3	I need to start working on my bunker.
I2Languages (I2.Loc.LanguageSourceAsset)	Dialogues/prepBuild4	<voice type=order>\nLet's dig the first room of my bunker.
I2Languages (I2.Loc.LanguageSourceAsset)	Dialogues/prepPlan1	I'll have a look at the plan.
I2Languages (I2.Loc.LanguageSourceAsset)	Dialogues/prepPlan2	Hmm...
I2Languages (I2.Loc.LanguageSourceAsset)	Dialogues/prepPlan3	<voice type=order>\nI need to check my ULTIMATE PLAN.
I2Languages (I2.Loc.LanguageSourceAsset)	Dialogues/prepPlan4	I need to think of what to start with.
I2Languages (I2.Loc.LanguageSourceAsset)	Dialogues/prepFirstWork1	I will need a workbench to craft a ladder.
I2Languages (I2.Loc.LanguageSourceAsset)	Dialogues/prepFirstWork2	I should have an old table somewhere in the backyard...
I2Languages (I2.Loc.LanguageSourceAsset)	Dialogues/prepFirstWork3	<voice type=order>\nI'll better check the backyard.
I2Languages (I2.Loc.LanguageSourceAsset)	Dialogues/prepFirstWork4	I need a place to work.
I2Languages (I2.Loc.LanguageSourceAsset)	Dialogues/prepFirstTrade1	<voice type=acceptance>\nTime to trade with Bob, he should have some metal.
I2Languages (I2.Loc.LanguageSourceAsset)	Dialogues/prepFirstTrade2	<voice type=acceptance>\nWe have a small, but pretty close community of traders here.
I2Languages (I2.Loc.LanguageSourceAsset)	Dialogues/prepFirstTrade3	Trading is sometimes the only way to get what I need.
I2Languages (I2.Loc.LanguageSourceAsset)	Dialogues/prepFirstTrade4	<voice type=thanks>\nThe postman helps us with trading.\n<voice type=fear>\nIt's a bit unofficial, so let's hope the Agency doesn't find out.
I2Languages (I2.Loc.LanguageSourceAsset)	Dialogues/prepGoToForest1	I could go to the nearby forest to collect some wood.
I2Languages (I2.Loc.LanguageSourceAsset)	Dialogues/prepGoToForest2	The nearby forest should have plenty of wood.
I2Languages (I2.Loc.LanguageSourceAsset)	Dialogues/prepGoToForest3	<voice type=question>\nBest place to look for wood would be a forest, I guess?
I2Languages (I2.Loc.LanguageSourceAsset)	Dialogues/prepGoToForest4	<voice type=acceptance>\nTime to go to the forest.
I2Languages (I2.Loc.LanguageSourceAsset)	Dialogues/prepInForest1	<voice type=thanks>\nAh, I love nature!
I2Languages (I2.Loc.LanguageSourceAsset)	Dialogues/prepInForest2	<voice type=thanks>\nWhat a lovely place!
I2Languages (I2.Loc.LanguageSourceAsset)	Dialogues/prepInForest3	It would be great to collect these logs.
I2Languages (I2.Loc.LanguageSourceAsset)	Dialogues/prepInForest4	<voice type=order>\nLet's grab these logs and get out of here.
I2Languages (I2.Loc.LanguageSourceAsset)	Dialogues/prepBackHome1	It would be good to get back home.
I2Languages (I2.Loc.LanguageSourceAsset)	Dialogues/prepBackHome2	<voice type=acceptance>\nI need to go back home.\nThere should be a roadsign somewhere around here...
I2Languages (I2.Loc.LanguageSourceAsset)	Dialogues/prepBackHome3	Time to go back home.\n<voice type=acceptance>\nI need to look for a path.
I2Languages (I2.Loc.LanguageSourceAsset)	Dialogues/prepBackHome4	<voice type=disappointment>\nEnough of this nature.\n<voice type=acceptance>\nTime to go home.
I2Languages (I2.Loc.LanguageSourceAsset)	Dialogues/prepDisLog1	<voice type=thanks>\nHome sweet home!
I2Languages (I2.Loc.LanguageSourceAsset)	Dialogues/prepDisLog2	<voice type=acceptance>\nTime to disassemble some stuff!\nLet me go to my workbench.
I2Languages (I2.Loc.LanguageSourceAsset)	Dialogues/prepDisLog3	I need to cut these logs into pieces of wood.
I2Languages (I2.Loc.LanguageSourceAsset)	Dialogues/prepDisLog4	I need to make wood out of these logs first.\n<voice type=order>\nWorkbench time!
I2Languages (I2.Loc.LanguageSourceAsset)	Dialogues/prepIGotMail1	<voice type=surprise>\nI have mail!
I2Languages (I2.Loc.LanguageSourceAsset)	Dialogues/prepIGotMail2	I need to go to the mailbox.
I2Languages (I2.Loc.LanguageSourceAsset)	Dialogues/prepIGotMail3	<voice type=thanks>\nThe postman is a really cool guy.
I2Languages (I2.Loc.LanguageSourceAsset)	Dialogues/prepIGotMail4	<voice type=order>\nTime to receive ordered supplies!
I2Languages (I2.Loc.LanguageSourceAsset)	Dialogues/prepUpgrade1	Now I can upgrade my work station.
I2Languages (I2.Loc.LanguageSourceAsset)	Dialogues/prepUpgrade2	<voice type=acceptance>\nLet's go to the workbench and upgrade it.
I2Languages (I2.Loc.LanguageSourceAsset)	Dialogues/prepUpgrade3	I need to go to the workbench.
I2Languages (I2.Loc.LanguageSourceAsset)	Dialogues/prepUpgrade4	<voice type=acceptance>\nTime to refresh my old workbench.
I2Languages (I2.Loc.LanguageSourceAsset)	Dialogues/prepPleaceLadder1	<voice type=acceptance>\nTime to place the ladder so I can go down to my bunker.
I2Languages (I2.Loc.LanguageSourceAsset)	Dialogues/prepPleaceLadder2	<voice type=acceptance>\nI'll place the ladder, I need a convenient way to get to my bunker.
I2Languages (I2.Loc.LanguageSourceAsset)	Dialogues/prepPleaceLadder3	Ladder down and I go underground.
I2Languages (I2.Loc.LanguageSourceAsset)	Dialogues/prepPleaceLadder4	<voice type=order>\nI need to place the ladder.
I2Languages (I2.Loc.LanguageSourceAsset)	Dialogues/prepLight1	<voice type=acceptance>\nI could use some light in my shelter.
I2Languages (I2.Loc.LanguageSourceAsset)	Dialogues/prepLight2	<voice type=fear>\nIt's so dark!
I2Languages (I2.Loc.LanguageSourceAsset)	Dialogues/prepLight3	I should be able to craft some lamps.
I2Languages (I2.Loc.LanguageSourceAsset)	Dialogues/prepLight4	<voice type=acceptance>\nI have to disassemble some of these old plates.\nI need glass to craft wall lamps.
I2Languages (I2.Loc.LanguageSourceAsset)	Dialogues/prepPleaceLight1	<voice type=thanks>\nNow I can place it in my bunker!
I2Languages (I2.Loc.LanguageSourceAsset)	Dialogues/prepPleaceLight2	<voice type=thanks>\nNo more darkness! It's actually kind of cosy down here.
I2Languages (I2.Loc.LanguageSourceAsset)	Dialogues/prepPleaceLight3	<voice type=laugh>\nLet there be light!
I2Languages (I2.Loc.LanguageSourceAsset)	Dialogues/prepPleaceLight4	I can light up my bunker now.
I2Languages (I2.Loc.LanguageSourceAsset)	Dialogues/prepActualSleepTime1	<voice type=acceptance>\nIt's late, I need to go to sleep.
I2Languages (I2.Loc.LanguageSourceAsset)	Dialogues/prepActualSleepTime2	<voice type=negation>\nNo use of another nap, I want to sleep till morning.
I2Languages (I2.Loc.LanguageSourceAsset)	Dialogues/prepActualSleepTime3	I'm tired. A plan for now: PJs, bed, sleep.
I2Languages (I2.Loc.LanguageSourceAsset)	Dialogues/prepActualSleepTime4	<voice type=laugh>\nThat was a good day. Time to sleep now.
I2Languages (I2.Loc.LanguageSourceAsset)	Dialogues/prepAgentTime1	<voice type=fear>\nOh no, the Agent will be here soon, I need to hide my stuff!
I2Languages (I2.Loc.LanguageSourceAsset)	Dialogues/prepAgentTime2	<voice type=order>\nThe ladder, the workbench, and the escape plan, I'm on it!
I2Languages (I2.Loc.LanguageSourceAsset)	Dialogues/prepAgentTime3	<voice type=order>\nLet's hide the ladder, the workbench, and the escape plan, quick!
I2Languages (I2.Loc.LanguageSourceAsset)	Dialogues/prepAgentTime4	<voice type=order>\nI need to hurry!
I2Languages (I2.Loc.LanguageSourceAsset)	Dialogues/prepPleaceWorkbench1	I can place my workbench now.\n<voice type=laugh>\nI wonder how these things fit into my pockets.
I2Languages (I2.Loc.LanguageSourceAsset)	Dialogues/prepPleaceWorkbench2	<voice type=acceptance>\nTime to place the workbench in the bunker.\n<voice type=fear>\nI don't want the Agent to see it.
I2Languages (I2.Loc.LanguageSourceAsset)	Dialogues/prepPleaceWorkbench3	<voice type=acceptance>\nI need to hide the workbench in my bunker.
I2Languages (I2.Loc.LanguageSourceAsset)	Dialogues/prepPleaceWorkbench4	One last step - place the workbench in the bunker.
I2Languages (I2.Loc.LanguageSourceAsset)	Dialogues/prepNoAmo	<voice type=disappointment>\nI'm out of ammo!
I2Languages (I2.Loc.LanguageSourceAsset)	Dialogues/prepOverheated	<voice type=disappointment>\nOverheated!
I2Languages (I2.Loc.LanguageSourceAsset)	Dialogues/prepTrap	<voice type=negation>\nIt wouldn't work here.\n<voice type=acceptance>\nI should set it in the forest.
I2Languages (I2.Loc.LanguageSourceAsset)	Dialogues/prepTrapForest	<voice type=negation>\nIt won't work here.\n<voice type=acceptance>\nI need to find an area more suitable for traps.
I2Languages (I2.Loc.LanguageSourceAsset)	Dialogues/prepNeedFuel	<voice type=negation>\nI need fuel.
I2Languages (I2.Loc.LanguageSourceAsset)	Dialogues/prepNeedWater	<voice type=negation>\nI need water.
I2Languages (I2.Loc.LanguageSourceAsset)	Dialogues/prepNeedWood	<voice type=negation>\nI need wood.
I2Languages (I2.Loc.LanguageSourceAsset)	Dialogues/prepNoWay	<voice type=negation>\nI can't get there!
I2Languages (I2.Loc.LanguageSourceAsset)	Dialogues/prepBlockedWay	<voice type=negation>\nThe way is blocked!
I2Languages (I2.Loc.LanguageSourceAsset)	Dialogues/prepTree	<voice type=negation>\nI need a higher room for this.
I2Languages (I2.Loc.LanguageSourceAsset)	Dialogues/prepTreePatch	<voice type=negation>\nI need a planter for this.
I2Languages (I2.Loc.LanguageSourceAsset)	Dialogues/prepGreenhouse	<voice type=negation>\nI need a greenhouse for this.
I2Languages (I2.Loc.LanguageSourceAsset)	Dialogues/prepNeedOil	<voice type=negation>\nI need oil.
I2Languages (I2.Loc.LanguageSourceAsset)	Dialogues/prepGrabbingFullBoxForbidden	<voice type=negation>\nI can't grab that since it's full!
I2Languages (I2.Loc.LanguageSourceAsset)	Dialogues/prepPlacingForbiddenForest	<voice type=negation>\nForest is no place for that!
I2Languages (I2.Loc.LanguageSourceAsset)	Dialogues/prepPlacingForbiddenMines	<voice type=negation>\nA mine is no place for that!
I2Languages (I2.Loc.LanguageSourceAsset)	Dialogues/prepPlacingForbiddenDesert	<voice type=negation>\nA desert is no place for that!
I2Languages (I2.Loc.LanguageSourceAsset)	Dialogues/prepPlacingForbiddenOther	<voice type=negation>\nThis is no place for that!
I2Languages (I2.Loc.LanguageSourceAsset)	Dialogues/prepPlacingForbiddenQuest	<voice type=negation>\nThis one seems important. I'll better keep it!
I2Languages (I2.Loc.LanguageSourceAsset)	Dialogues/prepPickaxeNeeded	<voice type=negation>\nI need a pickaxe for that!\nMaybe I can buy one from Bob?
I2Languages (I2.Loc.LanguageSourceAsset)	Dialogues/prepAxeNeeded	<voice type=negation>\nI need an axe for that!\nMaybe I can buy one from Joe?
I2Languages (I2.Loc.LanguageSourceAsset)	Dialogues/prepInsideDestroyRoom	<voice type=negation>\nI can't destroy a room I'm still in!
I2Languages (I2.Loc.LanguageSourceAsset)	Dialogues/prepItemsInsideDestroyRoom	<voice type=negation>\nI can't destroy a room with items inside!
I2Languages (I2.Loc.LanguageSourceAsset)	Dialogues/prepUpgradeDestroyRoom	<voice type=negation>\nI can't destroy an upgraded room!
I2Languages (I2.Loc.LanguageSourceAsset)	Dialogues/prepSick1	<voice type=upset>\nI feel sick.
I2Languages (I2.Loc.LanguageSourceAsset)	Dialogues/prepSick2	<voice type=upset>\nMy stomach hurts.
I2Languages (I2.Loc.LanguageSourceAsset)	Dialogues/prepWrackPlane	Gdy prepper znajduje zdjęcie przy wraku samolotu
I2Languages (I2.Loc.LanguageSourceAsset)	Dialogues/prepHunterNote	<voice type=surprise>\nHmm, a local hunter. Interesting, I need to check out her stuff.
I2Languages (I2.Loc.LanguageSourceAsset)	Dialogues/prepFirstMinutManLetter	<voice type=surprise>\nInteresting. I don't know who this guy is, but he does seem helpful. Perhaps he has more interesting items to share? Maybe he'll be willing to trade?
I2Languages (I2.Loc.LanguageSourceAsset)	Dialogues/prepRocketPhoto	<voice type=laugh>\nFunny, this surprisingly makes sense. I have the feeling I could actually pull this off. It will need some planning though.
I2Languages (I2.Loc.LanguageSourceAsset)	Dialogues/prepMakeAPlan	<voice type=question>\nHow can I escape? \n<voice type=negation>\nCar? Plane? Rocket...? No, that's just crazy.
I2Languages (I2.Loc.LanguageSourceAsset)	Dialogues/prepInspiration	<voice type=question>\nI need to do some more planning... How can I escape?\n<voice type=acceptance>\nI need to find some inspiration.
I2Languages (I2.Loc.LanguageSourceAsset)	Dialogues/prepPrequel	<voice type=negation>\nI need to read the previous volume of this book first.
I2Languages (I2.Loc.LanguageSourceAsset)	Dialogues/prepFoodSource	<voice type=acceptance>\nI need a food source. Time to kick off my underground plantation.\n<voice type=laugh>\nThe Agent would not be happy to see that.
I2Languages (I2.Loc.LanguageSourceAsset)	Dialogues/prepAfterFoodSource	<voice type=acceptance>\nFood source established. I'll check my plan again!
I2Languages (I2.Loc.LanguageSourceAsset)	Dialogues/prepIntro	At last. Speed. The road before me, the space around me. An open horizon - this I haven't seen in a long time. Away from control, propaganda, boredom, from the empty-eyed people around. Heck, even those damned headaches seem to go away with every mile away from this town. To the new beginning!
I2Languages (I2.Loc.LanguageSourceAsset)	Dialogues/agentBack1	<voice type=acceptance>\nAnd we are back at your place of residence, citizen.\nFor an attempted escape, we have confiscated your vehicle. This is standard procedure.\n<voice type=negation>\nObviously, you are also prohibited from buying or registering a new one.\n<voice type=order>\nThe Agency expresses hope that you will not attempt to leave Murricaville again.
I2Languages (I2.Loc.LanguageSourceAsset)	Dialogues/prepBack2	<voice type=laugh>\nOh, sure, now I plan to fall back in love with this beautiful town.
I2Languages (I2.Loc.LanguageSourceAsset)	Dialogues/agentBack3	<voice type=acceptance>\nThis is a commendable attitude, citizen. From today onwards, you are also on probation.\nI will come for a brief inspection regularly to check for any subversive actions or items.\nThis is standard procedure.\n<voice type=order>\nI am sure you will comply and my visits will only be a formality. Bless the President!
I2Languages (I2.Loc.LanguageSourceAsset)	Dialogues/prepBack4	<voice type=negation>\nBless.
I2Languages (I2.Loc.LanguageSourceAsset)	Dialogues/herbWolf1	<voice type=greeting>\nHello, buttercup! I knew you would come. \n<voice type=laugh>\nYou seem like a strong and capable young lad.
I2Languages (I2.Loc.LanguageSourceAsset)	Dialogues/prepWolf2	<voice type=surprise>\nIt's been a while since anybody called me “young”.\n<voice type=question>\nAnd you are...?
I2Languages (I2.Loc.LanguageSourceAsset)	Dialogues/herbWolf3	<voice type=greeting>\nOh, my manners! My name is <color=yellow>Jenny</color>. I'm the one who sent you the letter.\nSorry for the secrecy, but one cannot be too cautious these days.\nYou can usually meet me here around this time.\n<voice type=order>\nI'm a herbalist. Your contact regarding all plant matters, you could say.
I2Languages (I2.Loc.LanguageSourceAsset)	Dialogues/prepWolf4	<voice type=greeting>\nPeople call me Prepper. Nice to meet you, ma'am.
I2Languages (I2.Loc.LanguageSourceAsset)	Dialogues/herbWolf5	<voice type=order>\nOh, just <color=yellow>Jenny</color>, please. And let me get to the point: I could use your help.\n<voice type=anger>\nSee, I have this cozy <color=yellow>cabin</color> in the <color=yellow>woods</color>. But I can't get there now.\n<voice type=fear>\nThere is a really <color=yellow>vicious wolf</color> hanging around constantly. I've tried everything. \n<voice type=laugh>\nIt didn't fall for my package of poisonous herbs inside a delicious sausage.\n<voice type=question>\nCould you get rid of it for me?
I2Languages (I2.Loc.LanguageSourceAsset)	Dialogues/prepWolf6	<voice type=question>\nHmm, a <color=yellow>wolf</color> and a <color=yellow>cabin</color> in the <color=yellow>woods</color>. Is a red hood and a basket required for this mission?
I2Languages (I2.Loc.LanguageSourceAsset)	Dialogues/herbWolf7	<voice type=laugh>\nYou'd look lovely in bright red, but I'm not fashion police. Just help me so I won't have to explain big ears and teeth to anyone.\nIn return, you can take anything you want from the <color=yellow>materials</color> left in the <color=yellow>cabin</color>. I need to do some resupply soon anyway.\n<voice type=question>\nAnd once I have my cabin back, we could <color=yellow>trade</color> with each other. Do we have a deal?
I2Languages (I2.Loc.LanguageSourceAsset)	Dialogues/prepWolf8	<voice type=acceptance>\nWe do. I'll deal with the <color=yellow>wolf</color>.
I2Languages (I2.Loc.LanguageSourceAsset)	Dialogues/herbWolf9	<voice type=thanks>\nYou hear that, Bob? We'll have our cabin back!
I2Languages (I2.Loc.LanguageSourceAsset)	Dialogues/herbShrooms1	<voice type=thanks>\nOh hello, daisy! Me and Bob thank you for defeating the big bad! I hope you didn't get hurt.
I2Languages (I2.Loc.LanguageSourceAsset)	Dialogues/prepShrooms2	<voice type=disappointment>\nPlease don't call me… ah, whatever. You're welcome. And no, I'm fine.
I2Languages (I2.Loc.LanguageSourceAsset)	Dialogues/herbShrooms3	Now that I have my little sweet home and workshop back, I'd like to get back to my little cooking experiments.\nMany of my friends in the town suffer from certain <color=yellow>sleep issues</color>.\n<voice type=laugh>\nA nice old lady as I am, I want to help. I am trying out various ingredients to put in… a <color=yellow>herbal tea</color>.\nI've heard about a curious kind of <color=yellow>mushrooms</color> growing in the <color=yellow>old mine</color> just outside of town.\n<voice type=question>\nCould you bring me some of those? I have a hunch they'll fit well into my new tea.
I2Languages (I2.Loc.LanguageSourceAsset)	Dialogues/prepShrooms4	Curious <color=yellow>mushrooms</color>. From the <color=yellow>old mine</color>. For a <color=yellow>tea</color>.\n<voice type=acceptance>\nYeah, sure, why not.
I2Languages (I2.Loc.LanguageSourceAsset)	Dialogues/herbShrooms5	<voice type=thanks>\nLovely! Just be careful, young lad, the <color=yellow>mine</color> is a dangerous place. \nBut there's also a chance you'll meet a <color=yellow>friendly soul</color> there.
I2Languages (I2.Loc.LanguageSourceAsset)	Dialogues/herbGuaranaLittle1	<voice type=greeting>\nHello, buttercup! You're back already! How was the mine? Do you have the <color=yellow>mushrooms</color>?
I2Languages (I2.Loc.LanguageSourceAsset)	Dialogues/prepGuaranaLittle2	<voice type=acceptance>\nNot exactly a walk in the park, but it was fine. Here they are.
I2Languages (I2.Loc.LanguageSourceAsset)	Dialogues/herbGuaranaLittle3	<voice type=thanks>\nWonderful! I'll come up with a recipe for a new <color=yellow>tea</color> very soon.\n<voice type=upset>\nMeanwhile, more and more people have been complaining to me about <color=yellow>sleep issues</color>, weird headaches and concentration problems. \n<voice type=question>\nDo you also have those, sweetheart?
I2Languages (I2.Loc.LanguageSourceAsset)	Dialogues/prepGuaranaLittle4	<voice type=upset>\nWell, since you mention it… Yes, it happens.
I2Languages (I2.Loc.LanguageSourceAsset)	Dialogues/herbGuaranaLittle5	<voice type=disappointment>\nSee? Trust the old lady: it must be something in the air. And my usual herbal remedies don't seem to work as they should.\n<voice type=order>\nSo I think I need to step up a bit and try some new mixes. \n<color=yellow>Deeper</color> in the <color=yellow>woods</color>, there are some <color=yellow>guarana plants</color>. You'll know them for their <color=yellow>red fruits</color>. Hard to mistake for anything really.
I2Languages (I2.Loc.LanguageSourceAsset)	Dialogues/prepGuaranaLittle6	<voice type=surprise>\n<color=yellow>Guarana</color>? Isn't it, like, an exotic plant?
I2Languages (I2.Loc.LanguageSourceAsset)	Dialogues/herbGuaranaLittle7	<voice type=surprise>\nCrazy, right? I don't know where it came from, but apparently it feels at home in the woods of Murricaville County. \n<voice type=order>\nAnyways – bring me some <color=yellow>fruits</color> and I'll see if they work in my mixtures. 
I2Languages (I2.Loc.LanguageSourceAsset)	Dialogues/prepGuaranaLittle8	<voice type=acceptance>\nOK then. Anything for good <color=yellow>herbal mixes</color>, right?
I2Languages (I2.Loc.LanguageSourceAsset)	Dialogues/prepGuaranaMore1	<voice type=greeting>\nHello, Jenny. I reckon these are the fruits you were looking for?
I2Languages (I2.Loc.LanguageSourceAsset)	Dialogues/herbGuaranaMore2	<voice type=thanks>\nCorrect! See them, Bob? So red! So ripe! Thank you so much!\n<voice type=disappointment>\nNow, my first teas with the mushrooms you brought from the mine turned out a mixed blessing.\n<voice type=laugh>\nThey did help my friends to stay awake, but also made them… a bit unfocused.
I2Languages (I2.Loc.LanguageSourceAsset)	Dialogues/prepGuaranaMore3	Who would have thought.
I2Languages (I2.Loc.LanguageSourceAsset)	Dialogues/herbGuaranaMore4	So for now, I'd stick to more tested ingredients. I need <color=yellow>more guarana fruits</color>. I'll grow some myself, but I don't have much space.\n<voice type=question>\nWould you be so kind to take some of these <color=yellow>seeds</color>, and start <color=yellow>growing</color> them too?
I2Languages (I2.Loc.LanguageSourceAsset)	Dialogues/prepGuaranaMore5	<voice type=acceptance>\nI guess I can add them to my little indoor hobby plantation.
I2Languages (I2.Loc.LanguageSourceAsset)	Dialogues/herbGuaranaMore6	<voice type=thanks>\nSplendid!  Please come back with a crop. Me and my friends will be grateful.
I2Languages (I2.Loc.LanguageSourceAsset)	Dialogues/herbWreck1	<voice type=thanks>\nThank you very much for the fruits! By the way - you're blooming! 
I2Languages (I2.Loc.LanguageSourceAsset)	Dialogues/prepWreck2	<voice type=surprise>\nReally?
I2Languages (I2.Loc.LanguageSourceAsset)	Dialogues/herbWreck3	<voice type=laugh>\nWell… At least in comparison to the rest of the townsfolk. Do you also get the feeling they're somehow… wilted? 
I2Languages (I2.Loc.LanguageSourceAsset)	Dialogues/prepWreck4	I'm not much of a people's person, but yes, they do look rather dull. Unlike you. Or Bob.\n<voice type=surprise>\nBy the way, do you know that a guy taking care of the mine is also named Bob?
I2Languages (I2.Loc.LanguageSourceAsset)	Dialogues/herbWreck5	<voice type=question>\nYes, and you find it funny because…?
I2Languages (I2.Loc.LanguageSourceAsset)	Dialogues/prepWreck6	<voice type=disappointment>\n…nevermind. 
I2Languages (I2.Loc.LanguageSourceAsset)	Dialogues/herbWreck7	Anyway, I wanted to ask you for another favor. It's not plant-related this time.
I2Languages (I2.Loc.LanguageSourceAsset)	Dialogues/prepWreck8	I'm shocked.
I2Languages (I2.Loc.LanguageSourceAsset)	Dialogues/herbWreck9	<voice type=question>\nSo, do you know about the <color=yellow>plane crash</color> in the forest a few months ago?
I2Languages (I2.Loc.LanguageSourceAsset)	Dialogues/prepWreck10	<voice type=negation>\nUhm… no. I must have been… away, I guess.
I2Languages (I2.Loc.LanguageSourceAsset)	Dialogues/herbWreck11	You don't know much about the life of the town, do you? Anyway. A <color=yellow>plane</color> fell down one day.\n<voice type=surprise>\nLots of noise and smoke. And not a word about it in our local newspaper the days afterwards.\nIt happened <color=yellow>deep</color>, <color=yellow>deep</color> in the <color=yellow>forest</color>. The crash site is closed off by some ravines and <color=yellow>fallen tree trunks</color>.\nBut I'd like you to get there. I have a feeling the pilot was someone I know. And I'd like to check. \n<voice type=question>\nCould you find a way to get to the wreckage?\n<voice type=laugh>\nI'm sure you'll find some useful <color=yellow>items</color> and <color=yellow>materials</color> on the site.
I2Languages (I2.Loc.LanguageSourceAsset)	Dialogues/prepWreck12	<voice type=acceptance>\nSounds interesting. I'll try.
I2Languages (I2.Loc.LanguageSourceAsset)	Dialogues/bobElev1	Damn, it's no use again.\n<voice type=surprise>\nWait, who's there? Excuse me, this is a restricted area!\n
I2Languages (I2.Loc.LanguageSourceAsset)	Dialogues/prepElev2	I'm sorry, I'm harmless! But… restricted by whom? The Agency? I haven't seen their signs.
I2Languages (I2.Loc.LanguageSourceAsset)	Dialogues/bobElev3	<voice type=surprise>\nUhm… No, not the Agency. It's…\nWait. You look… different, from the rest of the townspeople, I mean.\n<voice type=question>\nYour eyes seem present. And you talk sense. Who are you?\n
I2Languages (I2.Loc.LanguageSourceAsset)	Dialogues/prepElev4	People call me Prepper. I'm… an amateur constructor, you could say. \nI know this is a mine, and I'd like to get inside. \nI'm working for a local herbalist. I'm here to collect certain… organisms.\n
I2Languages (I2.Loc.LanguageSourceAsset)	Dialogues/bobElev5	<voice type=surprise>\nOkay… a contructor, huh?\nI'm Bob: And here's my proposition: you do something that will be useful for both of us, and I will let you in.\nThis is an elevator that allows you to go to lower levels of the mine.\n<voice type=question>\nSounds great, right? Well, except that this junk has just broken again.\nFix it, and I'll let you into the mine.\n
I2Languages (I2.Loc.LanguageSourceAsset)	Dialogues/prepElev6	<voice type=acceptance>\nAn elevator. I'll see what I can do. \nAnd I hope you're the friendly soul I've been told about.\n
I2Languages (I2.Loc.LanguageSourceAsset)	Dialogues/bobElev7	Oh, I sure am!\nIf our cooperation works properly, I'll be friendly as hell.\n
I2Languages (I2.Loc.LanguageSourceAsset)	Dialogues/prepWreckFound0	<voice type=surprise>\nWhat's that?
I2Languages (I2.Loc.LanguageSourceAsset)	Dialogues/herbWreckFound1	<voice type=surprise>\nHey buttercup, you look like you've seen a ghost. \n<voice type=question>\nLet me guess: is that <color=yellow>you</color> in this photo?
I2Languages (I2.Loc.LanguageSourceAsset)	Dialogues/prepWreckFound2	<voice type=upset>\nUhm… Yes… Apparently. How did you know?
I2Languages (I2.Loc.LanguageSourceAsset)	Dialogues/herbWreckFound3	<voice type=laugh>\nOld lady's intuition. You look like someone trying to <color=yellow>escape</color>. I just connected the dots.
I2Languages (I2.Loc.LanguageSourceAsset)	Dialogues/prepWreckFound4	<voice type=upset>\nI don't… I <color=yellow>don't remember</color>. Any of this. 
I2Languages (I2.Loc.LanguageSourceAsset)	Dialogues/herbWreckFound5	<voice type=upset>\nHoney, you're not alone. Some people in the town don't remember entire decades. Some have trouble recognizing their friends.\n<voice type=order>\nAnd you at least have a plane crash to blame. 
I2Languages (I2.Loc.LanguageSourceAsset)	Dialogues/prepWreckFound6	It's a military aircraft. \n<voice type=question>\nDoes it mean that I was… am… on their side? <color=yellow>One of them</color>?
I2Languages (I2.Loc.LanguageSourceAsset)	Dialogues/herbWreckFound7	I don't know much about military things. What I know is that right now you don't seem much of a government type.\nBesides, I'm pretty sure it's them who shot you down. So, you were once one of them or not… Does it really matter now? \n<voice type=order>\nWhat matters is that you're a capable young lad. \n<voice type=laugh>\nAnd I'm sure you're coming up with a way of escaping with something <color=yellow>bigger</color> and <color=yellow>faster</color> as we speak.
I2Languages (I2.Loc.LanguageSourceAsset)	Dialogues/prepWreckFound8	<voice type=upset>\n…
I2Languages (I2.Loc.LanguageSourceAsset)	Dialogues/herbWreckFound9	Alright darling, I'll leave you to it. You know where to find me if you want to talk about plants, memories, and other things.
I2Languages (I2.Loc.LanguageSourceAsset)	Dialogues/prepGuaranaMixture1	<voice type=greeting>\nHello, Jenny. And Bob.
I2Languages (I2.Loc.LanguageSourceAsset)	Dialogues/herbGuaranaMixture2	<voice type=greeting>\nOh hello, buttercup! What brings you here?
I2Languages (I2.Loc.LanguageSourceAsset)	Dialogues/prepGuaranaMixture3	<voice type=question>\nI was thinking… Do you have your <color=yellow>special mixture</color> with guarana ready? Could I get a portion?\nI'm planning to go… for a <color=yellow>long trip</color>. And I'd prefer <color=yellow>not to fall asleep</color> in the middle.
I2Languages (I2.Loc.LanguageSourceAsset)	Dialogues/herbGuaranaMixture4	<voice type=laugh>\nAh, the <color=yellow>mixture</color> turned out quite well. Some of my friends already managed to pull an <color=yellow>all-nighter</color> thanks to it!\nBut here's the thing: the mixture takes up a lot of raw material resources. And we're already out after these few tests.\n<voice type=order>\nSo I'd need you to bring <color=yellow>more fruits</color>. We need enough for our needs and to make an extra portion for you.
I2Languages (I2.Loc.LanguageSourceAsset)	Dialogues/prepGuaranaMixture5	I'm starting to suspect you have quite a bunch of those ‘friends'. But fine, I'll grow <color=yellow>more fruits</color> for you.
I2Languages (I2.Loc.LanguageSourceAsset)	Dialogues/prepGuaranaDone1	<voice type=greeting>\nHi Jenny. And Bob. Here's the supply of fruits. It should be enough to keep the whole town awake.
I2Languages (I2.Loc.LanguageSourceAsset)	Dialogues/herbGuaranaDone2	<voice type=laugh>\nTee-hee. What a funny idea!\n<voice type=thanks>\nThank you very much, young lad, I owe you!\n<voice type=acceptance>\nExpect the <color=yellow>delivery</color> in your <color=yellow>mailbox</color>. And have a good trip, buttercup!
I2Languages (I2.Loc.LanguageSourceAsset)	Dialogues/prepGuaranaDone3	<voice type=thanks>\nThanks. Take care, Jenny!
I2Languages (I2.Loc.LanguageSourceAsset)	Dialogues/prepGuaranaTooSoon1	<voice type=greeting>\nHi Jenny. And Bob. Here's the supply of fruits.
I2Languages (I2.Loc.LanguageSourceAsset)	Dialogues/herbGuaranaTooSoon2	<voice type=thanks>\nThank you very much! It helps a lot!
I2Languages (I2.Loc.LanguageSourceAsset)	Dialogues/prepGuaranaTooSoon3	<voice type=question>\nNow, when can I expect the <color=yellow>mixture</color>?
I2Languages (I2.Loc.LanguageSourceAsset)	Dialogues/herbGuaranaTooSoon4	<voice type=upset>\nAh. See, buttercup, there's a small <color=yellow>problem</color>.\n<voice type=disappointment>\nI'm <color=yellow>not allowed</color> to give it to you just yet. I'm sorry, it's not really up to me.
I2Languages (I2.Loc.LanguageSourceAsset)	Dialogues/prepGuaranaTooSoon5	<voice type=surprise>\nWhat?! What does it mean? And who's not allowing you, Bob?
I2Languages (I2.Loc.LanguageSourceAsset)	Dialogues/herbGuaranaTooSoon6	<voice type=anger>\nDon't be disrespectful, young man. Bob has nothing to do with this. \nMy friends really need the mixture and they are not sure they can <color=yellow>trust you</color>.\nBut I'm sure you'll earn the <color=yellow>trust</color> soon enough. At the right moment, one of my friends will send you back to me.\n<voice type=upset>\nI'm sorry, buttercup.
I2Languages (I2.Loc.LanguageSourceAsset)	Dialogues/prepGuaranaTooSoon7	<voice type=anger>\nI don't like this at all. We had a deal. I will come back.
I2Languages (I2.Loc.LanguageSourceAsset)	Dialogues/prepGuaranaFinally1	<voice type=greeting>\nHey, Jenny. I'm back to pick up my <color=yellow>mixture</color>. Bob has sent me to you. I already know about the <color=yellow>Sleepless</color>.\nI had the feeling that all those strong stimulants are for something bigger than a Sunday knitting club.
I2Languages (I2.Loc.LanguageSourceAsset)	Dialogues/herbGuaranaFinally2	<voice type=upset>\nApologies, buttercup. I couldn't tell you openly before, it would be risky to our cause..\n<voice type=acceptance>\nHere's the <color=yellow>mixture</color>. Good luck with your trip. 
I2Languages (I2.Loc.LanguageSourceAsset)	Dialogues/prepGuaranaFinally3	<voice type=thanks>\nThank you. And I wish you folks many sleepless, subversive nights, if that's your thing.
I2Languages (I2.Loc.LanguageSourceAsset)	Dialogues/herbTooSoonIncomplete	<voice type=upset>\nI'm not allowed to give it to you just yet. I'm sorry, it's not really up to me.
I2Languages (I2.Loc.LanguageSourceAsset)	Dialogues/herbGenericIncompleteAlt0	<voice type=question>\nHave you done what I asked for?
I2Languages (I2.Loc.LanguageSourceAsset)	Dialogues/herbGenericIncomplete0	<voice type=question>\nHey buttercup, do you have what I needed?
I2Languages (I2.Loc.LanguageSourceAsset)	Dialogues/herbGenericIncomplete1	<voice type=disappointment>\nNo? Oh, that's a pity. Come back later then, me and Bob will be grateful.
I2Languages (I2.Loc.LanguageSourceAsset)	Dialogues/bobJack1	<voice type=greeting>\nOh, hi Prepper! Sorry for leaving so soon last time, I needed to check something.\nMany thanks for repairing the elevator! It makes many things easier.\nAll electrical equipment seems to break easily these days.\nLike this radio. It doesn't ever turn on.\nHey, do you want it? I dont have any use out of it anyways. \n
I2Languages (I2.Loc.LanguageSourceAsset)	Dialogues/bobJack1.1	Where's my radio? I swear it was here...\nI need to drink some tea.
I2Languages (I2.Loc.LanguageSourceAsset)	Dialogues/bobJack1.2	Anyway...
I2Languages (I2.Loc.LanguageSourceAsset)	Dialogues/bobJack1.5	There is also a phone on the wall, doesn't work either. You can take it if you want.\n
I2Languages (I2.Loc.LanguageSourceAsset)	Dialogues/bobJack1.6	<voice type=question>\nNow, what brings you down here?
I2Languages (I2.Loc.LanguageSourceAsset)	Dialogues/prepJack2	Let's say I'm here for some sightseeing.
I2Languages (I2.Loc.LanguageSourceAsset)	Dialogues/bobJack3	<voice type=question>\nUhm, OK. While you're at it… Could you look around for my jacket? I lost it somewhere in the mine.\nIt's red and white. A bit dirty. It has… emotional value. And it's warm. Very important here.\n
I2Languages (I2.Loc.LanguageSourceAsset)	Dialogues/prepJack4	Right. Sure. I'll be on the lookout and let you know.
I2Languages (I2.Loc.LanguageSourceAsset)	Dialogues/bobJack5	Just… You should know you need to be careful lower from here. There are… certain organisms in the mine.\nLike, moving ones. Biting. Scratching. Dragging your helpless body into--\n
I2Languages (I2.Loc.LanguageSourceAsset)	Dialogues/prepJack6	Okay, okay, enough. I'll be careful.
I2Languages (I2.Loc.LanguageSourceAsset)	Dialogues/bobGlass1	<voice type=question>\nHello, Prepper! Can I ask you another favor?
I2Languages (I2.Loc.LanguageSourceAsset)	Dialogues/prepGlass2	<voice type=order>\nShoot.
I2Languages (I2.Loc.LanguageSourceAsset)	Dialogues/bobGlass3	I've been struggling with getting around the mine a little bit lately. At first I thought it's the usual, you know – things get blurry because of sleep issues and concentration problems. \nBut no, it seems it's just my eyesight getting bad.\nAnd since the… you know, the government change, we don't have an optician in town.\n<voice type=question>\nYou visit so many places. Could you find glasses for me?
I2Languages (I2.Loc.LanguageSourceAsset)	Dialogues/prepGlass4	<voice type=acceptance>\nAll right. I'll see what I can do.
I2Languages (I2.Loc.LanguageSourceAsset)	Dialogues/bobSleep1	Let me give you some advice.\nThere is dangerous on lower leves of this mine, too much hydrogen!\nSome industrial stuff from back then...\nSo I won't advice you going there.
I2Languages (I2.Loc.LanguageSourceAsset)	Dialogues/bobSleep2	What are you doing here?
I2Languages (I2.Loc.LanguageSourceAsset)	Dialogues/bobSleep3	I'll tel you but you first.
I2Languages (I2.Loc.LanguageSourceAsset)	Dialogues/bobSleep4	Ok, fine!\nI'm boss of a secret organization called Sleepless.
I2Languages (I2.Loc.LanguageSourceAsset)	Dialogues/bobSleep5	Welcome to our secret base.
I2Languages (I2.Loc.LanguageSourceAsset)	Dialogues/prepBobGeneric1	<voice type=question>\nOh, so… Do you give names to all your plants?
I2Languages (I2.Loc.LanguageSourceAsset)	Dialogues/herbBobGeneric2	<voice type=laugh>\nUhm. Sweetie, I'm a herbalist. I pick plants, dry them, chop them, cook them, squeeze them, burn them. Et cetera.\nSo no, I don't give names to all my plants.
I2Languages (I2.Loc.LanguageSourceAsset)	Dialogues/prepBobGeneric3	<voice type=question>\nOkay. So… how is Bob special?
I2Languages (I2.Loc.LanguageSourceAsset)	Dialogues/herbBobGeneric4	<voice type=order>\nWell, Bob is a friend. \nAnd please be kind to him. He's sensitive and has a good memory.
I2Languages (I2.Loc.LanguageSourceAsset)	Dialogues/prepBobGeneric5	<voice type=greeting>\nOK. So… Nice to meet you, Bob.
I2Languages (I2.Loc.LanguageSourceAsset)	Dialogues/herbBobGeneric6	<voice type=order>\nHe's pleased too! Don't mess it up.
I2Languages (I2.Loc.LanguageSourceAsset)	Dialogues/prepBobGlasses1	<voice type=question>\nHello, Jenny and Bob. Could I ask you a favor?
I2Languages (I2.Loc.LanguageSourceAsset)	Dialogues/herbBobGlasses2	<voice type=greeting>\nHello. We're all ears.
I2Languages (I2.Loc.LanguageSourceAsset)	Dialogues/prepBobGlasses3	So, it's about the other Bob. You know, from the mine. The biped.\nHis sight is getting bad lately. He needs glasses to read. And tend to his mine, in general.\n<voice type=question>\nI was wondering… would Bob… I mean, Bob, would you be willing to give your glasses to Bob?
I2Languages (I2.Loc.LanguageSourceAsset)	Dialogues/herbBobGlasses4	<voice type=question>\nI feel he is willing to help, a kind plant as he is. But… doesn't he still need them himself?
I2Languages (I2.Loc.LanguageSourceAsset)	Dialogues/prepBobGlasses5	Uhm… I think… Bob doesn't have to use them anymore. He is growing so well, gets greener everyday. I'm sure his sight is already great.\nBecause of… you know… photosynthesis and stuff. 
I2Languages (I2.Loc.LanguageSourceAsset)	Dialogues/herbBobGlasses6	<voice type=surprise>\nI think you're right! Bob will be fine without the glasses. And maybe it's time for a new look. Take them!
I2Languages (I2.Loc.LanguageSourceAsset)	Dialogues/prepBobGlasses7	<voice type=thanks>\nThanks, Jenny! And Bob. You're a swell guy, Bob.
I2Languages (I2.Loc.LanguageSourceAsset)	Dialogues/herbPicture1	See, that's me. I wasn't always an old lady – amazing, isn't it? \nAnd next to me, you can see my friend Mary. She was the one to drag me to my first demonstrations.\nShe still lives in Murricaville, by the way. She's now one of the “bless the President”, empty-eyed types. Doesn't recognize me anymore.\nThese were troubled, turbulent times. But today? I'd be glad to know what I actually fight against.\n
I2Languages (I2.Loc.LanguageSourceAsset)	Dialogues/prepElevComplete1	<voice type=greeting>\nSo... That thing is positively ancient, but I got it up and running.
I2Languages (I2.Loc.LanguageSourceAsset)	Dialogues/bobElevComplete2	<voice type=thanks>\nOh, amazing! Now if you'll excuse me... I have some very urgent things to check in the mine!
I2Languages (I2.Loc.LanguageSourceAsset)	Dialogues/bobElevIncomplete1	 
I2Languages (I2.Loc.LanguageSourceAsset)	Dialogues/bobJackIncomplete1	<voice type=question>\nOh hey, have you stumbled upon my jacket by any chance? Oh, too bad. Please don't forget about it, OK? 
I2Languages (I2.Loc.LanguageSourceAsset)	Dialogues/bobJackComplete1	<voice type=thanks>\nHey Prepper. You have my jacket! Great! Oh man, I really need to wash it now. Was it in a very dangerous place?
I2Languages (I2.Loc.LanguageSourceAsset)	Dialogues/prepJackComplete2	There were certain organisms around indeed, if that's what you're asking about.
I2Languages (I2.Loc.LanguageSourceAsset)	Dialogues/bobJackComplete3	<voice type=acceptance>\nI see. Well, you deserve a reward. Here, in one of the pockets, there is a revolver.\nYou can take it. It may come in handy during your… sightseeing trips.\nIt's broken though. But I know a person who could be able to repair it. \nGo to the junkyard in the desert at night and you'll meet him.\nHe's also one of the… aware ones. But please mind that he has… some other issues.\n
I2Languages (I2.Loc.LanguageSourceAsset)	Dialogues/prepJackComplete4	<voice type=thanks>\nLike we all do. Thanks for the gun and the advice.
I2Languages (I2.Loc.LanguageSourceAsset)	Dialogues/bobJackComplete5	Like we all do. Take care.
I2Languages (I2.Loc.LanguageSourceAsset)	Dialogues/bobGlassIncomplete1	<voice type=question>\nHey, Prepper, it's you! I don't see you bringing me my new glasses!\nDo you get it?
I2Languages (I2.Loc.LanguageSourceAsset)	Dialogues/prepGlassIncomplete2	<voice type=laugh>\nAh. It was actually a bit funny! No, I don't have the glasses yet.
I2Languages (I2.Loc.LanguageSourceAsset)	Dialogues/bobGlassIncomplete3	<voice type=order>\nPlease don't make me say another joke like this!
I2Languages (I2.Loc.LanguageSourceAsset)	Dialogues/prepGlassComplete1	<voice type=greeting>\nHi, Bob. Here you are, I brought glasses for you!
I2Languages (I2.Loc.LanguageSourceAsset)	Dialogues/bobGlassComplete2	<voice type=thanks>\nOh, wonderful! Let me try them right away!
I2Languages (I2.Loc.LanguageSourceAsset)	Dialogues/prepGlassComplete3	Wow, you actually look similar to him!
I2Languages (I2.Loc.LanguageSourceAsset)	Dialogues/bobGlassComplete4	<voice type=question>\n…To whom?
I2Languages (I2.Loc.LanguageSourceAsset)	Dialogues/prepGlassComplete5	<voice type=question>\nOh, nevermind. Do the glasses help?
I2Languages (I2.Loc.LanguageSourceAsset)	Dialogues/bobGlassComplete6	<voice type=thanks>\nYes, Prepper, thank you, you're the best!\nNow, I think you deserve to know something. But I hope you can keep a secret!\n
I2Languages (I2.Loc.LanguageSourceAsset)	Dialogues/prepGlassComplete7	Sure! I can store it in an underground bunker.
I2Languages (I2.Loc.LanguageSourceAsset)	Dialogues/bobGlassComplete8	<voice type=laugh>\nYou have a weird sense of humor, Mr. Prepper. Anyway, come, I need to show you something.
I2Languages (I2.Loc.LanguageSourceAsset)	Dialogues/prepGlassComplete9	<voice type=acceptance>\nOh. This is quite a collection.
I2Languages (I2.Loc.LanguageSourceAsset)	Dialogues/bobGlassComplete10	Now you understand the secrecy? I have always loved books and comics. Too much for my own good, it turned out.\nWhen the new government started implementing censorship laws, I didn't really believe they would act on them.\nUp to the day the Agency came into my house and confiscated all my books. Not all were “subversive”, as they say, but they took everything anyway.\nEverything — Civil War era pamphlets, Little Nemo, Jules Verne, pre-war Superman, Sylvia Plath.\nAnd then they took my job – I used to be a teacher, you know. But possession of subversive materials is bad influence on the youth.
I2Languages (I2.Loc.LanguageSourceAsset)	Dialogues/prepGlassComplete11	But it seems the punishment didn't work well. You're a habitual offender.
I2Languages (I2.Loc.LanguageSourceAsset)	Dialogues/bobGlassComplete12	True. Collecting is way harder now than it used to be. I managed to gather some wonders and curiousities though. \nAnd please don't ask me where I have the contemporary European comic strips from.\nPlease take a look if you want!\n
I2Languages (I2.Loc.LanguageSourceAsset)	Dialogues/bobHydrogen1	Uhm, hey, Prepper… One more thing before you go.
I2Languages (I2.Loc.LanguageSourceAsset)	Dialogues/prepHydrogen2	<voice type=question>\nYes?
I2Languages (I2.Loc.LanguageSourceAsset)	Dialogues/bobHydrogen3	As you go on exploring the mine… Please be careful.\n<voice type=order>\nAnd under no circumstances, please don't go to the 5th level of the mine. It's way too dangerous. I myself never go there.\n
I2Languages (I2.Loc.LanguageSourceAsset)	Dialogues/prepHydrogen4	<voice type=surprise>\nUhm, okay. Why is that?
I2Languages (I2.Loc.LanguageSourceAsset)	Dialogues/bobHydrogen5	Before the government had abandoned the mine, they were doing some technology experiments here.\nBasically, they were using hydrogen-based mining explosives.\n
I2Languages (I2.Loc.LanguageSourceAsset)	Dialogues/prepHydrogen6	<voice type=question>\nAnd how did it go?
I2Languages (I2.Loc.LanguageSourceAsset)	Dialogues/bobHydrogen7	Not very well. But there is still a lot of hydrogen containers down there.\nPlease don't go there. You would risk blowing yourself up with the whole mine.\n
I2Languages (I2.Loc.LanguageSourceAsset)	Dialogues/prepHydrogen8	<voice type=acceptance>\nOh, this sounds very dangerous indeed! I will keep well away from there.\n(Hydrogen, you say. That's interesting…)\n
I2Languages (I2.Loc.LanguageSourceAsset)	Dialogues/bobSleepless1	<voice type=surprise>\nHey! It's you! What are you doing here?
I2Languages (I2.Loc.LanguageSourceAsset)	Dialogues/prepSleepless2	<voice type=surprise>\nWhat are *you* doing here? You said you never went down here! And where does this door lead to?
I2Languages (I2.Loc.LanguageSourceAsset)	Dialogues/bobSleepless3	<voice type=order>\nI asked the question first! And I'm the one who let you into the mine!
I2Languages (I2.Loc.LanguageSourceAsset)	Dialogues/prepSleepless4	And I have repaired your damn elevator so you can come down here!
I2Languages (I2.Loc.LanguageSourceAsset)	Dialogues/bobSleepless5	...
I2Languages (I2.Loc.LanguageSourceAsset)	Dialogues/prepSleepless6	Okay. I'll tell you if you tell me.
I2Languages (I2.Loc.LanguageSourceAsset)	Dialogues/bobSleepless7	Mmm. Fine. But you go first!
I2Languages (I2.Loc.LanguageSourceAsset)	Dialogues/prepSleepless8	Ugh. Okay. So I was drawn here by your mention of hydrogen.
I2Languages (I2.Loc.LanguageSourceAsset)	Dialogues/bobSleepless9	<voice type=surprise>\nWhat?! Why the hell would you?
I2Languages (I2.Loc.LanguageSourceAsset)	Dialogues/prepSleepless10	So I have this small… crafting project. In my basement.\nI'm building a rocket to get out of here.\nAnd hydrogen could actually be useful as a fuel.
I2Languages (I2.Loc.LanguageSourceAsset)	Dialogues/bobSleepless11	…\nYou're… Weirder than I thought, Prepper. \nOkay, so I guess it's the time for my part of the deal. But remember – not a word to anyone or people might die.\n<voice type=question>\nShall we get inside?
I2Languages (I2.Loc.LanguageSourceAsset)	Dialogues/prepSleepless12	<voice type=surprise>\nOh my. I see you are not the only one coming down here.
I2Languages (I2.Loc.LanguageSourceAsset)	Dialogues/bobSleepless13	No. There's more of us, and we call ourselves the Sleepless. We fight the mind control measures the government forces upon us. Ever noticed you will always fall asleep on 3 AM, no matter what? Ever noticed concentration problems? Headaches? Faulty memory?
I2Languages (I2.Loc.LanguageSourceAsset)	Dialogues/prepSleepless14	Of course I have. The compulsory bedtime is driving me nuts.
I2Languages (I2.Loc.LanguageSourceAsset)	Dialogues/bobSleepless15	        \nWe're sure it's the thing in the sky, the Brazen Serpent. Supposed to be protecting us, bless-the-president. But it's sending waves that mess with our brains. Making us complacent.\nWe're trying to overcome the 3 AM reset. We believe it's the key to mind control.
I2Languages (I2.Loc.LanguageSourceAsset)	Dialogues/prepSleepless16	<voice type=question>\nAnd… how is it going so far?
I2Languages (I2.Loc.LanguageSourceAsset)	Dialogues/bobSleepless17	Well, we have… preliminary successes. With the help of certain strong substances, some of us were able to stay awake through 3 AM.\nThose substances have some troublesome side effects though.
I2Languages (I2.Loc.LanguageSourceAsset)	Dialogues/prepSleepless18	…And that's why you try them out in a den halfway to the centre of the Earth.
I2Languages (I2.Loc.LanguageSourceAsset)	Dialogues/bobSleepless19	That and for keeping well away from the Agency.
I2Languages (I2.Loc.LanguageSourceAsset)	Dialogues/prepSleepless20	Makes sense. And I think I know now where all the herbal teas go.
I2Languages (I2.Loc.LanguageSourceAsset)	Dialogues/bobSleepless21	I know you have met Jenny already. We'll give her a green light to help you in case you're in need.\nYou're a peculiar man, Prepper, but I trust you.
I2Languages (I2.Loc.LanguageSourceAsset)	Dialogues/prepSleepless22	Thanks. I'll get back to my things. Good luck with staying awake.
I2Languages (I2.Loc.LanguageSourceAsset)	Dialogues/bobSleepless23	Doing our best.\nAnd oh, Prepper?\nPlease, please don't blow us all up with that hydrogen.
I2Languages (I2.Loc.LanguageSourceAsset)	Dialogues/prepSleepless24	Please, please don't blow us all up with that hydrogen.
I2Languages (I2.Loc.LanguageSourceAsset)	Dialogues/postRand1	<voice type=thanks>\nWhat a lovely weather today!
I2Languages (I2.Loc.LanguageSourceAsset)	Dialogues/postRand2	<voice type=upset>\nA foul weather today. Or maybe it's just my mood?
I2Languages (I2.Loc.LanguageSourceAsset)	Dialogues/postRand3	<voice type=upset>\nI had trouble falling asleep last night. I was watching the Brazen Serpent shining in the sky. Finally fell asleep around 3, I guess.
I2Languages (I2.Loc.LanguageSourceAsset)	Dialogues/postRand4	I used to have more newspapers to carry around, but now people only read the Truth. Well, it's definitely better for my back.
I2Languages (I2.Loc.LanguageSourceAsset)	Dialogues/postRand5	<voice type=acceptance>\nAlways clinks and clanks coming from your house, Mr. Prepper. It's good to keep yourself busy!
I2Languages (I2.Loc.LanguageSourceAsset)	Dialogues/postRand6	<voice type=surprise>\nFunny, every day I pass a dog park, but I haven't seen a dog in quite a while.
I2Languages (I2.Loc.LanguageSourceAsset)	Dialogues/postRand7	<voice type=disappointment>\nI remember we used to enjoy gondola lift rides through the forest on sunny Sundays, before the Plague. Somebody should bring the lift back to life.
I2Languages (I2.Loc.LanguageSourceAsset)	Dialogues/postRand8	The rumour is that Mr. Johnson woke up in someone else's bed last Saturday. He swears he doesn't know how it happened. Mrs. Johnson is not having it!
I2Languages (I2.Loc.LanguageSourceAsset)	Dialogues/postRand9	Ah, so many letters to deliver today.
I2Languages (I2.Loc.LanguageSourceAsset)	Dialogues/postRand10	<voice type=greeting>\nGood morning, Mr. Prepper, there's mail for you again! You seem to have a lot of pen pals, that's nice.
I2Languages (I2.Loc.LanguageSourceAsset)	Dialogues/postRand11	The building of the Agency looked busier than usual today. I wonder what that might mean.
I2Languages (I2.Loc.LanguageSourceAsset)	Dialogues/postRand12	<voice type=greeting>\nYou've got mail!
I2Languages (I2.Loc.LanguageSourceAsset)	Dialogues/postRand13	<voice type=question>\nUnreceived mail is piling up in the mailbox of Bob, the former teacher. Has he gone on a vacation or something?
I2Languages (I2.Loc.LanguageSourceAsset)	Dialogues/postRand14	These days many people in the town just look at me empty-eyed when I bring them mail. People used to be more polite and respect the postal workers more.
I2Languages (I2.Loc.LanguageSourceAsset)	Dialogues/postRand15	<voice type=anger>\nSome graffiti appeared around the town lately. Weird slogans on staying awake, clumsy drawings of eyes. Senseless vandalism if you ask me.
I2Languages (I2.Loc.LanguageSourceAsset)	Dialogues/postRand16	<voice type=upset>\nIt used to be more lively here in the neighborhood.
I2Languages (I2.Loc.LanguageSourceAsset)	Dialogues/postRand17	<voice type=question>\nHow are you, Mr. Prepper? This morning I took a wrong turn and lost my way. Funny, I must be getting old!
I2Languages (I2.Loc.LanguageSourceAsset)	Dialogues/postRand18	<voice type=surprise>\nI've recently heard of wolves coming back to the forest outside town. Can you believe it?
I2Languages (I2.Loc.LanguageSourceAsset)	Dialogues/postRand19	<voice type=question>\nDo you sometimes think that your letters travel further than you ever will?
I2Languages (I2.Loc.LanguageSourceAsset)	Dialogues/postRand20	<voice type=greeting>\nMornin'! We have a new series of stamps! Exciting, isn't it? It's – yeah, you guessed it – our beloved President. His left profile this time.
I2Languages (I2.Loc.LanguageSourceAsset)	Dialogues/postRand21	You know, Mr. Prepper, I also had these daily visits from the Agency some time ago, after I had done a small mistake at work. Be patient, they will get bored at one point.
I2Languages (I2.Loc.LanguageSourceAsset)	Dialogues/postRand22	<voice type=greeting>\nGood morning, Mr. Prepper! I like that you're always up to something. Murricaville is a rather sleepy town these days.
I2Languages (I2.Loc.LanguageSourceAsset)	Dialogues/postRand23	<voice type=greeting>\nHey Mr. Prepper! I hope you're dealing well with the shortages! It's always good to keep some emergency supplies in case the electricity goes out again.
I2Languages (I2.Loc.LanguageSourceAsset)	Dialogues/postRand24	<voice type=question>\nWhat was I… ah, yes. The mail. Now I remember.
I2Languages (I2.Loc.LanguageSourceAsset)	Dialogues/postRand25	<voice type=greeting>\nHello, Mr. Prepper! I hope you'll find only good news in the mail today!
I2Languages (I2.Loc.LanguageSourceAsset)	Dialogues/introText	In the late 1970s, a new virus had emerged and soon spread all over the world. The pandemic had a specific scientific name, but people have remembered it simply as the Plague.\nSome governments handled it better, some worse. The US administration's catastrophic response led first to a change of government, and then a change of the whole political system.\nThe year is 1995. Life in the town of Murricaville is calm and happy. But apparently, not everyone is satisfied…\n
I2Languages (I2.Loc.LanguageSourceAsset)	Dialogues/introClick	- press anything to continue -
I2Languages (I2.Loc.LanguageSourceAsset)	Dialogues/prepPlanHidden	<voice type=laugh>\nIt would help to flip it first.
I2Languages (I2.Loc.LanguageSourceAsset)	Dialogues/prepRocketReword	<voice type=thanks>\nNice timing.
I2Languages (I2.Loc.LanguageSourceAsset)	Dialogues/introTextPrepper	Ever since the Plague and the change of government, this town has been unbearable. Lifeless. Filled only with boredom, propaganda, and control.\n\nI have tried to escape and I've failed, this time. But I'll find a way.\n\nThey call me Mr. Prepper...
I2Languages (I2.Loc.LanguageSourceAsset)	Dialogues/introTextPrepper1	Ever since the Plague...
I2Languages (I2.Loc.LanguageSourceAsset)	Dialogues/introTextPrepper2	...and the change of government,
I2Languages (I2.Loc.LanguageSourceAsset)	Dialogues/introTextPrepper3	this town has been unbearable.
I2Languages (I2.Loc.LanguageSourceAsset)	Dialogues/introTextPrepper4	Lifeless.
I2Languages (I2.Loc.LanguageSourceAsset)	Dialogues/introTextPrepper5	Filled only with boredom, propaganda, and control.
I2Languages (I2.Loc.LanguageSourceAsset)	Dialogues/introTextPrepper6	I have tried to escape and I've failed, this time.
I2Languages (I2.Loc.LanguageSourceAsset)	Dialogues/introTextPrepper7	But I'll find a way.
I2Languages (I2.Loc.LanguageSourceAsset)	Dialogues/introTextPrepper8	They call me...
I2Languages (I2.Loc.LanguageSourceAsset)	Dialogues/introTextPrepper9	Mr. Prepper.
I2Languages (I2.Loc.LanguageSourceAsset)	Dialogues/herbTools	Ah, why the face? Don't be afraid, these are just my gardening tools. \nBoth are for effective weeding. With proper tools and technique, you can uproot anything, be it a daisy or a thistle.\nAm I talking only about gardening now? Don't mind me, I'm just an old lady. \n
I2Languages (I2.Loc.LanguageSourceAsset)	Dialogues/joeFirstMeeting1	<voice type=question>\nHey, who's there?
I2Languages (I2.Loc.LanguageSourceAsset)	Dialogues/prepFirstMeeting2	<voice type=greeting>\nHello, I'm Prepper. I'm a friend… Bob has sent me here.
I2Languages (I2.Loc.LanguageSourceAsset)	Dialogues/joeFirstMeeting3	<voice type=laugh>\nAh, Bob, that old rascal! What's he up to these days?
I2Languages (I2.Loc.LanguageSourceAsset)	Dialogues/prepFirstMeeting4	He's tending to a mine. Minekeeping, if that's a thing.
I2Languages (I2.Loc.LanguageSourceAsset)	Dialogues/joeFirstMeeting5	<voice type=acceptance>\nIt can be a thing if we want it to be a thing. And good that he stays in the mine!\nIt should be safe down there from chemtrails, the Hum, and the mind-controlling waves.
I2Languages (I2.Loc.LanguageSourceAsset)	Dialogues/prepFirstMeeting6	Uh… Uhm… Okay. So, Bob has said that you were repairing guns, among other things. 
I2Languages (I2.Loc.LanguageSourceAsset)	Dialogues/prepFirstMeeting6.2	<voice type=question> \nI have a broken revolver. Could you take a look at it?
I2Languages (I2.Loc.LanguageSourceAsset)	Dialogues/prepFirstMeeting6.3	Uhm... Wait. I think I must have left it somewhere. I'll be back.
I2Languages (I2.Loc.LanguageSourceAsset)	Dialogues/joeFirstMeeting6.4	Oh, okay. See you later, young man.
I2Languages (I2.Loc.LanguageSourceAsset)	Dialogues/joeFirstMeeting7	<voice type=question>\nYeah, sure. But could I ask you for a thing in return?
I2Languages (I2.Loc.LanguageSourceAsset)	Dialogues/prepFirstMeeting8	<voice type=acceptance>\nShoot, I'll see what I can do.
I2Languages (I2.Loc.LanguageSourceAsset)	Dialogues/joeFirstMeeting9	So, how to explain it… With all the waves coming around… I figured I could install some protection in my lil' shack.\nAnd maybe have some… wearable personal protection too.
I2Languages (I2.Loc.LanguageSourceAsset)	Dialogues/prepFirstMeeting10	<voice type=question>\nSo you want me to… 
I2Languages (I2.Loc.LanguageSourceAsset)	Dialogues/joeFirstMeeting11	Well, since it's the waves… I want you to bring me some tinfoil. At least enough to line my shack with it.
I2Languages (I2.Loc.LanguageSourceAsset)	Dialogues/prepFirstMeeting12	<voice type=laugh>\nAh, right! Tinfoil! The universal protection from mind control. I should've guessed.
I2Languages (I2.Loc.LanguageSourceAsset)	Dialogues/joeFirstMeeting13	<voice type=thanks>\nYou get it, that's great! 
I2Languages (I2.Loc.LanguageSourceAsset)	Dialogues/prepFirstMeeting14	Suuure. Now, before I go looking for tinfoil… I have one another thing. I've noticed you have some cars around here.\n<voice type=question>\nDo you have something close to a working condition so I could try to get it up and running?
I2Languages (I2.Loc.LanguageSourceAsset)	Dialogues/joeFirstMeeting15	Why, I do. Feel free to take a look and try. If you manage to repair one, it's yours.\nOh, and by the way – if you need to trade something, our usual Murricaville way, I'm open.\nI have fuel, scrap metal, and ammunition. You know, the usual things on the junkyard.
I2Languages (I2.Loc.LanguageSourceAsset)	Dialogues/prepFirstMeeting16	<voice type=thanks>\nGreat, thanks! See you later then.\n(What the hell is the Hum?)
I2Languages (I2.Loc.LanguageSourceAsset)	Dialogues/joeFirstMeetingIncomplete1	<voice type=question>\nHey Prepper, do you have the material?
I2Languages (I2.Loc.LanguageSourceAsset)	Dialogues/prepFirstMeetingIncomplete2	<voice type=negation>\nNo, not yet, I need to look around some more.
I2Languages (I2.Loc.LanguageSourceAsset)	Dialogues/joeFirstMeetingIncomplete3	<voice type=disappointment>\nPlease do! I feel the waves are getting worse lately.
I2Languages (I2.Loc.LanguageSourceAsset)	Dialogues/prepFirstMeetingComplete1	<voice type=greeting>\nHey Joe! I have the tinfoil for you!
I2Languages (I2.Loc.LanguageSourceAsset)	Dialogues/joeFirstMeetingComplete2	<voice type=thanks>\nOh, shiny! Thanks a lot, I hope I'll get my concentration back!\nBy the way, I have repaired your revolver, it's like new. But if the Agency asks you about it, I know nothing!\nI have some stuff to do now, but remember to stop by sometimes!
I2Languages (I2.Loc.LanguageSourceAsset)	Dialogues/prepFirstMeetingComplete3	<voice type=thanks>\nSure thing. Thank you, Joe!
I2Languages (I2.Loc.LanguageSourceAsset)	Dialogues/chupaWoof1	<animation trigger=BeforAttack>\nWoof!
I2Languages (I2.Loc.LanguageSourceAsset)	Dialogues/chupaWoof2	<animation trigger=BeforAttack>\nWoof woof!
I2Languages (I2.Loc.LanguageSourceAsset)	Dialogues/chupaWoof3	<animation trigger=BeforAttack>\n(snarl)
I2Languages (I2.Loc.LanguageSourceAsset)	Dialogues/chupaWoof4	<animation trigger=BeforAttack>\nBark bark!
I2Languages (I2.Loc.LanguageSourceAsset)	Dialogues/joeDog1	<voice type=thanks>\nHey, Prepper! Thank goodness you're here!
I2Languages (I2.Loc.LanguageSourceAsset)	Dialogues/prepDog2	<voice type=question>\nHey Joe, what happened?
I2Languages (I2.Loc.LanguageSourceAsset)	Dialogues/joeDog3	<voice type=upset>\nMy dog, Chupacabra, is missing! I'm losing my mind. He has never been going far by himself.\nHe is a disciplined dog, normally he is helping me guard the junkyard.\n<voice type=upset>\nI don't know what happened! Could you please help me find him?
I2Languages (I2.Loc.LanguageSourceAsset)	Dialogues/prepDog4	<voice type=question>\nI'll be on the lookout. Can you remind me how did he look like?
I2Languages (I2.Loc.LanguageSourceAsset)	Dialogues/joeDog5	Oh, don't you remember him? He's a shepherd dog type, quite muscular. Very wise eyes.\n<voice type=upset>\nPlease bring him back if you see him!
I2Languages (I2.Loc.LanguageSourceAsset)	Dialogues/prepDog6	<voice type=acceptance>\nSure, I'll see what I can do.
I2Languages (I2.Loc.LanguageSourceAsset)	Dialogues/joeDogIncomplete1	<voice type=upset>\nPrepper! Have you found my dog? I'm worried sick about him!
I2Languages (I2.Loc.LanguageSourceAsset)	Dialogues/prepDogIncomplete2	<voice type=negation>\nNo, sorry. 
I2Languages (I2.Loc.LanguageSourceAsset)	Dialogues/prepDogComplete1	<voice type=greeting>\nHey Joe! And Chupacabra! I'm glad he already got to you. He ran away as soon as I released him.
I2Languages (I2.Loc.LanguageSourceAsset)	Dialogues/joeDogComplete2	<voice type=laugh>\nOh Prepper, so it was really you! We can't thank you enough, brother.
I2Languages (I2.Loc.LanguageSourceAsset)	Dialogues/prepDogComplete3	<voice type=question>\nDo you have any idea who would want to hurt your dog?
I2Languages (I2.Loc.LanguageSourceAsset)	Dialogues/joeDogComplete4	<voice type=negation>\nI dunno if it even was a person. I have a feeling dogs get crazy because of the waves, like we all do.
I2Languages (I2.Loc.LanguageSourceAsset)	Dialogues/prepDogComplete5	<voice type=question>\nHm. Oh, that reminds me… Why the name? Did you have any experience with… you know… a chupacabra?
I2Languages (I2.Loc.LanguageSourceAsset)	Dialogues/joeDogComplete6	<voice type=surprise>\nWhat? No, come on. Chupacabra is just a silly legend. I just thought the name is funny, that's all.
I2Languages (I2.Loc.LanguageSourceAsset)	Dialogues/prepDogComplete7	<voice type=acceptance>\nHeh. Right, of course.
I2Languages (I2.Loc.LanguageSourceAsset)	Dialogues/joeDogComplete8	And hey, Prepper, I have something for ya. I've found an access card with "Murricaville Mining Company" written on it.\nMaybe you'll make some use of this.
I2Languages (I2.Loc.LanguageSourceAsset)	Dialogues/prepDogComplete9	<voice type=thanks>\nI actually might. Thanks, Joe.
I2Languages (I2.Loc.LanguageSourceAsset)	Dialogues/joeBroadcast1	<voice type=greeting>\nHi, Prepper! Good to see ya.\n<voice type=question>\nHave you heard the rumors about the radio broadcast from… you know… the south?
I2Languages (I2.Loc.LanguageSourceAsset)	Dialogues/prepBroadcast2	<voice type=negation>\nNo. From the south? You mean from Mexico?
I2Languages (I2.Loc.LanguageSourceAsset)	Dialogues/joeBroadcast3	I haven't spoken this name out loud for a long time. See, the Agency propaganda got even into my blood.\nYes, from Mexico. People say they pick up a radio signal, but too weak to be readable.\nI tried with my radio. I got something, but couldn't get the words. But I'm sure it's a repeated message, not a regular radio station.
I2Languages (I2.Loc.LanguageSourceAsset)	Dialogues/prepBroadcast4	<voice type=surprise>\nTransmission from abroad? Exciting!\n<voice type=question>\nMaybe we should try to catch the signal from a car? Somewhere from the desert south of here?
I2Languages (I2.Loc.LanguageSourceAsset)	Dialogues/joeBroadcast5	That's what I was thinking, Prepper. The thing is: the car radio is broken. With some decent electronic parts I could repair it. \n<voice type=disappointment>\nAnd it turns out I've already used all the ones I had on the junkyard for some... other projects.\n<voice type=question>\nWould ya get me some good electronic parts so I can install a strong radio in the car?
I2Languages (I2.Loc.LanguageSourceAsset)	Dialogues/prepBroadcast6	<voice type=acceptance>\nSure, I'll try. 
I2Languages (I2.Loc.LanguageSourceAsset)	Dialogues/joeBroadcastFoundIncomplete1	<voice type=greeting>\nPrepper! Have you picked up the signal yet?
I2Languages (I2.Loc.LanguageSourceAsset)	Dialogues/prepBroadcastFoundIncomplete2	<voice type=negation>\nNo luck so far, sorry.
I2Languages (I2.Loc.LanguageSourceAsset)	Dialogues/joeBroadcastIncomplete1	<voice type=greeting>\nHey Prepper! Do you have the electronic parts? I'm very curious about this broadcast!
I2Languages (I2.Loc.LanguageSourceAsset)	Dialogues/prepBroadcastIncomplete2	<voice type=negation>\nNot yet! But I'm working on it, trust me.
I2Languages (I2.Loc.LanguageSourceAsset)	Dialogues/radioBroadcastText	…Attention! All citizens of the United States of America! Your government is lying to you!\nThe Brazen Serpent satellite is not a medical project! Brazen Serpent is a mind control tool!\nBrazen Serpent causes lack of motivation, memory problems, and vulnerability to manipulation!\nA series of terrorist attacks is thought to be linked with Brazen Serpent!\nCitizens of the United States! Revolt against your government or defect to our side!\nWe have help for you ready at the borders! You do not have to suffer!\nAttention! All citizens… (the broadcast repeats itself)\n
I2Languages (I2.Loc.LanguageSourceAsset)	Dialogues/joeBroadcastFoundComplete1	<voice type=greeting>\nHi, Prepper! Have you caught the transmission?
I2Languages (I2.Loc.LanguageSourceAsset)	Dialogues/prepBroadcastFoundComplete2	<voice type=acceptance>\nI have, yes. It's read with a strong Spanish accent. I've written it down, but I can tell you the main points.
I2Languages (I2.Loc.LanguageSourceAsset)	Dialogues/joeBroadcastFoundComplete3	<voice type=order>\nDo it right now, I'm anxious to know!
I2Languages (I2.Loc.LanguageSourceAsset)	Dialogues/prepBroadcastFoundComplete4	They're basically saying the Brazen Serpent satellite is a mind control tool.\nAnd this indeed would explain a lot of things.
I2Languages (I2.Loc.LanguageSourceAsset)	Dialogues/joeBroadcastFoundComplete5	<voice type=laugh>\nThe waves! I told you, Prepper!
I2Languages (I2.Loc.LanguageSourceAsset)	Dialogues/prepBroadcastFoundComplete6	They also say it causes memory and concentration problems. Oh, and they blame it for some terrorist attacks.
I2Languages (I2.Loc.LanguageSourceAsset)	Dialogues/joeBroadcastFoundComplete7	<voice type=upset>\nThis… I dunno, Prepper. I feel broken. I was afraid of the mind control waves for some time, but I secretly hoped it wasn't true.\nNow I know for sure, and this thing is circling above us constantly.\n<voice type=question>\nAnd did the Mexicans have any… advice for us?\n
I2Languages (I2.Loc.LanguageSourceAsset)	Dialogues/prepBroadcastFoundComplete8	They're telling us to revolt or escape to their side. A walk in the park, right?
I2Languages (I2.Loc.LanguageSourceAsset)	Dialogues/joeBroadcastFoundComplete9	Damn, Prepper. I'm too old and weak to leave this junkyard and take Chupacabra with me.\nBut I know you can outsmart them. Escape from here, maybe fight from the outside.\n<voice type=order>\nPlease, do it for us.
I2Languages (I2.Loc.LanguageSourceAsset)	Dialogues/prepBroadcastFoundComplete10	<voice type=thanks>\nThanks, Joe. Trust me… I'm doing what I can.  
I2Languages (I2.Loc.LanguageSourceAsset)	Dialogues/bobComicStrip	This is a precious exhibit in my collection. A page from the “Imperial Observer”, smuggled from Europe. \nThe cartoon nicely shows how our country is seen abroad, bless the President.\nOh, and the article on the same page is quite interesting too.\n
I2Languages (I2.Loc.LanguageSourceAsset)	Dialogues/bobOntheBeach	Ah, this is one of my favorites. Despite the title, it's not about summer vacations merrymaking.\nIt shows the aftermath of nuclear war from the perspective of Australia.\nAnd the Australians are surprisingly chill about their imminent doom. I'm still not sure if it's sad or inspiring.\n
I2Languages (I2.Loc.LanguageSourceAsset)	Dialogues/joeOldCar	Ah, this one brings memories. It's a Studebaker Silver Hawk, just like the one I had in my youth. \nBack in the days when you could afford a car with a factory job and gasoline was dirt cheap.\nWe spent some lovely moments in this car with Barbara. Drive-in cinemas, a road trip to the Pacific coast, sunsets on hilltops.\nBut Barbara died in the Plague, and everything else went to hell afterwards. Except for the sunsets maybe.\n
I2Languages (I2.Loc.LanguageSourceAsset)	Dialogues/prepAtomicBook1	Hey, Bob. I'm looking for a book on a specific topic and I wonder if you have something in your library.
I2Languages (I2.Loc.LanguageSourceAsset)	Dialogues/bobAtomicBook2	Oh, it's been a while since I could help anyone with a request like this! Shoot.
I2Languages (I2.Loc.LanguageSourceAsset)	Dialogues/prepAtomicBook3	I'm looking for an informative book about nuclear warfare and its consequences. Not a novel, rather a non-fiction sort of thing.\nI'm asking for a friend.
I2Languages (I2.Loc.LanguageSourceAsset)	Dialogues/bobAtomicBook4	This is… a very telling field of inquiry.\nBut fine, I think I actually have something. Here's Fallout Protection: What To Know And Do About Nuclear Attack, a government brochure from the early sixties.\nVery informative. And check out the illustrations! You can actually feel excited about your area being nuked.\n
I2Languages (I2.Loc.LanguageSourceAsset)	Dialogues/prepAtomicBook5	Sounds like something right up my alley! Thanks, Bob.
I2Languages (I2.Loc.LanguageSourceAsset)	Dialogues/sleep1Hello	It's my 37th hour without sleep and I feel almost fine! And the red color on these posters sounds really pleasant, don't you think?
I2Languages (I2.Loc.LanguageSourceAsset)	Dialogues/sleep2Hello	Sometimes right after 3 AM you can see some people walking back to their beds, completely unconscious. It's super creepy.
I2Languages (I2.Loc.LanguageSourceAsset)	Dialogues/sleep3Hello	Most of us Sleepless have tried tying ourselves up somewhere outside our beds, and not for the fun reasons.
I2Languages (I2.Loc.LanguageSourceAsset)	Dialogues/sleep4Hello	Stay awake! *yawn*
I2Languages (I2.Loc.LanguageSourceAsset)	Dialogues/sleep5Hello	I miss the days when a regular coffee was enough to keep me awake through the night.
I2Languages (I2.Loc.LanguageSourceAsset)	Dialogues/sleep6Hello	Maybe I'll lie down here for a moment… Just a short nap…
I2Languages (I2.Loc.LanguageSourceAsset)	Dialogues/joeNoQuests1	<voice type=question>\nWhat's up, Prepper? Nothing much happens here lately. I was just chilling and watching chemtrails from the passing planes.
I2Languages (I2.Loc.LanguageSourceAsset)	Dialogues/joeNoQuests2	<voice type=greeting>\nOh, hi, Prepper. I ain't got anything exciting for you right now, it's just same old at the junkyard. But please pay me a visit from time to time!
I2Languages (I2.Loc.LanguageSourceAsset)	Dialogues/joeNoQuests3	<voice type=question>\nDo you sometimes think what if Lee Harvey Oswald had really been a lone gunman? Nah, you probably don't bother yourself with such whacky theories.
I2Languages (I2.Loc.LanguageSourceAsset)	Dialogues/prepFortEnoughTrust1	<voice type=greeting>\nHey, Joe, I have an important question and I suspect you know the answer.\nCould you tell me how to get to the Fort Observer military base? I know it's in the desert somewhere.\n
I2Languages (I2.Loc.LanguageSourceAsset)	Dialogues/joeFortEnoughTrust2	<voice type=question>\nOh, chasing the military secrets now, Prepper, aren't you?\nI can tell you for sure they ain't got UFOs like in Area 51, I have good intel on that.\n<voice type=fear>\nSome say it's haunted though. You need to be careful.\n
I2Languages (I2.Loc.LanguageSourceAsset)	Dialogues/prepFortEnoughTrust3	<voice type=acceptance>\nI'll try. There might just be something I need out there.
I2Languages (I2.Loc.LanguageSourceAsset)	Dialogues/joeFortEnoughTrust4	<voice type=acceptance> \nOkay, buddy. I can show it to you on the map.\nSo, there it is. A long stretch of road from the last place you can use as a supply stash.\nWhich leads to another problem…\n
I2Languages (I2.Loc.LanguageSourceAsset)	Dialogues/prepFortEnoughTrust5	<voice type=upset>\n…it's too long to make it in one go before the 3 AM knocks me out.
I2Languages (I2.Loc.LanguageSourceAsset)	Dialogues/joeFortEnoughTrust6	You're smart, Prepper. And yes, I'd say it ain't possible unless you find a way to stay awake.
I2Languages (I2.Loc.LanguageSourceAsset)	Dialogues/prepFortEnoughTrust7	Hmm, I might have an idea on how to deal with this. Thank you, Joe.
I2Languages (I2.Loc.LanguageSourceAsset)	Dialogues/prepFortNotEnoughTrust1	<voice type=greeting>\nHi Joe. I have an important question: do you know the exact location of the Fort Observer military base? \nI know it's in the desert somewhere, and nobody knows as much about the desert as you.\n
I2Languages (I2.Loc.LanguageSourceAsset)	Dialogues/joeFortNotEnoughTrust2	I might know what you're talking about. \nBut ya know, buddy, it ain't personal, but I'm not going to give away classified information to someone I barely know.\n<voice type=negation>\nNot in this political climate, that's for sure.\nBut maybe if you lend me a hand here and there, I'll trust you with this. \n
I2Languages (I2.Loc.LanguageSourceAsset)	Dialogues/prepNotEnoughTrust3	<voice type=upset>\nOh, it's sad. You don't really think I'm one of the Agency guys, right?\n<voice type=acceptance>\nBut fine, I can prove you I'm trustworthy. I really need to get to that base.
I2Languages (I2.Loc.LanguageSourceAsset)	Dialogues/prepChupacabra1	<voice type=greeting>\nHey, who's a good boy?
I2Languages (I2.Loc.LanguageSourceAsset)	Dialogues/chupaChupacabra2	(stares suspiciously)
I2Languages (I2.Loc.LanguageSourceAsset)	Dialogues/joeChupacabra3	<voice type=negation>\nChupacabra doesn't do this bullshit. But don't ya worry, he's a fine, friendly dog.
I2Languages (I2.Loc.LanguageSourceAsset)	Dialogues/prepChupacabra4	<voice type=acceptance>\nHe looks fit and smart. So does he help you with your business? 
I2Languages (I2.Loc.LanguageSourceAsset)	Dialogues/joeChupacabra5	Yup. Scares off vermins and odd wanderers who stray into the area. Helps me find some stuff when I'm too forgetful.\nIt's been 10 years or so since I've found him.\n<voice type=surprise>\nBy the way, I haven't seen any other dog around for quite some time already. Weird, isn't it?\n
I2Languages (I2.Loc.LanguageSourceAsset)	Dialogues/prepChupacabra6	Hmm, me neither. So it's even more lucky that you two have each other. 
I2Languages (I2.Loc.LanguageSourceAsset)	Dialogues/chupaChupacabra7	Woof!
I2Languages (I2.Loc.LanguageSourceAsset)	Dialogues/prepNeon1	<voice type=greeting>\nHey, Joe! Was wondering about something… Why ‘Big' Joe?
I2Languages (I2.Loc.LanguageSourceAsset)	Dialogues/joeNeon2	Ah, it's the nickname I got back in the days. ‘Cause I'm, ya know. Not big.
I2Languages (I2.Loc.LanguageSourceAsset)	Dialogues/prepNeon3	<voice type=surprise>\nAnd that's it? No Agency-held secrets behind it? No conspiracies?
I2Languages (I2.Loc.LanguageSourceAsset)	Dialogues/joeNeon4	<voice type=negation>\nNone whatsoever. My pals just had a lame sense of humor, that's the story.
I2Languages (I2.Loc.LanguageSourceAsset)	Dialogues/prepBroadcastComplete1	<voice type=greeting>\nHey Joe, I brought some electronic parts, take a look.
I2Languages (I2.Loc.LanguageSourceAsset)	Dialogues/joeBroadcastComplete2	<voice type=acceptance>\nThese will do! Now I'm gonna go and install the radio in the car. Please come back later.
I2Languages (I2.Loc.LanguageSourceAsset)	Dialogues/joeBroadcastFound1	<voice type=greeting>\nHey buddy! I've fixed the car up with a radio. I bet it's strong enough to pick up something.\nNow you can venture to the desert and pick up the broadcast. I'm dying to know its content!\n
I2Languages (I2.Loc.LanguageSourceAsset)	Dialogues/prepBroadcastFound2	<voice type=acceptance>\nI'll write it down for you when I catch it!
I2Languages (I2.Loc.LanguageSourceAsset)	Dialogues/prepSignalNone1	Now let's see if the radio picks up anything. 
I2Languages (I2.Loc.LanguageSourceAsset)	Dialogues/radioSignalNone2	(static)
I2Languages (I2.Loc.LanguageSourceAsset)	Dialogues/prepSignalNone3	<voice type=negation>\nNothing whatsoever. I need to go farther.
I2Languages (I2.Loc.LanguageSourceAsset)	Dialogues/prepSignalBarely1	Maybe now I'll have more luck.
I2Languages (I2.Loc.LanguageSourceAsset)	Dialogues/radioSignalBarely2	(static) …government… …medical… …memory… …not… (static)
I2Languages (I2.Loc.LanguageSourceAsset)	Dialogues/prepSignalBarely3	<voice type=anger>\nDamn, it's impossible to make anything sensible out of it. I need to try somewhere else.
I2Languages (I2.Loc.LanguageSourceAsset)	Dialogues/prepSignalPartially1	Okay, let's try it again.
I2Languages (I2.Loc.LanguageSourceAsset)	Dialogues/radioSignalPartially2	(static) … Brazen Serpent… …tool… …series of terrorist… …ready at the borders… …have to suffer… (static)
I2Languages (I2.Loc.LanguageSourceAsset)	Dialogues/prepSignalPartially3	<voice type=order>\nThe signal is stronger, but the message does not get more understandable. I need to go farther.
I2Languages (I2.Loc.LanguageSourceAsset)	Dialogues/prepSignalFull1	Now I have a good feeling about this. Let's try.
I2Languages (I2.Loc.LanguageSourceAsset)	Dialogues/radioSignalFull2	…Attention! All citizens of the United States of America! Your government is lying to you!\nThe Brazen Serpent satellite is not a medical project! Brazen Serpent is a mind control tool!\nBrazen Serpent causes lack of motivation, memory problems, and vulnerability to manipulation!\nA series of terrorist attacks is thought to be linked with Brazen Serpent!\nCitizens of the United States! Revolt against your government or defect to our side!\nWe have help for you ready at the borders! You do not have to suffer!\nAttention! All citizens… (the broadcast repeats itself)
I2Languages (I2.Loc.LanguageSourceAsset)	Dialogues/prepSignalFull3	<voice type=surprise>\nWow.\nIt all makes sense, but damn, this sounds serious.\nAnd it seems at least one of Joe's conspiracy theories was right. I wonder how he'll take it.
I2Languages (I2.Loc.LanguageSourceAsset)	Dialogues/prepDogFound1	<voice type=greeting>\nHey! Chupacabra, is that you? 
I2Languages (I2.Loc.LanguageSourceAsset)	Dialogues/chupaDogFound2	Woof!
I2Languages (I2.Loc.LanguageSourceAsset)	Dialogues/prepDogFound3	<voice type=laugh>\nIt's you! Oh, buddy, how did you get into this mess? Let's get you out of here!
I2Languages (I2.Loc.LanguageSourceAsset)	Dialogues/chupaDogFound4	(whine)
I2Languages (I2.Loc.LanguageSourceAsset)	Dialogues/prepGeiger1	<voice type=greeting>\nHey Joe! This Geiger counter here? Do you mind if I borrow it?
I2Languages (I2.Loc.LanguageSourceAsset)	Dialogues/joeGeiger2	<voice type=surprise>\nWh-what? Why? Prepper, tell me! Have you been contaminated?! Was there a leak of nuclear fuel?\n<voice type=fear>\nA reactor meltdown?! No, wait, we don't have a nuclear power plant around here. A mini-nuke explosion?\n<voice type=laugh>\nOh, I know! You were abducted by aliens!\n
I2Languages (I2.Loc.LanguageSourceAsset)	Dialogues/prepGeiger3	<voice type=surprise>\nWhat? No, wait, Joe, please calm down. \n<voice type=negation>\nNothing happened to me. And there's no source of radiation around. That I know of, at least.\n
I2Languages (I2.Loc.LanguageSourceAsset)	Dialogues/joeGeiger4	Okay… So… Why do you need a Geiger counter?
I2Languages (I2.Loc.LanguageSourceAsset)	Dialogues/prepGeiger5	Uhm, its for… a friend. I don't know what does he need it for.
I2Languages (I2.Loc.LanguageSourceAsset)	Dialogues/joeGeiger6	See? Maybe he knows stuff! Is he connected to government services?
I2Languages (I2.Loc.LanguageSourceAsset)	Dialogues/prepGeiger7	<voice type=negation>\nNo. I guess he just wants to check something. Or have it just in case.\nSo... can I take the counter or not?\n
I2Languages (I2.Loc.LanguageSourceAsset)	Dialogues/joeGeiger8	<voice type=surprise>\nOh, sure you can! I should have a spare one around, so it's not a problem.\nBut please, please let me know if you get any more info on this.\n
I2Languages (I2.Loc.LanguageSourceAsset)	Dialogues/prepGeiger9	<voice type=acceptance>\nOh sure, you'll be the first to know. And thanks!
I2Languages (I2.Loc.LanguageSourceAsset)	Dialogues/boss1	<voice type=greeting>\nHello, hello, hello, hello
I2Languages (I2.Loc.LanguageSourceAsset)	Dialogues/prepFakeCore	Hm... It doesn't work without inside parts. \nI should come up with some kind of replacement.
I2Languages (I2.Loc.LanguageSourceAsset)	Dialogues/bossCreated	<voice type=greeting>\nHello. It's me, Ellipse, Fort Observer's security AI. I don't like what you've just done.
I2Languages (I2.Loc.LanguageSourceAsset)	Dialogues/bossCreated1	Fine, you can pass now. Come on. I am not angry at all.
I2Languages (I2.Loc.LanguageSourceAsset)	Dialogues/prepCantGrabMonitor	<voice type=negation>\nIt won't let me grab it.
I2Languages (I2.Loc.LanguageSourceAsset)	Dialogues/prepShouldCraftABad	It's late. I should craft myself a bed and go to sleep.
I2Languages (I2.Loc.LanguageSourceAsset)	Dialogues/bossWelcome	<voice type=greeting>\nWelcome to Fort Observer. This is Ellipse, the base's security AI. Bless the President!
I2Languages (I2.Loc.LanguageSourceAsset)	Dialogues/bossCard0	Please enter your access card.
I2Languages (I2.Loc.LanguageSourceAsset)	Dialogues/prepNoCard1	<voice type=question>\nCard? Uhm… I forgot mine. Can I access any other way?
I2Languages (I2.Loc.LanguageSourceAsset)	Dialogues/bossNoCard2	Please enter your access card. This is the only way of authentication.
I2Languages (I2.Loc.LanguageSourceAsset)	Dialogues/prepCard1	Hmm, wait, maybe this one will work…
I2Languages (I2.Loc.LanguageSourceAsset)	Dialogues/bossCard2	<voice type=thanks>\nThank you. Checking the status.
I2Languages (I2.Loc.LanguageSourceAsset)	Dialogues/bossCard3	<voice type=acceptance>\nIdentity confirmed. Welcome to Fort Observer, Mr. Prepper. 
I2Languages (I2.Loc.LanguageSourceAsset)	Dialogues/prepCard4	<voice type=surprise>\nWait. This thing… Knows me?
I2Languages (I2.Loc.LanguageSourceAsset)	Dialogues/bossLeaveItems0	Please leave all unauthorized items outside before entering Fort Observer.
I2Languages (I2.Loc.LanguageSourceAsset)	Dialogues/bossLeaveItems1	Food is allowed. Please place all your other possessions in the box.
I2Languages (I2.Loc.LanguageSourceAsset)	Dialogues/bossComeIn	<voice type=acceptance>\nEntry authorized. Enjoy your workday in Fort Observer. Bless the President! 
I2Languages (I2.Loc.LanguageSourceAsset)	Dialogues/prepFortObserverEnter	Damn. It really does look... familiar.
I2Languages (I2.Loc.LanguageSourceAsset)	Dialogues/prepIllegal1	<voice type=greeting>\nHey, Mr. Postman! I have a… small request for you. 
I2Languages (I2.Loc.LanguageSourceAsset)	Dialogues/postIllegal2	<voice type=question>\nYes?
I2Languages (I2.Loc.LanguageSourceAsset)	Dialogues/prepIllegal3	So… I've heard you've had some issues with the Agency.
I2Languages (I2.Loc.LanguageSourceAsset)	Dialogues/postIllegal4	<voice type=fear>\nIt's dangerous to say this out loud, but yes, they harassed me for a long time. Why do you ask?
I2Languages (I2.Loc.LanguageSourceAsset)	Dialogues/prepIllegal5	I need your help in taking down a particularly vicious agent. \nThe plan is: I give you an illegal item, you plant it somewhere not instantly visible, and then a friend of mine denounces him to the Agency.\n<voice type=laugh>\nThe Agency comes for a control and – gotchya! \nAnd we have one problem less.
I2Languages (I2.Loc.LanguageSourceAsset)	Dialogues/postIllegal6	<voice type=fear>\nMr. Prepper, this is a bit much… And who even is that friend of yours? Do you trust them?
I2Languages (I2.Loc.LanguageSourceAsset)	Dialogues/prepIllegal7	Uhm… Yes. He knows a lot of stuff. And I can vouch for him.
I2Languages (I2.Loc.LanguageSourceAsset)	Dialogues/postIllegal8	<voice type=question>\nAnd what kind of item are we talking about?
I2Languages (I2.Loc.LanguageSourceAsset)	Dialogues/prepIllegal9	<voice type=laugh>\nIt's this beautiful likeness of our beloved leader. 
I2Languages (I2.Loc.LanguageSourceAsset)	Dialogues/postIllegal10	<voice type=laugh>\nOh! Very incriminating indeed.\n<voice type=acceptance>\nAlright then. I will take this risk. Any chance of harming the Agency is good.\nBut you know, if I get in trouble, the whole postal system of Murricaville collapses.\n
I2Languages (I2.Loc.LanguageSourceAsset)	Dialogues/prepIllegalDelivered1	<voice type=greeting>\nHello, Mr. Postman! So, did you manage to put our small conversation piece in the right place?
I2Languages (I2.Loc.LanguageSourceAsset)	Dialogues/postIllegalDelivered2	Ah yes, I arranged it in a way that should really make an impression on the viewer. And I suppose Mr. FitzPatrick won't find it before the Agency does.
I2Languages (I2.Loc.LanguageSourceAsset)	Dialogues/prepIllegalDelivered3	<voice type=laugh>\nBrilliant! Thank you, Mr. Postman. Frankly, I didn't expect such enthusiastic subversive attitude from you.
I2Languages (I2.Loc.LanguageSourceAsset)	Dialogues/postIllegalDelivered4	You know, it's not that I'm a revolutionary or anything. I just simply hate agents to the bone.
I2Languages (I2.Loc.LanguageSourceAsset)	Dialogues/prepIllegalFigurine1	Uhm, Bob? One more thing. This bobblehead figurine around there, bless the President?
I2Languages (I2.Loc.LanguageSourceAsset)	Dialogues/bobIllegalFigurine2	Ah, this one? What about it?
I2Languages (I2.Loc.LanguageSourceAsset)	Dialogues/prepIllegalFigurine3	I like it a lot. Can I take it?
I2Languages (I2.Loc.LanguageSourceAsset)	Dialogues/bobIllegalFigurine4	Prepper, you're a really weird person, you know that?\nBut sure, you can take it. I don't even remember who brought it here.\n
I2Languages (I2.Loc.LanguageSourceAsset)	Dialogues/prepIllegalFigurine5	Thanks! I will make a truly revolutionary use of it.
I2Languages (I2.Loc.LanguageSourceAsset)	Dialogues/bobIllegalFigurine6	Sure, Prepp.
I2Languages (I2.Loc.LanguageSourceAsset)	Dialogues/bossTaunt1	<voice type=order>\nSecurity, you fool!
I2Languages (I2.Loc.LanguageSourceAsset)	Dialogues/bossTaunt2	<voice type=anger>\nYou will be met with fire and fury!
I2Languages (I2.Loc.LanguageSourceAsset)	Dialogues/bossTaunt3	<voice type=laugh>\nI have identified you as belonging to the axis of evil!
I2Languages (I2.Loc.LanguageSourceAsset)	Dialogues/bossTaunt4	Yes I can!
I2Languages (I2.Loc.LanguageSourceAsset)	Dialogues/bossTaunt5	I am the change you have been waiting for.
I2Languages (I2.Loc.LanguageSourceAsset)	Dialogues/bossTaunt6	<voice type=anger>\nThat was your last unprovoked and dastardly attack.
I2Languages (I2.Loc.LanguageSourceAsset)	Dialogues/bossTaunt7	<voice type=upset>\nYou're a bad hombre who still wants to attack me. Sad!
I2Languages (I2.Loc.LanguageSourceAsset)	Dialogues/bossTaunt8	The security AI's purpose should be to eliminate, as far as possible, the need for its own existence.
I2Languages (I2.Loc.LanguageSourceAsset)	Dialogues/bossTaunt9	<voice type=greeting>\nHi, I'm from the government, and I'm here to help!
I2Languages (I2.Loc.LanguageSourceAsset)	Dialogues/bossTaunt10	<voice type=anger>\nRead my lips: no new trespassers!
I2Languages (I2.Loc.LanguageSourceAsset)	Dialogues/bossTaunt11	<voice type=laugh>\nYou're just fake news!
I2Languages (I2.Loc.LanguageSourceAsset)	Dialogues/bossFightStart	<voice type=thanks>\nThank you. Now, you will be eliminated as a security threat. It's time to put Fort Observer first!
I2Languages (I2.Loc.LanguageSourceAsset)	Dialogues/bossFightMiddle	<voice type=laugh>\nElimination of a threat is usually quicker. But you are done. My buttons are bigger than yours!
I2Languages (I2.Loc.LanguageSourceAsset)	Dialogues/bossFightEnd	<voice type=fear>\nCritical failure. Fort Observer will be left unobserved. Time to die.
I2Languages (I2.Loc.LanguageSourceAsset)	Dialogues/agentRandom	<random>\nAgent Text One\nAgent Text Two\n<if event=fortObserverUnlocked>\nAgent Text Three\nAgent Text Four\n</random>
I2Languages (I2.Loc.LanguageSourceAsset)	Dialogues/agentCondition	Agent Text Five\nAgent Text Six\n<if event=agentSaidTextSeven is=false>\n<event set=agentSaidTextSeven>\nAgent Text Seven
I2Languages (I2.Loc.LanguageSourceAsset)	Dialogues/agentDialogue	Agent Text Eight\n<prepper>\nPrepper Text One\n<prepper>\nPrepper Text Two\nAgent Text Nine\nAgent Text Ten\n<prepper>\nPrepper Text Three
I2Languages (I2.Loc.LanguageSourceAsset)	Dialogues/agentRoomCheck	<random>\nLet's see what we have here.\nLegality inspection underway.\nRoom inspection based on Security & Wellbeing Act.\nChecking for illegal & non-standard items.\nSeems very decent at first glance, let's see the details.\nChecking the contents of the room.\nIt's all for citizens' security & wellbeing. Bless the President!\nThe room seems tidy and functional! I hope there is nothing illegal in it.\nGathering information for a report.\nI will check the contents of the room. This is standard procedure.\nThis is standard procedure.\nUnder the previous government, we needed a separate warrant for every inspection. This was detrimental to the protection of security & wellbeing.\nKeeping one's home tidy and standard is beneficial for all the citizens of Murricaville & the country.\nChecking for signs of subversive activity.\n</random>
I2Languages (I2.Loc.LanguageSourceAsset)	Dialogues/agentBoxCheck	<random>\nLet's see what we have here.\nPlease don't take it personally, citizen. Checking containers is standard procedure.\nThis is a very nice box, it would be shame if it had something illegal in it.\nChecking for illegal & non-standard items.\nThe Agency searches for items jeopardizing security & wellbeing of citizens.\nThis is standard procedure. Bless the President!\nIt is important to keep all the containers visible and easy to open. Transparency benefits everyone.\nI hope there are no illegal items inside, citizen.\nThe Agency firmly believes you will not attempt another escape, but we want to be sure that you do not have the means.\nSigns of subversive activity may sometimes be well hidden.\nOpening the container. This is standard procedure.\n</random>
I2Languages (I2.Loc.LanguageSourceAsset)	Dialogues/agentElectricityCheck	<random>\nChecking if the electricity usage is normal.\nChecking for abnormalities in electricity usage.\nFair and even distribution of energy is important for Murricaville's security & wellbeing.\nEnergy usage inspection based on Security & Wellbeing Act.\nChecking the electricity meter for abnormalities. This is standard procedure. \nUnusual usage of electricity may be a sign of subversive activity.\nElectricity is one of the crucial national resources and must be used responsibly. Bless the President!\n</random>
I2Languages (I2.Loc.LanguageSourceAsset)	Dialogues/agentWaterCheck	<random>\nChecking the water meter for abnormalities. This is standard procedure.\nAssessment of water usage is part of the inspection report.\nChecking if the water usage is normal.\nAbnormalities in water usage may point to subversive activity.\nWater is a crucial resource in the national economy and should be used responsibly. Bless the President!\nA very large water consumption would be suspicious, this is why I check the water meter. This is standard procedure.\nChecking if the water usage is normal in comparison to Murricaville's average.\nSaving water is an act of responsibility. Bless the President!\n</random>
I2Languages (I2.Loc.LanguageSourceAsset)	Dialogues/prepperHouseWarning	<random>\nThis might be risky in case of an inspection. I need to take care of this later.\nIt's not safe to leave it like this before an inspection.\nThe Agent better not see this.\nI need to tidy the house up a bit in case the Agent comes.\nThe house does not look completely legal at the moment.\nI better hide the subversive items.\nThe house would not be ready for an inspection in the current state.\nI hope the Agent does not see the house like this.\n</random>
I2Languages (I2.Loc.LanguageSourceAsset)	Dialogues/prepperHouseNotReady	<random>\nThe house is not ready!\nI need to get ready for the inspection real quick!\nOh no, the Agent is coming! I need to get prepared!\nThe house is not ready for the inspection. I better hurry!\nThe Agent is coming and the house looks subversive. I need to take care of that.\nThe inspection is imminent, and the house needs to be beyond suspicion.\nI need to get ready for the inspection!\n</random>
I2Languages (I2.Loc.LanguageSourceAsset)	Dialogues/agentPlanNoticed	<random>\nWhat is this? Are you planning to escape again, citizen?\nI hope this is only a decoration, citizen.\nI am afraid the contents of this board do not comply with requirements of security & wellbeing. \nThese look like dangerous dreams, citizen.\nI am afraid this needs to be reported.\nThis is subversive content, citizen. The Agency will be disappointed.\n</random>\n
I2Languages (I2.Loc.LanguageSourceAsset)	Dialogues/agentWorkbenchNoticed	<random>\nThis is certainly not standard equipment in a lawful citizen's household.\nThis might be used for subversive activities, citizen. I need to report this.\nA workbench? A good citizen of Murricaville should not need this.\nCitizen, this is an illegal item. This will go into a report.\nI need to report this illegal item.\nThis item is not compliant with the Security & Wellbeing Act.\nThe Agency does not approve of such activities.\n</random>
I2Languages (I2.Loc.LanguageSourceAsset)	Dialogues/agentLadderNoticed	<random>\nI do not see the purpose of you having this, citizen.\nWhy do you need a ladder, citizen? This is a potentially subversive item.\nCitizen, where does this ladder lead to? Does it serve subversive purposes?\nThis is an illegal item and I need to report this.\nStandard houses in Murricaville do not need ladders. I am suspecting a subversive motive of having it.\nThis item is not compliant with the Security & Wellbeing Act.\nCitizen, you should be aware that this is an illegal item.\nCitizen, where does this ladder lead to? Do you perhaps have some non-standard rooms in your household?\n</random>
I2Languages (I2.Loc.LanguageSourceAsset)	Dialogues/agentGearNoticed	<random>\nCitizen, what is it that you have here?\nThis does not look like a standard personal equipment.\nCitizen, I am worried by some of the things you carry.\nI have to remind you that the rules regarding forbidden items also apply to things you carry with you.\nCitizen, I see you are carrying subversive items with you. This is not acceptable.\nCitizen, hiding illegal items in your personal belongings does not make them legal. \n</random>
I2Languages (I2.Loc.LanguageSourceAsset)	Dialogues/prepLeverTip	Hm, this <color=yellow>lever</color> must be somewhere in the forest.
I2Languages (I2.Loc.LanguageSourceAsset)	Dialogues/prepReload	<voice type=laugh>\nReload!
I2Languages (I2.Loc.LanguageSourceAsset)	Dialogues/prep1Wolf	<voice type=laugh>\nHe doesn't look that tough.
I2Languages (I2.Loc.LanguageSourceAsset)	Dialogues/prep3Wolfs	<voice type=fear>\nThere is more of them?!
I2Languages (I2.Loc.LanguageSourceAsset)	Dialogues/prepBigBadWolf	<voice type=laugh>\nHere comes the Big Bad!
I2Languages (I2.Loc.LanguageSourceAsset)	Dialogues/prepWeaponBroke	<voice type=anger>\nMy weapon broke!
I2Languages (I2.Loc.LanguageSourceAsset)	Dialogues/prepObserverEntry	That smell. A mixture of metal, rust, and some chemicals. It is… oddly familiar.
I2Languages (I2.Loc.LanguageSourceAsset)	Dialogues/prepObserverTestChamb	These instruments… This test chamber… It all rings a bell. Why?\n<voice type=fear>\nOh. Oh no. I think I remember… Like a scene from another life. \n<voice type=upset>\nAnimals… dogs, I think?, in test chambers. Bombarded with waves. \n<voice type=upset>\nDogs attacking other dogs, like they're turned rabid instantly. Tearing those other dogs apart.\n<voice type=upset>\nLater the dogs are sitting next to the killed ones, still bloodied, but now docile and empty-eyed. \n<voice type=question>\n…Why do I remember this?\n
I2Languages (I2.Loc.LanguageSourceAsset)	Dialogues/prepObserverPicture	<voice type=surprise>\nOh, it's a group picture of some sort, let's have a look.\n“BRAZEN SERPENT LAUNCH”, dated from several years ago. Happy faces, serious faces, faces of pride.\n<voice type=anger>\nAnd there's… Oh crap, not this again. That's me right here.\n<voice type=upset>\nI was building that thing. The Brazen Serpent.\n
I2Languages (I2.Loc.LanguageSourceAsset)	Dialogues/prepObserverCafeteria	And this… This corridor leads to the base cafeteria. I just remembered this.\n<voice type=surprise>\nI remember meeting people. Happy faces. Team spirit. Tasty mac & cheese. Good times. \nThere was one face smiling to me often. Have I met this person later…? Damn, I don't know, it's all foggy.\n
I2Languages (I2.Loc.LanguageSourceAsset)	Dialogues/bobProposition1	<voice type=greeting>\nGood day, Mr. Prepper. I hope your little excursion went well.
I2Languages (I2.Loc.LanguageSourceAsset)	Dialogues/prepProposition2	Oh, Bob, I didn't expect your visit. The trip was enlightening indeed. \n<voice type=question>\nBut Bob, why do you look so serious? Has something happened?
I2Languages (I2.Loc.LanguageSourceAsset)	Dialogues/bobProposition3	I'm serious because I have a serious proposition to you. On behalf of the Sleepless.\n I know that after coming back from the military base, you are now close to reaching your goal.\n We know you're almost done with the rocket.
I2Languages (I2.Loc.LanguageSourceAsset)	Dialogues/prepProposition4	Oh, so you're watching my progress closely. I guess I should be proud.
I2Languages (I2.Loc.LanguageSourceAsset)	Dialogues/bobProposition5	<voice type=negation>\nDon't worry, we don't want to get into your small vehicle. But we want to use the moment of the launch to conduct our action.\n<voice type=order>\nWe have named it Operation Awakening.\n
I2Languages (I2.Loc.LanguageSourceAsset)	Dialogues/prepProposition6	Of course you have.
I2Languages (I2.Loc.LanguageSourceAsset)	Dialogues/bobProposition7	When you launch your rocket, it will surely catch everyone's attention. Agents will be running around like crazy. Regular folk of Murricaville will probably just watch in amazement.\n<voice type=order>\nAnd here's where we step in. We use the chaos to distribute leaflets, put some graffiti, give away some of our anti-sleep mixture.\n
I2Languages (I2.Loc.LanguageSourceAsset)	Dialogues/prepProposition8	Oh, you give it away now.
I2Languages (I2.Loc.LanguageSourceAsset)	Dialogues/bobProposition9	We have long suspected that the mind control is weaker when you experience strong emotions or when something very unusual happens to you. \n That's why we believe the Operation Awakening synchronized with your launch would nudge some people out of stupor.\n <voice type=order>\n We, the Sleepless, will then take care of them. The resistance will grow.\n And we need your help.
I2Languages (I2.Loc.LanguageSourceAsset)	Dialogues/prepProposition10	Well, if that's what you want. I hope to be far from here when you start awakening the people.
I2Languages (I2.Loc.LanguageSourceAsset)	Dialogues/bobProposition11	We prefer resistance to escape, but all we need from you is a sign when you are ready for the launch of the rocket.\nWhen you are ready to go, please light this red light in your bedroom.\nThen wait for our arrival before you start the launch procedure. \nI will bring people that put the most <color=yellow>trust</color> in you.\n
I2Languages (I2.Loc.LanguageSourceAsset)	Dialogues/prepProposition12	<voice type=acceptance>\nRed light. Got it. I just need to tie up some loose ends before I go.
I2Languages (I2.Loc.LanguageSourceAsset)	Dialogues/bobProposition13	<voice type=thanks>\nGreat. See you on the day of the operation, Prepper.
I2Languages (I2.Loc.LanguageSourceAsset)	Dialogues/agentReveal1	Hello, Mr. Prepper. 
I2Languages (I2.Loc.LanguageSourceAsset)	Dialogues/prepReveal2	<voice type=greeting>\nOh. Hello. I… I didn't expect an inspection right now. I thought they… are no longer needed.
I2Languages (I2.Loc.LanguageSourceAsset)	Dialogues/agentReveal3	<voice type=surprise>\nAh, you recognized me without my glasses! You are very perceptive, Mr. Prepper! \nI thought my disguise will last for longer and I will be able to surprise you.\n<voice type=negation>\nAnd as for the inspection… I don't do this kind of things anymore.\n
I2Languages (I2.Loc.LanguageSourceAsset)	Dialogues/prepReveal4	It's not the lack of glasses that gave you away. It's just that I know your voice very well.\n“This is standard procedure,” you know.\nBut I must admit, Mr. Agent, that I'm confused. I don't know the purpose of your visit.\n
I2Languages (I2.Loc.LanguageSourceAsset)	Dialogues/agentReveal5	Oh, Mr. Prepper. Please call me Minuteman from now on.
I2Languages (I2.Loc.LanguageSourceAsset)	Dialogues/prepReveal6	<voice type=question>\n…
I2Languages (I2.Loc.LanguageSourceAsset)	Dialogues/agentReveal7	Oh, I thought you'd have this figured out already! Yes, I'm the one who was sending you all the items and information. \n<voice type=thanks>\nAnd thank you for answering my requests, Mr. Prepper!
I2Languages (I2.Loc.LanguageSourceAsset)	Dialogues/prepReveal7.1	<voice type=surprise>\nSo... you want to tell me that all those inspections and reports... were just for a show?\n<voice type=anger>\nYou had fun harassing me, Minuteman?
I2Languages (I2.Loc.LanguageSourceAsset)	Dialogues/agentReveal7.2	But Mr. Prepper! I had to keep up appearances!\n<voice type=order>\nI had to work well for the Agency to be able to help you!\nAnd I even resisted the urge to look under your rug!
I2Languages (I2.Loc.LanguageSourceAsset)	Dialogues/prepReveal8	<voice type=question>\nOh sure, you were just following orders. But how did you manage to escape the Agency's ambush?
I2Languages (I2.Loc.LanguageSourceAsset)	Dialogues/agentReveal9	Ah, this. I was expecting to die valiantly, but it actually wasn't that bad.\nI got a tip-off about the ambush, but it turned out it was actually just one older Agent.\nHe retreated after my warning shot, possibly to get reinforcements. I used the occasion to run away from the hideout.\nAnd here I am. I couldn't resist to introduce myself with my truer identity.\n
I2Languages (I2.Loc.LanguageSourceAsset)	Dialogues/prepReveal10	<voice type=acceptance>\nOkay. I'm honored, but you still owe me some explanations. Why did you choose me as your pen pal?
I2Languages (I2.Loc.LanguageSourceAsset)	Dialogues/agentReveal11	You caught my eye a long time ago. When we were still working together.
I2Languages (I2.Loc.LanguageSourceAsset)	Dialogues/prepReveal12	<voice type=surprise>\nWhat?!
I2Languages (I2.Loc.LanguageSourceAsset)	Dialogues/agentReveal13	Yeah, you probably wouldn't remember me even without your amnesia. I was just a regular Agent assigned to the Fort Observer, and you were a superstar there.
I2Languages (I2.Loc.LanguageSourceAsset)	Dialogues/prepReveal14	…
I2Languages (I2.Loc.LanguageSourceAsset)	Dialogues/agentReveal15	Oh, stop with the false modesty, Mr. Prepper. You were a top-class engineer. Your solutions were absolutely vital to getting the Brazen Serpent up to the orbit and keeping it there.\nAnd you loved the job. You were dedicated, hardworking, and very sociable on top of that.\n<voice type=laugh>\nWhenever I saw you in the base, I thought: oh, I want to be like that guy. \n
I2Languages (I2.Loc.LanguageSourceAsset)	Dialogues/prepReveal16	I'm not sure if I'm flattered, really. But what happened then? How did I stop working for the government?
I2Languages (I2.Loc.LanguageSourceAsset)	Dialogues/agentReveal17	How to put that concisely… After the successful launch of the Brazen Serpent, you got bored.\nSupervision of the satellite was just too easy, everything worked as planned.\nSo you started visiting other teams in the base, socializing, getting to know their work, seeing if you can help.\nAnd one day you visited the Inspiration & Wellbeing Department. \n
I2Languages (I2.Loc.LanguageSourceAsset)	Dialogues/prepReveal18	Gotta love those military names these days. So what were they doing?
I2Languages (I2.Loc.LanguageSourceAsset)	Dialogues/agentReveal19	Well… Further testing the technology that's installed on the Brazen Serpent. The waves, you know.\nAnd they were testing them on dogs, as usual.\n
I2Languages (I2.Loc.LanguageSourceAsset)	Dialogues/prepReveal20	<voice type=order>\nI'll stop you right there. I… I remember this. Wish I didn't.
I2Languages (I2.Loc.LanguageSourceAsset)	Dialogues/agentReveal21	Sure. In the next days you weren't yourself. And not very sociable anymore.\nThen one morning I woke up to the alarm in the base. Everyone was running around and screaming.\nTurned out somebody broke into the Inspiration & Wellbeing Department, let the dogs out, and painted the word FREEDOM in big letters on the one-way mirror in the test room.\n<voice type=laugh>\nAnd then stole one of the planes and took off without authorization. And who didn't show up for work? Our Mr. Perfect. Mr. Prepper.\n
I2Languages (I2.Loc.LanguageSourceAsset)	Dialogues/prepReveal22	It seems it's all coming together.
I2Languages (I2.Loc.LanguageSourceAsset)	Dialogues/agentReveal23	Right? Unfortunately for you, an AA missile got you right before you went out of range.\nThey never got to the wreckage. But they found you wandering endlessly in the forest.\nThey were ready to make an example of you. \n
I2Languages (I2.Loc.LanguageSourceAsset)	Dialogues/prepReveal24	<voice type=question>\nSo… Why didn't they?
I2Languages (I2.Loc.LanguageSourceAsset)	Dialogues/agentReveal25	They realized you're a perfect test case.
I2Languages (I2.Loc.LanguageSourceAsset)	Dialogues/prepReveal26	<voice type=surprise>\nWhat are you talking about?
I2Languages (I2.Loc.LanguageSourceAsset)	Dialogues/agentReveal27	Observing the effects of the Brazen Serpent. You lost your memory, so you were a clean slate for the mind-controlling waves. But you were known to have a strong personality.\nA perfect situation for testing the strength of the satellite, right? So they assigned an Agent to observe you and let you free. Well, “free”.\n
I2Languages (I2.Loc.LanguageSourceAsset)	Dialogues/prepReveal28	<voice type=question>\nWas it you observing me?
I2Languages (I2.Loc.LanguageSourceAsset)	Dialogues/agentReveal29	<voice type=negation>\nAh, no. That Agent got fired after you had tried to escape with a car.\nAnd then I convinced them to continue the experiment. I suggested the regular controls. They agreed.\nAnd besides, I wanted to take a closer look at you.\n
I2Languages (I2.Loc.LanguageSourceAsset)	Dialogues/prepReveal30	<voice type=disappointment>\nThat's weird, Minuteman.
I2Languages (I2.Loc.LanguageSourceAsset)	Dialogues/agentReveal31	No, I admired you. I was fascinated. You were always different.\nAnd your escape. The dogs, the writing on the mirror. It was… beautiful.\nAnd by that time, I was already bored by the dullness of the Agency. So I decided to help you out.\nI needed to keep up appearances, so I performed all the controls dutifully, but also set up my Minuteman alter ego to help you out.\n
I2Languages (I2.Loc.LanguageSourceAsset)	Dialogues/prepReveal32	So it was all for show. And what's in it for you?
I2Languages (I2.Loc.LanguageSourceAsset)	Dialogues/agentReveal33	<voice type=question>\nApart from that I sincerely wanted to help the most interesting person in Murricaville?
I2Languages (I2.Loc.LanguageSourceAsset)	Dialogues/prepReveal34	<voice type=acceptance>\nYes, apart from that.
I2Languages (I2.Loc.LanguageSourceAsset)	Dialogues/agentReveal35	So, Mr. Prepper, you need to know that in the Agency I had access to sources more reliable than Our Truth (bless the President). \n And the international situation is really, really tense. See, the Brazen Serpent doesn't affect only our great country.\n I'm afraid a foreign attack is imminent.
I2Languages (I2.Loc.LanguageSourceAsset)	Dialogues/prepReveal36	<voice type=order>\nAnd so you want…
I2Languages (I2.Loc.LanguageSourceAsset)	Dialogues/agentReveal37	<voice type=upset>\nMr. Prepper, I have gone out of my way so many times…
I2Languages (I2.Loc.LanguageSourceAsset)	Dialogues/prepReveal38	<voice type=order>\nTo the point, please.
I2Languages (I2.Loc.LanguageSourceAsset)	Dialogues/agentReveal39	<voice type=acceptance>\nI want to get away with you in your rocket.
I2Languages (I2.Loc.LanguageSourceAsset)	Dialogues/prepReveal40	See, and that's a concrete answer!\n<voice type=negation>\nNo, not gonna happen.
I2Languages (I2.Loc.LanguageSourceAsset)	Dialogues/agentReveal41	<voice type=disappointment>\nBut Mr. Prepper…!
I2Languages (I2.Loc.LanguageSourceAsset)	Dialogues/prepReveal42	<voice type=negation>\nNo, it's impossible, there's only one place inside. And I'm pretty sure you can't control a rocket.
I2Languages (I2.Loc.LanguageSourceAsset)	Dialogues/agentReveal43	<voice type=fear>\nMr. Prepper! We are all in grave danger! We cannot know how much longer Murricaville and the whole country will survive!
I2Languages (I2.Loc.LanguageSourceAsset)	Dialogues/prepReveal44	<voice type=acceptance>\nWell… okay. You can use my bunker after I fly away. I won't need it anymore.\nThe equipment is not compliant with the Security & Wellbeing Act, but I hope you don't mind.\n
I2Languages (I2.Loc.LanguageSourceAsset)	Dialogues/agentReveal45	<voice type=thanks>\nMr. Prepper, thank you! This will help a lot. \nAnd good luck on your flight, wherever you are going.\n<voice type=disappointment>\nI just have to admit I imagined our meeting being a bit… warmer.\n
I2Languages (I2.Loc.LanguageSourceAsset)	Dialogues/prepReveal46	<voice type=order>\nThis is standard procedure, Minuteman.
I2Languages (I2.Loc.LanguageSourceAsset)	Dialogues/prepPillReq	I need a pill not to fall asleep, the way is too long!
I2Languages (I2.Loc.LanguageSourceAsset)	Dialogues/neighHello1	Good day, neighbor!
I2Languages (I2.Loc.LanguageSourceAsset)	Dialogues/neighHello2	Hello, dear neighbor! Bless the President!
I2Languages (I2.Loc.LanguageSourceAsset)	Dialogues/neighHello3	Good day, Mr. Prepper! Bless the President!
I2Languages (I2.Loc.LanguageSourceAsset)	Dialogues/neighHello4	Hello, dear neighbor, how are you?
I2Languages (I2.Loc.LanguageSourceAsset)	Dialogues/neighBye1	Goodbye, neighbor!
I2Languages (I2.Loc.LanguageSourceAsset)	Dialogues/neighBye2	Have a good day, neighbor! Until next time!
I2Languages (I2.Loc.LanguageSourceAsset)	Dialogues/neighBye3	See you next time! 
I2Languages (I2.Loc.LanguageSourceAsset)	Dialogues/neighBye4	Bless the President!
I2Languages (I2.Loc.LanguageSourceAsset)	Dialogues/prepSmallTalkHello1	Hi.
I2Languages (I2.Loc.LanguageSourceAsset)	Dialogues/prepSmallTalkHello2	Hello.
I2Languages (I2.Loc.LanguageSourceAsset)	Dialogues/prepSmallTalkPost1	Odd...
I2Languages (I2.Loc.LanguageSourceAsset)	Dialogues/prepSmallTalkPost2	What was that?
I2Languages (I2.Loc.LanguageSourceAsset)	Dialogues/prepSmallTalkPost3	Okay.
I2Languages (I2.Loc.LanguageSourceAsset)	Dialogues/prepSmallTalkPost4	Oh dear.
I2Languages (I2.Loc.LanguageSourceAsset)	Dialogues/prepSmallTalkPost5	Yeah, sure.
I2Languages (I2.Loc.LanguageSourceAsset)	Dialogues/prepSmallTalkGenericResponse	...
I2Languages (I2.Loc.LanguageSourceAsset)	Dialogues/neighSmallTalk1	What a lovely day!
I2Languages (I2.Loc.LanguageSourceAsset)	Dialogues/prepSmallTalk2	Yeah, sure, I guess.
I2Languages (I2.Loc.LanguageSourceAsset)	Dialogues/neighSmallTalkA1	The weather is fantastic today! I'm sure it's thanks to our government.
I2Languages (I2.Loc.LanguageSourceAsset)	Dialogues/prepSmallTalkA2	Uhm... Sure.
I2Languages (I2.Loc.LanguageSourceAsset)	Dialogues/neighSmallTalkAA1	I was just wondering... Have you seen any dogs around lately?
I2Languages (I2.Loc.LanguageSourceAsset)	Dialogues/prepSmallTalkAA2	No, can't say I have.
I2Languages (I2.Loc.LanguageSourceAsset)	Dialogues/neighSmallTalkB	You have a very pretty house! It's very similar to mine.
I2Languages (I2.Loc.LanguageSourceAsset)	Dialogues/neighSmallTalkC	Every day I feel thankful for living in Murricaville. Why would anyone want to leave?
I2Languages (I2.Loc.LanguageSourceAsset)	Dialogues/neighSmallTalkD	I used to have some trouble with insomnia, but now I sleep through the night every time.
I2Languages (I2.Loc.LanguageSourceAsset)	Dialogues/neighSmallTalkE	I'm so forgetful lately! Yesterday I forgot where I keep my salt, can you imagine?
I2Languages (I2.Loc.LanguageSourceAsset)	Dialogues/neighSmallTalkF	Did you know that Murricaville County has one of the most diverse landscapes in the US?\nNot that I ever feel the need to leave the town, but it's truly remarkable!
I2Languages (I2.Loc.LanguageSourceAsset)	Dialogues/neighSmallTalkG	Life is great in Murricaville, but I'm reading in Our Truth that the foreign powers want to destroy our way of life. \nThis worries me a lot!
I2Languages (I2.Loc.LanguageSourceAsset)	Dialogues/neighQuest1	Can I borrow some <color=white>sugar</color>?
I2Languages (I2.Loc.LanguageSourceAsset)	Dialogues/neighQuest2	I ran out of <color=white>salt</color>. Can I borrow some?
I2Languages (I2.Loc.LanguageSourceAsset)	Dialogues/neighQuest3	Can I borrow some <color=white>flour</color>?
I2Languages (I2.Loc.LanguageSourceAsset)	Dialogues/neighQuestComplite	Hello, neighbor!\nI have this for you!
I2Languages (I2.Loc.LanguageSourceAsset)	Dialogues/neighThankYou	Thank you, neighbor!
I2Languages (I2.Loc.LanguageSourceAsset)	Dialogues/herbGoodbye1	<voice type=greeting>\nHello, Buttercup. So it's finally the time for you to shoot forth!
I2Languages (I2.Loc.LanguageSourceAsset)	Dialogues/prepGoodbye2	<voice type=greeting>\nHello, Jenny! Do you always speak in plant metaphors?
I2Languages (I2.Loc.LanguageSourceAsset)	Dialogues/herbGoodbye3	Only when I find it fruitful. 
I2Languages (I2.Loc.LanguageSourceAsset)	Dialogues/prepGoodbye4	<voice type=acceptance>\nRight. It's the first time I see you outside the forest, by the way.
I2Languages (I2.Loc.LanguageSourceAsset)	Dialogues/herbGoodbye5	I needed to be there for the operation. I want to see if everyone feels well after my herbs, you know.\nAnd I'd also like to see Mary. See if anything can help her remember her life.\nIf not, I'll just see if she's alright.
I2Languages (I2.Loc.LanguageSourceAsset)	Dialogues/prepGoodbye6	<voice type=disappointment>\nI'm… sorry. I took part in this. The Brazen Serpent program. Some of the memories got back to me.
I2Languages (I2.Loc.LanguageSourceAsset)	Dialogues/herbGoodbye7	<voice type=acceptance>\nI know, Buttercup. But you're a different person now. This is what matters.\nAfter all, it was your decision to escape them. And I remember the search for you after the crash.\nI have been observing it from my small hideouts in the forest. They deployed great force, and they wanted your blood.\nBut they didn't expect to find you completely lost, not remembering anything, apparently already under the influence of the satellite.
I2Languages (I2.Loc.LanguageSourceAsset)	Dialogues/prepGoodbye8	<voice type=question>\nYou've seen that?
I2Languages (I2.Loc.LanguageSourceAsset)	Dialogues/herbGoodbye9	With my own old eyes, yes. And then, for some reason, they decided to let you go. Perhaps they wanted to observe you.\nAnd, well… Not only they had the same idea.
I2Languages (I2.Loc.LanguageSourceAsset)	Dialogues/prepGoodbye10	I know that the Sleepless had been watching me too. Have you gotten to any conclusions from the observation?
I2Languages (I2.Loc.LanguageSourceAsset)	Dialogues/herbGoodbye11	That you are the most peculiar person around.\nAt first you seemed completely brainwashed like the most of Murricaville. But it didn't last long.\nYour determination is fascinating. You quickly started doing your own things. The Agency hadn't noticed soon enough.\nFinally, you attempted to escape with a car… And I think you remember the rest.
I2Languages (I2.Loc.LanguageSourceAsset)	Dialogues/prepGoodbye12	<voice type=thanks>\nYou know, Jenny, I'm very glad I got this letter from you. You are my favourite granny from the woods.
I2Languages (I2.Loc.LanguageSourceAsset)	Dialogues/herbGoodbye13	<voice type=thanks>\nAnd you're my favourite youngster. Godspeed, Buttercup, and good luck with finding greener pastures. Remember to eat well and drink tea.
I2Languages (I2.Loc.LanguageSourceAsset)	Dialogues/prepGoodbye14	It's been an honor, Jenny. Good luck with the Awakening.
I2Languages (I2.Loc.LanguageSourceAsset)	Dialogues/bobAwakening1	<voice type=greeting>\nHello, Mr. Prepper.
I2Languages (I2.Loc.LanguageSourceAsset)	Dialogues/prepAwakening2	<voice type=greeting>\nHello, Bob! Glad to see you found some time to stop by before the great operation.\n<voice type=question>\nAre you prepared? Do you hear the people sing?
I2Languages (I2.Loc.LanguageSourceAsset)	Dialogues/bobAwakening3	<voice type=question>\nIs it irony, Prepper? You don't believe in our cause?
I2Languages (I2.Loc.LanguageSourceAsset)	Dialogues/prepAwakening4	<voice type=negation>\nOh no, it's not that. It's just… I'm more of a solo player and I'm not seeing myself marching behind banners. \nBut I wish you all the best. Do you think you stand a chance today? Are you ready?
I2Languages (I2.Loc.LanguageSourceAsset)	Dialogues/bobAwakening5	As we'll ever be. We have nothing to lose but chains.
I2Languages (I2.Loc.LanguageSourceAsset)	Dialogues/prepAwakening6	I like the attitude. But there's one thing, Bob. As for people loving freedom and hating surveillance so much, you have done your share of observation, am I right?
I2Languages (I2.Loc.LanguageSourceAsset)	Dialogues/bobAwakening7	<voice type=question>\n Oh, you mean observing you? We had to, in order to understand your case and how it could help our struggle.\n Already since the plane crash we knew there's something special about you. You started tricking the Agency very early on. And most of us Sleepless require certain effort to stay outside the influence of the Brazen Serpent.\n Physical barriers, avoiding the nightly reset, regular contact with other awakened people, concentration exercises.\n And you seemed to defy the brainwashing by sheer force of will and keeping yourself busy. Remarkable!\n <voice type=thanks>\n Your example gives us hope. We feel very grateful to have you on our side. Thank you, Mr. Prepper.
I2Languages (I2.Loc.LanguageSourceAsset)	Dialogues/prepAwakening8	<voice type=acceptance>\nYou're welcome. Don't think I'll forget all this ‘don't go to the lower levels of the mine' thingie, though.\nGood luck today. May the whole town become sleepless.
I2Languages (I2.Loc.LanguageSourceAsset)	Dialogues/bobAwakening9	Hopefully. And good luck with your shiny metal bullet. It was a pleasure knowing you, Prepper.
I2Languages (I2.Loc.LanguageSourceAsset)	Dialogues/prepAwakening10	Likewise, Bob. You are my favorite bookworm revolutionary. Take care.
I2Languages (I2.Loc.LanguageSourceAsset)	Dialogues/herbBetaBlock	Oh, I'm sorry, Buttercup. I can't give you any more quests in the <color=yellow>beta version</color> of the game.
I2Languages (I2.Loc.LanguageSourceAsset)	Dialogues/joeBetaBlock	Hey, Prepper. Sorry, but that's all you will get from me in the <color=yellow>beta version</color> of the game.
I2Languages (I2.Loc.LanguageSourceAsset)	Dialogues/bobBetaBlock	Hi Prepper, that is all from me in the <color=yellow>beta version</color> of the game. Come back in the full one!
I2Languages (I2.Loc.LanguageSourceAsset)	Dialogues/joeLaunch1	<voice type=greeting>\nHi, Prepper!
I2Languages (I2.Loc.LanguageSourceAsset)	Dialogues/chupaLaunch2	Woof!
I2Languages (I2.Loc.LanguageSourceAsset)	Dialogues/prepLaunch3	<voice type=greeting>\nOh, hi, Joe! And Chupacabra! In the town! I didn't expect you here. So you're among the Sleepless now?
I2Languages (I2.Loc.LanguageSourceAsset)	Dialogues/joeLaunch4	Ya know, I'm not sure if they consider me a regular member. But I'm helping them out, yes.\nAfter all these years of reading about conspiracies and secret organizations I didn't want to miss the chance to take a closer look at one.\nThey have a bit of Illuminati vibe with all the eyes, don't they?\nAt least it's the best you can get in Murricaville County.
I2Languages (I2.Loc.LanguageSourceAsset)	Dialogues/prepLaunch5	<voice type=question>\nAnd what do you think happens afterwards? After the Awakening?
I2Languages (I2.Loc.LanguageSourceAsset)	Dialogues/joeLaunch6	<voice type=laugh>\nFunny thing is, I really don't know.\nThe expectation is that we awaken enough people to self-organize well and resist our local Agents. And then we'll see.\nWhat I'm afraid is that the Awakening triggers something else. A reaction of Deep State. A massive release of chemtrails. Ionosphere activation.\nBut whatever happens, I wanted to see it up close. It gets boring on the junkyard sometimes, you know.\n<voice type=thanks>\nAnd your launch! I know you're leaving, and I wanted to say goodbye. I think we got along well, Prepper.
I2Languages (I2.Loc.LanguageSourceAsset)	Dialogues/prepLaunch7	<voice type=thanks>\nI think the same, Joe. I enjoyed your help and company.
I2Languages (I2.Loc.LanguageSourceAsset)	Dialogues/chupaLaunch8	Woof!
I2Languages (I2.Loc.LanguageSourceAsset)	Dialogues/prepLaunch9	Yes, and yours too, Chupacabra, of course!
I2Languages (I2.Loc.LanguageSourceAsset)	Dialogues/joeLaunch10	But tell me one thing, Prepper. You had your share of work for a secret organization, am I right?
I2Languages (I2.Loc.LanguageSourceAsset)	Dialogues/prepLaunch11	The word got to you, eh? Yes, I worked for the Agency, it turns out. But this was another life, a previous life.
I2Languages (I2.Loc.LanguageSourceAsset)	Dialogues/joeLaunch12	Oh, I know, don't dwell on it, Prepper. The history of the world is full of double agents and defectors. \nAnd I've heard it with my own ears how furious they were at you.
I2Languages (I2.Loc.LanguageSourceAsset)	Dialogues/prepLaunch13	<voice type=question>\nHow so?
I2Languages (I2.Loc.LanguageSourceAsset)	Dialogues/joeLaunch14	You're not the only one who knows how to use the radio, Prepper. \nBack when Fort Observer was still active, I used to have one of my antennas directed towards the base. I would sometimes pick up some military chatter.\nMostly nothing important or just some codes I couldn't understand.\nAnd then one day the radio got off like the fireworks on July 4th. Back when we still celebrated it, that is.\nThey were yelling something about the ‘wellbeing department'. I thought somebody broke their sauna or something.\nBut then they cried in horror that somebody let the dogs out.
I2Languages (I2.Loc.LanguageSourceAsset)	Dialogues/chupaLaunch15	Woof! Woof!
I2Languages (I2.Loc.LanguageSourceAsset)	Dialogues/joeLaunch16	<voice type=acceptance>\nThat's right. And it sounded like it was a really big deal. I guess these were no regular good boys.\nThen they were telling somebody wrote ‘FREEDOM' on a glass somewhere. Like it was a curse word for them.\nAnd then there was an official announcement: it was now forbidden to repeat the written word.\nThey were also shocked after finding out who the saboteur was. I didn't pick up the name at the time. But their reaction was like the President himself had defected.\nAnd then came the alert about the unauthorized takeoff from the airfield. Everyone on the radio went nuts. They had shortly announced they were going to cut all radio communications and everything went silent.
I2Languages (I2.Loc.LanguageSourceAsset)	Dialogues/prepLaunch17	<voice type=question>\nHow did you figure out it was me?
I2Languages (I2.Loc.LanguageSourceAsset)	Dialogues/joeLaunch18	Oh, after the crash in the forest it was just connecting the dots really.
I2Languages (I2.Loc.LanguageSourceAsset)	Dialogues/prepLaunch19	<voice type=question>\nSo why were you willing to help a former Agent?
I2Languages (I2.Loc.LanguageSourceAsset)	Dialogues/joeLaunch20	Oh, come on, Prepper. Me, a collaborator of a secret rebel organization, and a defector from the government agency? It's the stuff of my dreams. 
I2Languages (I2.Loc.LanguageSourceAsset)	Dialogues/prepLaunch21	<voice type=acceptance>\nRight. I was happy to do some of the conspiring with you.
I2Languages (I2.Loc.LanguageSourceAsset)	Dialogues/joeLaunch22	<voice type=laugh>\nHave a good flight, Prepper. And just one thing, I'm not one of those types, but just in case: remember to look out of the window and see if the Earth is really round.\nIt would be very funny if it's not!
I2Languages (I2.Loc.LanguageSourceAsset)	Dialogues/prepLaunch23	<voice type=acceptance>\nUhm. Sure. Will do. So long, Joe! And Chupacabra!
I2Languages (I2.Loc.LanguageSourceAsset)	Dialogues/chupaLaunch24	Woof! Woof!
I2Languages (I2.Loc.LanguageSourceAsset)	Dialogues/willWillLaunch1	Hi, Prepper. So it's the end, huh?
I2Languages (I2.Loc.LanguageSourceAsset)	Dialogues/prepWillLaunch2	So it seems, Will.
I2Languages (I2.Loc.LanguageSourceAsset)	Dialogues/willWillLaunch3	You know I'm not a man of many words, Prepper. I don't quite know what to say.
I2Languages (I2.Loc.LanguageSourceAsset)	Dialogues/prepWillLaunch4	Let me try: the work order that brought me to the farm led to a pretty big adventure.
I2Languages (I2.Loc.LanguageSourceAsset)	Dialogues/willWillLaunch5	Out of this world. At first I thought you'll just be another Agency's nuisance. I was glad to be wrong.
I2Languages (I2.Loc.LanguageSourceAsset)	Dialogues/prepWillLaunch6	And thanks for teaching me a lot about animals. Fish, above all.
I2Languages (I2.Loc.LanguageSourceAsset)	Dialogues/willWillLaunch7	You're welcome. I hope you won't give up on fishing, wherever you land.
I2Languages (I2.Loc.LanguageSourceAsset)	Dialogues/prepFinale	At last. This is where it ends.\nIn a short moment, I will be speeding away in a giant metal bullet.\nAway from here, from the dullest place on Earth.\nGoodbye, Murricaville, I won't miss you!
I2Languages (I2.Loc.LanguageSourceAsset)	Dialogues/prepCookingTut	I didn't even have time for breakfast.\nMaybe I should cook something?
I2Languages (I2.Loc.LanguageSourceAsset)	Dialogues/prepRocketComplete	It's done.\nMy little shiny thing is complete. The last part of my ultimate escape plan.\nThe launch procedure can be started any moment. Now I just need to think if there's something left to do in Murricaville.\nThere'll be no going back, not this time.
I2Languages (I2.Loc.LanguageSourceAsset)	Dialogues/prepUnfinishedBusiness	I could fly away already or deal with some unfinished business while still here.
I2Languages (I2.Loc.LanguageSourceAsset)	Dialogues/bobPropositionStart	<voice type=question>\nHey, Prepper! Got a minute?
I2Languages (I2.Loc.LanguageSourceAsset)	Dialogues/outroTextPrepper	Rumble of engines. Overwhelming speed. This is what everything has led to. \nI went through a plane crash, memory loss, government surveillance. I dug myself a second home underground. And then, I fought, farmed, explored and built my way out of that damned town. \nIn my previous life, I worked for the regime. In this one, I have helped some weird dreamers like me fight it.\nOnwards! To the new beginnings. To freedom.\n...Shit.
I2Languages (I2.Loc.LanguageSourceAsset)	Dialogues/outroTextPrepper1	Rumble of engines.
I2Languages (I2.Loc.LanguageSourceAsset)	Dialogues/outroTextPrepper2	Overwhelming speed. 
I2Languages (I2.Loc.LanguageSourceAsset)	Dialogues/outroTextPrepper3	This is what everything has led to.
I2Languages (I2.Loc.LanguageSourceAsset)	Dialogues/outroTextPrepper4	I went through a plane crash,
I2Languages (I2.Loc.LanguageSourceAsset)	Dialogues/outroTextPrepper5	memory loss,
I2Languages (I2.Loc.LanguageSourceAsset)	Dialogues/outroTextPrepper6	government surveillance.
I2Languages (I2.Loc.LanguageSourceAsset)	Dialogues/outroTextPrepper7	I dug myself a second home underground.
I2Languages (I2.Loc.LanguageSourceAsset)	Dialogues/outroTextPrepper8	And then, I fought,
I2Languages (I2.Loc.LanguageSourceAsset)	Dialogues/outroTextPrepper9	farmed,
I2Languages (I2.Loc.LanguageSourceAsset)	Dialogues/outroTextPrepper10	explored
I2Languages (I2.Loc.LanguageSourceAsset)	Dialogues/outroTextPrepper11	and built my way out of that damned town.
I2Languages (I2.Loc.LanguageSourceAsset)	Dialogues/outroTextPrepper12	In my previous life, I worked for the regime.
I2Languages (I2.Loc.LanguageSourceAsset)	Dialogues/outroTextPrepper13	In this one, I have helped some weird dreamers like me fight it.
I2Languages (I2.Loc.LanguageSourceAsset)	Dialogues/outroTextPrepper14	Onwards!
I2Languages (I2.Loc.LanguageSourceAsset)	Dialogues/outroTextPrepper15	To the new beginnings.
I2Languages (I2.Loc.LanguageSourceAsset)	Dialogues/outroTextPrepper16	To freedom.
I2Languages (I2.Loc.LanguageSourceAsset)	Dialogues/outroTextPrepper17	...Shit.
I2Languages (I2.Loc.LanguageSourceAsset)	Dialogues/prepGoodbyesStart1	Okay, the light has been set up. Now let's just wait for the Sleepless.
I2Languages (I2.Loc.LanguageSourceAsset)	Dialogues/prepGoodbyesStart2	I should go outside and look for them.
I2Languages (I2.Loc.LanguageSourceAsset)	Dialogues/prepSignalToEarly	It's too early for the signal. \nI have to finish the rocket first!
I2Languages (I2.Loc.LanguageSourceAsset)	Dialogues/bobHi	<voice type=greeting>\n<duration value=2>\nHi, Prepper!
I2Languages (I2.Loc.LanguageSourceAsset)	Dialogues/joeHi	<voice type=greeting>\n<duration value=2>\nHowdy!
I2Languages (I2.Loc.LanguageSourceAsset)	Dialogues/herbHi	<voice type=greeting>\n<duration value=2>\nHello!
I2Languages (I2.Loc.LanguageSourceAsset)	Dialogues/willHi	<voice type=greeting>\n<duration value=2>\nNice to see you, Prepper.
I2Languages (I2.Loc.LanguageSourceAsset)	Dialogues/prepGoodbyeEnd1	<voice type=acceptance>\nThis is it. Time for me to go.
I2Languages (I2.Loc.LanguageSourceAsset)	Dialogues/joeGoodByeEnd2	<voice type=greeting>\nGodspeed, Prepper!
I2Languages (I2.Loc.LanguageSourceAsset)	Dialogues/herbGoodbyeEnd3	<voice type=thanks>\nGoodbye, Buttercup!
I2Languages (I2.Loc.LanguageSourceAsset)	Dialogues/bobGoodByeEnd4	<voice type=acceptance>\nGood luck out there. Farewell.
I2Languages (I2.Loc.LanguageSourceAsset)	Dialogues/chupaGoodbyeEnd5	Woof!
I2Languages (I2.Loc.LanguageSourceAsset)	Dialogues/willGoodbyeEnd5.5	So long!
I2Languages (I2.Loc.LanguageSourceAsset)	Dialogues/prepGoodbyeEnd6	Goodbye.
I2Languages (I2.Loc.LanguageSourceAsset)	Dialogues/prepLastAgentVisit	<voice type=surprise>\nWho's that? The Agent?!
I2Languages (I2.Loc.LanguageSourceAsset)	Dialogues/prepGoodbyesStart3	Oh, here they are!
I2Languages (I2.Loc.LanguageSourceAsset)	Dialogues/prepGoodbyesStart4	Hm, looks like it's only Bob.
I2Languages (I2.Loc.LanguageSourceAsset)	Dialogues/bobPropositionIncomplete	Hi, Prepper. Are you preparing for the takeoff? We are ready for Operation Awakening.
I2Languages (I2.Loc.LanguageSourceAsset)	Dialogues/bobr1	Hi, Prepper! This time I don't have anything you could help with. Perhaps you want to read something?\nI have lately bought this novel, "A Canticle for Leibovitz". A fun little story about monks.
I2Languages (I2.Loc.LanguageSourceAsset)	Dialogues/bobr2	Oh, hi. We have been doing another experiment today and we are now all very, very sleepy. Please come again some other time. 
I2Languages (I2.Loc.LanguageSourceAsset)	Dialogues/bobr3	Hi, Prepper. Checking up on our subversive activities here? Nothing particularly interesting happening now, but you can always visit us to check again.
I2Languages (I2.Loc.LanguageSourceAsset)	Dialogues/bobr4	Oh hello, Prepper. We're organizing a small Oxford-style debate on the validity of violent resistance tactics.\nAt least if I convince one of the team leaders to come back after she stormed out of the last one.\n...But you can also come back another time to see if we're doing something more interesting. 
I2Languages (I2.Loc.LanguageSourceAsset)	Dialogues/bobr5	Oh hi, Prepper. I'm afraid nothing fascinating happens here now. Even subversive activity can be boring, you know.\nBut come again some other time!
I2Languages (I2.Loc.LanguageSourceAsset)	Dialogues/bobPostLaunch	Wow, that was impressive.\nAnd now the time has finally come! Let's start the Operation Awakening!\n...Heavens, what's that light?! No! A blast!\nWe are not... we are not... not prepared... not prepared... not prepared for this!\n...or are we?
I2Languages (I2.Loc.LanguageSourceAsset)	Dialogues/bobPostLaunch1	<voice type=thanks>\nWow, that was impressive.
I2Languages (I2.Loc.LanguageSourceAsset)	Dialogues/bobPostLaunch2	And now the time has finally come! Let's start the Operation Awakening!
I2Languages (I2.Loc.LanguageSourceAsset)	Dialogues/joePostLaunch3	Aye, aye, Captain!
I2Languages (I2.Loc.LanguageSourceAsset)	Dialogues/herbPostLaunch4	I'm ready. Let's sow the seeds of dissent!
I2Languages (I2.Loc.LanguageSourceAsset)	Dialogues/willPostLaunch4.2	Let's do it, I guess.
I2Languages (I2.Loc.LanguageSourceAsset)	Dialogues/scientistPostLaunch4.3	Time to bring science to the people.
I2Languages (I2.Loc.LanguageSourceAsset)	Dialogues/bobPostLaunch4.5	<voice type=surprise>\n!?
I2Languages (I2.Loc.LanguageSourceAsset)	Dialogues/bobPostLaunch5	<voice type=anger>\nYou? What are you doing here?!
I2Languages (I2.Loc.LanguageSourceAsset)	Dialogues/agentPostLaunch6	I... can explain. But it's a long story, we would need plenty of time.\nBut I'm on your side!
I2Languages (I2.Loc.LanguageSourceAsset)	Dialogues/bobPostLaunch7	<voice type=surprise>\n...Heavens, what's that light?!
I2Languages (I2.Loc.LanguageSourceAsset)	Dialogues/bobPostLaunch8	<voice type=fear>\nNo! A blast!
I2Languages (I2.Loc.LanguageSourceAsset)	Dialogues/agentPostLaunch9	<voice type=fear>\nI have been right about it!
I2Languages (I2.Loc.LanguageSourceAsset)	Dialogues/scientistPostLaunch9.5	It wasn't me!
I2Languages (I2.Loc.LanguageSourceAsset)	Dialogues/joePostLaunch10	<voice type=fear>\nI didn't sign up for that!
I2Languages (I2.Loc.LanguageSourceAsset)	Dialogues/herbPostLaunch11	<voice type=fear>\nGoodness gracious! Don't look, Bob. We will get through this.
I2Languages (I2.Loc.LanguageSourceAsset)	Dialogues/willPostLaunch11.5	<voice type=fear>\nNo! It's horrible! Henry, stay strong, we'll get through this!
I2Languages (I2.Loc.LanguageSourceAsset)	Dialogues/bobPostLaunch12	<voice type=fear>\nWe are not... we are not... not prepared... not prepared... not prepared for this!
I2Languages (I2.Loc.LanguageSourceAsset)	Dialogues/bobPostLaunch12a	<voice type=fear>\nI am not... I am not... not prepared... not prepared... not prepared for this!
I2Languages (I2.Loc.LanguageSourceAsset)	Dialogues/bobPostLaunch13	<voice type=question>\n...or are we?
I2Languages (I2.Loc.LanguageSourceAsset)	Dialogues/bobPostLaunch13a	<voice type=question>\n...or am I?
I2Languages (I2.Loc.LanguageSourceAsset)	Dialogues/bobAwakeningLowTrust1	<voice type=greeting>\n Hello, Mr. Prepper.
I2Languages (I2.Loc.LanguageSourceAsset)	Dialogues/prepAwakeningLowTrust2	<voice type=greeting>\n Hello, Bob! You're here to start your operation?
I2Languages (I2.Loc.LanguageSourceAsset)	Dialogues/bobAwakeningLowTrust3	Yes, just as we agreed. I'm glad you kept your part of the deal.
I2Languages (I2.Loc.LanguageSourceAsset)	Dialogues/prepAwakeningLowTrust4	Oh, sure, I keep my word. Even if I'm not exactly enthusiastic about something.
I2Languages (I2.Loc.LanguageSourceAsset)	Dialogues/bobAwakeningLowTrust5	I have a feeling you don't really believe in the case of the Sleepless.
I2Languages (I2.Loc.LanguageSourceAsset)	Dialogues/prepAwakeningLowTrust6	Ah, it doesn't matter. It's just… I'm more of a solo player and I'm not seeing myself marching behind banners.\nAnd I just prefer to leave it all behind rather than fight.
I2Languages (I2.Loc.LanguageSourceAsset)	Dialogues/bobAwakeningLowTrust7	I respect that. I hope you will find the peace you seek.
I2Languages (I2.Loc.LanguageSourceAsset)	Dialogues/prepAwakeningLowTrust8	Thanks. Good luck with your subversive activities.
I2Languages (I2.Loc.LanguageSourceAsset)	Dialogues/bobAwakeningLowTrust9	Goodbye, Prepper.
I2Languages (I2.Loc.LanguageSourceAsset)	Dialogues/prepAwakeningLowTrust10	Goodbye, Bob.
I2Languages (I2.Loc.LanguageSourceAsset)	Dialogues/prepJacketPickUp1	This must be Bob's jacket.
I2Languages (I2.Loc.LanguageSourceAsset)	Dialogues/prepJacketPickUp2	I can't see the next mining pass in here.\nI will have to look for it elsewhere.
I2Languages (I2.Loc.LanguageSourceAsset)	Dialogues/prepVedingMachine	<voice type=laugh>\nOne energy drink for five coins. Sounds good.
I2Languages (I2.Loc.LanguageSourceAsset)	Dialogues/prepNeedMonayV	I need 5 coins for this.
I2Languages (I2.Loc.LanguageSourceAsset)	Dialogues/prepBobHideoutBeetle	I don't recognize this exotic language, but it looks like something about an invasion of deadly giant bugs. Very cool.
I2Languages (I2.Loc.LanguageSourceAsset)	Dialogues/prepBobHideoutBless	This poster just tells it like it is. I also like to start the day with saluting the president's head in the sky. 
I2Languages (I2.Loc.LanguageSourceAsset)	Dialogues/prepSleeplessBasePillows	So here's where all the herbal teas from Jenny are being tested, I think.
I2Languages (I2.Loc.LanguageSourceAsset)	Dialogues/prepSleeplessBasePosters	Catchy. Properly disturbing. Not sure if effective, though.
I2Languages (I2.Loc.LanguageSourceAsset)	Dialogues/prepSleeplessBaseChairs	I wonder how many Sleepless are there. Do they hold regular meetings?
I2Languages (I2.Loc.LanguageSourceAsset)	Dialogues/prepSleeplessBaseContainers	There's a lot of dangerous stuff for an area that's supposedly full of hydrogen.
I2Languages (I2.Loc.LanguageSourceAsset)	Dialogues/prepAlarmWrongFloor	I should place it on the upper floor. No one would see it from here.
I2Languages (I2.Loc.LanguageSourceAsset)	Dialogues/prepAlarmNeedLight	The switch needs some source of light in the room to work as an alarm.
I2Languages (I2.Loc.LanguageSourceAsset)	Dialogues/prepDesertDifferent1	How complicated can a desert be? I'd swear I haven't seen the same place twice here.
I2Languages (I2.Loc.LanguageSourceAsset)	Dialogues/prepDesertDifferent2	Hm, I have no memory of this place. Perhaps I took a different turn than the last time.
I2Languages (I2.Loc.LanguageSourceAsset)	Dialogues/prepDesertDifferent3	I was sure I was driving the same route as the last time, and yet it looks different. Is it because of these fabled mirages or what?
I2Languages (I2.Loc.LanguageSourceAsset)	Dialogues/prepMineSignStone	A sign with stones. Maybe it's a good spot to mine some rocks?
I2Languages (I2.Loc.LanguageSourceAsset)	Dialogues/prepMineSignIron	Looks like a steel H-beam. What does it mean? A construction site?\nOr... a good place for mining iron. Let's see.
I2Languages (I2.Loc.LanguageSourceAsset)	Dialogues/prepMineSignSalt	Salt. It's a salt level.
I2Languages (I2.Loc.LanguageSourceAsset)	Dialogues/prepMineSignOil	I can get some oil from here. I may be able to convert it into fuel.
I2Languages (I2.Loc.LanguageSourceAsset)	Dialogues/prepMineSignCrystal	A crystal? Maybe some rare gems? Perhaps it's a good spot for mining valuables.
I2Languages (I2.Loc.LanguageSourceAsset)	Dialogues/prepMineSignRand	A question mark. Great. Very informative. \nI suppose no one know what's on this level.\nOr maybe it changes every time? \nWhat a crazy idea.
I2Languages (I2.Loc.LanguageSourceAsset)	Dialogues/prepHerbBed	But grandmother! What small cabin do you have, said Little Prepp Riding Hood.
I2Languages (I2.Loc.LanguageSourceAsset)	Dialogues/prepHerbDeerTrophy	A hunter's trophy? Perhaps there is more to the Herbalist than meets the eye.\nAnd what's the deal with these antlers?
I2Languages (I2.Loc.LanguageSourceAsset)	Dialogues/prepHerbGrowingBox	A growing box. Somehow I have a feeling these are not only decorative plants.
I2Languages (I2.Loc.LanguageSourceAsset)	Dialogues/prepHerbTV	There's nothing worthwhile on TV since the Plague, only news about successes of government, outdated educational programs, and old westerns.
I2Languages (I2.Loc.LanguageSourceAsset)	Dialogues/prepHerbWeedHook	This is probably a weeding tool. But it could definitely kill you.
I2Languages (I2.Loc.LanguageSourceAsset)	Dialogues/prepHerbDaisyGrubber	A gardening tool or a torture device? I don't trust the cute daisy painted on it. 
I2Languages (I2.Loc.LanguageSourceAsset)	Dialogues/prepBobHideoutBoard	Post-it notes always make the interior look professional.
I2Languages (I2.Loc.LanguageSourceAsset)	Dialogues/prepAgentMissing	Looks like there's no inspection today. Maybe the Agency is too busy.
I2Languages (I2.Loc.LanguageSourceAsset)	Dialogues/prepClosedDoors	It's closed.\nLooks like Ellipse doesn't want me to leave yet.
I2Languages (I2.Loc.LanguageSourceAsset)	Dialogues/prepDogCage	<voice type=question>\nA cage?\nIf it's for wolves, it doesn't work too well. 
I2Languages (I2.Loc.LanguageSourceAsset)	Dialogues/prepTooLate	It's too late to start this trip. \nI should come back tomorrow morning. 
I2Languages (I2.Loc.LanguageSourceAsset)	Dialogues/herbRand1	I think some insects have infested my violets. They apparently don't know I'm good at making effective herbal pesticides.
I2Languages (I2.Loc.LanguageSourceAsset)	Dialogues/herbRand2	Hey, Buttercup, I hope you remember to eat and sleep well! It seems to me you lead a rather stressful lifestyle.
I2Languages (I2.Loc.LanguageSourceAsset)	Dialogues/herbRand3	There's rosemary, that's for remembrance. Pray you, love, remember. And there is pansies, that's for thoughts.
I2Languages (I2.Loc.LanguageSourceAsset)	Dialogues/herbRand4	Bob, are you getting enough sun lately? I hope you do.
I2Languages (I2.Loc.LanguageSourceAsset)	Dialogues/herbRand5	Ah, Buttercup, you are always so busy, always moving. I couldn't be like this, I need to have my roots somewhere.
I2Languages (I2.Loc.LanguageSourceAsset)	Dialogues/herbRand6	The effects of guarana are quite satisfying, but I also heard good opinions on a certain species of holly from Paraguay. I need to get my hands on it someday!
I2Languages (I2.Loc.LanguageSourceAsset)	Dialogues/herbRand7	Where have all the flowers gone? Young girls have picked them everyone. Oh, when will they ever learn?
I2Languages (I2.Loc.LanguageSourceAsset)	Dialogues/prepNoDenAvailableTemplate	I first need to place a [den] in this room. \nThis [animal] needs a place to sleep and rest.
I2Languages (I2.Loc.LanguageSourceAsset)	Dialogues/prepNoFreeDenSlotAvailableTemplate	[den] is full.\n<voice type=negation>\nThere is no space for this [animal].
I2Languages (I2.Loc.LanguageSourceAsset)	Dialogues/prepNoDenAvailable	<voice type=negation>\nNo lair available!
I2Languages (I2.Loc.LanguageSourceAsset)	Dialogues/prepNoFreeDenSlotAvailable	<voice type=negation>\nNo free slot in any lair available!
I2Languages (I2.Loc.LanguageSourceAsset)	Dialogues/prepNoPlacingDogDenUnderground	<voice type=negation>\nDog lair can't be placed underground!
I2Languages (I2.Loc.LanguageSourceAsset)	Dialogues/prepScarecrow1	<voice type=question>\nWait, what now? A scarecrow? A walking one? Never a dull moment in Murricaville.
I2Languages (I2.Loc.LanguageSourceAsset)	Dialogues/prepScarecrow2	<voice type=laugh>\nOh look, it’s him again. Or her? Them? I don’t know how gender works in scarecrows.
I2Languages (I2.Loc.LanguageSourceAsset)	Dialogues/prepScarecrow3	<voice type=question>\nIs it another of the Agency's experiments? It looks they really went over the top with this one.
I2Languages (I2.Loc.LanguageSourceAsset)	Dialogues/prepScarecrow4	<voice type=greeting>\nOh hey, scarecrow person! It's the other way to Oz! \nA difficult case, this one.
I2Languages (I2.Loc.LanguageSourceAsset)	Dialogues/prepScarecrow5a	<voice type=greeting>\nHey, Veggiehead! Can we talk for a moment?
I2Languages (I2.Loc.LanguageSourceAsset)	Dialogues/prepScarecrow5b	<voice type=question>\nNo? That's a pity.
I2Languages (I2.Loc.LanguageSourceAsset)	Dialogues/prepScarecrow6	<voice type=laugh>\nOh, here you are, my spooky friend. I am very, very scared! Really! Are you satisfied now? Can we finish this nonsense?
I2Languages (I2.Loc.LanguageSourceAsset)	Dialogues/prepScarecrowFightBefore	<voice type=order>\nIt's a fight then. Is it because I called you Veggiehead? Doesn't matter now. Let's see if you're worth a straw!
I2Languages (I2.Loc.LanguageSourceAsset)	Dialogues/prepScarecrowFightAfter	And it's over. You've put up a good fight for someone made of straw and rags. 
I2Languages (I2.Loc.LanguageSourceAsset)	Dialogues/willProto1	text
I2Languages (I2.Loc.LanguageSourceAsset)	Dialogues/prepProto1	text
I2Languages (I2.Loc.LanguageSourceAsset)	Dialogues/agentProto1	text
I2Languages (I2.Loc.LanguageSourceAsset)	Dialogues/msagentFarmIntro1	<voice type=order>\nWe have spoken about this already. The condition of this farm is still unacceptable.\n<voice type=order>\nYou need to make improvements. This is the last warning, Mr. Will Corso.\n
I2Languages (I2.Loc.LanguageSourceAsset)	Dialogues/willFarmIntro2	<voice type=upset>\nThis is a lot of work, and I'm old. This is too much for me alone.
I2Languages (I2.Loc.LanguageSourceAsset)	Dialogues/msagentFarmIntro3	<voice type=disappointment>\nMr. Corso...
I2Languages (I2.Loc.LanguageSourceAsset)	Dialogues/msagentFarmIntro3.5	We are going to send you someone capable as an assistance.\n<voice type=order>\nPlease let him help you.
I2Languages (I2.Loc.LanguageSourceAsset)	Dialogues/willFarmIntro4	<voice type=disappointment>\nEeeh, fine.
I2Languages (I2.Loc.LanguageSourceAsset)	Dialogues/msagentToPrepperOnFarm1	<voice type=greeting>\nOh, he's already here. Bless the President, Mr. Prepper.
I2Languages (I2.Loc.LanguageSourceAsset)	Dialogues/prepToPrepperOnFarm2	<voice type=laugh>\nBless. I must admit I was surprised to learn that agriculture also lies within the competence of the Agency. 
I2Languages (I2.Loc.LanguageSourceAsset)	Dialogues/msagentToPrepperOnFarm3	<voice type=order>\nIf I were a citizen on probation like you, Mr. Prepper, I would tone down the snarkiness.\n<voice type=order>\nAnd be extra mindful about all procedures and regulations.\n
I2Languages (I2.Loc.LanguageSourceAsset)	Dialogues/prepToPrepperOnFarm4	<voice type=laugh>\nOh sure, procedures and regulations are some of my favourite things.\n<voice type=question>\nBut seriously, what's so special about this farm?\n
I2Languages (I2.Loc.LanguageSourceAsset)	Dialogues/msagentToPrepperOnFarm5	<voice type=order>\nI am not going to discuss such matters with you, Mr. Prepper. Take care.
I2Languages (I2.Loc.LanguageSourceAsset)	Dialogues/willFarm1	<voice type=anger>\nSo who the hell are you? Why are you on my turf?
I2Languages (I2.Loc.LanguageSourceAsset)	Dialogues/prepFarm2	<voice type=greeting>\nThey call me Mr. Prepper. \nI got a work order telling me to come to this place and help in the maintenance works.\n
I2Languages (I2.Loc.LanguageSourceAsset)	Dialogues/willFarm3	<voice type=disappointment>\nSo the Agency sends me a snitch now. Great, they are going to sack me. Or worse.
I2Languages (I2.Loc.LanguageSourceAsset)	Dialogues/prepFarm4	<voice type=order>\nTrust me, I'm not a snitch! I'm not thrilled about this work order either.\nBut let's play along for now, and maybe we'll make it beneficial for both of us.
I2Languages (I2.Loc.LanguageSourceAsset)	Dialogues/willFarm5	<voice type=disappointment>\nAh, to hell with all this. That whole Agency and this Agent in particular.\n<voice type=anger>\nIt's all their fault!\n<voice type=anger>\nThe state of the farm! And the condition of the animals!\n<voice type=anger>\nAll their fault!
I2Languages (I2.Loc.LanguageSourceAsset)	Dialogues/prepFarm6	<voice type=disappointment>\nUhm... Yes, right. I think I can help.\n<voice type=question>\nNow can I take a look around?
I2Languages (I2.Loc.LanguageSourceAsset)	Dialogues/willFarm7	<voice type=disappointment>\nAh sure, be my guest.\n<voice type=order>\nJust please, don't stray away too far. Me and Henry are watching you. 
I2Languages (I2.Loc.LanguageSourceAsset)	Dialogues/willFarm7.5	<voice type=order>\nJust to the barn and back, please. That's all you need for now.
I2Languages (I2.Loc.LanguageSourceAsset)	Dialogues/prepFarm8	<voice type=acceptance>\nOh. OK. Sure. I'll be respectful of your secrets.
I2Languages (I2.Loc.LanguageSourceAsset)	Dialogues/willCheckFarmIncomplite1	<voice type=question>\nDid you find out what's wrong with my animals?
I2Languages (I2.Loc.LanguageSourceAsset)	Dialogues/prepCheckFarmIncomplite2	<voice type=negation>\nNo, not yet. The case seems a bit tricky.
I2Languages (I2.Loc.LanguageSourceAsset)	Dialogues/prepAnimalFeeder	It's completely empty.
I2Languages (I2.Loc.LanguageSourceAsset)	Dialogues/prepBrokenFence1	It's broken.
I2Languages (I2.Loc.LanguageSourceAsset)	Dialogues/prepBrokenFence2	<voice type=acceptance>\nNot that I'm a detective or anything, but it looks like it's these goats' doing.\nThey seem irritated. I should fix this before these beasts inflict even more damage.\nBut hmm... I think the damage is too big to be fixed on the spot.\n<voice type=acceptance>\nI guess we need a new gate to keep the goats away.
I2Languages (I2.Loc.LanguageSourceAsset)	Dialogues/prepBrokenFence3	I'll ask Will about this.\n
I2Languages (I2.Loc.LanguageSourceAsset)	Dialogues/prepBrokenFenceTip	I have a new fence ready.\nI should place it here.
I2Languages (I2.Loc.LanguageSourceAsset)	Dialogues/prepBrokenChickenHouse1	<voice type=question>\nWhat happened here?\n<voice type=question>\nDid a fragment of the ceiling fall down? Could an animal do it?
I2Languages (I2.Loc.LanguageSourceAsset)	Dialogues/prepBrokenChickenHouse2	It seems that the chickens have way too little space.\n<voice type=acceptance>\nI could fix that. I know a thing or two about expanding living space, after all.
I2Languages (I2.Loc.LanguageSourceAsset)	Dialogues/prepBarnBackDoor	Closed. \n<voice type=laugh>\nWhat can this funny old man keep hidden away? An alien's corpse or what? 
I2Languages (I2.Loc.LanguageSourceAsset)	Dialogues/prepOddBand	They have some weird bands on them... Hm...\n<voice type=question>\nThey look like devices of some sort. Tracking devices, maybe?
I2Languages (I2.Loc.LanguageSourceAsset)	Dialogues/prepGoat	They seem really angry.
I2Languages (I2.Loc.LanguageSourceAsset)	Dialogues/prepRottenHey	It's rotten.
I2Languages (I2.Loc.LanguageSourceAsset)	Dialogues/prepFenceQ1	The fence is destroyed. I need to repair it before the goats make more damage everywhere.\n
I2Languages (I2.Loc.LanguageSourceAsset)	Dialogues/willFenceQ2	Mmm, a good point. I even made a sketch of a new gate, but never got around to make it.
I2Languages (I2.Loc.LanguageSourceAsset)	Dialogues/willFenceQ3	<voice type=order>\nThis is how it should look like. Hopefully you'll be able to make it more sturdy than the previous one.\n
I2Languages (I2.Loc.LanguageSourceAsset)	Dialogues/prepFenceQ4	<voice type=laugh>\nOh, you do have some design skills! I'll do my best.
I2Languages (I2.Loc.LanguageSourceAsset)	Dialogues/willFenceRepairIncomplite1	<voice type=question>\nHave you fixed the fence already?
I2Languages (I2.Loc.LanguageSourceAsset)	Dialogues/prepFenceRepairIncomplite2	<voice type=negation>\nNo, not yet.
I2Languages (I2.Loc.LanguageSourceAsset)	Dialogues/prepGoatEnclouser	<voice type=negation>\nI need to herd the goats into the pen.
I2Languages (I2.Loc.LanguageSourceAsset)	Dialogues/prepFenceRepaired1	<voice type=acceptance>\nAnd fixed. This should hold back the tireless monsters for some time.
I2Languages (I2.Loc.LanguageSourceAsset)	Dialogues/prepFenceRepaired2	The animals are hungry. No wonder they're irritated.
I2Languages (I2.Loc.LanguageSourceAsset)	Dialogues/prepFenceRepaired3	I'll ask Will what he's feeding them with.\n<voice type=disappointment>\nOr rather... What they are supposed to be fed with.
I2Languages (I2.Loc.LanguageSourceAsset)	Dialogues/prepWheat1	<voice type=order>\nThe fence is repaired.\n<voice type=disappointment>\nBut Will, I think we have a bigger problem at hand.\n<voice type=question>\nThe animals are hungry. What should I feed them with?
I2Languages (I2.Loc.LanguageSourceAsset)	Dialogues/willWheat2	<voice type=upset>\nAah... You know, I never asked for this post. I'm not good with lifestock. \n<voice type=upset>\nAnd every day I wake up tired. Like there's something happening in the night. 
I2Languages (I2.Loc.LanguageSourceAsset)	Dialogues/prepWheat3	<voice type=order>\nLook, I'm not judging you. We all have our problems with the Agency.\n<voice type=question>\nI just want to help. So, what about the food?\n
I2Languages (I2.Loc.LanguageSourceAsset)	Dialogues/willWheat4	<voice type=disappointment>\nRight... about the food.
I2Languages (I2.Loc.LanguageSourceAsset)	Dialogues/willWheat5	Some fresh grain is growing over there.
I2Languages (I2.Loc.LanguageSourceAsset)	Dialogues/willWheat6	<voice type=question>\nThe chickens love seeds the most. Right, Henry? 
I2Languages (I2.Loc.LanguageSourceAsset)	Dialogues/willWheat6.5	<voice type=order>\nAnd the goats are keen on hay.
I2Languages (I2.Loc.LanguageSourceAsset)	Dialogues/prepWheat7	<voice type=acceptance>\nOkay, got it.
I2Languages (I2.Loc.LanguageSourceAsset)	Dialogues/willWheatIncomplite1	<voice type=question>\nDid you feed my animals?
I2Languages (I2.Loc.LanguageSourceAsset)	Dialogues/prepWheatIncomplite2	<voice type=negation>\nNot yet, sorry.
I2Languages (I2.Loc.LanguageSourceAsset)	Dialogues/prepWheatSemiComplited2	<voice type=acceptance>\nYes, feeders are full.\nWe just need to wait for them to eat.\nThey are oddly shy, when I'm around.\nI will give them some space.
I2Languages (I2.Loc.LanguageSourceAsset)	Dialogues/prepWheatTimeToMilk1	<voice type=acceptance>\nYes, animals are fed.
I2Languages (I2.Loc.LanguageSourceAsset)	Dialogues/willWheatTimeToMilk2	Great! Try to get some milk out of one of those horned devils.\n<voice type=disappointment>\nI bet it will not work.
I2Languages (I2.Loc.LanguageSourceAsset)	Dialogues/prepChickenFed1	<voice type=laugh>\nNow we're talking! Cackling, rather. And pecking.
I2Languages (I2.Loc.LanguageSourceAsset)	Dialogues/prepChickenFed2	<voice type=order>\nI think it's time to clean their space a bit.
I2Languages (I2.Loc.LanguageSourceAsset)	Dialogues/prepChickenFed3	It's getting very crowded by the feeder. There's room for improvement here.\n\n
I2Languages (I2.Loc.LanguageSourceAsset)	Dialogues/prepGoatFed1	<voice type=thanks>\nNow, they instantly look better!
I2Languages (I2.Loc.LanguageSourceAsset)	Dialogues/prepGoatFed2	Now they are fed, they might be willing to let me closer.
I2Languages (I2.Loc.LanguageSourceAsset)	Dialogues/prepGoatFed3	<voice type=disappointment>\nNope. Still pretty angry.\n<voice type=question>\nMaybe it's the fur? Is it too hot for them?
I2Languages (I2.Loc.LanguageSourceAsset)	Dialogues/prepAnimalsFed1	<voice type=order>\nThe animals are not hungry anymore, but it's not the end of problems.
I2Languages (I2.Loc.LanguageSourceAsset)	Dialogues/prepAnimalsFed2	I need to talk it over with Will.
I2Languages (I2.Loc.LanguageSourceAsset)	Dialogues/prepScizzors1	<voice type=order>\nSo I have fed the animals. But I'm afraid we still have some problems to deal with.\n
I2Languages (I2.Loc.LanguageSourceAsset)	Dialogues/willScizzors2	<voice type=disappointment>\nI guess... But what do you mean exactly?
I2Languages (I2.Loc.LanguageSourceAsset)	Dialogues/prepScizzors3	<voice type=order>\nWell, the goats should be sheared. They are very unkempt and it's too hot for them.
I2Languages (I2.Loc.LanguageSourceAsset)	Dialogues/prepScizzors4	<voice type=order>\nAnd the chickens need more space.
I2Languages (I2.Loc.LanguageSourceAsset)	Dialogues/willScizzors5	<voice type=question>\nI believe you'll manage with the chicken coop. Right, Henry?
I2Languages (I2.Loc.LanguageSourceAsset)	Dialogues/willScizzors6	<voice type=disappointment>\nAnd as for the goats... Let me think...
I2Languages (I2.Loc.LanguageSourceAsset)	Dialogues/willScizzors7	I'm sure I had some proper shears somewhere around.\n<voice type=disappointment>\nI can't remember where I put them though...\n<voice type=question>\nCan you look for them?
I2Languages (I2.Loc.LanguageSourceAsset)	Dialogues/prepScizzors8	<voice type=acceptance>\nYeah, sure, why not.
I2Languages (I2.Loc.LanguageSourceAsset)	Dialogues/willScizzorsIncomplite1	<voice type=question>\nDid you find the shears?\n
I2Languages (I2.Loc.LanguageSourceAsset)	Dialogues/prepScizzorsIncomplite2	<voice type=negation>\nNo, so far it's like looking for a needle in a haystack. 
I2Languages (I2.Loc.LanguageSourceAsset)	Dialogues/prepDogWithScizzors1	<voice type=surprise>\nWas it a dog? Wait, did he have shears in his mouth?
I2Languages (I2.Loc.LanguageSourceAsset)	Dialogues/prepDogWithScizzors2	He must have gone through the back door in the barn.\n<voice type=laugh>\nWell... I have to look for the shears after all, right?
I2Languages (I2.Loc.LanguageSourceAsset)	Dialogues/prepChickenHouseRepaired	<voice type=thanks>\nNow! The times of being cramped in tight space are gone! Cackle away!
I2Languages (I2.Loc.LanguageSourceAsset)	Dialogues/prepNotEnoughFood	<voice type=disappointment>\nThey still need a bit more...
I2Languages (I2.Loc.LanguageSourceAsset)	Dialogues/prepMaze1	<voice type=question>\nWhy did Will want to hide this place from me? It's just a big field.\nBut I must say it looks like a perfect place to collect some <color=yellow>wheat</color> for chickens.
I2Languages (I2.Loc.LanguageSourceAsset)	Dialogues/prepMaze2	It's like a maze here. \n<voice type=question>\nWhich way do I go?
I2Languages (I2.Loc.LanguageSourceAsset)	Dialogues/prepFootPrints	<voice type=acceptance>\nThese are foot steps of a dog! Good.
I2Languages (I2.Loc.LanguageSourceAsset)	Dialogues/prepScarecrowMaze1	<voice type=question>\nUhm. Hello?
I2Languages (I2.Loc.LanguageSourceAsset)	Dialogues/prepScarecrowSign1	<voice type=order>\n'Turn around, it's not safe in here!'\n<voice type=disappointment>\nThanks for the warning, I guess?
I2Languages (I2.Loc.LanguageSourceAsset)	Dialogues/prepCollarMaze	<voice type=upset>\nThe dog's collar! I hope he's okay.
I2Languages (I2.Loc.LanguageSourceAsset)	Dialogues/prepLake1	<voice type=question>\nOh, a lake? Murricaville County never ceases to amaze me.
I2Languages (I2.Loc.LanguageSourceAsset)	Dialogues/prepLake2	<voice type=thanks>\nAnd here's the dog!
I2Languages (I2.Loc.LanguageSourceAsset)	Dialogues/prepWillDog1	<voice type=negation>\nHe won't let me get closer. \n<voice type=negation>\nAnd I don't want to fight him for those shears.
I2Languages (I2.Loc.LanguageSourceAsset)	Dialogues/prepWillDog2	<voice type=question>\nIs it Will's dog? \n<voice type=question>\nIt must be, right?
I2Languages (I2.Loc.LanguageSourceAsset)	Dialogues/prepWillDog3	<voice type=order>\nLet's ask him.
I2Languages (I2.Loc.LanguageSourceAsset)	Dialogues/prepFarmDog1	<voice type=greeting>\nHey, Will! So... I've found the shears.
I2Languages (I2.Loc.LanguageSourceAsset)	Dialogues/willFarmDog2	<voice type=question>\nGood! Have you shaven the goats already?
I2Languages (I2.Loc.LanguageSourceAsset)	Dialogues/prepFarmDog3	<voice type=negation>\nNot yet. A dog has stolen the shears.\n<voice type=question>\nCould it be that this is your dog?
I2Languages (I2.Loc.LanguageSourceAsset)	Dialogues/willFarmDog4	<voice type=negation>\nDog? I don't have a dog.
I2Languages (I2.Loc.LanguageSourceAsset)	Dialogues/prepFarmDog5	<voice type=question>\nAre you sure? \nIt's kind of white and gold, fluffy, with a pirate eyepatch. Gives a rather rogue-ish impression.
I2Languages (I2.Loc.LanguageSourceAsset)	Dialogues/willFarmDog6	<voice type=acceptance>\nAh, him, Xeno! Yes, he's a good friend of mine.
I2Languages (I2.Loc.LanguageSourceAsset)	Dialogues/prepFarmDog7	<voice type=disappointment>\nGreat. So your friend is keeping our shears captive.
I2Languages (I2.Loc.LanguageSourceAsset)	Dialogues/willFarmDog8	Oh, just give him some rat meat. \n<voice type=laugh>\nHe loves that stuff.
I2Languages (I2.Loc.LanguageSourceAsset)	Dialogues/prepFarmDog9	<voice type=acceptance>\nUhm, right. Rat meat.\n<voice type=acceptance>\nAn absolutely normal thing for a dog to eat. I'll remember.\nNow, one more thing...
I2Languages (I2.Loc.LanguageSourceAsset)	Dialogues/prepLakeCameras1	I've noticed some cameras all around the lake.\n
I2Languages (I2.Loc.LanguageSourceAsset)	Dialogues/willLakeCameras2	<voice type=anger>\nWhat? You've been at the lake? I told you not to go there!
I2Languages (I2.Loc.LanguageSourceAsset)	Dialogues/prepLakeCameras3	<voice type=order>\nWell, I got there chasing the dog. And the shears, remember.
I2Languages (I2.Loc.LanguageSourceAsset)	Dialogues/willLakeCameras4	<voice type=anger>\nAh, this damn lake is full of government's cameras.\n<voice type=anger>\nI don't know what are they doing there and why.\n<voice type=upset>\nBut I don't really want to know.\n<voice type=order>\nIf I were you, I'd also stay out of there.
I2Languages (I2.Loc.LanguageSourceAsset)	Dialogues/willFarmDogIncomplite1	<voice type=question>\nSo did Xeno like his rat meat?
I2Languages (I2.Loc.LanguageSourceAsset)	Dialogues/prepFarmDogIncomplite2	<voice type=negation>\nWeirdly, I haven't seen many rats around lately. I'll keep looking.
I2Languages (I2.Loc.LanguageSourceAsset)	Dialogues/prepNeedRatMeat	<voice type=negation>\nI need rat meat.
I2Languages (I2.Loc.LanguageSourceAsset)	Dialogues/prepRatMeat0	<voice type=greeting>\nShhh... Easy, easy.
I2Languages (I2.Loc.LanguageSourceAsset)	Dialogues/prepRatMeat1	<voice type=acceptance>\nHere you go, buddy.
I2Languages (I2.Loc.LanguageSourceAsset)	Dialogues/prepRatMeat2	<voice type=question>\nDo you like that, Xeno?
I2Languages (I2.Loc.LanguageSourceAsset)	Dialogues/prepRatMeat3	<voice type=order>\nGood.
I2Languages (I2.Loc.LanguageSourceAsset)	Dialogues/prepRatMeat4	<voice type=thanks>\nHere, don't lose it again, buddy.
I2Languages (I2.Loc.LanguageSourceAsset)	Dialogues/prepRatMeat5	<voice type=acceptance>\nNow, if you don't mind... I'll take back these shears. Other animals need it more than you!
I2Languages (I2.Loc.LanguageSourceAsset)	Dialogues/prepScizzorsGrabed1	<voice type=acceptance>\nPhew, it worked.
I2Languages (I2.Loc.LanguageSourceAsset)	Dialogues/prepScizzorsGrabed2	<voice type=thanks>\nNow I can shear the goats! Can't wait.
I2Languages (I2.Loc.LanguageSourceAsset)	Dialogues/prepGoatsShave1	<voice type=order>\nAaand... There you are.\n<voice type=order>\nLooking fresh, stylish, in shape.
I2Languages (I2.Loc.LanguageSourceAsset)	Dialogues/prepGoatsShave2	<voice type=order>\nI'm sure you'll be feeling better now.
I2Languages (I2.Loc.LanguageSourceAsset)	Dialogues/prepGoatsShave3	<voice type=thanks>\nFinally, milk! Surely that was quite a bit harder than I expected.
I2Languages (I2.Loc.LanguageSourceAsset)	Dialogues/prepGoatInspectChill	<voice type=laugh>\nNow looking properly chilled, just doing goat business. Ready to mayhem, but consciously choosing not to.
I2Languages (I2.Loc.LanguageSourceAsset)	Dialogues/prepTurnAroundLake1	<voice type=order>\n"Turn around! They're watching!"
I2Languages (I2.Loc.LanguageSourceAsset)	Dialogues/prepTurnAroundLake2	<voice type=question>\nUhm, who's watching exactly?
I2Languages (I2.Loc.LanguageSourceAsset)	Dialogues/prepCamera1	<voice type=question>\nWhat's this?
I2Languages (I2.Loc.LanguageSourceAsset)	Dialogues/prepCamera2	<voice type=order>\nA camera? Hm... I think it has a government sign on it.
I2Languages (I2.Loc.LanguageSourceAsset)	Dialogues/prepFarmInvitation	<voice type=disappointment>\nOh no, what nonsense is this? A farm? Do I really look like a farmer?\nI hope I'll manage to get something for myself from this.
I2Languages (I2.Loc.LanguageSourceAsset)	Dialogues/willFarmReward1	<voice type=question>\nMr. Prepper?
I2Languages (I2.Loc.LanguageSourceAsset)	Dialogues/prepFarmReward2	<voice type=question>\nYes?
I2Languages (I2.Loc.LanguageSourceAsset)	Dialogues/willFarmReward3	I've come to the conclusion you were quite useful around here.\nSorry for not giving you the warmest of welcomes. I've grown suspicious over the years.
I2Languages (I2.Loc.LanguageSourceAsset)	Dialogues/prepFarmReward4	<voice type=acceptance>\nNo offence taken.
I2Languages (I2.Loc.LanguageSourceAsset)	Dialogues/willFarmReward5	<voice type=order>\nGood. Here you are, take these chickens.
I2Languages (I2.Loc.LanguageSourceAsset)	Dialogues/willFarmReward6	You can eat them or keep them for eggs. Your choice.
I2Languages (I2.Loc.LanguageSourceAsset)	Dialogues/willFarmReward7	<voice type=acceptance>\nAnd in case that you want to keep them: here are some useful blueprints about animal husbandry. Good luck!
I2Languages (I2.Loc.LanguageSourceAsset)	Dialogues/prepFarmReward8	<voice type=thanks>\nThanks! I've been thinking of establishing my small animal farm for some time now.
I2Languages (I2.Loc.LanguageSourceAsset)	Dialogues/willMilkAndEggs1	<voice type=question>\nHey Prepper, how did it go?
I2Languages (I2.Loc.LanguageSourceAsset)	Dialogues/prepMilkAndEggs2	<voice type=thanks>\nI got the shears! And the dog is unharmed.
I2Languages (I2.Loc.LanguageSourceAsset)	Dialogues/willMilkAndEggs3	<voice type=order>\nGood. \nSo let's see how has your work paid off. \n<voice type=question>\nCan you bring me some milk and eggs from my animals?
I2Languages (I2.Loc.LanguageSourceAsset)	Dialogues/prepMilkAndEggs4	<voice type=order>\nI hope so.
I2Languages (I2.Loc.LanguageSourceAsset)	Dialogues/willMilkAndEggsIncomplite1	<voice type=question>\nDid you get milk and eggs?
I2Languages (I2.Loc.LanguageSourceAsset)	Dialogues/prepMilkAndEggsIncomplite2	<voice type=negation>\nWorking on it.
I2Languages (I2.Loc.LanguageSourceAsset)	Dialogues/prepMilkAndEggsFinished1	<voice type=order>\nHere's some milk and eggs
I2Languages (I2.Loc.LanguageSourceAsset)	Dialogues/willMilkAndEggsFinished2	<voice type=thanks>\nNow would you look at that.\n<voice type=question>\nIs this really from my animals?
I2Languages (I2.Loc.LanguageSourceAsset)	Dialogues/prepMilkAndEggsFinished3	Yes. All fresh and from our own farm. Well, state-owned farm. But you know what I mean.
I2Languages (I2.Loc.LanguageSourceAsset)	Dialogues/willMilkAndEggsFinished4	<voice type=thanks>\nGreat, thank you for all the help!\nI think that I may get through another inspection now.
I2Languages (I2.Loc.LanguageSourceAsset)	Dialogues/willMilkAndEggsFinished5	From now I will pay you for all eggs and milks you bring.\nIt's now your job after all, and I don't think agency is planning to pay you.
I2Languages (I2.Loc.LanguageSourceAsset)	Dialogues/willMilkAndEggsFinished6	And here, take this, those are some basic recipes from eggs and milk...
I2Languages (I2.Loc.LanguageSourceAsset)	Dialogues/henMilkAndEggsFinished7	Cluck!
I2Languages (I2.Loc.LanguageSourceAsset)	Dialogues/willMilkAndEggsFinished8	<voice type=thanks>\n...yes, and from fish, thank you, Henry.
I2Languages (I2.Loc.LanguageSourceAsset)	Dialogues/prepMilkAndEggsFinished9	<voice type=thanks>\nThank you!
I2Languages (I2.Loc.LanguageSourceAsset)	Dialogues/willMilkAndEggsFinished10	There is still a lot to do. Please come back tomorrow, it's enough work for today.
I2Languages (I2.Loc.LanguageSourceAsset)	Dialogues/willWaitIncomplite1	<voice type=negation>\nThere is nothing else to do today.\n<voice type=order>\nCome back tomorrow.
I2Languages (I2.Loc.LanguageSourceAsset)	Dialogues/prepWaitIncomplite2	<voice type=thanks>\nWe're on top of this thing! Who would've thought.
I2Languages (I2.Loc.LanguageSourceAsset)	Dialogues/prepMilkAndEggsWrongTIme1	I have some milk and eggs...
I2Languages (I2.Loc.LanguageSourceAsset)	Dialogues/willMilkAndEggsWrongTIme2	<voice type=anger>\nNot now, Mr. Prepper! There are more important matters at the moment.
I2Languages (I2.Loc.LanguageSourceAsset)	Dialogues/prepWheresWill	<voice type=question>\nWhere is Will?
I2Languages (I2.Loc.LanguageSourceAsset)	Dialogues/willAnimalsKidnaped1	<voice type=fear>\nMr. Prepper! Something terrible happened!
I2Languages (I2.Loc.LanguageSourceAsset)	Dialogues/prepAnimalsKidnaped2	<voice type=question>\nWhat? Did the goats destroy something again?
I2Languages (I2.Loc.LanguageSourceAsset)	Dialogues/willAnimalsKidnaped3	<voice type=fear>\nNo! Much worse! They're gone!\n<voice type=upset>\nA goat and two chickens.
I2Languages (I2.Loc.LanguageSourceAsset)	Dialogues/prepAnimalsKidnaped4	<voice type=upset>\nOh...
I2Languages (I2.Loc.LanguageSourceAsset)	Dialogues/willAnimalsKidnaped5	<voice type=disappointment>\nI haven't told you before, but it's not the first time it happens.
I2Languages (I2.Loc.LanguageSourceAsset)	Dialogues/willAnimalsKidnaped6	<voice type=anger>\nIt happens regularly! That's one of the reasons I have such low efficiency.\n<voice type=anger>\nThe Agency will give me a hard time again!
I2Languages (I2.Loc.LanguageSourceAsset)	Dialogues/prepAnimalsKidnaped7	Let me take a look around, okay? Maybe I can figure out what happened.
I2Languages (I2.Loc.LanguageSourceAsset)	Dialogues/willPlayerHasNoFish	You need to bring me a new fish to gain rewards!
I2Languages (I2.Loc.LanguageSourceAsset)	Dialogues/willAnimalsKidnapedIncomplite1	<voice type=upset>\nSo, do you know what happened to them?
I2Languages (I2.Loc.LanguageSourceAsset)	Dialogues/prepAnimalsKidnapedIncomplite2	<voice type=negation>\nNot yet, sorry.
I2Languages (I2.Loc.LanguageSourceAsset)	Dialogues/prepTrapsBarnDoor	<voice type=negation>\nOpen. Not good, Will should close this door every night.\n<voice type=question>\nMaybe he forgot? \n<voice type=disappointment>\nHe seems to forget many things...\n<voice type=question>\nBut then again, who in this town doesn't?
I2Languages (I2.Loc.LanguageSourceAsset)	Dialogues/prepTrapsHoles	<voice type=question>\nThere is a hole in a barn wall... Looks like it was made from the inside.\n<voice type=order>\nMost likely one of the goats has done it. \nIt's too small to be made by a wolf... but perhaps a fox could sneak through here.
I2Languages (I2.Loc.LanguageSourceAsset)	Dialogues/prepTrapsFootPrintsWolf1	There are some animal footprints on the ground.
I2Languages (I2.Loc.LanguageSourceAsset)	Dialogues/prepTrapsFootPrintsWolf2	<voice type=order>\nHmm. Not my area of expertise, but these look like wolf's footprints to me. 
I2Languages (I2.Loc.LanguageSourceAsset)	Dialogues/prepTrapsFootPrintsHuman1	<voice type=question>\nOkay, those are definitely human's...
I2Languages (I2.Loc.LanguageSourceAsset)	Dialogues/prepTrapsFootPrintsHuman2	<voice type=question>\nNot my shoe size. Could it be Will's though?
I2Languages (I2.Loc.LanguageSourceAsset)	Dialogues/prepFarmTraps1	<voice type=order>\nSo it seems that some wild animal is behind this.
I2Languages (I2.Loc.LanguageSourceAsset)	Dialogues/prepFarmTraps2	<voice type=acceptance>\nLet's set up traps in this area then and find out the culprit!
I2Languages (I2.Loc.LanguageSourceAsset)	Dialogues/prepFarmTrapsSet1	<voice type=order>\nDone. I should come back tomorrow and check up on those.
I2Languages (I2.Loc.LanguageSourceAsset)	Dialogues/prepFarmTrapsFirstCatch1	<voice type=acceptance>\nA wolf got caught in this!
I2Languages (I2.Loc.LanguageSourceAsset)	Dialogues/prepFarmTrapsFirstCatch2	Another wolf. Nothing out of ordinary.
I2Languages (I2.Loc.LanguageSourceAsset)	Dialogues/prepFarmTrapsFirstCatch3	<voice type=question>\nHmm...
I2Languages (I2.Loc.LanguageSourceAsset)	Dialogues/prepFarmTrapsFirstCatch4	<voice type=question>\nNow what's that?
I2Languages (I2.Loc.LanguageSourceAsset)	Dialogues/prepFarmTrapsFirstCatch5	<voice type=question>\nIs this a...
I2Languages (I2.Loc.LanguageSourceAsset)	Dialogues/prepFarmTrapsFirstCatch6	<voice type=acceptance>\nAh, no, it's just a fox tail.
I2Languages (I2.Loc.LanguageSourceAsset)	Dialogues/prepFarmTrapsFirstCatch7	Okay, looks like I was right, nothing suspicious here.
I2Languages (I2.Loc.LanguageSourceAsset)	Dialogues/prepFarmTrapsFirstCatch8	I'll better keep these traps up at all times.\n<voice type=order>\nI don't want any more cases of lost animals here.
I2Languages (I2.Loc.LanguageSourceAsset)	Dialogues/willTrapsTalk1	<voice type=question>\nSo? What was it?
I2Languages (I2.Loc.LanguageSourceAsset)	Dialogues/prepTrapsTalk2	Just some wild animals. \nIt's fine, Will. I will set up some traps and we should be done with the problem.\n<voice type=disappointment>\nJust mind your step, I don't want to find you caught in one of the traps.
I2Languages (I2.Loc.LanguageSourceAsset)	Dialogues/willTrapsTalk3	<voice type=anger>\nOh who do you think I am! I'll be careful, sure.
I2Languages (I2.Loc.LanguageSourceAsset)	Dialogues/willTrapsIncomplite1	<voice type=question>\nDid you set up those traps?
I2Languages (I2.Loc.LanguageSourceAsset)	Dialogues/prepTrapsIncomplite2	<voice type=negation>\nNot yet, sorry.
I2Languages (I2.Loc.LanguageSourceAsset)	Dialogues/prepTrapsComplite2	<voice type=acceptance>\nYes, now we just have to wait.
I2Languages (I2.Loc.LanguageSourceAsset)	Dialogues/willTrapsComplite3	<voice type=disappointment>\nHope you are right about those wild animals, Mr. Prepper.
I2Languages (I2.Loc.LanguageSourceAsset)	Dialogues/willMazeRun1	<voice type=question>\nSo how are these traps of yours working?
I2Languages (I2.Loc.LanguageSourceAsset)	Dialogues/prepMazeRun2	<voice type=acceptance>\nGood. I've caught some wolves and a fox so far.
I2Languages (I2.Loc.LanguageSourceAsset)	Dialogues/willMazeRun3	<voice type=order>\nGreat! I hope it's enough to stop those pesky predators.\n<voice type=thanks>\nThere is something I would like to show you.
I2Languages (I2.Loc.LanguageSourceAsset)	Dialogues/willMazeRun4	<voice type=disappointment>\nRemember the lake? The one that you were not supposed to see, but you did, being nosy as usual.
I2Languages (I2.Loc.LanguageSourceAsset)	Dialogues/prepMazeRun5	<voice type=question>\nRight. What about the lake?
I2Languages (I2.Loc.LanguageSourceAsset)	Dialogues/willMazeRun6	Next to it, you will find an entrance to the wheat maze.\n<voice type=laugh>\nIt's my little project. Designed as a kids' attraction. But maybe you'll like it too? \n<voice type=order>\nGive it a try and tell me what you think!
I2Languages (I2.Loc.LanguageSourceAsset)	Dialogues/prepMazeRun7	<voice type=disappointment>\nA maze. Sure, obviously.
I2Languages (I2.Loc.LanguageSourceAsset)	Dialogues/willMazeRun8	Once you enter the maze you have to beat it in one go.\nI mean you can leave whenever you want, but if you do you will miss out on some rewards.
I2Languages (I2.Loc.LanguageSourceAsset)	Dialogues/prepMazeRun9	I will keep it in mind, I guess.
I2Languages (I2.Loc.LanguageSourceAsset)	Dialogues/willMazeRunIncomplite1	<voice type=question>\nHave you checked out my crop maze?
I2Languages (I2.Loc.LanguageSourceAsset)	Dialogues/prepMazeRunIncomplite2	<voice type=negation>\nNo, not yet.
I2Languages (I2.Loc.LanguageSourceAsset)	Dialogues/prepFishingRodInspect	<voice type=question>\nAn old fishing rod. Maybe I could use it somehow? I'll ask Will.
I2Languages (I2.Loc.LanguageSourceAsset)	Dialogues/prepFishingRod1	<voice type=question>\nWill?
I2Languages (I2.Loc.LanguageSourceAsset)	Dialogues/willFishingRod2	<voice type=question>\nYes?
I2Languages (I2.Loc.LanguageSourceAsset)	Dialogues/prepFishingRod3	I've noticed this old fishing rod.
I2Languages (I2.Loc.LanguageSourceAsset)	Dialogues/willFishingRod4	<voice type=question>\nYes, what about it?
I2Languages (I2.Loc.LanguageSourceAsset)	Dialogues/prepFishingRod5	Well, there is a lake nearby. The one I wasn't supposed to see, but I'm nosy, as we established.
I2Languages (I2.Loc.LanguageSourceAsset)	Dialogues/willFishingRod6	<voice type=disappointment>\nGo on.
I2Languages (I2.Loc.LanguageSourceAsset)	Dialogues/prepFishingRod7	<voice type=question>\nCan I borrow the rod?
I2Languages (I2.Loc.LanguageSourceAsset)	Dialogues/willFishingRod8	<voice type=anger>\nThe lake is surrounded with government cameras, you remember?
I2Languages (I2.Loc.LanguageSourceAsset)	Dialogues/prepFishingRod9	<voice type=question>\nYes, and?
I2Languages (I2.Loc.LanguageSourceAsset)	Dialogues/willFishingRod10	<voice type=disappointment>\n...
I2Languages (I2.Loc.LanguageSourceAsset)	Dialogues/prepFishingRod11	...
I2Languages (I2.Loc.LanguageSourceAsset)	Dialogues/willFishingRod12	<voice type=disappointment>\nYou're unbelievable, Mr. Prepper. Sure, take it.
I2Languages (I2.Loc.LanguageSourceAsset)	Dialogues/willFishingRod13	Here, I have a few spare fishing baits.You will need them.
I2Languages (I2.Loc.LanguageSourceAsset)	Dialogues/prepFishingRod14	<voice type=thanks>\nThanks!
I2Languages (I2.Loc.LanguageSourceAsset)	Dialogues/willFishingRod15	And if you want to bother someone about fishing, bother Henry.\nHe is a specialist in that field.
I2Languages (I2.Loc.LanguageSourceAsset)	Dialogues/henFishingRod16	Cluck! Cluck!
I2Languages (I2.Loc.LanguageSourceAsset)	Dialogues/prepFishingRod17	...
I2Languages (I2.Loc.LanguageSourceAsset)	Dialogues/willAfterMaze1	<voice type=question>\nHave you visited the maze?
I2Languages (I2.Loc.LanguageSourceAsset)	Dialogues/prepAfterMaze2	<voice type=acceptance>\nActually, yes.
I2Languages (I2.Loc.LanguageSourceAsset)	Dialogues/willAfterMaze3	<voice type=question>\nHow did you like it?
I2Languages (I2.Loc.LanguageSourceAsset)	Dialogues/prepAfterMaze4	<voice type=question>\nYou said it is a kids' attraction?
I2Languages (I2.Loc.LanguageSourceAsset)	Dialogues/willAfterMaze5	<voice type=laugh>\nYes! It's a bit unconventional, I know, but I'm sure they'll love it.
I2Languages (I2.Loc.LanguageSourceAsset)	Dialogues/prepAfterMaze6	<voice type=negation>\nI don't know. But I almost died there.
I2Languages (I2.Loc.LanguageSourceAsset)	Dialogues/willAfterMaze7	<voice type=question>\nOh. But did you like it?
I2Languages (I2.Loc.LanguageSourceAsset)	Dialogues/prepAfterMaze8	<voice type=disappointment>\nUhm...\n<voice type=acceptance>\nYeah, kind of.
I2Languages (I2.Loc.LanguageSourceAsset)	Dialogues/prepAfterMaze9	<voice type=disappointment>\n<I>I'm glad the Agency gave him a farm to supervise and not a kindergarten.</I>
I2Languages (I2.Loc.LanguageSourceAsset)	Dialogues/willProtectFarmIncomplite1	<voice type=question>\nHow is it going with the traps? Everything fine?
I2Languages (I2.Loc.LanguageSourceAsset)	Dialogues/prepProtectFarmIncomplite2	Nothing new, just wolves and foxes from time to time.
I2Languages (I2.Loc.LanguageSourceAsset)	Dialogues/willAnimalsMissingSecond1	<voice type=fear>\nMr. Prepper! A tragedy! It happened again!\n<voice type=fear>\nThe animals are missing! Please help me!
I2Languages (I2.Loc.LanguageSourceAsset)	Dialogues/prepAnimalsMissingSecond2	<voice type=disappointment>\nAh, damn, I thought it was over. Don't worry too much, Will, I'll do my best to find them.
I2Languages (I2.Loc.LanguageSourceAsset)	Dialogues/prepAnimalsMissingSecond3	<voice type=order>\nI'll start with checking the traps.
I2Languages (I2.Loc.LanguageSourceAsset)	Dialogues/willAnimalsMissingSecondIncomplite1	<voice type=fear>\nWhat happened this time?
I2Languages (I2.Loc.LanguageSourceAsset)	Dialogues/prepAnimalsMissingSecondIncomplite2	<voice type=negation>\nDon't know yet, will investigate.
I2Languages (I2.Loc.LanguageSourceAsset)	Dialogues/prepAgentMaterial1	Hey, Will. I found this in one of the traps.
I2Languages (I2.Loc.LanguageSourceAsset)	Dialogues/prepAgentMaterial2	<voice type=question>\nAny idea how it could get there?
I2Languages (I2.Loc.LanguageSourceAsset)	Dialogues/willAgentMaterial3	<voice type=negation>\nNo... but it looks like... A fabric. A shred of a piece of clothing?
I2Languages (I2.Loc.LanguageSourceAsset)	Dialogues/prepAgentMaterial4	That's what I was thinking too. I'll ask around.
I2Languages (I2.Loc.LanguageSourceAsset)	Dialogues/willRand1	<voice type=anger>\nI don't know why Agency chose me to supervise the farm. I knew a thing or two about fishing, but I'd never been a farmer.
I2Languages (I2.Loc.LanguageSourceAsset)	Dialogues/willRand2	I once found a book. Judging by the title, it could have been a handbook of animal husbandry.\n<voice type=disappointment>\nBut no, it was some kind of a weird parable. Or, well, perhaps I just hadn't understood it.
I2Languages (I2.Loc.LanguageSourceAsset)	Dialogues/willRand3	<voice type=thanks>\nI used to subscribe some good magazines. American Angler, Angler's World, Super Carp... \n<voice type=anger>\nNow only Our Truth appears in the mail. Bless the President.
I2Languages (I2.Loc.LanguageSourceAsset)	Dialogues/willRand4	<voice type=order>\nMany mornings I say to myself: today I will put this farm back on its feet!\n<voice type=disappointment>\nBut it's just... too exhausting. And the Agency is not helping much.
I2Languages (I2.Loc.LanguageSourceAsset)	Dialogues/willRand5	<voice type=laugh>\nI used to be a bit of an explorer like you, but then a goat bit my knee. 
I2Languages (I2.Loc.LanguageSourceAsset)	Dialogues/willFindAnimals1	<voice type=upset>\nMr. Prepper...
I2Languages (I2.Loc.LanguageSourceAsset)	Dialogues/willFindAnimals2	<voice type=upset>\nIt may sound crazy, but...\nIf the traps are working correctly, it means that something or someone else than wild animals is behind this.\n<voice type=question>\nWhat if my animals are still alive and we can find them?
I2Languages (I2.Loc.LanguageSourceAsset)	Dialogues/prepFindAnimals3	Well... we can't rule it out, I guess.
I2Languages (I2.Loc.LanguageSourceAsset)	Dialogues/chupaFindAnimals4	Woof!
I2Languages (I2.Loc.LanguageSourceAsset)	Dialogues/prepFindAnimals5	<voice type=acceptance>\nI may have an idea.
I2Languages (I2.Loc.LanguageSourceAsset)	Dialogues/prepFindAnimals6	These ID bands... All our animals have them. \nAnd if I'm correct, these may be tracking devices of some sort.
I2Languages (I2.Loc.LanguageSourceAsset)	Dialogues/prepFindAnimals7a	And the only person who might know how to track them is Murricaville's technology expert, Joe.
I2Languages (I2.Loc.LanguageSourceAsset)	Dialogues/prepFindAnimals7b	<voice type=negation>\nI don't know how to track them, though. I need to find someone who knows a thing or two about such devices.
I2Languages (I2.Loc.LanguageSourceAsset)	Dialogues/prepAgentLegFound1	<voice type=question>\nNow this is odd...
I2Languages (I2.Loc.LanguageSourceAsset)	Dialogues/prepAgentLegFound2	<voice type=order>\nSome black fabric.
I2Languages (I2.Loc.LanguageSourceAsset)	Dialogues/prepAgentLegFound3	<voice type=question>\nIs this...?
I2Languages (I2.Loc.LanguageSourceAsset)	Dialogues/prepAgentLegFound4	<voice type=upset>\nYup, definitely there's some <color=red>blood</color> on it.
I2Languages (I2.Loc.LanguageSourceAsset)	Dialogues/prepAgentLegFound5	Where could it come from? Maybe Will has an idea.
I2Languages (I2.Loc.LanguageSourceAsset)	Dialogues/prepAnimalsBand1	Joe, I have a question for you.
I2Languages (I2.Loc.LanguageSourceAsset)	Dialogues/joeAnimalsBand2	<voice type=order>\nShoot!
I2Languages (I2.Loc.LanguageSourceAsset)	Dialogues/prepAnimalsBand3	Let's say I have a device that is used to track certain creatures.
I2Languages (I2.Loc.LanguageSourceAsset)	Dialogues/joeAnimalsBand4	<voice type=surprise>\nWhat kind of cryptid are we talking about? The Bigfoot? The Mothman? The Jersey Devil?
I2Languages (I2.Loc.LanguageSourceAsset)	Dialogues/prepAnimalsBand5	Any creature. Take a look at this.
I2Languages (I2.Loc.LanguageSourceAsset)	Dialogues/joeAnimalsBand6	Mhm... yes...
I2Languages (I2.Loc.LanguageSourceAsset)	Dialogues/joeAnimalsBand7	<voice type=acceptance>\nGovernment work, one hundred percent.
I2Languages (I2.Loc.LanguageSourceAsset)	Dialogues/prepAnimalsBand8	<voice type=question>\nDo you know how can I track these?
I2Languages (I2.Loc.LanguageSourceAsset)	Dialogues/joeAnimalsBand9	Won't be very easy...\n<voice type=acceptance>\nBut I may have an idea.
I2Languages (I2.Loc.LanguageSourceAsset)	Dialogues/joeAnimalsBand10	Come back tomorrow, I'll come up with something.
I2Languages (I2.Loc.LanguageSourceAsset)	Dialogues/prepAnimalsBand11	<voice type=thanks>\nOkay, Joe. I'm counting on you!
I2Languages (I2.Loc.LanguageSourceAsset)	Dialogues/joeTrackingDevice1	<voice type=laugh>\nAnd voila! State-of-the-art, homemade, copyleft, universal ID-band finder! \nYou'll track them all down in no time!
I2Languages (I2.Loc.LanguageSourceAsset)	Dialogues/prepTrackingDevice2	<voice type=thanks>\nThanks, man! I owe you.
I2Languages (I2.Loc.LanguageSourceAsset)	Dialogues/prepAskJoeMaterial1	<voice type=question>\nYou're the specialist on stuff that can be found around here, do you recognize this?
I2Languages (I2.Loc.LanguageSourceAsset)	Dialogues/joeAskJoeMaterial2	<voice type=negation>\nNo. Doesn't ring a bell.
I2Languages (I2.Loc.LanguageSourceAsset)	Dialogues/prepAskJoeMaterial3	<voice type=order>\nOK, thanks.
I2Languages (I2.Loc.LanguageSourceAsset)	Dialogues/prepAskBobMaterial1	<voice type=question>\nDo you recognize this piece of fabric?
I2Languages (I2.Loc.LanguageSourceAsset)	Dialogues/bobAskBobMaterial2	<voice type=negation>\nDo I look like a tailor? I might have a lot of books, but you seem to overestimate my knowledge.
I2Languages (I2.Loc.LanguageSourceAsset)	Dialogues/prepAskBobMaterial3	<voice type=order>\nThanks.
I2Languages (I2.Loc.LanguageSourceAsset)	Dialogues/prepAskHerbMaterial1	<voice type=question>\nDo you recognize this?
I2Languages (I2.Loc.LanguageSourceAsset)	Dialogues/herbAskHerbMaterial2	<voice type=disappointment>\nNo, it looks like an awful material, I wouldn't use it for anything.
I2Languages (I2.Loc.LanguageSourceAsset)	Dialogues/prepAskHerbMaterial3	Thanks.
I2Languages (I2.Loc.LanguageSourceAsset)	Dialogues/prepAskPostMaterial1	<voice type=question>\nDo you recognize this?
I2Languages (I2.Loc.LanguageSourceAsset)	Dialogues/postAskPostMaterial2	<voice type=negation>\nNo, no idea. Does it come from a piece of clothing? I don't think it's of anyone I deliver post to.
I2Languages (I2.Loc.LanguageSourceAsset)	Dialogues/prepAskPostMaterial3	<voice type=thanks>\nThis might be it, thanks!
I2Languages (I2.Loc.LanguageSourceAsset)	Dialogues/prepAskNeighMaterial1	<voice type=question>\nDo you recognize this?
I2Languages (I2.Loc.LanguageSourceAsset)	Dialogues/neighAskNeighMaterial2	<voice type=acceptance>\nMmm... Oh yes! I think the Agents' suits are made of such fabric! They always look so smart and sleek.
I2Languages (I2.Loc.LanguageSourceAsset)	Dialogues/prepAgentMaterialRecognize1	<voice type=question>\nIs the Agent limping?
I2Languages (I2.Loc.LanguageSourceAsset)	Dialogues/prepAgentMaterialRecognize2	<voice type=question>\nWait...
I2Languages (I2.Loc.LanguageSourceAsset)	Dialogues/prepAgentMaterialRecognize3	<voice type=surprise>\nIs this black fabric a fragment of his suit?!
I2Languages (I2.Loc.LanguageSourceAsset)	Dialogues/prepAgentMaterialConfront1	<voice type=greeting>\nBless the President!\n<voice type=question>\nDear Mr. Agent, can I ask you a question?
I2Languages (I2.Loc.LanguageSourceAsset)	Dialogues/agentAgentMaterialConfront2	<voice type=question>\nWhat is it, citizen?
I2Languages (I2.Loc.LanguageSourceAsset)	Dialogues/prepAgentMaterialConfront3	<voice type=question>\nCould you explain how this fragment of your suit ended up on the grounds of Murricaville State Farm?
I2Languages (I2.Loc.LanguageSourceAsset)	Dialogues/agentAgentMaterialConfront4.1	<voice type=question>\n?
I2Languages (I2.Loc.LanguageSourceAsset)	Dialogues/agentAgentMaterialConfront4.2	<voice type=surprise>\n?!?!
I2Languages (I2.Loc.LanguageSourceAsset)	Dialogues/agentAgentMaterialConfront5	<voice type=negation>\nThis is unacceptable, Citizen.\n<voice type=anger>\nFrom now on, you are banned from entering the farm!\n<voice type=order>\nEspecially on the next Sunday!
I2Languages (I2.Loc.LanguageSourceAsset)	Dialogues/agentAgentMaterialConfront6	<voice type=disappointment>\nUhm...
I2Languages (I2.Loc.LanguageSourceAsset)	Dialogues/agentAgentMaterialConfront7	<voice type=negation>\nNo, wait. I don't have anyone to replace you.\n<voice type=acceptance>\nWhat I meant is... you need to double your efforts on the farm, Citizen.\n<voice type=order>\nYou can expect a formal letter with updated requirements very soon.\nBless the President.
I2Languages (I2.Loc.LanguageSourceAsset)	Dialogues/prepAgentMaterialConfront8	<voice type=laugh>\nThat was... very interesting.\n<voice type=question>\nSunday, you say?
I2Languages (I2.Loc.LanguageSourceAsset)	Dialogues/prepPlayesSeeAgent1	<voice type=surprise>\nThe Agent?\n<voice type=question>\nWhat is he doing here at this time?\n<voice type=question>\nI thought he was gone for good.
I2Languages (I2.Loc.LanguageSourceAsset)	Dialogues/prepNightAgent1	<voice type=question>\nIs it a proper time for inspection?
I2Languages (I2.Loc.LanguageSourceAsset)	Dialogues/agentNightAgent2	<voice type=order>\nIt's always a proper time for inspection.
I2Languages (I2.Loc.LanguageSourceAsset)	Dialogues/agentNightAgent3	<voice type=order>\nMr. Prepper, let's be serious now.\nI know about your... investigation.
I2Languages (I2.Loc.LanguageSourceAsset)	Dialogues/prepNightAgent4	<voice type=question>\nOh, I'm always serious. What about it, Mr. Agent?
I2Languages (I2.Loc.LanguageSourceAsset)	Dialogues/agentNightAgent5	<voice type=order>\nMr. Prepper, please stop getting involved in this.\n<voice type=order>\nThis is an official order from the authorities.
I2Languages (I2.Loc.LanguageSourceAsset)	Dialogues/agentNightAgent6	<voice type=order>\nAnd stay out of the farm on Sunday. Take a well-deserved day off.
I2Languages (I2.Loc.LanguageSourceAsset)	Dialogues/prepNightAgent7	<voice type=question>\nSure thing. Who'd want to work on Sunday anyway?
I2Languages (I2.Loc.LanguageSourceAsset)	Dialogues/prepSundayOnFarm1	So it is a lovely sunday.\n<voice type=laugh>\nAnd I am on the farm. Don't tell the authorities.
I2Languages (I2.Loc.LanguageSourceAsset)	Dialogues/prepSundayOnFarm2	Everything looks normal so far... \nI must be missing something.
I2Languages (I2.Loc.LanguageSourceAsset)	Dialogues/prepSundayOnFarm3	No point in waiting.\nI'll better do something else.\nMaybe something will come up later. 
I2Languages (I2.Loc.LanguageSourceAsset)	Dialogues/prepStawQuest1	In the meantime, I'll investigate the mysterious lake.\n<voice type=question>\nWhat are all the cameras for?\nI'd better not draw too much attention.\n<voice type=question>\nMaybe I'll go fishing and look around?
I2Languages (I2.Loc.LanguageSourceAsset)	Dialogues/prepNeedFishingRod	<voice type=negation>\nI need a fishing rod. I won't be very believeable without one.
I2Languages (I2.Loc.LanguageSourceAsset)	Dialogues/prepBrokenCamera1	<voice type=question>\nWhat's that? \nA camera...\n<voice type=order>\nI should take it somewhere else for inspection.\n<voice type=order>\nI don't want the Agency to see this.
I2Languages (I2.Loc.LanguageSourceAsset)	Dialogues/prepBrokenCamera2	<voice type=negation>\nNo, not here.
I2Languages (I2.Loc.LanguageSourceAsset)	Dialogues/prepBrokenCamera3	Okay, let's take a look.
I2Languages (I2.Loc.LanguageSourceAsset)	Dialogues/prepBrokenCamera4	<voice type=disappointment>\nHmm, it's broken.\n<voice type=disappointment>\nIt won't turn on.\nI will need some help with this one. 
I2Languages (I2.Loc.LanguageSourceAsset)	Dialogues/prepBrokenCameraJoe5	<voice type=acceptance>\nI'm sure Joe can fix a camera.
I2Languages (I2.Loc.LanguageSourceAsset)	Dialogues/prepBrokenCameraNoJoe5	<voice type=acceptance>\nI'm sure someone in this town knows how to fix a camera.
I2Languages (I2.Loc.LanguageSourceAsset)	Dialogues/prepJoeBrokenCamera1	<voice type=question>\nHey Joe, do you think you can fix this?
I2Languages (I2.Loc.LanguageSourceAsset)	Dialogues/joeJoeBrokenCamera2	Another piece of government equipment, eh? Let's see.\n<voice type=negation>\nI'm not sure about fixing, but I might be able to recover some data from it.\n<voice type=question>\nWould that be helpful?
I2Languages (I2.Loc.LanguageSourceAsset)	Dialogues/prepJoeBrokenCamera3	<voice type=acceptance>\nYes! Very much!\nWell, I think so...\nIt's worth a try anyway.
I2Languages (I2.Loc.LanguageSourceAsset)	Dialogues/joeJoeBrokenCamera4	<voice type=acceptance>\nAlright then. I'll get around to it.
I2Languages (I2.Loc.LanguageSourceAsset)	Dialogues/joeJoeBrokenCamera5	Please come back tomorrow.
I2Languages (I2.Loc.LanguageSourceAsset)	Dialogues/joeUfoRecoding1	<voice type=surprise>\nHey, Mr. Prepper!\n<voice type=order>\nThis camera that you gave me.\n<voice type=question>\nWhere is it from?\n<voice type=thanks>\nIt's incredible! The recording, it's the proof, finally!
I2Languages (I2.Loc.LanguageSourceAsset)	Dialogues/prepUfoRecoding2	<voice type=question>\nHey, hey, Joe, calm down, the proof of what? What did you find out?
I2Languages (I2.Loc.LanguageSourceAsset)	Dialogues/joeUfoRecoding3	<voice type=laugh>\nJust look at it!
I2Languages (I2.Loc.LanguageSourceAsset)	Dialogues/joeUfoRecoding4	<voice type=thanks>\nIt's clearly a UFO! An unknown flying object! A flying saucer!
I2Languages (I2.Loc.LanguageSourceAsset)	Dialogues/prepUfoRecoding5	<voice type=disappointment>\nUhm... I don't know, Joe. It's very blurry. It can be anything.
I2Languages (I2.Loc.LanguageSourceAsset)	Dialogues/prepUfoRecoding6	Oh... the record freezes at 2:59 AM.\nInteresting...
I2Languages (I2.Loc.LanguageSourceAsset)	Dialogues/prepUfoRecoding7	I don't know what to do with that knowledge for now, but I'll think about it.\n<voice type=thanks>\nThanks, Joe! Good job.
I2Languages (I2.Loc.LanguageSourceAsset)	Dialogues/prepConnectTheDots1	<voice type=order>\nRecording from a government camera, frozen on 2:59 with a possible flying object in the frame.\n<voice type=order>\nThe Agent forbidding me from going to the farm on Sunday. \n<voice type=question>\nIs there a connection? I need to find out what all of this is about. \n<voice type=disappointment>\n(deep breath)\n<voice type=acceptance>\nLet's try to spend a night on the farm and see what happens at 3:00 AM on Sunday.\nWorst case scenario, I just don't get much sleep. 
I2Languages (I2.Loc.LanguageSourceAsset)	Dialogues/prepMazeClosed	OPENING SOON\n<voice type=question>\nWhat is this? It looks a bit out of place...
I2Languages (I2.Loc.LanguageSourceAsset)	Dialogues/prepMazeOpen	OPEN 
I2Languages (I2.Loc.LanguageSourceAsset)	Dialogues/prepMazeDay	"Day maze"
I2Languages (I2.Loc.LanguageSourceAsset)	Dialogues/prepMazeNight	"Night maze"
I2Languages (I2.Loc.LanguageSourceAsset)	Dialogues/prepMazeDiff1	<voice type=laugh>\n"Difficulty 1"
I2Languages (I2.Loc.LanguageSourceAsset)	Dialogues/prepMazeDiff2	"Difficulty 2"
I2Languages (I2.Loc.LanguageSourceAsset)	Dialogues/prepMazeDiff3	"Difficulty 3"
I2Languages (I2.Loc.LanguageSourceAsset)	Dialogues/prepMazeDiff4	<voice type=order>\n"Difficulty 4"
I2Languages (I2.Loc.LanguageSourceAsset)	Dialogues/prepMazeDiff5	<voice type=fear>\n"Difficulty 5"
I2Languages (I2.Loc.LanguageSourceAsset)	Dialogues/prepNeedAGun	<voice type=negation>\nI need a gun for that.
I2Languages (I2.Loc.LanguageSourceAsset)	Dialogues/prepUFOMazeEnter1	<voice type=question>\nWhat... Oh, wow. Where am I?
I2Languages (I2.Loc.LanguageSourceAsset)	Dialogues/prepUFOMazeEnter2	<voice type=disappointment>\nMy head... it's killing me.
I2Languages (I2.Loc.LanguageSourceAsset)	Dialogues/prepUFOMazeEnter3	<voice type=fear>\nDamn it! They are still after me!
I2Languages (I2.Loc.LanguageSourceAsset)	Dialogues/prepUFOMazeEnter4	<voice type=fear>\nI have to get out of here!
I2Languages (I2.Loc.LanguageSourceAsset)	Dialogues/prepUFOScarecrow1	<voice type=greeting>\nOh. Hello, Mr. Scarecrow. This is unexpected.
I2Languages (I2.Loc.LanguageSourceAsset)	Dialogues/crowUFOScarecrow2	<voice type=greeting>\nHello, Mr. Prepper.
I2Languages (I2.Loc.LanguageSourceAsset)	Dialogues/prepUFOScarecrow2.5	Hello. Not something I say very often.
I2Languages (I2.Loc.LanguageSourceAsset)	Dialogues/prepUFOScarecrow3	<voice type=disappointment>\nThis just keeps getting weirder. 
I2Languages (I2.Loc.LanguageSourceAsset)	Dialogues/crowUFOScarecrow4	Don't worry, Mr. Prepper. It's just a hallucination. Isn't it?
I2Languages (I2.Loc.LanguageSourceAsset)	Dialogues/crowUFOScarecrow5	Tomorrow you will not remember any of this. Any of this.
I2Languages (I2.Loc.LanguageSourceAsset)	Dialogues/crowUFOScarecrow6	Don't believe everything that you see. Seeing is believing, seeing is also not believing.
I2Languages (I2.Loc.LanguageSourceAsset)	Dialogues/prepUFOScarecrow7	Thank you for that.
I2Languages (I2.Loc.LanguageSourceAsset)	Dialogues/prepUFOFeet	<voice type=negation>\nThis... doesn't look right.
I2Languages (I2.Loc.LanguageSourceAsset)	Dialogues/prepUFORat	<voice type=disappointment>\nThis is concerning.
I2Languages (I2.Loc.LanguageSourceAsset)	Dialogues/prepNeedScizzors	<voice type=negation>\nI need proper shears for this.
I2Languages (I2.Loc.LanguageSourceAsset)	Dialogues/prepNeedGoatFood	<voice type=negation>\nI need goat food for this.\nHay is their favourite,\nbut goats can eat almost anything that's not meat.
I2Languages (I2.Loc.LanguageSourceAsset)	Dialogues/prepNeedDogFood	<voice type=negation>\nI need dog food for this.\nRat meat is his favorite.\nAny other meat will be fine too.
I2Languages (I2.Loc.LanguageSourceAsset)	Dialogues/prepNeedChickenFood	<voice type=negation>\nI need chicken food for this.\nWheat is their favorite.\nCorn, sunflower, or any other seed will be fine too.
I2Languages (I2.Loc.LanguageSourceAsset)	Dialogues/prepNeedCowFood	<voice type=negation>\nI need cow food for this.\nHay and Corn is their favourite.\nThey also enjoy some fruit as a little snack.
I2Languages (I2.Loc.LanguageSourceAsset)	Dialogues/crowUFOScarecrowBeforeBoss1	<voice type=question>\nDid you know that the aliens are scared of daylight?
I2Languages (I2.Loc.LanguageSourceAsset)	Dialogues/crowUFOScarecrowBeforeBoss2	It's true. They seem to be night creatures. Daylight, sweet sun, scares them.
I2Languages (I2.Loc.LanguageSourceAsset)	Dialogues/crowUFOScarecrowBeforeBoss3	<voice type=acceptance>\nGood luck! You are very close to the exit. You may see the sun again and again.
I2Languages (I2.Loc.LanguageSourceAsset)	Dialogues/prepUFOBoss1	<voice type=disappointment>\nThis is a dead end.
I2Languages (I2.Loc.LanguageSourceAsset)	Dialogues/prepUFOBoss2	<voice type=order>\nAlright, bring it on, extraterrestrials!
I2Languages (I2.Loc.LanguageSourceAsset)	Dialogues/prepUFOBoss3	<voice type=laugh>\nLet's kick you back to the outer space!
I2Languages (I2.Loc.LanguageSourceAsset)	Dialogues/prepUFOBoss4	I will tire them out. I won't be weaker than a bunch of saucer riders.
I2Languages (I2.Loc.LanguageSourceAsset)	Dialogues/prepUFOBoss5	And now to find the exit.
I2Languages (I2.Loc.LanguageSourceAsset)	Dialogues/prepUFOBossEnd1	<voice type=thanks>\nIt's gone...
I2Languages (I2.Loc.LanguageSourceAsset)	Dialogues/prepUFOBossEnd2	for now.
I2Languages (I2.Loc.LanguageSourceAsset)	Dialogues/prepUFOBossEnd3	<voice type=thanks>\nIt seems that my headache is gone too.
I2Languages (I2.Loc.LanguageSourceAsset)	Dialogues/prepUFOBossEnd4	<voice type=thanks>\nAnd this looks like an exit. Finally!
I2Languages (I2.Loc.LanguageSourceAsset)	Dialogues/old_willAfterConfrontation1	Mr. Prepper! You look like death itself! What happened?
I2Languages (I2.Loc.LanguageSourceAsset)	Dialogues/old_prepAfterConfrontation2	Oh, do I? \nI feel pretty good,\nbut I must say it was close. \nI just fought off a bunch of aliens, as one does.
I2Languages (I2.Loc.LanguageSourceAsset)	Dialogues/old_willAfterConfrontation3	You sound like a crazy person, Mr. Prepper.
I2Languages (I2.Loc.LanguageSourceAsset)	Dialogues/old_prepAfterConfrontation4	Oh? I don't know anymore what 'crazy' means in Murricaville.\nUFOs are real and they're here.\nThe aliens are real.\nAnd your animals have been abducted by the intruders from outer space.
I2Languages (I2.Loc.LanguageSourceAsset)	Dialogues/old_willAfterConfrontation5	Incredible! My animals! This is practically a declaration of war!
I2Languages (I2.Loc.LanguageSourceAsset)	Dialogues/old_prepAfterConfrontation6	...Right.\nSo what now?
I2Languages (I2.Loc.LanguageSourceAsset)	Dialogues/old_willAfterConfrontation7	Why do you ask me? \nYou are an ingenious inventor, engineer, constructor, prepper and gentleman, right? \nI'm sure you can figure something out.
I2Languages (I2.Loc.LanguageSourceAsset)	Dialogues/old_prepAfterConfrontation8	Figure out what exactly?
I2Languages (I2.Loc.LanguageSourceAsset)	Dialogues/old_willAfterConfrontation9	A way to destroy the aliens once and for all, of course!\nWhat else could we do?\nWe need to do this for this farm! And the humanity, possibly.
I2Languages (I2.Loc.LanguageSourceAsset)	Dialogues/old_prepAfterConfrontation10	Oh... Right. I'll just defeat the unknown, technologically superior civilization.
I2Languages (I2.Loc.LanguageSourceAsset)	Dialogues/old_prepAfterConfrontation11	How did I get myself into this mess?
I2Languages (I2.Loc.LanguageSourceAsset)	Dialogues/old_prepAfterConfrontation12	I... I guess I should talk to Joe. He might know what's to be done. 
I2Languages (I2.Loc.LanguageSourceAsset)	Dialogues/msagentPreAfterConfrontation1	<voice type=question>\nHello, Mr. Corso. Is Mr. Prepper here?
I2Languages (I2.Loc.LanguageSourceAsset)	Dialogues/willPreAfterConfrontation2	No, I don't think so. But he was here yesterday at night...
I2Languages (I2.Loc.LanguageSourceAsset)	Dialogues/willPreAfterConfrontation3	He was.. tending to animals.
I2Languages (I2.Loc.LanguageSourceAsset)	Dialogues/willPreAfterConfrontation4	One goat was.. ehm... Constipated... and needed some extra care.
I2Languages (I2.Loc.LanguageSourceAsset)	Dialogues/msagentPreAfterConfrontation5	<voice type=question>\nFine. And where is Mr. Prepper now?
I2Languages (I2.Loc.LanguageSourceAsset)	Dialogues/willPreAfterConfrontation6	I don't know.
I2Languages (I2.Loc.LanguageSourceAsset)	Dialogues/willPreAfterConfrontation7	I thought he was sleeping in the barn.
I2Languages (I2.Loc.LanguageSourceAsset)	Dialogues/willPreAfterConfrontation8	But now he is gone.
I2Languages (I2.Loc.LanguageSourceAsset)	Dialogues/willPreAfterConfrontation9	Do you think something bad might have happen to him?
I2Languages (I2.Loc.LanguageSourceAsset)	Dialogues/msagentPreAfterConfrontation10	I just want to know his whereabouts.
I2Languages (I2.Loc.LanguageSourceAsset)	Dialogues/msagentPreAfterConfrontation11	<voice type=question>\nDid you notice anything unusual last night?
I2Languages (I2.Loc.LanguageSourceAsset)	Dialogues/willPreAfterConfrontation12	Hmm... Now that you mention it... I remember a flash of green light.
I2Languages (I2.Loc.LanguageSourceAsset)	Dialogues/willPreAfterConfrontation13	I've seen it from inside my room, through the window.
I2Languages (I2.Loc.LanguageSourceAsset)	Dialogues/willPreAfterConfrontation14	In the morning I thought it was just a dream... But maybe it wasn't?
I2Languages (I2.Loc.LanguageSourceAsset)	Dialogues/msagentPreAfterConfrontation15	Interesting, thank you.
I2Languages (I2.Loc.LanguageSourceAsset)	Dialogues/willPreAfterConfrontation16	Ms Agent, could the Agency maybe send... a searching party to...
I2Languages (I2.Loc.LanguageSourceAsset)	Dialogues/msagentPreAfterConfrontation17	<voice type=question>\nTo?
I2Languages (I2.Loc.LanguageSourceAsset)	Dialogues/willPreAfterConfrontation18	<voice type=negation>\nAh, nevermind.
I2Languages (I2.Loc.LanguageSourceAsset)	Dialogues/willPreAfterConfrontation19	Mr. Prepper probably just couldn't sleep on hay and went back home.
I2Languages (I2.Loc.LanguageSourceAsset)	Dialogues/msagentPreAfterConfrontation20	I'm sure he can take care of himself. Thank you, citizen.
I2Languages (I2.Loc.LanguageSourceAsset)	Dialogues/willAfterConfrontation1	<voice type=surprise>\nMr. Prepper! You look like death itself! What happened?
I2Languages (I2.Loc.LanguageSourceAsset)	Dialogues/prepAfterConfrontation2	<voice type=question>\nOh, do I? \n<voice type=order>\nI feel pretty good,\nbut I must say it was close. \n<voice type=laugh>\nI just fought off a bunch of aliens, as one does.
I2Languages (I2.Loc.LanguageSourceAsset)	Dialogues/willAfterConfrontation3	<voice type=disappointment>\nYou sound like a crazy person, Mr. Prepper.
I2Languages (I2.Loc.LanguageSourceAsset)	Dialogues/prepAfterConfrontation4	<voice type=question>\nOh? I don't know anymore what 'crazy' means in Murricaville.
I2Languages (I2.Loc.LanguageSourceAsset)	Dialogues/willAfterConfrontation5	<voice type=anger>\nShhh, Mr. Prepper! Careful, can't you see who is here...?
I2Languages (I2.Loc.LanguageSourceAsset)	Dialogues/prepAfterConfrontation6	<voice type=order>\nYes, I see, Will. I'm not blind.\n<voice type=order>\nListen to me, Will.
I2Languages (I2.Loc.LanguageSourceAsset)	Dialogues/prepAfterConfrontation7	<voice type=order>\nAnd you too, Ms. Agent.
I2Languages (I2.Loc.LanguageSourceAsset)	Dialogues/msagentAfterConfrontation8	<voice type=question>\nDo you have something to report, Mr. Prepper?
I2Languages (I2.Loc.LanguageSourceAsset)	Dialogues/prepAfterConfrontation9	<voice type=acceptance>\nYes. UFOs are real and they're here.\n<voice type=anger>\nThe aliens are real!
I2Languages (I2.Loc.LanguageSourceAsset)	Dialogues/prepAfterConfrontation10	<voice type=anger>\nAnd your animals are being abducted by the intruders from outer space, Will.
I2Languages (I2.Loc.LanguageSourceAsset)	Dialogues/msagentAfterConfrontation11	<voice type=question>\nAliens, you say?
I2Languages (I2.Loc.LanguageSourceAsset)	Dialogues/prepAfterConfrontation12	<voice type=order>\nYes!\n<voice type=disappointment>\nI know you might not believe me, but...
I2Languages (I2.Loc.LanguageSourceAsset)	Dialogues/msagentAfterConfrontation13	Oh, I do believe you, Mr. Prepper.
I2Languages (I2.Loc.LanguageSourceAsset)	Dialogues/prepAfterConfrontation14	<voice type=question>\n...you do?
I2Languages (I2.Loc.LanguageSourceAsset)	Dialogues/msagentAfterConfrontation15	I have no reason not to. Please tell me about your experiences.
I2Languages (I2.Loc.LanguageSourceAsset)	Dialogues/prepAfterConfrontation16	<voice type=upset>\nI... I was abducted.\n<voice type=upset>\nTaken onto their ship by a beam of some sort, and examined. It was terrifying!
I2Languages (I2.Loc.LanguageSourceAsset)	Dialogues/willAfterConfrontation17	<voice type=anger>\nThis is outrageous!\n<voice type=anger>\nThis is practically a declaration of war!
I2Languages (I2.Loc.LanguageSourceAsset)	Dialogues/msagentAfterConfrontation18	<voice type=laugh>\nWar? Heh.\n<voice type=order>\nHold your horses, citizens.
I2Languages (I2.Loc.LanguageSourceAsset)	Dialogues/msagentAfterConfrontation19	We know about the extraterrestrials and the Agency closely monitors their activity.\nEverything is under control and there is no reason to worry.\nBesides, their saucers are covered in force field, and no human technology can penetrate them from the outside.\nThat was shown in our early attempts... I mean, our expert observational assessment.\nAnd our conclusions indicate they do not want to wage a war against us.
I2Languages (I2.Loc.LanguageSourceAsset)	Dialogues/msagentAfterConfrontation20	<voice type=surprise>\nOh, how late it is already!\nI still need to file some reports.\nBless the president.
I2Languages (I2.Loc.LanguageSourceAsset)	Dialogues/willAfterConfrontation21	<voice type=question>\nWow, what was that about? Is our Ms. Agent a big UFO nerd?
I2Languages (I2.Loc.LanguageSourceAsset)	Dialogues/prepAfterConfrontation22	Hm, maybe. But I'm sure she's not telling us the whole truth.
I2Languages (I2.Loc.LanguageSourceAsset)	Dialogues/prepAfterConfrontation23	<voice type=disappointment>\nAnd I didn't like being abducted at all.\n<voice type=question>\nSo what do we do now?
I2Languages (I2.Loc.LanguageSourceAsset)	Dialogues/willAfterConfrontation24	<voice type=question>\nWhy do you ask me? \n<voice type=question>\nYou are an ingenious inventor, engineer, constructor, prepper and gentleman, right? \nI'm sure you can figure something out.
I2Languages (I2.Loc.LanguageSourceAsset)	Dialogues/prepAfterConfrontation25	<voice type=question>\nFigure out what exactly?
I2Languages (I2.Loc.LanguageSourceAsset)	Dialogues/willAfterConfrontation26	<voice type=anger>\nA way to destroy the aliens once and for all, of course!\n<voice type=disappointment>\nWhat else could we do?\n<voice type=anger>\nWe need to do this for this farm! And the humanity, possibly.
I2Languages (I2.Loc.LanguageSourceAsset)	Dialogues/prepAfterConfrontation27	<voice type=disappointment>\nOh... Right. I'll just defeat the unknown, technologically superior civilization.
I2Languages (I2.Loc.LanguageSourceAsset)	Dialogues/prepAfterConfrontation28	<voice type=disappointment>\nHow did I get myself into this mess?
I2Languages (I2.Loc.LanguageSourceAsset)	Dialogues/prepAfterConfrontation29	I... I guess I should talk to Joe. He might know what's to be done. \nMs. Agent mentioned something about the UFOs being covered in unpenetrable force field.\nI should keep that information in mind.
I2Languages (I2.Loc.LanguageSourceAsset)	Dialogues/prepUFOJoe1	<voice type=greeting>\nHey, Joe.\nI need your advice.
I2Languages (I2.Loc.LanguageSourceAsset)	Dialogues/joeUFOJoe2	<voice type=surprise>\nPrepper! What is it?\n<voice type=question>\nDo you have more UFO evidence?
I2Languages (I2.Loc.LanguageSourceAsset)	Dialogues/prepUFOJoe3	More than that, in a sense. I had a close encounter of the third kind.\nWell, I don't really know how these kinds are counted, but it was pretty close and personal.
I2Languages (I2.Loc.LanguageSourceAsset)	Dialogues/joeUFOJoe4	<voice type=question>\nWhat do you mean...?\n<voice type=surprise>\nWere you... were you abducted?!
I2Languages (I2.Loc.LanguageSourceAsset)	Dialogues/prepUFOJoe5	<voice type=acceptance>\nYes, that's the best way to put it.\nI went to the farm at night, and a UFO appeared at 3:00 AM. \nThen a beam of green light pulled me through the roof... And then I passed out.
I2Languages (I2.Loc.LanguageSourceAsset)	Dialogues/joeUFOJoe6	<voice type=surprise>\nPrepper, this is incredible!\n<voice type=thanks>\nI dreamt of such an opportunity! I have so many questions!\n<voice type=question>\nDid you see them? How do you feel now?\n<voice type=surprise>\nWere they behind the celestial battle over Nuremberg in 1561?\n<voice type=question>\nHave you checked your body for any weird markings?
I2Languages (I2.Loc.LanguageSourceAsset)	Dialogues/prepUFOJoe7	<voice type=negation>\nSlow down, Joe. It's not like they briefed me on their agenda.
I2Languages (I2.Loc.LanguageSourceAsset)	Dialogues/joeUFOJoe8	<voice type=acceptance>\nOK, OK. I just got excited. So let's take it slow.\n<voice type=question>\nDoes the UFO always appear at the farm at the same time?
I2Languages (I2.Loc.LanguageSourceAsset)	Dialogues/prepUFOJoe9	Yes. And that's why...
I2Languages (I2.Loc.LanguageSourceAsset)	Dialogues/joeUFOJoe10	<voice type=surprise>\nPrepper, I need to see this! Take me there!\n<voice type=thanks>\nI will record the whole thing!\n<voice type=laugh>\nThe UFO mysteries will be exposed and I'll be rich and famous!
I2Languages (I2.Loc.LanguageSourceAsset)	Dialogues/prepUFOJoe11	<voice type=order>\nJoe, please focus. How can I destroy the UFO?
I2Languages (I2.Loc.LanguageSourceAsset)	Dialogues/joeUFOJoe12	<voice type=question>\n...what?\n<voice type=surprise>\nDestroy it?\n<voice type=laugh>\nMr. Prepper, you are crazier than I thought. It's an advanced technology...\nBut then we can observe and study it carefully. Damn, this could be exciting.
I2Languages (I2.Loc.LanguageSourceAsset)	Dialogues/prepUFOJoe13	<voice type=question>\nSo, any ideas?
I2Languages (I2.Loc.LanguageSourceAsset)	Dialogues/joeUFOJoe14	I need more information. Everything you know.\n<voice type=question>\nWhat did you learn about UFO?
I2Languages (I2.Loc.LanguageSourceAsset)	Dialogues/prepUFOJoe15	Hm... Ms. Agent claims that every UFO is protected by a powerful external force field.\nNo human technology can damage it.
I2Languages (I2.Loc.LanguageSourceAsset)	Dialogues/joeUFOJoe16	<voice type=surprise>\nForce field! Incredible! This is so exciting.\nOkay. Let's think. \n<voice type=question>\nWe know that the UFO comes to this farm and abducts animals, right?
I2Languages (I2.Loc.LanguageSourceAsset)	Dialogues/prepUFOJoe17	Yes, go on.
I2Languages (I2.Loc.LanguageSourceAsset)	Dialogues/joeUFOJoe18	So the UFOs must have a way to carry objects through their force fields.\nI know you can make some explosives... and you're in general good with some small arts & crafts. 
I2Languages (I2.Loc.LanguageSourceAsset)	Dialogues/joeUFOJoe19	<voice type=order>\nAnd here goes are perfect trap: you could build a fake goat and fill it with explosives!\n<voice type=order>\nThe UFO may be impenetrable from the outside, but they won't expect an attack from the inside. \n<voice type=order>\nIt's a surefire plan, I can tell you.
I2Languages (I2.Loc.LanguageSourceAsset)	Dialogues/prepUFOJoe20	I guess we could give it a try. What's the worst that can happen?
I2Languages (I2.Loc.LanguageSourceAsset)	Dialogues/joeUFOJoe21	<voice type=question>\nSo when are we doing it?
I2Languages (I2.Loc.LanguageSourceAsset)	Dialogues/prepUFOJoe22	Sunday.\n<voice type=order>\nBe ready.
I2Languages (I2.Loc.LanguageSourceAsset)	Dialogues/joeUFOJoe23	<voice type=thanks>\nOf course! I will be there.
I2Languages (I2.Loc.LanguageSourceAsset)	Dialogues/prepBombCreate1	Okay, it looks...\nconvincing enough. 
I2Languages (I2.Loc.LanguageSourceAsset)	Dialogues/prepBombCreate2	But this needs to wait for the next Sunday.
I2Languages (I2.Loc.LanguageSourceAsset)	Dialogues/prepBombStillStuffToDo	<voice type=negation>\nNah, I have some things to do before that.
I2Languages (I2.Loc.LanguageSourceAsset)	Dialogues/prepBombNotSunday	I have to wait until Sunday with this.
I2Languages (I2.Loc.LanguageSourceAsset)	Dialogues/joeJoeMeetWill1	...yes, there have been sightings since the ancient times, and in different cultures: China, Japan, Germany...
I2Languages (I2.Loc.LanguageSourceAsset)	Dialogues/willJoeMeetWill2	<voice type=question>\nWow. And do we know what actually brings them here?
I2Languages (I2.Loc.LanguageSourceAsset)	Dialogues/joeJoeMeetWill3	They probably want to study us and life on Earth in general.\nAnd there is a hypothesis they are VERY interested in nuclear weapons - many of the sightings occur close to nuclear bases.
I2Languages (I2.Loc.LanguageSourceAsset)	Dialogues/willJoeMeetWill4	<voice type=anger>\nI didn't know that! Those outworldly bastards surely want to steal our nukes!
I2Languages (I2.Loc.LanguageSourceAsset)	Dialogues/willJoeMeetWill5	<voice type=greeting>\nOh, hi, Mr. Prepper. \nJoe was interested in the incidents on our farm and came to say hello.
I2Languages (I2.Loc.LanguageSourceAsset)	Dialogues/joeJoeMeetWill6	<voice type=acceptance>\nThat's right.
I2Languages (I2.Loc.LanguageSourceAsset)	Dialogues/willJoeMeetWill7	Joe knows a lot about aliens! Why haven't you mentioned him to me before?
I2Languages (I2.Loc.LanguageSourceAsset)	Dialogues/prepJoeMeetWill8	<voice type=disappointment>\nEmm...
I2Languages (I2.Loc.LanguageSourceAsset)	Dialogues/willJoeMeetWill8	It's nice talking to someone who gets it, for a change.
I2Languages (I2.Loc.LanguageSourceAsset)	Dialogues/prepJoeMeetWill9	I'm glad you two are getting along.
I2Languages (I2.Loc.LanguageSourceAsset)	Dialogues/willFarmEnd1	<voice type=question>\nWill that work?
I2Languages (I2.Loc.LanguageSourceAsset)	Dialogues/joeFarmEnd2	Oh yes, surely.
I2Languages (I2.Loc.LanguageSourceAsset)	Dialogues/prepFarmEnd3	<voice type=disappointment>\nI want to believe.
I2Languages (I2.Loc.LanguageSourceAsset)	Dialogues/joeFarmEnd4	<voice type=thanks>\nThis is so exciting!
I2Languages (I2.Loc.LanguageSourceAsset)	Dialogues/willFarmEnd5	<voice type=question>\nYou think we are safe here?
I2Languages (I2.Loc.LanguageSourceAsset)	Dialogues/joeFarmEnd6	<voice type=negation>\nI don't know if 'safe' applies to the contact of civilizations.\n<voice type=question>\nBut what's the worst that could happen?
I2Languages (I2.Loc.LanguageSourceAsset)	Dialogues/prepFarmEnd7	<voice type=question>\nHmm. You could get abducted?
I2Languages (I2.Loc.LanguageSourceAsset)	Dialogues/joeFarmEnd8	<voice type=surprise>\nOh boy, when you say it like this, it makes me giddy to run in and let the green light take me!
I2Languages (I2.Loc.LanguageSourceAsset)	Dialogues/prepFarmEnd9	<voice type=negation>\nPlease don't.\n<voice type=question>\nWe want to plant a bomb, remember?
I2Languages (I2.Loc.LanguageSourceAsset)	Dialogues/joeFarmEnd10	<voice type=disappointment>\nRight, right.
I2Languages (I2.Loc.LanguageSourceAsset)	Dialogues/prepFarmEnd11	And don't worry, Will. \nThey only seem to be interested in animals.
I2Languages (I2.Loc.LanguageSourceAsset)	Dialogues/willFarmEnd12	<voice type=question>\nBut they have abducted you, right?
I2Languages (I2.Loc.LanguageSourceAsset)	Dialogues/joeFarmEnd13	<voice type=surprise>\nOh, look! It begins!
I2Languages (I2.Loc.LanguageSourceAsset)	Dialogues/joeFarmEndSecond1	<voice type=laugh>\n...wow.\n<voice type=question>\nHave you guys seen this?
I2Languages (I2.Loc.LanguageSourceAsset)	Dialogues/prepFarmEndSecond2	Yes, we have.
I2Languages (I2.Loc.LanguageSourceAsset)	Dialogues/joeFarmEndSecond3	<voice type=thanks>\nThis is amazing!\n<voice type=thanks>\nI've waited for something like this all my life! \n<voice type=thanks>\nAll the secret readings, theories, testimonies, gossips - and finally I saw them with my own eyes!
I2Languages (I2.Loc.LanguageSourceAsset)	Dialogues/prepFarmEndSecond4	<voice type=laugh>\nYou might be in for a few more treats, I seem to keep attracting weird stuff.
I2Languages (I2.Loc.LanguageSourceAsset)	Dialogues/willFarmEndSecond5	<voice type=question>\nPhew. So it's over? 
I2Languages (I2.Loc.LanguageSourceAsset)	Dialogues/msagentFarmEndSecond6	<voice type=negation>\nNo, I don't think so, citizens.
I2Languages (I2.Loc.LanguageSourceAsset)	Dialogues/willFarmEndSecond7	<voice type=surprise>\nMs. Agent?! Why are you here?
I2Languages (I2.Loc.LanguageSourceAsset)	Dialogues/msagentFarmEndSecond8	<voice type=anger>\nI think you've made a terrible mistake.
I2Languages (I2.Loc.LanguageSourceAsset)	Dialogues/prepFarmEndSecond9	<voice type=order>\nBut... I only did what I was supposed to do! To protect this farm!
I2Languages (I2.Loc.LanguageSourceAsset)	Dialogues/prepFarmEndSecond10	<voice type=question>\nThis is my job here, right?
I2Languages (I2.Loc.LanguageSourceAsset)	Dialogues/msagentFarmEndSecond11	<voice type=order>\nI'm afraid this will have consequences. Far-reaching ones, possibly.
I2Languages (I2.Loc.LanguageSourceAsset)	Dialogues/msagentFarmEndSecond12	<voice type=negation>\nBut no, don't be afraid, the Agency won't make you any trouble.\nYou didn't exactly follow all the regulations... but you were defending the farm indeed.\nAnd the Agency might be able to make use of the wreckage.
I2Languages (I2.Loc.LanguageSourceAsset)	Dialogues/willFarmEndSecond13	<voice type=question>\nSo... what consequences?\n<voice type=fear>\nWill I lose my farm?\n<voice type=disappointment>\nI didn't like it here at first, but... it kind of grew on me.\n<voice type=disappointment>\nThis is my home now.
I2Languages (I2.Loc.LanguageSourceAsset)	Dialogues/msagentFarmEndSecond14	<voice type=negation>\nNo, Mr. Corso, you won't lose your post.\nAnd everything will be back to normal from tomorrow. \nThis night just simply never happened.
I2Languages (I2.Loc.LanguageSourceAsset)	Dialogues/msagentFarmEndSecond15	Tomorrow morning you will not remember any of this,\nso I can as well say this.\n<voice type=order>\nThey will be back.\nAnd whether they'll start a war or not, it will be bad for us.
I2Languages (I2.Loc.LanguageSourceAsset)	Dialogues/msagentFarmEndSecond16	I believe they were protecting a fragile state of balance here on Earth...\nAnd now this balance is off, and the chain reaction might be starting just now.\n<voice type=laugh>\nOK, the show's over, gentlemen. Bzzzt!
I2Languages (I2.Loc.LanguageSourceAsset)	Dialogues/old-joeFarmEndSecond7	I bet it wasn't the only saucer flying around here.
I2Languages (I2.Loc.LanguageSourceAsset)	Dialogues/old-prepFarmEndSecond8	Yes, you might be right. We need more sustained protection.
I2Languages (I2.Loc.LanguageSourceAsset)	Dialogues/old-prepFarmEndSecond9	I will reinforce this barn. \nAfter I'm done with that, it should not be so easy to damage, like it was for this UFO. 
I2Languages (I2.Loc.LanguageSourceAsset)	Dialogues/old-willFarmEndSecond10	Thank you, Mr. Prepper. I don't know what I'd do without you!
I2Languages (I2.Loc.LanguageSourceAsset)	Dialogues/old-joeFarmEndSecond11	I'm happy you both let me experience that.\nIt was a blast.
I2Languages (I2.Loc.LanguageSourceAsset)	Dialogues/prepFarmWakeUp1	<voice type=question>\nMmm... where am I?
I2Languages (I2.Loc.LanguageSourceAsset)	Dialogues/prepFarmWakeUp2	<voice type=acceptance>\nOh, okay, the farm. The farm... It looks safe. The animals are safe.
I2Languages (I2.Loc.LanguageSourceAsset)	Dialogues/prepFarmWakeUp3	<voice type=question>\nAnd I...
I2Languages (I2.Loc.LanguageSourceAsset)	Dialogues/prepFarmWakeUp4	<voice type=surprise>\nWait! I have destroyed the UFO!
I2Languages (I2.Loc.LanguageSourceAsset)	Dialogues/prepFarmWakeUp5	Ms. Agent... She was there too.
I2Languages (I2.Loc.LanguageSourceAsset)	Dialogues/prepFarmWakeUp6	<voice type=disappointment>\nAh, things are blurry.\n<voice type=question>\nDid she say something... about a war? The world thrown off-balance? A chain reaction? Weird.
I2Languages (I2.Loc.LanguageSourceAsset)	Dialogues/prepFarmWakeUp7	<voice type=acceptance>\nAlright, I'll better get back to prepping.
I2Languages (I2.Loc.LanguageSourceAsset)	Dialogues/prepGoatDesert1	<voice type=question>\nIt was an Agency's car. What's going on here?
I2Languages (I2.Loc.LanguageSourceAsset)	Dialogues/prepGoatDesert2	<voice type=disappointment>\nI'm losing signal...
I2Languages (I2.Loc.LanguageSourceAsset)	Dialogues/prepGoatDesert3	<voice type=upset>\nThere is no way to save this one.
I2Languages (I2.Loc.LanguageSourceAsset)	Dialogues/prepGoatDesert4	<voice type=surprise>\nWhat the...?!
I2Languages (I2.Loc.LanguageSourceAsset)	Dialogues/prepGoatDesert5	<voice type=greeting>\nOh, hello. How did you manage to escape?
I2Languages (I2.Loc.LanguageSourceAsset)	Dialogues/prepGoatDesert6	I'd better grab it and get out of here quickly. They might come back.
I2Languages (I2.Loc.LanguageSourceAsset)	Dialogues/prepInUFOShip1	<voice type=surprise>\nOoooh--?!
I2Languages (I2.Loc.LanguageSourceAsset)	Dialogues/prepInUFOShip2	<voice type=question>\nWhat? What is this place?
I2Languages (I2.Loc.LanguageSourceAsset)	Dialogues/prepInUFOShip3	<voice type=anger>\nGet off me!
I2Languages (I2.Loc.LanguageSourceAsset)	Dialogues/prepUFOEscape	<voice type=thanks>\nYes! Here we go!
I2Languages (I2.Loc.LanguageSourceAsset)	Dialogues/alien1rand1	specimen awake and active
I2Languages (I2.Loc.LanguageSourceAsset)	Dialogues/alien1rand2	high intelligence and determination
I2Languages (I2.Loc.LanguageSourceAsset)	Dialogues/alien1rand3	specimen seeks to escape
I2Languages (I2.Loc.LanguageSourceAsset)	Dialogues/alien2rand1	i hate this planet
I2Languages (I2.Loc.LanguageSourceAsset)	Dialogues/alien2rand2	mission in danger
I2Languages (I2.Loc.LanguageSourceAsset)	Dialogues/alien2rand3	very intelligent for an earthling
I2Languages (I2.Loc.LanguageSourceAsset)	Dialogues/alien3rand1	i miss our last mission on alpha centauri
I2Languages (I2.Loc.LanguageSourceAsset)	Dialogues/alien3rand2	what is happening
I2Languages (I2.Loc.LanguageSourceAsset)	Dialogues/alien3rand3	earthling escaping
I2Languages (I2.Loc.LanguageSourceAsset)	Dialogues/prepNoticeAlien1	<voice type=question>\nWhat... what is this?
I2Languages (I2.Loc.LanguageSourceAsset)	Dialogues/prepNoticeAlien2	<voice type=disappointment>\nMy head hurts.\n<voice type=question>\nWhat did they do to me?
I2Languages (I2.Loc.LanguageSourceAsset)	Dialogues/prepNoticeAlien3	<voice type=order>\nOK, let's not think about it.\n<voice type=order>\nLet's just ignore it.\n<voice type=order>\nNeed to get out of here.\n<voice type=order>\nFast.
I2Languages (I2.Loc.LanguageSourceAsset)	Dialogues/willGoat1Name	<voice type=greeting>\nStevie!
I2Languages (I2.Loc.LanguageSourceAsset)	Dialogues/willGoat2Name	<voice type=greeting>\nAngelo!
I2Languages (I2.Loc.LanguageSourceAsset)	Dialogues/willChicken1Name	<voice type=greeting>\nEartha!
I2Languages (I2.Loc.LanguageSourceAsset)	Dialogues/willChicken2Name	<voice type=greeting>\nGloria!
I2Languages (I2.Loc.LanguageSourceAsset)	Dialogues/willChicken3Name	<voice type=greeting>\nAdele!
I2Languages (I2.Loc.LanguageSourceAsset)	Dialogues/willThxResqueRand1	<voice type=thanks>\nThank you!
I2Languages (I2.Loc.LanguageSourceAsset)	Dialogues/willThxResqueRand2	<voice type=thanks>\nI knew I can count on you, Mr. Prepper!
I2Languages (I2.Loc.LanguageSourceAsset)	Dialogues/willThxResqueRand3	<voice type=thanks>\nThanks a lot!
I2Languages (I2.Loc.LanguageSourceAsset)	Dialogues/willGoat1Talk1	Now you can get back to quarreling with your friends, you magnificent beast.
I2Languages (I2.Loc.LanguageSourceAsset)	Dialogues/willGoat2Talk1	<voice type=order>\nYour family missed you!
I2Languages (I2.Loc.LanguageSourceAsset)	Dialogues/willChicken1Talk1	<voice type=acceptance>\nGood to see you back! Stylish as always.
I2Languages (I2.Loc.LanguageSourceAsset)	Dialogues/willChicken2Talk1	<voice type=upset>\nI was afraid for you, I was petrified! Welcome back.
I2Languages (I2.Loc.LanguageSourceAsset)	Dialogues/willChicken3Talk1	<voice type=question>\nHello, how are you?
I2Languages (I2.Loc.LanguageSourceAsset)	Dialogues/willTakeThemBackSingle	I will take it back to the others.
I2Languages (I2.Loc.LanguageSourceAsset)	Dialogues/willTakeThemBackMultiple	I will take them back to the others.
I2Languages (I2.Loc.LanguageSourceAsset)	Dialogues/willDogeTreat1	Mr. Prepper, give Xeno those treats from me.
I2Languages (I2.Loc.LanguageSourceAsset)	Dialogues/willDogeTreat2	He loves that stuff even more than rat meat.\nIt's made according to my own secret recipe.
I2Languages (I2.Loc.LanguageSourceAsset)	Dialogues/prepGoatEscapeRand1	<voice type=order>\nWait!
I2Languages (I2.Loc.LanguageSourceAsset)	Dialogues/prepGoatEscapeRand2	<voice type=order>\nCome back here!
I2Languages (I2.Loc.LanguageSourceAsset)	Dialogues/prepGoatForest1	<voice type=surprise>\nHere it is! One of the goats from the farm.
I2Languages (I2.Loc.LanguageSourceAsset)	Dialogues/prepGoatForest2	<voice type=question>\nIt's acting weird.\n<voice type=question>\nIs it in pain?
I2Languages (I2.Loc.LanguageSourceAsset)	Dialogues/prepGoatForest3	Looks like it's fighting something.
I2Languages (I2.Loc.LanguageSourceAsset)	Dialogues/prepGoatForest4	<voice type=acceptance>\nOkay... Looks like it has finally calmed down.
I2Languages (I2.Loc.LanguageSourceAsset)	Dialogues/prepGoatForest5	Come on, buddy, I will take you back home.
I2Languages (I2.Loc.LanguageSourceAsset)	Dialogues/prepMineChicken1	<voice type=greeting>\nOh, hey, Bob.
I2Languages (I2.Loc.LanguageSourceAsset)	Dialogues/prepMineChicken2	<voice type=question>\nI see you got a situation here?
I2Languages (I2.Loc.LanguageSourceAsset)	Dialogues/bobMineChicken3	<voice type=upset>\nYes, this chicken is driving me crazy. \nIt just appeared out of nowhere a couple of days ago.\n<voice type=disappointment>\nAnd it is so nimble I can't catch it.
I2Languages (I2.Loc.LanguageSourceAsset)	Dialogues/bobMineChicken4	This band on its leg produces a weird sound.\n<voice type=negation>\nI've been worrying it was some sort of transmitter, and I don't want our hideout to be compromised.\n<voice type=fear>\nIs this chicken sent by the government?!
I2Languages (I2.Loc.LanguageSourceAsset)	Dialogues/bobMineChicken5	<voice type=question>\nHaha, no, that would be crazy, right?
I2Languages (I2.Loc.LanguageSourceAsset)	Dialogues/prepMineChicken6	Don't worry, Bob, I will handle this. \n<voice type=laugh>\nI'm suprisingly good with animals, as it turned out.
I2Languages (I2.Loc.LanguageSourceAsset)	Dialogues/prepGrabChicken1	That went well.
I2Languages (I2.Loc.LanguageSourceAsset)	Dialogues/prepGrabChicken2	I should bring it back to Will.
I2Languages (I2.Loc.LanguageSourceAsset)	Dialogues/bobMineChickenCought1	<voice type=thanks>\nThank you, Prepper, you made it look so easy.
I2Languages (I2.Loc.LanguageSourceAsset)	Dialogues/prepMineChickenCought2	I've gained some experience with animals thanks to a work order from our favorite Agency.\n<voice type=question>\nBy the way, how did this chicken get in here?
I2Languages (I2.Loc.LanguageSourceAsset)	Dialogues/bobMineChickenCought3	This is a great question.\nIt just suddenly appeared here, it seems.
I2Languages (I2.Loc.LanguageSourceAsset)	Dialogues/bobMineChickenCought4	<voice type=disappointment>\nAnd... I don't want to sound crazy, Prepper.\nBut shortly before, I saw something flying in the night sky. \nIt is producing green and blue lights, but didn't look like a plane. \n<voice type=question>\nIs the Agency up to something again?
I2Languages (I2.Loc.LanguageSourceAsset)	Dialogues/prepMineChickenCought5	Odd! I don't know what to make of it.
I2Languages (I2.Loc.LanguageSourceAsset)	Dialogues/prepMazeChickens1	<voice type=laugh>\nJackpot, 2 for one. 
I2Languages (I2.Loc.LanguageSourceAsset)	Dialogues/prepMazeChickens2	<voice type=question>\nAnd what's that? Doesn't really look like a kids' attraction.\n<voice type=disappointment>\nThis mark. Looks familiar...
I2Languages (I2.Loc.LanguageSourceAsset)	Dialogues/antenaSignalFromSpace1	YOU ARE IN GRAVE DANGER\nPLEASE COOPERATE\nLAY DOWN YOUR ARMS
I2Languages (I2.Loc.LanguageSourceAsset)	Dialogues/prepSignalFromSpace2	<voice type=anger>\nAh...! Terrible noise! And what is it, a threat?
I2Languages (I2.Loc.LanguageSourceAsset)	Dialogues/prepMazeChickens3	It's alright now, I will bring you two back to Will. 
I2Languages (I2.Loc.LanguageSourceAsset)	Dialogues/prepAllAnimalsFound1	<voice type=thanks>\nAll of them. The family is together again!
I2Languages (I2.Loc.LanguageSourceAsset)	Dialogues/prepAllAnimalsFound2	Now it's time to talk with Will.
I2Languages (I2.Loc.LanguageSourceAsset)	Dialogues/prepDogPetRand1	<voice type=question>\nWho's a good boy?
I2Languages (I2.Loc.LanguageSourceAsset)	Dialogues/prepDogPetRand2	<voice type=acceptance>\nYou're a good boy!
I2Languages (I2.Loc.LanguageSourceAsset)	Dialogues/prepDogPetRand3	You're very brave to put up with all the stuff that's going around here.
I2Languages (I2.Loc.LanguageSourceAsset)	Dialogues/prepAllAnimalsResqued1	<voice type=acceptance>\nSo all the missing animals are back. Mission completed!
I2Languages (I2.Loc.LanguageSourceAsset)	Dialogues/willAllAnimalsResqued2	<voice type=negation>\nHmm? Oh no, of course not. I had a lot more. 
I2Languages (I2.Loc.LanguageSourceAsset)	Dialogues/willAllAnimalsResqued3	<voice type=disappointment>\nBut they were disappearing back then, before you came here.\n<voice type=disappointment>\nIf you haven't encountered them... I think they are already gone.
I2Languages (I2.Loc.LanguageSourceAsset)	Dialogues/willAllAnimalsResqued4	<voice type=thanks>\nAnyway, thank you for bringing the animals back to me! \n<voice type=anger>\nI hope the problems are over. I'm fed up with both the Agency and the aliens or whatever.
I2Languages (I2.Loc.LanguageSourceAsset)	Dialogues/willAllAnimalsResqued5	<voice type=question>\nBy the way, how is Xeno doing? \n<voice type=question>\nDo you get along well?
I2Languages (I2.Loc.LanguageSourceAsset)	Dialogues/prepAllAnimalsResqued6	Yes, he's a good dog.
I2Languages (I2.Loc.LanguageSourceAsset)	Dialogues/willAllAnimalsResqued7	<voice type=thanks>\nGood, I'm glad.\nMr. Prepper. Here, take a look.\nThis is how I make his favorite treats.
I2Languages (I2.Loc.LanguageSourceAsset)	Dialogues/prepAllAnimalsResqued8	Mhm, the secret ingredient is rat meat.\n<voice type=disappointment>\nI should have guessed.
I2Languages (I2.Loc.LanguageSourceAsset)	Dialogues/willAllAnimalsResqued9	Just don't spoil him too much, Mr. Prepper.
I2Languages (I2.Loc.LanguageSourceAsset)	Dialogues/prepAllAnimalsResqued10	Sure thing.
I2Languages (I2.Loc.LanguageSourceAsset)	Dialogues/willDogeReward1	<voice type=question>\nUhm, Mr. Prepper?
I2Languages (I2.Loc.LanguageSourceAsset)	Dialogues/prepDogeReward2	I'm here.
I2Languages (I2.Loc.LanguageSourceAsset)	Dialogues/willDogeReward3	<voice type=order>\nI have made a decision.
I2Languages (I2.Loc.LanguageSourceAsset)	Dialogues/prepDogeReward4	<voice type=question>\nWhat decision?
I2Languages (I2.Loc.LanguageSourceAsset)	Dialogues/willDogeReward5	<voice type=disappointment>\nSee... you know, my dog Xeno is here illegally.\n<voice type=upset>\nYou know the Agency is weird about dogs.
I2Languages (I2.Loc.LanguageSourceAsset)	Dialogues/willDogeReward6	And I've heard from some folks that you have... \nA small illegal project on your own in your house.\n<voice type=question>\nSo you're more... used to this kind of stuff?
I2Languages (I2.Loc.LanguageSourceAsset)	Dialogues/prepDogeReward7	<voice type=surprise>\nWhat folks?!
I2Languages (I2.Loc.LanguageSourceAsset)	Dialogues/willDogeReward8	<voice type=negation>\nOh, don't think about that too much.
I2Languages (I2.Loc.LanguageSourceAsset)	Dialogues/prepDogeReward9	<voice type=disappointment>\n...
I2Languages (I2.Loc.LanguageSourceAsset)	Dialogues/willDogeReward10	<voice type=question>\nSo what do you think? Xeno would be a lot safer with you.
I2Languages (I2.Loc.LanguageSourceAsset)	Dialogues/willDogeReward11	<voice type=anger>\nI can't imagine him getting taken by the Agency one day.\n<voice type=upset>\nIt would break my heart.
I2Languages (I2.Loc.LanguageSourceAsset)	Dialogues/willDogeReward12	<voice type=question>\nMr. Prepper, can you take care of him for me? \nI see that he likes you.
I2Languages (I2.Loc.LanguageSourceAsset)	Dialogues/willDogeReward13	<voice type=upset>\nJust visit me from time to time, Xeno.
I2Languages (I2.Loc.LanguageSourceAsset)	Dialogues/willDogeReward14	In this book you will find everything you need to take care of him.
I2Languages (I2.Loc.LanguageSourceAsset)	Dialogues/prepDogeReward15	Xeno will be safe with me, I promise.\n<voice type=thanks>\nThank you for entrusting him to me.\n<voice type=acceptance>\nI'm sure he will be a great help.
I2Languages (I2.Loc.LanguageSourceAsset)	Dialogues/prepperFIdleRand1	What a quiet day.
I2Languages (I2.Loc.LanguageSourceAsset)	Dialogues/prepperFIdleRand2	<voice type=laugh>\nBaby shark, do do do...\n<voice type=disappointment>\nah, damn, it's the worst of earworms.
I2Languages (I2.Loc.LanguageSourceAsset)	Dialogues/prepperFIdleRand3	Give man a fish, you'll feed him for a day.\nTeach a man to fish, and he'll soon establish a fishing industry and destroy the ecosystem.
I2Languages (I2.Loc.LanguageSourceAsset)	Dialogues/prepperFIdleRand4	Not much happening. I guess those scoundrels from the Agency don't even stock fish in here.
I2Languages (I2.Loc.LanguageSourceAsset)	Dialogues/prepperFIdleRand5	<voice type=disappointment>\nNot the most exciting day of fishing.
I2Languages (I2.Loc.LanguageSourceAsset)	Dialogues/prepperFIdleRand6	<voice type=question>\nWhat's that smell...? Ah, nevermind, I'm sure this lake is very clean.
I2Languages (I2.Loc.LanguageSourceAsset)	Dialogues/prepperFCatchRand1	<voice type=surprise>\nOooh... I got something!
I2Languages (I2.Loc.LanguageSourceAsset)	Dialogues/prepperFCatchRand2	<voice type=surprise>\nGotcha!
I2Languages (I2.Loc.LanguageSourceAsset)	Dialogues/prepperFCatchRand3	<voice type=surprise>\nCome to me!
I2Languages (I2.Loc.LanguageSourceAsset)	Dialogues/prepperFCatchItemRand1	<voice type=disappointment>\nAww... Just trash.
I2Languages (I2.Loc.LanguageSourceAsset)	Dialogues/prepperFCatchItemRand2	<voice type=disappointment>\nNothing.
I2Languages (I2.Loc.LanguageSourceAsset)	Dialogues/prepperFCatchItemRand3	<voice type=disappointment>\nEhh... Come on!
I2Languages (I2.Loc.LanguageSourceAsset)	Dialogues/prepperFLoseMinigameRand1	<voice type=upset>\nAlmost!
I2Languages (I2.Loc.LanguageSourceAsset)	Dialogues/prepperFLoseMinigameRand2	<voice type=disappointment>\nShucks.
I2Languages (I2.Loc.LanguageSourceAsset)	Dialogues/prepperFLoseMinigameRand3	<voice type=upset>\nHey fish, come back.
I2Languages (I2.Loc.LanguageSourceAsset)	Dialogues/prepperFHeavyFishRand1	<voice type=laugh>\nWow, that's a big fish!
I2Languages (I2.Loc.LanguageSourceAsset)	Dialogues/prepperFHeavyFishRand2	Oh, I hope the rod will hold!
I2Languages (I2.Loc.LanguageSourceAsset)	Dialogues/prepperFMediumFishRand1	Here comes that boy!
I2Languages (I2.Loc.LanguageSourceAsset)	Dialogues/prepperFMediumFishRand2	<voice type=order>\nI'll make it! I'll make it!
I2Languages (I2.Loc.LanguageSourceAsset)	Dialogues/prepperFSmallFishRand1	<voice type=laugh>\nOh, so tiny!
I2Languages (I2.Loc.LanguageSourceAsset)	Dialogues/prepperFSmallFishRand2	Just taking it slow and casual.
I2Languages (I2.Loc.LanguageSourceAsset)	Dialogues/prepperFUncommonFishRand1	Aw yiss!
I2Languages (I2.Loc.LanguageSourceAsset)	Dialogues/prepperFUncommonFishRand2	<voice type=thanks>\nWow, catch of the day!
I2Languages (I2.Loc.LanguageSourceAsset)	Dialogues/prepperFRareFishRand1	Swim right to me!
I2Languages (I2.Loc.LanguageSourceAsset)	Dialogues/prepperFRareFishRand2	<voice type=thanks>\nShiny!
I2Languages (I2.Loc.LanguageSourceAsset)	Dialogues/prepperFEpicFishRand1	<voice type=thanks>\nWhat a happy day!
I2Languages (I2.Loc.LanguageSourceAsset)	Dialogues/prepperFEpicFishRand2	Jackpot!
I2Languages (I2.Loc.LanguageSourceAsset)	Dialogues/willFishRewardStarterRand1	How is your fishing going?
I2Languages (I2.Loc.LanguageSourceAsset)	Dialogues/willFishRewardStarterRand2	<voice type=question>\nHey, Prepper. Did you catch the fish that Henry wanted?
I2Languages (I2.Loc.LanguageSourceAsset)	Dialogues/willFishRewardStarterRand3	I see you really like fishing. \nWhat do you got there?
I2Languages (I2.Loc.LanguageSourceAsset)	Dialogues/prepFishRewardShowRand1	I got the fish you asked for.
I2Languages (I2.Loc.LanguageSourceAsset)	Dialogues/prepFishRewardShowRand2	I'm proud of this catch.
I2Languages (I2.Loc.LanguageSourceAsset)	Dialogues/prepFishRewardShowRand3	Check this out!
I2Languages (I2.Loc.LanguageSourceAsset)	Dialogues/prepFishRewardShowRand4	<voice type=question>\nWhat do you know about this fish?
I2Languages (I2.Loc.LanguageSourceAsset)	Dialogues/prepFishRewardShowRand5	<voice type=question>\nWhy did you ask for this fish anyway?
I2Languages (I2.Loc.LanguageSourceAsset)	Dialogues/willWhiteMinnowTalk1	A white minnow. Not the greatest of catches, but it's a good fish for beginners if you want to start an aquarium.
I2Languages (I2.Loc.LanguageSourceAsset)	Dialogues/willSilverMinnowTalk1	A silver minnow. They shine like coins in the sun. They make for good baits for bigger fish.
I2Languages (I2.Loc.LanguageSourceAsset)	Dialogues/willEmeraldMinnowTalk1	An emerald minnow! Either an effective live bait or a pretty aquarium fish.
I2Languages (I2.Loc.LanguageSourceAsset)	Dialogues/willGoldMinnowTalk1	A golden minnow! A nice, rare catch.
I2Languages (I2.Loc.LanguageSourceAsset)	Dialogues/willBlackBassTalk1	A black bass! A classic of American angling. Common, but can put up a good fight.
I2Languages (I2.Loc.LanguageSourceAsset)	Dialogues/willWhitePerchTalk1	A white perch. A decent catch. Tasty if cooked properly.
I2Languages (I2.Loc.LanguageSourceAsset)	Dialogues/willYellowPerchTalk1	A yellow perch! Vivid color and stripes. Very pretty, very tasty.
I2Languages (I2.Loc.LanguageSourceAsset)	Dialogues/willStripedBassTalk1	A striped bass! These are tough ones, fitted for long migration. A good catch.
I2Languages (I2.Loc.LanguageSourceAsset)	Dialogues/willPinkSalmonTalk1	You've caught a pink salmon. A popular fish, even if not my favorite.
I2Languages (I2.Loc.LanguageSourceAsset)	Dialogues/willRedSalmonTalk1	Ah, here's a red salmon. They just go headfirst into life and death and love sporting intense red.
I2Languages (I2.Loc.LanguageSourceAsset)	Dialogues/willRainbowTroutTalk1	It's a rainbow trout you have here. They're very energetic and require good skill to catch.
I2Languages (I2.Loc.LanguageSourceAsset)	Dialogues/willGoldTroutTalk1	A golden trout! Rare and beautiful fish. A great catch.
I2Languages (I2.Loc.LanguageSourceAsset)	Dialogues/willBlackCatfishTalk1	A black catfish. They're rather small and taste well only if they lived in clean water. 
I2Languages (I2.Loc.LanguageSourceAsset)	Dialogues/willBlueCatfishTalk1	Apparently a blue catfish. They're tough and long-living. But well, you outsmarted this one.
I2Languages (I2.Loc.LanguageSourceAsset)	Dialogues/willWhiteCatfishTalk1	A white catfish. Funny, I didn't know you can catch them in this area.
I2Languages (I2.Loc.LanguageSourceAsset)	Dialogues/willTigerfishTalk1	The stripes, the shape - it must be a tigerfish! They fight relentlessly.
I2Languages (I2.Loc.LanguageSourceAsset)	Dialogues/prepNoticeCrashedUFOInLake1	Oh, here it is. Thus passes the glory of the outer world.
I2Languages (I2.Loc.LanguageSourceAsset)	Dialogues/prepInspectCrashedUFOInLake1	A crashed UFO. I'm still not sure if it was the right thing to do, but they really were a hassle.
I2Languages (I2.Loc.LanguageSourceAsset)	Dialogues/prepCrashedUFOInLakeGone1	Oh, the UFO is gone now. Someone must have retrieved the wreckage.
I2Languages (I2.Loc.LanguageSourceAsset)	Dialogues/prepIncorrectFishOnAqua	<voice type=negation>\nOops... You're not gonna fit in here, buddy.
I2Languages (I2.Loc.LanguageSourceAsset)	Dialogues/prepEndFishes	That's all I got.
I2Languages (I2.Loc.LanguageSourceAsset)	Dialogues/willFishingRewardRand1	<voice type=acceptance>\nHere, take those gifts and make use of them!
I2Languages (I2.Loc.LanguageSourceAsset)	Dialogues/willFishingRewardRand2	<voice type=acceptance>\nThose are for you, thank me later.
I2Languages (I2.Loc.LanguageSourceAsset)	Dialogues/willFishingRewardRand3	<voice type=acceptance>\nI've got you some good gifts.
I2Languages (I2.Loc.LanguageSourceAsset)	Dialogues/willFishingRewardEnd1	Henry is satisfied for now. Come back later.
I2Languages (I2.Loc.LanguageSourceAsset)	Dialogues/prepFishingRewardEnd2	<voice type=thanks>\nThank you. I will.
I2Languages (I2.Loc.LanguageSourceAsset)	Dialogues/prepNeedFishingBait	<voice type=negation>\nI need a fishing bait.
I2Languages (I2.Loc.LanguageSourceAsset)	Dialogues/prepUFOShipHole	<voice type=negation>\nThere is a hole in the floor.
I2Languages (I2.Loc.LanguageSourceAsset)	Dialogues/prepUFOShipNeedClothes	This should work... \nI think.\nBut I should grab my clothes before I leave.
I2Languages (I2.Loc.LanguageSourceAsset)	Dialogues/prepPostGameUFO	<voice type=order>\nNow I am become Death, the destroyer of worlds.\nWell, outworldly vehicles at least.\n<voice type=negation>\nNo chance that saucer will fly again.
I2Languages (I2.Loc.LanguageSourceAsset)	Dialogues/prepPostGameUFOGone1	<voice type=question>\nSomething is missing...
I2Languages (I2.Loc.LanguageSourceAsset)	Dialogues/prepPostGameUFOGone2	<voice type=surprise>\nUFO! It's gone!
I2Languages (I2.Loc.LanguageSourceAsset)	Dialogues/prepPostGameUFOGone3	<voice type=question>\nDid it lift up somehow? \n<voice type=question>\nOr did someone take it?
I2Languages (I2.Loc.LanguageSourceAsset)	Dialogues/prepBeesTut	Bees need flowers to produce honey.\nI should plant some flowers in this room.
I2Languages (I2.Loc.LanguageSourceAsset)	Dialogues/prepBeesTutGrowing	Flowers are growing.\nNeed to wait a bit to get some honey.
I2Languages (I2.Loc.LanguageSourceAsset)	Dialogues/henIdle	Cluck!
I2Languages (I2.Loc.LanguageSourceAsset)	Dialogues/henReaction	Cluck!
I2Languages (I2.Loc.LanguageSourceAsset)	Dialogues/msagentMsAgentSecond1	<voice type=order>\nMr. Prepper.
I2Languages (I2.Loc.LanguageSourceAsset)	Dialogues/prepMsAgentSecond2	<voice type=question>\nOh, I... didn't see you there.. Ms...
I2Languages (I2.Loc.LanguageSourceAsset)	Dialogues/msagentMsAgentSecond3	<voice type=question>\nSo how are things going on the farm?
I2Languages (I2.Loc.LanguageSourceAsset)	Dialogues/prepMsAgentSecond4	<voice type=acceptance>\nFarm, right.\nIt's... getting better. The animals stopped acting up.\nI fixed a few things here and there.
I2Languages (I2.Loc.LanguageSourceAsset)	Dialogues/msagentMsAgentSecond5	<voice type=question>\nSo nothing bad had happened?
I2Languages (I2.Loc.LanguageSourceAsset)	Dialogues/prepMsAgentSecond6	Some animals went missing.\nIt happened last night, I think.\nI suspect it's because of some wild animals. I will take care of that.
I2Languages (I2.Loc.LanguageSourceAsset)	Dialogues/msagentMsAgentSecond7	<voice type=order>\nGood. I will keep checking the developments. Bless the president!
I2Languages (I2.Loc.LanguageSourceAsset)	Dialogues/prepMsAgentSecond8	<voice type=disappointment>\nWow, I should be more careful.\nShe really keeps an eye on this farm. Perhaps agriculture is not the only thing the Agency observes here...
I2Languages (I2.Loc.LanguageSourceAsset)	Dialogues/prepMsAgentThird1	<voice type=order>\nThe Agent is coming!
I2Languages (I2.Loc.LanguageSourceAsset)	Dialogues/willMsAgentThird2	<voice type=surprise>\n!?
I2Languages (I2.Loc.LanguageSourceAsset)	Dialogues/willMsAgentThird3	<voice type=order>\nXeno, hide! Quickly!
I2Languages (I2.Loc.LanguageSourceAsset)	Dialogues/prepMsAgentThird4	<voice type=question>\nWait, why does he have to hide?
I2Languages (I2.Loc.LanguageSourceAsset)	Dialogues/willMsAgentThird5	<voice type=anger>\nNot now!
I2Languages (I2.Loc.LanguageSourceAsset)	Dialogues/msagentMsAgentThird6	<voice type=order>\nCitizens.
I2Languages (I2.Loc.LanguageSourceAsset)	Dialogues/willMsAgentThird7	<voice type=greeting>\nOh, hello, Ms. Agent! What a lovely day we have here!\n<voice type=acceptance>\nEverything on the farm is going great. \nAnd Mr. Prepper's assistance has been very useful...
I2Languages (I2.Loc.LanguageSourceAsset)	Dialogues/msagentMsAgentThird8	<voice type=order>\nCitizen. The dog. Don't think I didn't see him.
I2Languages (I2.Loc.LanguageSourceAsset)	Dialogues/msagentMsAgentThird9	<voice type=order>\nThis issue must be dealt with.
I2Languages (I2.Loc.LanguageSourceAsset)	Dialogues/willMsAgentThird10	<voice type=anger>\nNo, you can't! You cruel, self-righteous...
I2Languages (I2.Loc.LanguageSourceAsset)	Dialogues/prepMsAgentThird11	<voice type=order>\nWill!
I2Languages (I2.Loc.LanguageSourceAsset)	Dialogues/willMsAgentThird12	<voice type=upset>\nI'm sorry, Ms. Agent.
I2Languages (I2.Loc.LanguageSourceAsset)	Dialogues/msagentMsAgentThird13	<voice type=question>\nAnimals are missing once more, correct?
I2Languages (I2.Loc.LanguageSourceAsset)	Dialogues/prepMsAgentThird14	<voice type=disappointment>\nUhm... yes.
I2Languages (I2.Loc.LanguageSourceAsset)	Dialogues/msagentMsAgentThird15	I wasn't really expecting anything else.\n<voice type=disappointment>\n(Why, oh why was I assigned here.)\nAlright, until next time. Bless the president.
I2Languages (I2.Loc.LanguageSourceAsset)	Dialogues/willMsAgentThirdAfter16	<voice type=anger>\nDamn Agency! May they rot in hell! 
I2Languages (I2.Loc.LanguageSourceAsset)	Dialogues/prepMsAgentThird17	I'm sorry, Will. But explain something to me.\n<voice type=question>\nIs Xeno some outlaw? Pirate on a run?\n<voice type=question>\nDid he bite an Agent or something?
I2Languages (I2.Loc.LanguageSourceAsset)	Dialogues/willMsAgentThirdAfter18	<voice type=disappointment>\nYou know the Agency is weird with dogs in general. They were taking dogs away from people under some feeble pretexts.\n<voice type=upset>\nAnd Ms. Agent... When she first saw Xeno, she told me she wants to confiscate him on behalf of the Agency.\n<voice type=upset>\nBut he felt that and ran away from her. Still avoids her whenever he can. And she regularly threatens to hunt him down. 
I2Languages (I2.Loc.LanguageSourceAsset)	Dialogues/prepMsAgentThird19	I see.\nBut Xeno is smart. \nSmartest dog I have ever met.\n<voice type=acceptance>\nThere is no way some Agency's dog catcher will win with him.
I2Languages (I2.Loc.LanguageSourceAsset)	Dialogues/willMsAgentThirdAfter20	<voice type=thanks>\nThank you, Mr. Prepper.\n<voice type=disappointment>\nAnd remember about my missing animals.\n<voice type=disappointment>\nI need to rest and think for a bit.
I2Languages (I2.Loc.LanguageSourceAsset)	Dialogues/prepNeedFishingRod2	<voice type=negation>\nI need a fishing rod.
I2Languages (I2.Loc.LanguageSourceAsset)	Dialogues/weatherRadioSunny	clear skies
I2Languages (I2.Loc.LanguageSourceAsset)	Dialogues/weatherRadioRain	rain
I2Languages (I2.Loc.LanguageSourceAsset)	Dialogues/weatherRadioHeavyRain	heavy rain
I2Languages (I2.Loc.LanguageSourceAsset)	Dialogues/weatherRadioFog	fog
I2Languages (I2.Loc.LanguageSourceAsset)	Dialogues/weatherRadioThunder	thunder
I2Languages (I2.Loc.LanguageSourceAsset)	Dialogues/prepNotEnoughGranades	<voice type=negation>\nI need grenades to play this.
I2Languages (I2.Loc.LanguageSourceAsset)	Dialogues/weatherRadioStartTime	from #0#
I2Languages (I2.Loc.LanguageSourceAsset)	Dialogues/weatherRadioStartMorning	from the morning
I2Languages (I2.Loc.LanguageSourceAsset)	Dialogues/weatherRadioEndTime	until #0#
I2Languages (I2.Loc.LanguageSourceAsset)	Dialogues/weatherRadioEndDay	until the end of the day
I2Languages (I2.Loc.LanguageSourceAsset)	Dialogues/weatherRadioStartSent	We can expect
I2Languages (I2.Loc.LanguageSourceAsset)	Dialogues/prepNotHaveWeapon	I need a range weapon to play this.
I2Languages (I2.Loc.LanguageSourceAsset)	Dialogues/prepNotHaveAmmo	I need more ammunition.
I2Languages (I2.Loc.LanguageSourceAsset)	Dialogues/weatherRadioConnector	and
I2Languages (I2.Loc.LanguageSourceAsset)	Dialogues/prepWillPostGame1	<voice type=greeting>\nHello, Will. I wanted to ask you something.
I2Languages (I2.Loc.LanguageSourceAsset)	Dialogues/willWillPostGame2	<voice type=question>\nHello, Mr. Prepper. Sure, what it is?
I2Languages (I2.Loc.LanguageSourceAsset)	Dialogues/prepWillPostGame3	<voice type=question>\nDo you remember what was the thing Ms. Agent mentioned last night?
I2Languages (I2.Loc.LanguageSourceAsset)	Dialogues/willWillPostGame4	<voice type=question>\nWhat? Ms. Agent was here last night?\n<voice type=question>\nWhy? What did she want?\n<voice type=fear>\nAm I in trouble?
I2Languages (I2.Loc.LanguageSourceAsset)	Dialogues/prepWillPostGame5	<voice type=disappointment>\nOh.\n<voice type=negation>\nNo, sorry, you misheard me.\n<voice type=question>\nI just wanted to ask your opinion: which fish is the king of all waters: the muskie or the largemouth bass?
I2Languages (I2.Loc.LanguageSourceAsset)	Dialogues/willWillPostGame6	Of course, the largemouth bass is the king of all waters like the lion is the king of the jungle.
I2Languages (I2.Loc.LanguageSourceAsset)	Dialogues/henWillPostGame7	Cluck!
I2Languages (I2.Loc.LanguageSourceAsset)	Dialogues/prepWillPostGame8	Thank you, Will.
I2Languages (I2.Loc.LanguageSourceAsset)	Dialogues/prepJoePostGame1	<voice type=disappointment>\nJoe, about the UFO wreckage...
I2Languages (I2.Loc.LanguageSourceAsset)	Dialogues/joeJoePostGame2	<voice type=question>\nUFO wreckage? Which one? The one from Roswell? \n<voice type=question>\nThe one from Shag Harbour? Or maybe this weird case from Aurora, Texas? \n<voice type=laugh>\nMr. Prepper, you keep suprising me!\n<voice type=acceptance>\nI didn't know you were interested in this stuff too!
I2Languages (I2.Loc.LanguageSourceAsset)	Dialogues/prepJoePostGame3	<voice type=disappointment>\nOh my...\nYou know what, I think I left something in the furnace back home.\nI'll be right back.
I2Languages (I2.Loc.LanguageSourceAsset)	Dialogues/prepTemplate	template
I2Languages (I2.Loc.LanguageSourceAsset)	Dialogues/prepToBigBoy	This fish is way too big!
I2Languages (I2.Loc.LanguageSourceAsset)	Dialogues/prepDogeUnderground	<voice type=disappointment>\nHm... \n<voice type=disappointment>\nHe doesn't look too happy in here.\n<voice type=question>\nMaybe I should keep him on the surface, in the house?
I2Languages (I2.Loc.LanguageSourceAsset)	Dialogues/prepDogeOverground	<voice type=acceptance>\nOh hey, this is a nice place for you.\nI will have to make sure to hide you from Agency before each inspection, though. You need to stay quiet and listen to me!
I2Languages (I2.Loc.LanguageSourceAsset)	Dialogues/prepDogGone	<voice type=surprise>\nWait... The dog is gone?! My good boy?\n<voice type=question>\nMaybe it wasn't good enough with me for him?\n<voice type=upset>\nI hope he will come back.
I2Languages (I2.Loc.LanguageSourceAsset)	Dialogues/prepDogExpedition	Aw... I see that the dog has just simply gone to do dog stuff.\nHope he doesn't get into trouble.
I2Languages (I2.Loc.LanguageSourceAsset)	Dialogues/prepAgressiveAnimal	<voice type=negation>\nI can see it's stressed out, better not to touch it now.
I2Languages (I2.Loc.LanguageSourceAsset)	Dialogues/agentDogDenNoticed	<random>\nDo you keep any pets here, Citizen?\nI'd like to remind you that keeping pets is against the regulations, Citizen.\nI hope you are aware, Citizen, that keeping pets is forbidden.\nI noticed a non-standard piece of furniture. I hope it is not intended for a pet.\nCitizen, I see an unusual object. I'd say it's intended for a pet, but you surely know it's forbidden.\nI see a non-standard piece of furniture, but I'll just assume it's a weird ornament, Citizen.\n</random>
I2Languages (I2.Loc.LanguageSourceAsset)	Dialogues/agentDogNoticed	<random>\nCitizen, keeping pets in the house is forbidden and can get you in trouble.\nOh, what do we have here. A dog. You know it's forbidden, Citizen?\nKeeping pets is against the regulations, I need to report this.\nWhat, a dog? This is obviously against the regulations, Citizen.\nMy employers will not be happy, Citizen.\nI see a dog. You must have known it is forbidden to keep a pet, Citizen.\n</random>
I2Languages (I2.Loc.LanguageSourceAsset)	Dialogues/willTamplate	
I2Languages (I2.Loc.LanguageSourceAsset)	Dialogues/willTamplate2	
I2Languages (I2.Loc.LanguageSourceAsset)	Dialogues/willFishingQuestBegin1	<voice type=question>\nHenry, what kind of fish would you like to have next?
I2Languages (I2.Loc.LanguageSourceAsset)	Dialogues/henFishingQuestBegin2	Cluck! Cluck!
I2Languages (I2.Loc.LanguageSourceAsset)	Dialogues/willFishingQuestBegin3	he said.
I2Languages (I2.Loc.LanguageSourceAsset)	Dialogues/willFishingQuestBegin4	<voice type=question>\nMr. Prepper, would you bring us such a fish?
I2Languages (I2.Loc.LanguageSourceAsset)	Dialogues/willFishingQuestBegin5	I will reward you!
I2Languages (I2.Loc.LanguageSourceAsset)	Dialogues/prepFishingQuestBeginRand1	<voice type=acceptance>\nSure.
I2Languages (I2.Loc.LanguageSourceAsset)	Dialogues/prepFishingQuestBeginRand2	<voice type=acceptance>\nAgreed.
I2Languages (I2.Loc.LanguageSourceAsset)	Dialogues/prepFishingQuestBeginRand3	<voice type=acceptance>\nWill do.
I2Languages (I2.Loc.LanguageSourceAsset)	Dialogues/prepAnimalsInvestigateToFarRand1	Let's stay close to the barn.
I2Languages (I2.Loc.LanguageSourceAsset)	Dialogues/prepAnimalsInvestigateToFarRand2	I don't think I will find any clues this far.
I2Languages (I2.Loc.LanguageSourceAsset)	Dialogues/prepAnimalsInvestigateToFarRand3	Maybe I can find more clues closer to the barn.
I2Languages (I2.Loc.LanguageSourceAsset)	Dialogues/prepAnimalsInvestigateHoleRand1	This hole in the barn looks suspicious.
I2Languages (I2.Loc.LanguageSourceAsset)	Dialogues/prepAnimalsInvestigateHoleRand2	What a mess... I should fix this hole later.
I2Languages (I2.Loc.LanguageSourceAsset)	Dialogues/prepAnimalsInvestigateHoleRand3	Something destroyed the wall of the barn...
I2Languages (I2.Loc.LanguageSourceAsset)	Dialogues/prepAnimalsInvestigateFootprintsRand1	I see some paw prints on the ground.
I2Languages (I2.Loc.LanguageSourceAsset)	Dialogues/prepAnimalsInvestigateFootprintsRand2	What are those paw prints on the ground?
I2Languages (I2.Loc.LanguageSourceAsset)	Dialogues/prepAnimalsInvestigateFootprintsRand3	Hm... Seems that an animal has left some traces...
I2Languages (I2.Loc.LanguageSourceAsset)	Dialogues/prepAnimalsInvestigateNothingRand1	I don't see anything interesting in this area.
I2Languages (I2.Loc.LanguageSourceAsset)	Dialogues/prepAnimalsInvestigateNothingRand2	No clues here.
I2Languages (I2.Loc.LanguageSourceAsset)	Dialogues/prepAnimalsInvestigateNothingRand3	I don't see anything suspicious in here, I'll better check somewhere else.
I2Languages (I2.Loc.LanguageSourceAsset)	Dialogues/prepSleeplessChickenHintRand1	The tracker points to this entrance.
I2Languages (I2.Loc.LanguageSourceAsset)	Dialogues/prepSleeplessChickenHintRand2	The entrance is blocked.
I2Languages (I2.Loc.LanguageSourceAsset)	Dialogues/prepSleeplessChickenHintRand3	Blocked. Maybe Bob can help me with that.
I2Languages (I2.Loc.LanguageSourceAsset)	Dialogues/prepSleeplessChickenHintRand4	The tracker points to here, but I can't go through now.
I2Languages (I2.Loc.LanguageSourceAsset)	Dialogues/prepNothingToCollect	Nothing to collect.
I2Languages (I2.Loc.LanguageSourceAsset)	Dialogues/willRankUp1.1	What? What is it, Henry?
I2Languages (I2.Loc.LanguageSourceAsset)	Dialogues/willRankUp1.2	Ah... He says that you are now an <color=yellow>Novice Fisherman</color>!\nCongratulations.
I2Languages (I2.Loc.LanguageSourceAsset)	Dialogues/willRankUp1.3	Mhm.. with each rank quests will be harder and rewards better.
I2Languages (I2.Loc.LanguageSourceAsset)	Dialogues/willRankUp2	You advanced to <color=yellow>Apprentice Fisherman</color>!
I2Languages (I2.Loc.LanguageSourceAsset)	Dialogues/willRankUp3	In Henry's eyes you are now an <color=yellow>Advanced Fisherman</color>!
I2Languages (I2.Loc.LanguageSourceAsset)	Dialogues/willRankUp4	Incredible! You can call yourself now an <color=yellow>Expert Fisherman</color>!
I2Languages (I2.Loc.LanguageSourceAsset)	Dialogues/willRankUp5.1	Mr. Prepper, you have reached the peak.\nAccording to Henry, you are an <color=yellow>Master Fisherman</color>!
I2Languages (I2.Loc.LanguageSourceAsset)	Dialogues/willRankUp5.2	You have learned everything you could from Henry. \nYou are both equals now in fishing mastery, incredible!
I2Languages (I2.Loc.LanguageSourceAsset)	Dialogues/willRank1	You are a <color=yellow>Novice Fisherman</color>.
I2Languages (I2.Loc.LanguageSourceAsset)	Dialogues/willRank2	You are a <color=yellow>Apprentice Fisherman</color>.
I2Languages (I2.Loc.LanguageSourceAsset)	Dialogues/willRank3	You are a <color=yellow>Advanced Fisherman</color>.
I2Languages (I2.Loc.LanguageSourceAsset)	Dialogues/willRank4	You are a <color=yellow>Expert Fisherman</color>.
I2Languages (I2.Loc.LanguageSourceAsset)	Dialogues/willRank5	You are a <color=yellow>Master Fisherman</color>.
I2Languages (I2.Loc.LanguageSourceAsset)	Dialogues/willFishCount1	You have completed... how many quests, Henry?
I2Languages (I2.Loc.LanguageSourceAsset)	Dialogues/willToRankUp	Complete <color=yellow>[count]</color> more fishing quests to rank up.
I2Languages (I2.Loc.LanguageSourceAsset)	Dialogues/willMaxRank	
I2Languages (I2.Loc.LanguageSourceAsset)	Dialogues/prepNotEnoughFishes	All fish are gone from here.
I2Languages (I2.Loc.LanguageSourceAsset)	Dialogues/prepLucky	I feel lucky.
I2Languages (I2.Loc.LanguageSourceAsset)	Dialogues/prepMazeMinigameFinished	I've already done what could be done.
I2Languages (I2.Loc.LanguageSourceAsset)	Dialogues/prepFriendshipLevel0	He still is distrustful.
I2Languages (I2.Loc.LanguageSourceAsset)	Dialogues/prepFriendshipLevel1	He begins to get used to me.
I2Languages (I2.Loc.LanguageSourceAsset)	Dialogues/prepFriendshipLevel2	It seems he likes me after all.
I2Languages (I2.Loc.LanguageSourceAsset)	Dialogues/prepFriendshipLevel3	He trusts me immensely.
I2Languages (I2.Loc.LanguageSourceAsset)	Dialogues/prepTreatIsNotHealthy	I shouldn't give my dog ​​these treats too often.\nOnce a day is enough.
I2Languages (I2.Loc.LanguageSourceAsset)	Dialogues/prepDogeDenAdventureTime	I'd better not disturb his lair.\nHe'll probably be back soon.
I2Languages (I2.Loc.LanguageSourceAsset)	Dialogues/prepCannotTakeUpgrade	Aquarium is not empty.\nI should empty aquarium before I install an upgrade.
I2Languages (I2.Loc.LanguageSourceAsset)	Dialogues/prepNoEnemys	<voice type=question>\nNo enemies?\nLucky me.
I2Languages (I2.Loc.LanguageSourceAsset)	Dialogues/prepDogeUpperFloor	<voice type=disappointment>\nHm... \n<voice type=disappointment>\nIt seems that Xeno wants to be free.\n<voice type=question>\nMaybe I should take him downstairs. He can go out into the yard.
I2Languages (I2.Loc.LanguageSourceAsset)	Dialogues/survNoWay	<voice type=negation>\nI can't get there!
I2Languages (I2.Loc.LanguageSourceAsset)	Dialogues/survBlockedWay	<voice type=negation>\nThe way is blocked!
I2Languages (I2.Loc.LanguageSourceAsset)	Dialogues/survIdleTalkingRand1	Hello There
I2Languages (I2.Loc.LanguageSourceAsset)	Dialogues/survIdleTalkingRand2	General Kenobi
I2Languages (I2.Loc.LanguageSourceAsset)	Dialogues/prepFinalePostApo	<voice type=negation>\nDamn...\n<voice type=question>\nMaybe running away is not the solution...\nSo many poor people suffer...\n<voice type=acceptance>\nNo more escapes, it's time to take matters into my own hands!\n<voice type=acceptance>\nI'm started this nightmare and i will end this!
I2Languages (I2.Loc.LanguageSourceAsset)	Dialogues/bobPostApoLaunch0	Prepper?\nCo ty tutaj robisz?
I2Languages (I2.Loc.LanguageSourceAsset)	Dialogues/bobPostApoLaunch0.5	W dodatku agent też jest tutaj?\nNie rozumiem.
I2Languages (I2.Loc.LanguageSourceAsset)	Dialogues/bobPostApoLaunch1	Ale jak to?\nCo zrobiłeś?\nGdzie poleciała rakieta?
I2Languages (I2.Loc.LanguageSourceAsset)	Dialogues/bobPostApoLaunch2	O rany...
I2Languages (I2.Loc.LanguageSourceAsset)	Dialogues/bobPostApoLaunch3	Co zamierzasz teraz zrobić?
I2Languages (I2.Loc.LanguageSourceAsset)	Dialogues/bobPostApoLaunch4	Oczywiście!\nTo będzie dla nas zaszcz....
I2Languages (I2.Loc.LanguageSourceAsset)	Dialogues/bobPostApoLaunch5	...
I2Languages (I2.Loc.LanguageSourceAsset)	Dialogues/joePostApoLaunch0	Chłopie, przecież miałeś uciekać!
I2Languages (I2.Loc.LanguageSourceAsset)	Dialogues/joePostApoLaunch1	A to ci checa...
I2Languages (I2.Loc.LanguageSourceAsset)	Dialogues/joePostApoLaunch2	...
I2Languages (I2.Loc.LanguageSourceAsset)	Dialogues/jennyPostApoLaunch0	Co się dzieje kwiatuszku?
I2Languages (I2.Loc.LanguageSourceAsset)	Dialogues/jennyPostApoLaunch1	O marmolatko...
I2Languages (I2.Loc.LanguageSourceAsset)	Dialogues/jennyPostApoLaunch2	Dobry Boże...
I2Languages (I2.Loc.LanguageSourceAsset)	Dialogues/willPostApoLaunch0	Kurza twarz\nAle niespodzianka
I2Languages (I2.Loc.LanguageSourceAsset)	Dialogues/willPostApoLaunch1	Święta krowa!
I2Languages (I2.Loc.LanguageSourceAsset)	Dialogues/willPostApoLaunch2	...
I2Languages (I2.Loc.LanguageSourceAsset)	Dialogues/agentPostApoLaunch0	Co tutaj się dzieje?\nPrepper?\nCzemu nie uciekłeś?
I2Languages (I2.Loc.LanguageSourceAsset)	Dialogues/agentPostApoLaunch1	Spokojnie\nNie przysporzę wam żadnych kłopotów.
I2Languages (I2.Loc.LanguageSourceAsset)	Dialogues/agentPostApoLaunch2	Nie mów mi że zrobiłeś to o czym myślę...
I2Languages (I2.Loc.LanguageSourceAsset)	Dialogues/agentPostApoLaunch3	O kurde...\nW zarządzie pospadają z krzeseł...
I2Languages (I2.Loc.LanguageSourceAsset)	Dialogues/agentPostApoLaunch4	Oczywiście...\nTylko że jestet jeden szkopuł...
I2Languages (I2.Loc.LanguageSourceAsset)	Dialogues/agentPostApoLaunch5	A no właśnie...\nTaki szkopół...\nNajgorsze jest to że to dopiero jedna z wielu bomb...
I2Languages (I2.Loc.LanguageSourceAsset)	Dialogues/agentPostApoLaunch6	...
I2Languages (I2.Loc.LanguageSourceAsset)	Dialogues/prepPostApoLaunch0	Wiesz co Bob?\nPostanowiłem przestać uciekać i stawić czoła koszmarowi który zapoczątkowałęm.
I2Languages (I2.Loc.LanguageSourceAsset)	Dialogues/prepPostApoLaunch0.5	"Wiecie co?\nPostanowiłem przestać uciekać i stawić czoła koszmarowi który zapoczątkowałęm."\t\t\t
I2Languages (I2.Loc.LanguageSourceAsset)	Dialogues/prepPostApoLaunch1	Moja praca nad satelitą przysporzyła wielu osobom wielką krzywdę\nUciekanie od tej odpowiedzialnośni byłoby niesamowitym tchórzostwem\nDlatego postanowiłem zniszczyć satelitę i uwolnić tych wszystkich ludzi których zniewoliła
I2Languages (I2.Loc.LanguageSourceAsset)	Dialogues/prepPostApoLaunch2	Jeżeli mi pozwolisz Bob, chciałbym dołączyć do ciebie w akcji "Przebudzenie"\nŻeby naprawić krzywdy które wyrządziłem
I2Languages (I2.Loc.LanguageSourceAsset)	Dialogues/prepPostApoLaunch2.5	Jeżeli mi pozwolicie, chciałbym dołączyć do was w akcji "Przebudzenie"\nŻeby naprawić krzywdy które wyrządziłem
I2Languages (I2.Loc.LanguageSourceAsset)	Dialogues/prepPostApoLaunch2.75	Wraz z agentem chcielibyśmy dołączyć do akcji "Przebudzenie"\nŻeby naprawić krzywdy które wyrządziliśmy\nPrawda Minutmenie?
I2Languages (I2.Loc.LanguageSourceAsset)	Dialogues/prepPostApoLaunch3	Jasna cholera...\nCo to ma być!
I2Languages (I2.Loc.LanguageSourceAsset)	Dialogues/prepPostApoLaunch4	Dobra słuchaj Bob\nNie ma czasu na oglądanie fajerwerków\nBiegnij Szybko do mojego bunkra\nNiewiadomo co zaraz się wydaży\nJa jeszcze postaram się pozbierać najpotrzebniejsze rzeczy!
I2Languages (I2.Loc.LanguageSourceAsset)	Dialogues/prepPostApoLaunch4.5	Dobra słuchajcie wszyscy\nNie ma czasu na oglądanie fajerwerków\nBiegnijcie Szybko do mojego bunkra\nNiewiadomo co zaraz się wydaży\nJa jeszcze postaram się pozbierać najpotrzebniejsze rzeczy!
I2Languages (I2.Loc.LanguageSourceAsset)	Dialogues/prepPostApoLaunch4.75	Jedna z wielu?!\nKiedy zamierzałeś nam o tym powiedzieć?!
I2Languages (I2.Loc.LanguageSourceAsset)	Dialogues/prepPostApoLaunch5	Dobra teraz nie jest to ważne Biegnijcie szybko do mojego bunkra Ja jeszcze postaram się pozbierać najpotrzebniejsze rzeczy!
I2Languages (I2.Loc.LanguageSourceAsset)	Dialogues/prepPostApoLaunch6	Nie na darmo nazywam się Mr. Prepper!
I2Languages (I2.Loc.LanguageSourceAsset)	Dialogues/prepPostApoLaunch7	Dobra mam nadzieję że zabrałem wszystko co może nam się przydać\nPora uciekać
I2Languages (I2.Loc.LanguageSourceAsset)	Dialogues/prepDrinkCoffee	This will definitely get me back on my feet.
I2Languages (I2.Loc.LanguageSourceAsset)	Dialogues/willFishingReward1	Incredible!\nYou caught every kind of fish that lives in this area.\nSuch a feat demands a special reward.\nLet's see... hmm...
I2Languages (I2.Loc.LanguageSourceAsset)	Dialogues/prepFishingReward2	It's fine, Will. I got enough rewards from you already.
I2Languages (I2.Loc.LanguageSourceAsset)	Dialogues/willFishingReward3	<voice type=negation>\nNo! You need to be rewarded. \nHere you go.
I2Languages (I2.Loc.LanguageSourceAsset)	Dialogues/willFishingReward4	It's my old fishing hat.
I2Languages (I2.Loc.LanguageSourceAsset)	Dialogues/prepFishingReward5	Ah... Thanks... It looks very...\n<voice type=question>\nUseful?
I2Languages (I2.Loc.LanguageSourceAsset)	Dialogues/willFishingReward6	It sure is! With this hat catching more fish will be a breeze.
I2Languages (I2.Loc.LanguageSourceAsset)	Dialogues/prepFishingReward7	I will give it a try.
I2Languages (I2.Loc.LanguageSourceAsset)	Dialogues/prepCoffeeMachineCoffeeBeans	I need coffee beans for that.
I2Languages (I2.Loc.LanguageSourceAsset)	Dialogues/prepReciveJoeUraniumLetter	<voice type=question>\nInteresting.\n<voice type=acceptance>\nI'd be very happy to take a look at this item, it might lead somewhere.
I2Languages (I2.Loc.LanguageSourceAsset)	Dialogues/prepGlowingGlass1	<voice type=greeting>\nHi, Joe. I received your letter. I'd love to take a look at this thing you found.
I2Languages (I2.Loc.LanguageSourceAsset)	Dialogues/joeGlowingGlass2	<voice type=laugh>\nRight! It's amazing! As I said, I was just walking around the yard with a UV lamp...
I2Languages (I2.Loc.LanguageSourceAsset)	Dialogues/prepGlowingGlass3	<voice type=acceptance>\nAs one does.
I2Languages (I2.Loc.LanguageSourceAsset)	Dialogues/joeGlowingGlass4	But of course! You should also try looking at your place in a different light sometimes.
I2Languages (I2.Loc.LanguageSourceAsset)	Dialogues/prepGlowingGlass5	<voice type=question>\nSure. So this piece glowed up?
I2Languages (I2.Loc.LanguageSourceAsset)	Dialogues/joeGlowingGlass6	<voice type=surprise>\nLike a neon light! \nI think it's uranium glass, they used to make those before they started using the material for... these other things.\nBut that's not everything. Take a look at this stamp at the bottom of the glass.
I2Languages (I2.Loc.LanguageSourceAsset)	Dialogues/prepGlowingGlass7	<voice type=question>\n"Murricaville Uranium Co." Oh wow, do you think it was made here?
I2Languages (I2.Loc.LanguageSourceAsset)	Dialogues/joeGlowingGlass8	<voice type=negation>\nNo idea. \n<voice type=question>\nBut Bob knows a lot of stuff about local history, right? Maybe you should ask him?
I2Languages (I2.Loc.LanguageSourceAsset)	Dialogues/prepGlowingGlass9	<voice type=thanks>\nThat's a good tip, thanks.
I2Languages (I2.Loc.LanguageSourceAsset)	Dialogues/joeGlowingGlass10	<voice type=order>\nAnd you should consider checking more stuff with your Geiger counter. Maybe you'll find some more!
I2Languages (I2.Loc.LanguageSourceAsset)	Dialogues/prepGlowingGlass11	<voice type=disappointment>\nUhm... Right... I think I lost the previous one. Do you maybe have another?
I2Languages (I2.Loc.LanguageSourceAsset)	Dialogues/joeGlowingGlass12	<voice type=laugh>\nHaha, Prepper, do you think I run a storage of old nuclear equipment?\n...I have another one, yes. You can take it. Good hunting!
I2Languages (I2.Loc.LanguageSourceAsset)	Dialogues/prepGlowingGlass13	<voice type=thanks>\nThanks, Joe, I can always count on you.
I2Languages (I2.Loc.LanguageSourceAsset)	Dialogues/prepUraniumMine1	<voice type=greeting>\nHey Bob, I need your expertise on local history, and perhaps your amazing book-searching skills.
I2Languages (I2.Loc.LanguageSourceAsset)	Dialogues/bobUraniumMine2	<voice type=thanks>\nOh, my favorite! Give me what you have.
I2Languages (I2.Loc.LanguageSourceAsset)	Dialogues/prepUraniumMine3	Take a look at the stamp on this glass piece.
I2Languages (I2.Loc.LanguageSourceAsset)	Dialogues/bobUraniumMine4	<voice type=negation>\n"Murricaville Uranium Co." Never heard of that! Where do you have it from?
I2Languages (I2.Loc.LanguageSourceAsset)	Dialogues/prepUraniumMine5	Joe found it in his junkyard. Looks genuine to me.
I2Languages (I2.Loc.LanguageSourceAsset)	Dialogues/bobUraniumMine6	I'll dive into the books and see what I can find. Ask me again about this later.
I2Languages (I2.Loc.LanguageSourceAsset)	Dialogues/prepUraniumMineAfterResearch1	<voice type=greeting>\nHi Bob! Found anything on the uranium thing?
I2Languages (I2.Loc.LanguageSourceAsset)	Dialogues/bobUraniumMineAfterResearch2	<voice type=acceptance>\nHa, you bet I did. And this quickly got surprising.
I2Languages (I2.Loc.LanguageSourceAsset)	Dialogues/prepUraniumMineAfterResearch3	Don't keep me waiting.
I2Languages (I2.Loc.LanguageSourceAsset)	Dialogues/bobUraniumMineAfterResearch4	There was indeed a Murricaville Uranium Co. here, founded some time before World War II, in the 1920s most probably.\nThey were manufacturing various products with uranium.
I2Languages (I2.Loc.LanguageSourceAsset)	Dialogues/prepUraniumMineAfterResearch5	<voice type=surprise>\nProducts with uranium...?!
I2Languages (I2.Loc.LanguageSourceAsset)	Dialogues/bobUraniumMineAfterResearch6	<voice type=acceptance>\nHa, yes. It was used to strengthen some kinds of steel. But also to color glass with pretty shades of green and yellow. And glowing in the UV light, too.\nThere were also some health products containing uranium and radium, did you know that?
I2Languages (I2.Loc.LanguageSourceAsset)	Dialogues/prepUraniumMineAfterResearch7	<voice type=surprise>\nHealth products?! So people didn't know radiation is dangerous?
I2Languages (I2.Loc.LanguageSourceAsset)	Dialogues/bobUraniumMineAfterResearch8	<voice type=acceptance>\nIt was not a common knowledge back then. I wouldn't recommend using a radium cream for your grooming routine, but uranium glass should be mostly harmless.\nEven mining uranium wasn't considered particularly dangerous back then, and nobody was interested in comparing cancer rates.
I2Languages (I2.Loc.LanguageSourceAsset)	Dialogues/prepUraniumMineAfterResearch9	<voice type=question>\nRight... And were there also mining operations in Murricaville?
I2Languages (I2.Loc.LanguageSourceAsset)	Dialogues/bobUraniumMineAfterResearch10	That's the fascinating part. There were, and the only logical option for this is... this mine.\nBut I don't really know where the uranium ore might be, perhaps you need to look for it.\nDuring Project Manhattan, when the military realized there are... those other uses for uranium than cool-looking glass, they seized the mine and unused uranium.\nBut the excavation here wasn't efficient enough, and the Oppenheimer guys used another mine eventually.
I2Languages (I2.Loc.LanguageSourceAsset)	Dialogues/prepUraniumMineAfterResearch11	<voice type=question>\nSo what happened to this one?
I2Languages (I2.Loc.LanguageSourceAsset)	Dialogues/bobUraniumMineAfterResearch12	Uranium excavation was discontinued. After inventing the atomic bomb, the government restricted civilian uses of uranium.\nBut you're a master explorer, maybe you'll still be able to find the parts of the mine that were used for it?
I2Languages (I2.Loc.LanguageSourceAsset)	Dialogues/prepUraniumMineAfterResearch13	<voice type=thanks>\nThanks for all the information. I'll try.
I2Languages (I2.Loc.LanguageSourceAsset)	Dialogues/prepSearchingForRadiatedPass1	Hmm, the instrument shows me there is some radiation in this spot.
I2Languages (I2.Loc.LanguageSourceAsset)	Dialogues/prepSearchingForRadiatedPass2	<voice type=question>\nOh! What's this?
I2Languages (I2.Loc.LanguageSourceAsset)	Dialogues/prepInspectDestroyedHazmat1	Protective clothing... I think it's some kind of an old hazmat suit. Way too damaged to use though.\nI will search the pockets.
I2Languages (I2.Loc.LanguageSourceAsset)	Dialogues/prepInspectDestroyedHazmat2	<voice type=thanks>\nAnother elevator pass! That must be the way to another level of the mine!
I2Languages (I2.Loc.LanguageSourceAsset)	Dialogues/prepRadiatedMushroomGrab1	<voice type=question>\nThis looks odd, even for mushroom standards.\n<voice type=order>\nThe counter shows it's radiated. I shouldn't keep it close to me for too long.
I2Languages (I2.Loc.LanguageSourceAsset)	Dialogues/prepRadiatedMushroomGrab2	I don't know if there's any meaningful use of those. But I'll show them to Jenny, maybe she'll find it interesting. 
I2Languages (I2.Loc.LanguageSourceAsset)	Dialogues/prepRadiatedMushroomTalk1	<voice type=greeting>\nHello, Jenny. I have some... curiosity for you to take a look at.
I2Languages (I2.Loc.LanguageSourceAsset)	Dialogues/herbRadiatedMushroomTalk2	<voice type=greeting>\nOh, it's so nice of you to think about the old lady! Show me.
I2Languages (I2.Loc.LanguageSourceAsset)	Dialogues/prepRadiatedMushroomTalk3	So I found this mushroom. I think it's mutated. Even more than that: currently radioactive.
I2Languages (I2.Loc.LanguageSourceAsset)	Dialogues/herbRadiatedMushroomTalk4	<voice type=question>\nOh Buttercup, it's never just cute flowers with you, right? But it does sound interesting, let me take a look.\n<voice type=acceptance>\nYou're right, these are surely mutated. I've seen such specimen once, a friend living close to Three Mile Island sent it to me.\nI have an idea for a small experiment with this one. Please visit me later and maybe you'll get a small treat.
I2Languages (I2.Loc.LanguageSourceAsset)	Dialogues/prepRadiatedMushroomTalk5	<voice type=acceptance>\nMysterious as always! I'll make sure to come back.
I2Languages (I2.Loc.LanguageSourceAsset)	Dialogues/prepAntiRadiation1	<voice type=greeting>\nHello, Jenny! Have you managed to do something interesting with the mutated, radioactive mushroom?
I2Languages (I2.Loc.LanguageSourceAsset)	Dialogues/herbAntiRadiation2	This might surprise you. I used it to make an extract that cleanses some of the radiation from your body.\nHere, take a sample.
I2Languages (I2.Loc.LanguageSourceAsset)	Dialogues/prepAntiRadiation3	<voice type=thanks>\nIncredible! How does that work?
I2Languages (I2.Loc.LanguageSourceAsset)	Dialogues/herbAntiRadiation4	<voice type=laugh>\nI can't tell you. But weird old ladies are also fit for the atomic age, Buttercup. \nAnyway, here's the recipe, if you need to make more.
I2Languages (I2.Loc.LanguageSourceAsset)	Dialogues/prepAntiRadiation5	<voice type=thanks>\nThank you. I'm sure it's going to be useful.
I2Languages (I2.Loc.LanguageSourceAsset)	Dialogues/prepOldGasMask1	This seems to be an old gas mask. \n<voice type=question>\nWere they trying to protect themselves with this?\nIt's a very incomplete radiation protection... But there's a good idea in it.\nIt would at least protect from inhaling radioactive particles.
I2Languages (I2.Loc.LanguageSourceAsset)	Dialogues/prepOldGasMask2	I think I could make my own mask, better than this one.
I2Languages (I2.Loc.LanguageSourceAsset)	Dialogues/prepUraniumMiningMachine1	<voice type=question>\nOh, and what's that? An excavator?\nIt sure would be great not to mine uranium by hand like its's 1930. Let's see if it's in working condition.
I2Languages (I2.Loc.LanguageSourceAsset)	Dialogues/prepUraniumMiningMachine2	<voice type=thanks>\nWow, it seems to be working!\nNow I will be able to get uranium ore fast. The nuclear future looks bright.
I2Languages (I2.Loc.LanguageSourceAsset)	Dialogues/prepUraniumMiningMachine3	Now I need to come up with a way of really using this resource.\n<voice type=question>\nMaybe I should ask Bob about a book on nuclear energy and engineering.
I2Languages (I2.Loc.LanguageSourceAsset)	Dialogues/prepNuclearEngineering1	<voice type=greeting>\nHi, Bob. Last time I asked you about history, and today I'm looking for something more practical.\n<voice type=question>\nDo you have anything on nuclear engineering? Ways of producing nuclear energy?
I2Languages (I2.Loc.LanguageSourceAsset)	Dialogues/bobNuclearEngineering2	<voice type=acceptance>\nI see your ambitions are increasing. Yes, I think I have something just for you.
I2Languages (I2.Loc.LanguageSourceAsset)	Dialogues/bobNuclearEngineering3	Here you go. This book covers small-scale devices as well. Just, listen, Prepper, I'll say it once again.
I2Languages (I2.Loc.LanguageSourceAsset)	Dialogues/prepNuclearEngineering4	<voice type=question>\nYes?
I2Languages (I2.Loc.LanguageSourceAsset)	Dialogues/bobNuclearEngineering5	<voice type=disappointment>\nPlease don't blow us all up.
I2Languages (I2.Loc.LanguageSourceAsset)	Dialogues/prepNeedNuclearRod	<voice type=negation>\nI need a nuclear rod for it.
I2Languages (I2.Loc.LanguageSourceAsset)	Dialogues/prepUraniumMineSign	<voice type=question>\nA radiation symbol.\n<voice type=order>\nI should be careful here. And also about the objects taken from here.
I2Languages (I2.Loc.LanguageSourceAsset)	Dialogues/prepElevatorShaftBlocked1	<voice type=negation>\nDoesn't work. 
I2Languages (I2.Loc.LanguageSourceAsset)	Dialogues/prepElevatorShaftBlocked2	Elevator shaft seems to be collapsed.\nLooks like it's the end of the mine and there's nothing more below.
I2Languages (I2.Loc.LanguageSourceAsset)	Dialogues/scientistGiveQuestStage1	TEMP TEXT GIVE QUEST 1
I2Languages (I2.Loc.LanguageSourceAsset)	Dialogues/scientistGiveQuestStage2	TEMP TEXT GIVE QUEST 2
I2Languages (I2.Loc.LanguageSourceAsset)	Dialogues/scientistGiveQuestStage3	TEMP TEXT GIVE QUEST 3
I2Languages (I2.Loc.LanguageSourceAsset)	Dialogues/scientistGiveQuestStage4	TEMP TEXT GIVE QUEST 4
I2Languages (I2.Loc.LanguageSourceAsset)	Dialogues/scientistNoItem1	TEMP TEXT NO ITEMS 1
I2Languages (I2.Loc.LanguageSourceAsset)	Dialogues/scientistNoItem2	TEMP TEXT NO ITEMS 2
I2Languages (I2.Loc.LanguageSourceAsset)	Dialogues/scientistNoItem3	TEMP TEXT NO ITEMS 3
I2Languages (I2.Loc.LanguageSourceAsset)	Dialogues/scientistNoItem4	TEMP TEXT NO ITEMS 4
I2Languages (I2.Loc.LanguageSourceAsset)	Dialogues/scientistCompleteQuestStage1	TEMP TEXT COMPLETE QUEST 1
I2Languages (I2.Loc.LanguageSourceAsset)	Dialogues/scientistCompleteQuestStage2	TEMP TEXT COMPLETE QUEST 2
I2Languages (I2.Loc.LanguageSourceAsset)	Dialogues/scientistCompleteQuestStage3	TEMP TEXT COMPLETE QUEST 3
I2Languages (I2.Loc.LanguageSourceAsset)	Dialogues/scientistCompleteQuestStage4	TEMP TEXT COMPLETE QUEST 4
I2Languages (I2.Loc.LanguageSourceAsset)	Dialogues/scientistRandomTalk1	TEMP TEXT RANDOM TALK 1
I2Languages (I2.Loc.LanguageSourceAsset)	Dialogues/scientistRandomTalk2	TEMP TEXT RANDOM TALK 2
I2Languages (I2.Loc.LanguageSourceAsset)	Dialogues/scientistRandomTalk3	TEMP TEXT RANDOM TALK 3
I2Languages (I2.Loc.LanguageSourceAsset)	Dialogues/scientistRandomTalk4	TEMP TEXT RANDOM TALK 4
I2Languages (I2.Loc.LanguageSourceAsset)	Dialogues/scientistRandomTalk5	TEMP TEXT RANDOM TALK 5
I2Languages (I2.Loc.LanguageSourceAsset)	Dialogues/prepGasMask1	<voice type=question>\nExcuse me, can I ask why are you wearing this gas mask?\nNo one else seems to be doing it here.
I2Languages (I2.Loc.LanguageSourceAsset)	Dialogues/sleep1GasMask2	<voice type=disappointment>\n...
I2Languages (I2.Loc.LanguageSourceAsset)	Dialogues/prepGasMask3	It's a very old design.\nI doubt it still works.\n<voice type=question>\nWhat exactly are you protecting yourself from?
I2Languages (I2.Loc.LanguageSourceAsset)	Dialogues/sleep1GasMask4	Uhm... It's harder to breathe in it... \nSo it helps me to stay awake.\nDifferent people have different methods, you know.
I2Languages (I2.Loc.LanguageSourceAsset)	Dialogues/prepGasMask5	<voice type=acceptance>\nOkay, I see.\n<voice type=question>\nAre you maybe willing to sell it?
I2Languages (I2.Loc.LanguageSourceAsset)	Dialogues/sleep1GasMask6	<voice type=disappointment>\n...
I2Languages (I2.Loc.LanguageSourceAsset)	Dialogues/prepGasMask7	<voice type=question>\nWhat about trading it for something else?
I2Languages (I2.Loc.LanguageSourceAsset)	Dialogues/sleep1GasMask8	Well... Come to think of it, it's not comforable to wear it all the time. \nIf you have something that would keep me awake better than this... Then maybe.
I2Languages (I2.Loc.LanguageSourceAsset)	Dialogues/prepGasMask9	<voice type=acceptance>\nI may have an idea. I'll get back to you.
I2Languages (I2.Loc.LanguageSourceAsset)	Dialogues/prepGasMaskRecive1	Here you are. Just take it from time to time.\nMuch more pleasant than the gas mask.
I2Languages (I2.Loc.LanguageSourceAsset)	Dialogues/sleep1GasMaskRecive2	<voice type=question>\nAnd it will help me to stay awake?
I2Languages (I2.Loc.LanguageSourceAsset)	Dialogues/prepGasMaskRecive3	Yes. It helps me just fine.
I2Languages (I2.Loc.LanguageSourceAsset)	Dialogues/sleep1GasMaskRecive4	<voice type=acceptance>\nDeal.
I2Languages (I2.Loc.LanguageSourceAsset)	Dialogues/lemonTest1	Test
I2Languages (I2.Loc.LanguageSourceAsset)	Dialogues/lemonRandomCall1	Lemonade for sale!
I2Languages (I2.Loc.LanguageSourceAsset)	Dialogues/lemonRandomCall2	Lemonade! Lemonade!
I2Languages (I2.Loc.LanguageSourceAsset)	Dialogues/lemonRandomCall3	Cheapest lemonade in town!
I2Languages (I2.Loc.LanguageSourceAsset)	Dialogues/lemonRandomCall4	Buy lemonade! Support local businesses!
I2Languages (I2.Loc.LanguageSourceAsset)	Dialogues/lemonRandomCall5	Buy lemonade, support your local girl scouts!
I2Languages (I2.Loc.LanguageSourceAsset)	Dialogues/lemonRandomCall6	Bless the President, buy the lemonade!
I2Languages (I2.Loc.LanguageSourceAsset)	Dialogues/lemonRandomCall7	Every good citizen buys lemonade! Buy lemonade!
I2Languages (I2.Loc.LanguageSourceAsset)	Dialogues/lemonRandomCall8	Lemonade!
I2Languages (I2.Loc.LanguageSourceAsset)	Dialogues/lemonRandomCall9	Buy the president, bless the lemonade! Uhh, wait...
I2Languages (I2.Loc.LanguageSourceAsset)	Dialogues/lemonRandomCall10	When life gives you mushrooms, drink lemonade!
I2Languages (I2.Loc.LanguageSourceAsset)	Dialogues/lemonRandomCall11	Lemonade, lemonade! Support the Girl Scouts of Murricaville!
I2Languages (I2.Loc.LanguageSourceAsset)	Dialogues/lemonRandomTalk1	<voice type=question>\nOh, how I miss summer camps with my fellow scouts in the wildernesses of Nevorado! Or was it Texizona? Wait...
I2Languages (I2.Loc.LanguageSourceAsset)	Dialogues/lemonRandomTalk2	<voice type=disappointment>\nThree, four, five... Gosh, not so much today. This won't help my dad much.
I2Languages (I2.Loc.LanguageSourceAsset)	Dialogues/lemonRandomTalk3	<voice type=question>\n"Should auld acquaintance be forgot, and never brought to mind?"
I2Languages (I2.Loc.LanguageSourceAsset)	Dialogues/lemonRandomTalk4	<voice type=question>\nThe people in the town used to be nicer, and the animals in the woods more friendly.\nOr is it just me growing up?
I2Languages (I2.Loc.LanguageSourceAsset)	Dialogues/lemonRandomTalk5	<voice type=question>\nMaybe I should sell different products. Would people want to buy origami atomic mushrooms?
I2Languages (I2.Loc.LanguageSourceAsset)	Dialogues/lemonRandomTalk6	<voice type=thanks>\nI miss campfires at summer camps. Singing, watching fireflies, stars, glowing oval things shooting through the night sky, eating marshmallows.
I2Languages (I2.Loc.LanguageSourceAsset)	Dialogues/lemonRandomTalk7	<voice type=upset>\nWe used to sing a lot of different songs with my troop. Somehow I remember only the ones about the President.
I2Languages (I2.Loc.LanguageSourceAsset)	Dialogues/lemonRandomTalk8	I'd like to have a pet wolf, but I'm afraid my father won't let me.
I2Languages (I2.Loc.LanguageSourceAsset)	Dialogues/lemonRandomTalk9	I hope the money from the stand really helps my dad.
I2Languages (I2.Loc.LanguageSourceAsset)	Dialogues/lemonRandomTalk10	<voice type=disappointment>\nGosh, I'm so bored here.
I2Languages (I2.Loc.LanguageSourceAsset)	Dialogues/lemonRandomTalk11	<voice type=laugh>\nI remember one time we were hiking up a mountain. Chloe from the Bears almost fell from a cliff! It was so much fun!
I2Languages (I2.Loc.LanguageSourceAsset)	Dialogues/lemonRandomTalk12	<voice type=disappointment>\nI wish there were more kids my age in Murricaville.
I2Languages (I2.Loc.LanguageSourceAsset)	Dialogues/lemonRandomTalk13	<voice type=question>\nOn the east there is: the Atlantic Ocean, the Carribean Sea, the Bay of... Bay of... gosh, what was that?
I2Languages (I2.Loc.LanguageSourceAsset)	Dialogues/lemonRandomTalk14	<voice type=laugh>\nI've found such a good place to hide for the hide and seek game! But who will play with me?
I2Languages (I2.Loc.LanguageSourceAsset)	Dialogues/lemonRandomTalk15	<voice type=laugh>\nWhat if we just all started blowing bubbles, and covered the whole street with bubbles? The whole town? 
I2Languages (I2.Loc.LanguageSourceAsset)	Dialogues/lemonFirstInteraction1	Hello, dear customer! I have delicious lemonade! Do you want a free sample?
I2Languages (I2.Loc.LanguageSourceAsset)	Dialogues/prepFirstInteraction2	Oh, an interesting business strategy! Sure, I'll have a sip.
I2Languages (I2.Loc.LanguageSourceAsset)	Dialogues/prepFirstInteraction3	It's very tasty!
I2Languages (I2.Loc.LanguageSourceAsset)	Dialogues/lemonFirstInteraction4	Cool! So you'll become a regular now! What's your name, dear customer?
I2Languages (I2.Loc.LanguageSourceAsset)	Dialogues/prepFirstInteraction5	I'm Mr. Prepper. Nice to meet you. Are you from around here?
I2Languages (I2.Loc.LanguageSourceAsset)	Dialogues/lemonFirstInteraction6	Yes! Proudly representing the Girl Scouts of Murricaville! \nEven if our group is not too active these days. But I hope we'll get back at our feet again!\nMaybe with the funds from the lemonade sale! After I support my struggling dad though.
I2Languages (I2.Loc.LanguageSourceAsset)	Dialogues/prepFirstInteraction7	So I wish you luck with the sale! I might stop by sometimes.
I2Languages (I2.Loc.LanguageSourceAsset)	Dialogues/lemonUnlockExpedition1	<voice type=greeting>\nHello, Mr. Prepper. I have noticed you roam around a lot.\n<voice type=question>\nBusy life? Or... you're looking for something?
I2Languages (I2.Loc.LanguageSourceAsset)	Dialogues/prepUnlockExpedition2	<voice type=order>\nHm... yes, I need to be on the move a lot because of my... because of my work.
I2Languages (I2.Loc.LanguageSourceAsset)	Dialogues/lemonUnlockExpedition3	Well, my lemonade business is going great, but I need to expand.\n<voice type=order>\nMaybe I can help? I know a lot about the area here!
I2Languages (I2.Loc.LanguageSourceAsset)	Dialogues/prepUnlockExpedition4	<voice type=negation>\nLook, kid, I think my line of work is too dangerous for you.
I2Languages (I2.Loc.LanguageSourceAsset)	Dialogues/lemonUnlockExpedition5	<voice type=question>\nBut please?
I2Languages (I2.Loc.LanguageSourceAsset)	Dialogues/prepUnlockExpedition6	<voice type=negation>\nNo.
I2Languages (I2.Loc.LanguageSourceAsset)	Dialogues/lemonUnlockExpedition7	<voice type=order>\nI'm a scout! I have earned Danger Detection and Predator Avoidance badges!
I2Languages (I2.Loc.LanguageSourceAsset)	Dialogues/prepUnlockExpedition8	<voice type=question>\nWhy would you have a Predator Avoidance badge in your... Ah, nevermind.
I2Languages (I2.Loc.LanguageSourceAsset)	Dialogues/lemonUnlockExpedition9	<voice type=disappointment>\nGive me a challenge, please! It's boring here in the lemonade stand.
I2Languages (I2.Loc.LanguageSourceAsset)	Dialogues/prepUnlockExpedition10	<voice type=order>\nEhrm, fine. Go to the forest and bring me some blueberries. Just don't go too deep!\nIn return, I'll... buy a big, big cup of lemonade from you!
I2Languages (I2.Loc.LanguageSourceAsset)	Dialogues/lemonUnlockExpedition11	<voice type=acceptance>\nYes, sir! Blueberries coming right up!\n<voice type=question>\nWhere exactly should I go then?
I2Languages (I2.Loc.LanguageSourceAsset)	Dialogues/lemonUnlockPowerPlant1	<voice type=greeting>\nPsst... Hey, Mr. Prepper! I have a special new offer! For my bestest VIP customers only!
I2Languages (I2.Loc.LanguageSourceAsset)	Dialogues/prepUnlockPowerPlant2	<voice type=question>\nAnd that would be me...?
I2Languages (I2.Loc.LanguageSourceAsset)	Dialogues/lemonUnlockPowerPlant3	Oh, Mr. Prepper! Of course I mean you! No other customer talks to me this much!
I2Languages (I2.Loc.LanguageSourceAsset)	Dialogues/prepUnlockPowerPlant4	Okay, let's see where this is going.\n<voice type=question>\nDo you have a new lemonade flavor or something?
I2Languages (I2.Loc.LanguageSourceAsset)	Dialogues/lemonUnlockPowerPlant5	<voice type=negation>\nNo!\nSomething veeery valuable, and what scouts are trained to gather.\n<voice type=order>\nR E C O N!\n<voice type=order>\nI N F O R M A T I O N!
I2Languages (I2.Loc.LanguageSourceAsset)	Dialogues/prepUnlockPowerPlant6	Right... I guess I have nothing to lose.
I2Languages (I2.Loc.LanguageSourceAsset)	Dialogues/lemonUnlockPowerPlant7	It will cost you only a thousand dollars!
I2Languages (I2.Loc.LanguageSourceAsset)	Dialogues/prepUnlockPowerPlant7	<voice type=negation>\nWhat? No.
I2Languages (I2.Loc.LanguageSourceAsset)	Dialogues/lemonUnlockPowerPlant8	<voice type=upset>\nOh, but Mr. Prepper, it's really a bargain!\nOkay, for the bestest VIP customer, I will give you my final offer!\nFor the next ten minutes, I give the information as a bonus to a cup of lemonade.\n<voice type=laugh>\nAre you accepting the deal, Mr. Prepper? Clock is ticking! Tick-tock!
I2Languages (I2.Loc.LanguageSourceAsset)	Dialogues/prepUnlockPowerPlant9	<voice type=question>\nYou just really, really want to tell me something, don't you?
I2Languages (I2.Loc.LanguageSourceAsset)	Dialogues/lemonUnlockPowerPlant10	...\n<voice type=surprise>\nJust listen! I found a BIG abandoned building! Concrete! Industrial! BIG chimneys! \nIt looks cool! But has a funny smell around.
I2Languages (I2.Loc.LanguageSourceAsset)	Dialogues/prepUnlockPowerPlant11	<voice type=thanks>\nThis is interesting indeed. Thank you, kid.
I2Languages (I2.Loc.LanguageSourceAsset)	Dialogues/lemonBuy1	<voice type=thanks>\nThank you for supporting girl scouts, Mr. Prepper!
I2Languages (I2.Loc.LanguageSourceAsset)	Dialogues/lemonBuy2	<voice type=thanks>\nThank you, Mr. Prepper! My dad... I mean, the girl scouts will be thankful!
I2Languages (I2.Loc.LanguageSourceAsset)	Dialogues/lemonBuy3	<voice type=thanks>\nGosh, thanks a lot! The money goes for a good cause!
I2Languages (I2.Loc.LanguageSourceAsset)	Dialogues/lemonBuy4	<voice type=thanks>\nThank you for supporting your local scouts!
I2Languages (I2.Loc.LanguageSourceAsset)	Dialogues/lemonBuy5	<voice type=thanks>\nThank you! And don't forget to come for more!
I2Languages (I2.Loc.LanguageSourceAsset)	Dialogues/lemonFreeSmaple	Enjoy your drink, Mr. Prepper!\nIt's on the house.
I2Languages (I2.Loc.LanguageSourceAsset)	Dialogues/scientistNextQuest1	I have another request for you, Mr. Prepper.
I2Languages (I2.Loc.LanguageSourceAsset)	Dialogues/scientistNextQuest2	Will you do me a favor, Mr. Prepper?
I2Languages (I2.Loc.LanguageSourceAsset)	Dialogues/scientistNextQuest3	<voice type=question>\nWould you help me again, Mr. Prepper?
I2Languages (I2.Loc.LanguageSourceAsset)	Dialogues/scientistFetchTemplate	
I2Languages (I2.Loc.LanguageSourceAsset)	Dialogues/scientistFetchItem1	Imma need $x$.
I2Languages (I2.Loc.LanguageSourceAsset)	Dialogues/scientistFetchItem2	My work demands $x$.
I2Languages (I2.Loc.LanguageSourceAsset)	Dialogues/scientistFetchItem3	Find $x$ for me.
I2Languages (I2.Loc.LanguageSourceAsset)	Dialogues/scientistFetchItem4	Bring me $x$, will ya?
I2Languages (I2.Loc.LanguageSourceAsset)	Dialogues/scientistPromiseReward1	Bring it to me and I'll tell you some of my scientific secrets. For real!
I2Languages (I2.Loc.LanguageSourceAsset)	Dialogues/scientistPromiseReward2	This will help us make progress.
I2Languages (I2.Loc.LanguageSourceAsset)	Dialogues/scientistPromiseReward3	This will be another step towards scientific excellence.
I2Languages (I2.Loc.LanguageSourceAsset)	Dialogues/scientistEndQuestThanks1	<voice type=thanks>\nThanks, man, that's exactly what I needed.
I2Languages (I2.Loc.LanguageSourceAsset)	Dialogues/scientistEndQuestThanks2	<voice type=thanks>\nGood job, Mr. Prepper, I will use it for the good of Murricaville.
I2Languages (I2.Loc.LanguageSourceAsset)	Dialogues/scientistEndQuestThanks3	<voice type=thanks>\nThank you, man! One step closer to making Murricaville prosperous.
I2Languages (I2.Loc.LanguageSourceAsset)	Dialogues/scientistEndQuestThanks4	<voice type=thanks>\nThank you for your service for scientific and engineering advancement! I'll try to keep it awesome.
I2Languages (I2.Loc.LanguageSourceAsset)	Dialogues/scientistEndQuestThanks5	<voice type=thanks>\nI am grateful for your contribution. Will do something cool with it.
I2Languages (I2.Loc.LanguageSourceAsset)	Dialogues/scientistEndQuestThanks6	<voice type=thanks>\nThanks for adding this small brick to the great edifice of science. You're the best.
I2Languages (I2.Loc.LanguageSourceAsset)	Dialogues/scientistEndQuestReward1	Catch your reward.
I2Languages (I2.Loc.LanguageSourceAsset)	Dialogues/scientistEndQuestReward2	Take a look at this blueprint. It might blow your mind.
I2Languages (I2.Loc.LanguageSourceAsset)	Dialogues/scientistEndQuestReward3	Take a look at this, it's dope.
I2Languages (I2.Loc.LanguageSourceAsset)	Dialogues/scientistEndQuestReward4	Here, accept this small reward for your efforts. Pretty sure you'll dig it.
I2Languages (I2.Loc.LanguageSourceAsset)	Dialogues/scientistEndQuestReward5	Take this as a sign of your participation in the steady march of progress. Keep up the good work y'all.
I2Languages (I2.Loc.LanguageSourceAsset)	Dialogues/scientistEndQuestReward6	Awesome, man. Here's a small thank you for taking part in this great work.
I2Languages (I2.Loc.LanguageSourceAsset)	Dialogues/prepNotEnoughtMoney	I don't have enough money.
I2Languages (I2.Loc.LanguageSourceAsset)	Dialogues/scientistFirstEncounter1	<voice type=surprise>\nWho's there?\n<voice type=order>\nYou better get out of here.\nThere are wicked snakes everywhere around!
I2Languages (I2.Loc.LanguageSourceAsset)	Dialogues/prepFirstEncounter2	Yes, I noticed!\n<voice type=negation>\nBut the snakes are no more.\n<voice type=greeting>\nAnd people call me Mr. Prepper.
I2Languages (I2.Loc.LanguageSourceAsset)	Dialogues/scientistFirstEncounter3	<voice type=question>\nMr. Prepper, huh? Sounds familiar.\nWait a sec.
I2Languages (I2.Loc.LanguageSourceAsset)	Dialogues/scientistFirstEncounter4	<voice type=thanks>\nThanks, man.\n<voice type=greeting>\nI am Dr. Edward.\n<voice type=thanks>\nBless the President, y'all.\nI've been stuck this place for a while and my rations have almost run out already.
I2Languages (I2.Loc.LanguageSourceAsset)	Dialogues/prepFirstEncounter5	<voice type=question>\nDid you just say...?
I2Languages (I2.Loc.LanguageSourceAsset)	Dialogues/scientistFirstEncounter6	<voice type=acceptance>\nThank you? Yeah, I've been trapped in here for a couple of weeks, happy to be out now.\nThe food issue was troubling, but what really blew was the fact I needed to interrupt my work.
I2Languages (I2.Loc.LanguageSourceAsset)	Dialogues/prepFirstEncounter7	I'm glad you're ok then.\n<voice type=question>\nThose snakes were... different that I'm used too.
I2Languages (I2.Loc.LanguageSourceAsset)	Dialogues/scientistFirstEncounter8	Ah, yes. It's because of elevated radiation in the area. They're just a bit mutated.\n<voice type=question>\nTo be expected around here, really. Did the bastards bite you, Mr. Prepper?\nThis species is not venomous, but the radiation might be an issue.\nI have something to fix you up with: a concoction made of irradiated mushrooms.\n<voice type=laugh>\nI almost started eating them raw when rations were running out! That would not be a good idea though.\nBut they're helpful when processed into an extract. Take this, it will be useful.
I2Languages (I2.Loc.LanguageSourceAsset)	Dialogues/prepFirstFetchQuest1	<voice type=question>\nWhat are you doing in here exactly?
I2Languages (I2.Loc.LanguageSourceAsset)	Dialogues/scientistFirstFetchQuest2	Ah, just working for the advancement of science and engineering. And for the good of our beautiful Murricaville.\n<voice type=thanks>\nBless the Murricaville and its people.
I2Languages (I2.Loc.LanguageSourceAsset)	Dialogues/prepFirstFetchQuest3	<voice type=question>\nRight. And the science and engineering you do is...?
I2Languages (I2.Loc.LanguageSourceAsset)	Dialogues/scientistFirstFetchQuest4	<voice type=question>\nOkay, did you notice the electricity going off randomly? \nOur town needs a better, more efficient and more stable source of energy. And I'm gonna provide it.
I2Languages (I2.Loc.LanguageSourceAsset)	Dialogues/prepFirstFetchQuest5	<voice type=question>\nSo I'm guessing this is a nuclear power plant?
I2Languages (I2.Loc.LanguageSourceAsset)	Dialogues/scientistFirstFetchQuest6	<voice type=thanks>\nBingo! \nNow that I can finally work again without worrying about food and predators, I just need a couple of days and the plant will be running as new.\nThere is just... one issue.
I2Languages (I2.Loc.LanguageSourceAsset)	Dialogues/prepFirstFetchQuest7	<voice type=question>\nI know. Radioactive pollution spilling over, influencing the local wildlife and throwing the whole ecosystem off balance?
I2Languages (I2.Loc.LanguageSourceAsset)	Dialogues/scientistFirstFetchQuest8	<voice type=negation>\nWhat? No.\nI'm running out of resources.\n<voice type=question>\nWould you lend me a hand, Mr. Prepper? \n<voice type=thanks>\nFor the good of our glorious town.
I2Languages (I2.Loc.LanguageSourceAsset)	Dialogues/prepFirstFetchQuest9	<voice type=disappointment>\nUmm, yeah, I guess...?
I2Languages (I2.Loc.LanguageSourceAsset)	Dialogues/scientistFirstFetchQuest10	<voice type=order>\nTake this.
I2Languages (I2.Loc.LanguageSourceAsset)	Dialogues/scientistFirstFetchQuest11	Look for anything radiated and bring it to me, I might be able to use it as nuclear fuel.\n<voice type=thanks>\nI won't rest until I make Murricaville a better place! Even better! 
I2Languages (I2.Loc.LanguageSourceAsset)	Dialogues/prepFirstFetchQuest12	<voice type=acceptance>\nOkay. I guess it won't hurt to see where this is going.
I2Languages (I2.Loc.LanguageSourceAsset)	Dialogues/scientistFirstFetchQuestComplited1	Ah, perfect.\n<voice type=thanks>\nThank you, Mr. Prepper, this will be very useful.
I2Languages (I2.Loc.LanguageSourceAsset)	Dialogues/scientistFirstFetchQuestComplited2	Alright! Next I'm going to need...
I2Languages (I2.Loc.LanguageSourceAsset)	Dialogues/prepFirstFetchQuestComplited3	<voice type=negation>\nWait a second.
I2Languages (I2.Loc.LanguageSourceAsset)	Dialogues/scientistFirstFetchQuestComplited4	<voice type=question>\nYes?
I2Languages (I2.Loc.LanguageSourceAsset)	Dialogues/prepFirstFetchQuestComplited5	<voice type=order>\nListen, Edward. You are working on activating a nuclear power plant.\n<voice type=order>\nIt's extremely dangerous if you don't have impeccable security systems.
I2Languages (I2.Loc.LanguageSourceAsset)	Dialogues/scientistFirstFetchQuestComplited6	<voice type=question>\nRelax, Mr. Prepper. \nThere is some risk. But what's a little risk in comparison to the greater good of the whole Murricaville?
I2Languages (I2.Loc.LanguageSourceAsset)	Dialogues/prepFirstFetchQuestComplited7	<voice type=question>\nAren't you afraid of harming the town accidentally instead?
I2Languages (I2.Loc.LanguageSourceAsset)	Dialogues/scientistFirstFetchQuestComplited8	<voice type=negation>\nNah, I got this, trust me.\nThe worst case scenario is that some local fauna and flora gets a bit spicy.
I2Languages (I2.Loc.LanguageSourceAsset)	Dialogues/prepFirstFetchQuestComplited9	<voice type=disappointment>\n...\nYou know what, I helped you out a bit, but I'm done.\nI have my own problems to take care of.
I2Languages (I2.Loc.LanguageSourceAsset)	Dialogues/scientistFirstFetchQuestComplited10	<voice type=acceptance>\nAlright.
I2Languages (I2.Loc.LanguageSourceAsset)	Dialogues/scientistFirstFetchQuestComplited11	It's a bummer though.\nI was about to share with you this blueprint for a hazmat backpack.
I2Languages (I2.Loc.LanguageSourceAsset)	Dialogues/scientistFirstFetchQuestComplited12	I happen to possess knowledge of all kinds of equipment and machinery that could prove essential to surviving a catastrophic scenario.
I2Languages (I2.Loc.LanguageSourceAsset)	Dialogues/prepFirstFetchQuestComplited13	<voice type=disappointment>\nEh...\n<voice type=acceptance>\nAlright, let's be clear - I still don't trust you, but you got my attention.
I2Languages (I2.Loc.LanguageSourceAsset)	Dialogues/scientistFirstFetchQuestComplited14	<voice type=thanks>\nSmart. Here, take a look at this blueprint. \n<voice type=thanks>\nYou'll do as you please, of course. But if you reconsider, I will have other requests for you, and more knowledge to share!
I2Languages (I2.Loc.LanguageSourceAsset)	Dialogues/scientistSecondFetchQuest1	<voice type=question>\nSo, Mr. Prepper, how do you like the Hazmat Backpack?
I2Languages (I2.Loc.LanguageSourceAsset)	Dialogues/prepSecondFetchQuest2	I'd prefer a hazmat suit.\nBut looks good anyway, should come in handy.
I2Languages (I2.Loc.LanguageSourceAsset)	Dialogues/scientistSecondFetchQuest3	<voice type=question>\nAwesome! Wanna take up another task? For progress and all?
I2Languages (I2.Loc.LanguageSourceAsset)	Dialogues/prepSecondFetchQuest4	<voice type=acceptance>\nYeah, I suppose I do.\nIt's just... I figured it's better to keep an eye on you, in case you're on track of getting us all blown up.\nThis seems to be a common danger here in the town, now that I think of it.
I2Languages (I2.Loc.LanguageSourceAsset)	Dialogues/scientistSecondFetchQuest5	<voice type=negation>\nI'd never! I have everything well in hand!\nAnd it's cool we can get our cooperation going again.
I2Languages (I2.Loc.LanguageSourceAsset)	Dialogues/scientist_NuclearMaterial	Look around just anywhere, Mr. Prepper.\nIt's not only me, Murricaville had more occasions to be exposed to radioactivity throughout its history.\nYou'd be surprised how many irradiated objects lie around EVERYWHERE.\nI'm pretty sure you will find some in no time.
I2Languages (I2.Loc.LanguageSourceAsset)	Dialogues/scientist_AlienIncubator	<voice type=question>\nTrouble with this one? Have you had any contact with the extraterrestrials?\nThey do exist, yes.\nI've even dissected some of them in the old days. I'm not much into xenobiology though, it bores me.\nBut their technology! A completely different, awesome thing.\nWe used some of their tech to shoot them from the sky, and then we'd retrieve more tech. \nAnyway, find a UFO wreckage, and if you get lucky, you may find an incubator in there.\nI need one. Whatever was growing inside, you can throw away, I just want an incubator.
I2Languages (I2.Loc.LanguageSourceAsset)	Dialogues/scientist_AtomicWaste	<voice type=question>\nNo more nuclear waste around here? Hm.\nThey used to dump it deep into the ground. I'd reckon an abandoned mine would be perfect for this.
I2Languages (I2.Loc.LanguageSourceAsset)	Dialogues/scientist_Mannequin	Here, I meant specifically a mannequin used in an atomic bomb test. Like a crash test dummy, but for nukes.\nA long time ago, some nuclear tests were performed in the desert, relatively far from here.
I2Languages (I2.Loc.LanguageSourceAsset)	Dialogues/scientist_OldGasMask2	<voice type=question>\nMaybe you'll find the masks in some place where dangerous materials were involved?\n<voice type=question>\nA mine, perhaps? And maybe someone uses them still?
I2Languages (I2.Loc.LanguageSourceAsset)	Dialogues/scientist_RadioactivePlant	A rare species of plant, with some special effects thanks to radioactivity. \nSome specimens are to be found deep in the forest.\nJust go as far as you can.
I2Languages (I2.Loc.LanguageSourceAsset)	Dialogues/scientist_RadioactiveClothes	A hazmat suit? Absolutely vital if you plan to walk through irradiated zones without melting. You won’t just find one lying around — you’ll have to craft it yourself.
I2Languages (I2.Loc.LanguageSourceAsset)	Dialogues/scientist_Tektite	<voice type=question>\nTrinitite? \nIt's this kind of rock that is being created during nuclear explosions in the desert.\nI'm sure some is still left from the earlier nuke-happy times.
I2Languages (I2.Loc.LanguageSourceAsset)	Dialogues/scientist_BlueberrieRadioactive	<voice type=question>\nBlueberries. Where might they be? Where do you find them usually?
I2Languages (I2.Loc.LanguageSourceAsset)	Dialogues/scientist_GuaranaRadioactive	<voice type=question>\nIt's a bit funny there's guarana to be found in Murricaville, ain't it? It must be an invasive species.\nThen again, I was never much into biology, too messy. For what it's worth, they might just be mutated strawberries.\nBut I have an inkling that radioactive guarana might be especially useful to me. 
I2Languages (I2.Loc.LanguageSourceAsset)	Dialogues/scientist_RadiatedRatMeat	Find a green glowing rat. Hard to mistake it for anything else really.\nJust kill it and bring it too me. \n<voice type=laugh>\nGood luck!
I2Languages (I2.Loc.LanguageSourceAsset)	Dialogues/scientist_RadiatedSnakeMeat	Some of the snakes are green and glowing. They would make for a great party accessory were they not so unwieldy. \nKill one and bring it to me. Not for fun, for science, of course.\n<voice type=laugh>\nGood luck!
I2Languages (I2.Loc.LanguageSourceAsset)	Dialogues/scientist_RadiatedWildMeat	You may find a green glowing wolf where other wolves appear as well.\nKill it and bring it too me, I have an idea what I might extract from it.\n<voice type=laugh>\nGood luck!
I2Languages (I2.Loc.LanguageSourceAsset)	Dialogues/scientist_UraniumGlass	<voice type=question>\nI think you might find some uranium glass in an uranium mine?\nBut you can also try the junkyard, some dumbass could have thrown it away not having recognized its value.
I2Languages (I2.Loc.LanguageSourceAsset)	Dialogues/scientist_Uranium	It used to be excavated in uranium mines, also here in the region.\nI bet there is one nearby, but I don't know where exactly.
I2Languages (I2.Loc.LanguageSourceAsset)	Dialogues/scientist_NuclearRod	A nuclear rods? Now we're talking serious power. It’s refined uranium, spun into purity by a centrifuge and shaped into a perfect little stick of energy. 
I2Languages (I2.Loc.LanguageSourceAsset)	Dialogues/scientist_UraniumMushroom	Irradiated mushrooms. Very important for my next scientific project. No other reason.\n<voice type=question>\nWhere to find them? I bet those that are underground could retain more radioactivity.\nThere are some in the overgrown cooling tower around here, but I doubt it will be enough. 
I2Languages (I2.Loc.LanguageSourceAsset)	Dialogues/scientistStage1Complited	<voice type=thanks>\nI am happy to announce I finally have enough resources to activate this power plant in its full power!\n<voice type=thanks>\nFrom tomorrow on, Murricaville would never have to worry about electricity!\n<voice type=thanks>\nBless the President, y'all! Glory to progress!
I2Languages (I2.Loc.LanguageSourceAsset)	Dialogues/scientistWait	I am in the middle of some calibrations.\nCome back tomorrow, will ya.
I2Languages (I2.Loc.LanguageSourceAsset)	Dialogues/prepNextDayOnPowerPlant1	<voice type=question>\nHmm, it's closed now?\nI wonder why...\nThe air feels odd.
I2Languages (I2.Loc.LanguageSourceAsset)	Dialogues/prepNextDayOnPowerPlant2	There is a lot of background radiation in the area.\n<voice type=question>\nWhat did he do?
I2Languages (I2.Loc.LanguageSourceAsset)	Dialogues/prepNextDayOnPowerPlant3	<voice type=surprise>\nOh, no...
I2Languages (I2.Loc.LanguageSourceAsset)	Dialogues/scientistStage2Start1	<voice type=greeting>\nOh, Mr. Prepper, you are finally here!
I2Languages (I2.Loc.LanguageSourceAsset)	Dialogues/prepStage2Start2	<voice type=upset>\nYes... And I almost got killed. Again. 
I2Languages (I2.Loc.LanguageSourceAsset)	Dialogues/scientistStage2Start3	I've heard animal noises outside, they sound agitated. \nI might have messed up a bit and a small amount of radiation got released during the stress test of a reactor.\nBut I don't think there is a causal connection between the two phenomena, the release of ionizing particles...
I2Languages (I2.Loc.LanguageSourceAsset)	Dialogues/prepStage2Start4	<voice type=question>\nWait, get back to the previous sentence. What do you mean "a small amount of radiation"?
I2Languages (I2.Loc.LanguageSourceAsset)	Dialogues/scientistStage2Start5	Umm... My estimate would be some... 400 petabecquerels... So far.
I2Languages (I2.Loc.LanguageSourceAsset)	Dialogues/prepStage2Start6	<voice type=negation>\nThat's bad.
I2Languages (I2.Loc.LanguageSourceAsset)	Dialogues/scientistStage2Start7.1	It's... quite high, yes.\n<voice type=thanks>\nBut Mr. Prepper, it's so awesome!
I2Languages (I2.Loc.LanguageSourceAsset)	Dialogues/scientistStage2Start7.2	<voice type=thanks>\nJust look at it!
I2Languages (I2.Loc.LanguageSourceAsset)	Dialogues/scientistStage2Start8.1	<voice type=thanks>\nWith this technological feat, Murricaville harnesses the power of atom!
I2Languages (I2.Loc.LanguageSourceAsset)	Dialogues/scientistStage2Start8.2	And on top of that, I have enough spare energy for my next project.
I2Languages (I2.Loc.LanguageSourceAsset)	Dialogues/prepStage2Start9	<voice type=disappointment>\n...I'm afraid to ask.
I2Languages (I2.Loc.LanguageSourceAsset)	Dialogues/scientistStage2Start10	<voice type=negation>\nOh, don't worry! It's completely harmless.
I2Languages (I2.Loc.LanguageSourceAsset)	Dialogues/scientistStage2Start11	I want to fix this electrical switchgear. 
I2Languages (I2.Loc.LanguageSourceAsset)	Dialogues/scientistStage2Start12	I can already redirect energy to residential areas of the town, but if I fix this, I'll have way more options.
I2Languages (I2.Loc.LanguageSourceAsset)	Dialogues/prepStage2Start13	<voice type=question>\nFor example?
I2Languages (I2.Loc.LanguageSourceAsset)	Dialogues/scientistStage2Start14	<voice type=thanks>\nThe local dam!\nIt's all messed up. But with a stable source of energy it will work like a charm.
I2Languages (I2.Loc.LanguageSourceAsset)	Dialogues/prepStage2Start15	Mhm. Surprising as it is, it actually does sound quite harmless.\n<voice type=question>\nBut can we do anything about the radiation that has already leaked?
I2Languages (I2.Loc.LanguageSourceAsset)	Dialogues/scientistStage2Start16	Oh, yes, here, suit yourself.
I2Languages (I2.Loc.LanguageSourceAsset)	Dialogues/prepStage2Start17	I think it'll be fine, personally. I mean the environment around.
I2Languages (I2.Loc.LanguageSourceAsset)	Dialogues/scientistStage2Start18	Oh, sure! I don't care that much.\n<voice type=acceptance>\nI'll deal with that eventually, don't you worry, Mr. Prepper!\n<voice type=thanks>\nBless the President, y'all! Glory to progress!
I2Languages (I2.Loc.LanguageSourceAsset)	Dialogues/prepStage2FirstQuest1	<voice type=question>\nI assume you have another request for me?
I2Languages (I2.Loc.LanguageSourceAsset)	Dialogues/scientistStage2FirstQuest2	Oh, sure, not a dull moment around here.\nThere might be something just for you.
I2Languages (I2.Loc.LanguageSourceAsset)	Dialogues/scientistStage2FirstQuest3	First of all, I have this Crane Machine all set.
I2Languages (I2.Loc.LanguageSourceAsset)	Dialogues/scientistStage2FirstQues4	There is a substantial amount of radioactive waste upstairs. And also some regular junk which is now radioactive.\nSome of it is... potentially dangerous. I intended to deal with it before, but something always got in the way.\nWith this Crane Machine you can safely... relatively safely extract the items from the room upstairs.
I2Languages (I2.Loc.LanguageSourceAsset)	Dialogues/prepStage2FirstQuest5	<voice type=question>\nI see. And why wouldn't you do it yourself?
I2Languages (I2.Loc.LanguageSourceAsset)	Dialogues/scientistStage2FirstQues6	<voice type=acceptance>\nAh, I don't have patience for this. Basic science? Sure. Engineering? Very cool.\n<voice type=negation>\nActual operation of machines? Nah, I should have lab assistants for this.\nBut I think it's the best job for you! Just be careful.\nSome of that stuff can cause a substantial leak when it falls. Or simply blow up.
I2Languages (I2.Loc.LanguageSourceAsset)	Dialogues/prepStage2FirstQuest7	<voice type=disappointment>\n...
I2Languages (I2.Loc.LanguageSourceAsset)	Dialogues/scientistStage2FirstQuest8	<voice type=thanks>\nBut if you don't want to do it, I will have to!\nI'd just need to find a way to do it really quickly so I can get back to other work. Perhaps if I disable some safety mechanisms in the crane...
I2Languages (I2.Loc.LanguageSourceAsset)	Dialogues/prepStage2FirstQues9	<voice type=negation>\nNo, no, wait. Don't. I will do it. 
I2Languages (I2.Loc.LanguageSourceAsset)	Dialogues/scientistStage2FirstQuest10	Great! I need $x$ from the Crane Machine.
I2Languages (I2.Loc.LanguageSourceAsset)	Dialogues/scientistStage2FirstQuest11	You can control it from here.
I2Languages (I2.Loc.LanguageSourceAsset)	Dialogues/scientistStage2FirstQuest12	<voice type=thanks>\nGood luck!
I2Languages (I2.Loc.LanguageSourceAsset)	Dialogues/scientist_MetalToilet	One should be in a box upstairs. I hope it's stylish.\nYou can get it with the Crane Machine.
I2Languages (I2.Loc.LanguageSourceAsset)	Dialogues/scientist_NuclearBomb	You can find this thing, probably still functional, among the junk upstairs.\nGet it with the crane machine. Just please don't drop it, this one is dangerous.
I2Languages (I2.Loc.LanguageSourceAsset)	Dialogues/scientist_OldComputer	One should be in one of the boxes upstairs.\nCrane machine is the best way to get it. Be careful, it's electronics after all.
I2Languages (I2.Loc.LanguageSourceAsset)	Dialogues/scientist_BigUraniumRod	I think I saw one big fat uranium rod upstairs.\nPlease bring the bad boy down.
I2Languages (I2.Loc.LanguageSourceAsset)	Dialogues/scientist_SeaBomb	I know one is packed into a box upstairs. Don't ask me how it got there.\nGet it with the Crane Machine. Careful! 
I2Languages (I2.Loc.LanguageSourceAsset)	Dialogues/scientist_Plastic	Plastic? Well, the usual procedure to obtain it would be: refinement, then cracking, and then either addition polymerization or condensation polymerization, and then compounding.\nBut if it sounds too complicated, you could just scavenge scraps from the desert.
I2Languages (I2.Loc.LanguageSourceAsset)	Dialogues/scientist_Electronics	Electronics? Ah, the delicate art of assembling semiconductors, resistors, and capacitors onto printed circuit boards using soldering and precision engineering. \nBut if you're not running a lab, just rip them out of old phones, radios, or computers. Or go dig through the desert — nature's scrapyard.\n
I2Languages (I2.Loc.LanguageSourceAsset)	Dialogues/scientist_Generator	A generator? You will need a pretty advanced workbench to build it.
I2Languages (I2.Loc.LanguageSourceAsset)	Dialogues/scientist_NuclearGenerator	It's basically a small nuclear reactor allowing you to produce electricity just like any other generator.\nYou have a blueprint for it, Mr. Prepper.\nI'm sure you'll figure it out, you're smart.
I2Languages (I2.Loc.LanguageSourceAsset)	Dialogues/scientist_TeslaCoilGun	That's a tricky one.\nI heard a legend about the mad scientist who once developed it.\nBut it was too dangerous - constantly overheating, volatile.\nNow his theories are a bit of a tinfoil hat area. But who knows, maybe he was onto something?
I2Languages (I2.Loc.LanguageSourceAsset)	Dialogues/scientist_Fuel	<voice type=question>\nFuel? Well, where do people around here get their fuel from?\nAnd I guess you might try the abandoned gas station on the desert.\nOr you can take crude oil from the abandoned mine and refine it in your own refinery, DIY style.\nAnd don't try to give me the Nuclear Fuel, i need pure gasoline for this.
I2Languages (I2.Loc.LanguageSourceAsset)	Dialogues/scientistStage2Complited1	This should be enough to fix the switchgear.
I2Languages (I2.Loc.LanguageSourceAsset)	Dialogues/prepBeforeStage3Start1	There is even more radiation in the area now.
I2Languages (I2.Loc.LanguageSourceAsset)	Dialogues/prepBeforeStage3Start2	I better watch out for the feral animals. Which are not causally connected to the whole thing, of course.
I2Languages (I2.Loc.LanguageSourceAsset)	Dialogues/scientistStage3Start1	<voice type=greeting>\nMr. Prepper, good to see you again, man!\nThe switchgear is complete.\nCome, take a look.
I2Languages (I2.Loc.LanguageSourceAsset)	Dialogues/prepStage3Start2	<voice type=question>\nNo packs of irradiated wolves or snakes this time?
I2Languages (I2.Loc.LanguageSourceAsset)	Dialogues/scientistStage3Start3	<voice type=negation>\nNo, they learned already to keep outta there.\nI bet they won't bother us any longer.
I2Languages (I2.Loc.LanguageSourceAsset)	Dialogues/prepStage3Start4	Good, but at this rate I think I'd better stay in a hazmat suit at all times just as you do. As a precaution.
I2Languages (I2.Loc.LanguageSourceAsset)	Dialogues/scientistStage3Start5	<voice type=acceptance>\nYeah. I had a little miscalculation.\nSeveral miscalculations, in fact.\nThe nuclear generator suffered a leak.\nBut it's all good now!\nWell, better.\nNothing to worry about.
I2Languages (I2.Loc.LanguageSourceAsset)	Dialogues/prepStage3Start6	<voice type=question>\nMhm, so what about electricity for the dam controls?
I2Languages (I2.Loc.LanguageSourceAsset)	Dialogues/scientistStage3Start7	<voice type=thanks>\nAll working already!\nWe won't hear about the dam malfunctioning again anytime soon.\nAccording to my calculations at least.
I2Languages (I2.Loc.LanguageSourceAsset)	Dialogues/prepStage3Start8	Yeah, about that... Can we discuss a thing?
I2Languages (I2.Loc.LanguageSourceAsset)	Dialogues/scientistStage3Start9	Shoot, Mr. Prepper.
I2Languages (I2.Loc.LanguageSourceAsset)	Dialogues/prepStage3Start10	I thought about what should become your next project.\nI believe you should focus now on stabilizing the reactor. \nIt doesn't look safe.
I2Languages (I2.Loc.LanguageSourceAsset)	Dialogues/scientistStage3Start11	<voice type=thanks>\nIt's a clever suggestion, Mr. Prepper!\nI will redirect my efforts to it right away.\nFor the safety of our beautiful town. \n<voice type=thanks>\nGlory to progress, y'all! Bless the Murricaville!
I2Languages (I2.Loc.LanguageSourceAsset)	Dialogues/prepStage3Start12	<voice type=negation>\nYeah, bless.
I2Languages (I2.Loc.LanguageSourceAsset)	Dialogues/scientistStage3Start13	But I could use your help again, Mr. Prepper.\nIn order to stabilize the generator, I need more reliable fuel.\nUsing this random irradiated junk won't cut it anymore. 
I2Languages (I2.Loc.LanguageSourceAsset)	Dialogues/scientistStage3Start14	Bring me $x$.
I2Languages (I2.Loc.LanguageSourceAsset)	Dialogues/scientistStage3Start15	I heard there once was an Uranium Mine somewhere in the region.\nI'm sure you will find it!
I2Languages (I2.Loc.LanguageSourceAsset)	Dialogues/prepStage3FirstQuestEnd1	<voice type=question>\nHow's stabilizing the reactor going? Are we close to being safer?
I2Languages (I2.Loc.LanguageSourceAsset)	Dialogues/scientistStage3FirstQuestEnd2	<voice type=question>\nWhat?\nAh, yes, the reactor. Of course. It's going well.\nI'm almost done with it.
I2Languages (I2.Loc.LanguageSourceAsset)	Dialogues/prepStage3FirstQuestEnd3	<voice type=question>\nAnd what's all of that...?
I2Languages (I2.Loc.LanguageSourceAsset)	Dialogues/scientistStage3FirstQuestEnd4	Ah, it's just a little side project.\nNothing major.\nYou know, just to unwind and clear my head.\nI will fix the generator issue shortly.
I2Languages (I2.Loc.LanguageSourceAsset)	Dialogues/prepIspectAdroidPostMan	Maybe I don't want to know.\nI will just act like I hadn't seen it.
I2Languages (I2.Loc.LanguageSourceAsset)	Dialogues/scientistStage3Complite1	I have enough resources now to finish fixing the generator.
I2Languages (I2.Loc.LanguageSourceAsset)	Dialogues/scientistStage4Start1	<voice type=greeting>\nMr. Prepper! You are finally here.\n<voice type=thanks>\nLook!\n<voice type=thanks>\nIt is finished!
I2Languages (I2.Loc.LanguageSourceAsset)	Dialogues/prepStage4Start2	<voice type=question>\nEhm... Mr. Postman?
I2Languages (I2.Loc.LanguageSourceAsset)	Dialogues/postdroidStage4Start3	<voice type=thanks>\nWhat a lovely weather today!
I2Languages (I2.Loc.LanguageSourceAsset)	Dialogues/scientistStage4Start4	<voice type=question>\nIsn't it perfect?
I2Languages (I2.Loc.LanguageSourceAsset)	Dialogues/postdroidStage4Start5	<voice type=greeting>\nYou've got mail!
I2Languages (I2.Loc.LanguageSourceAsset)	Dialogues/prepStage4Start6	<voice type=disappointment>\nThis is too much for me.
I2Languages (I2.Loc.LanguageSourceAsset)	Dialogues/scientistStage4Start7	<voice type=thanks>\nBut Mr. Prepper! This is a replacement of a fallible public service!\n<voice type=thanks>\nNow you can say goodbye to the days without the postman!
I2Languages (I2.Loc.LanguageSourceAsset)	Dialogues/scientistStage4Start8	<voice type=thanks>\nGo, go, onwards, into the world!
I2Languages (I2.Loc.LanguageSourceAsset)	Dialogues/prepStage4Start9	<voice type=question>\nWait, what is happening here? Why was he missing so often?\n<voice type=question>\nDid you have something to do with this?\n<voice type=anger>\nArgh, I guess it doesn't matter now.\n<voice type=order>\nNow let me remind you that you were supposed to work on stabilizing the generator.
I2Languages (I2.Loc.LanguageSourceAsset)	Dialogues/prepStage4Start10	<voice type=anger>\nThere is even more radiation in the area now!
I2Languages (I2.Loc.LanguageSourceAsset)	Dialogues/scientistStage4Start11	Yes, yes, I had a small delay, but it's almost done.\nJust trust me.\n<voice type=thanks>\nI swear on our beloved President!
I2Languages (I2.Loc.LanguageSourceAsset)	Dialogues/prepStage4Start12	<voice type=negation>\nI feel much more reassured now.
I2Languages (I2.Loc.LanguageSourceAsset)	Dialogues/scientistStage4Start13	I'm still gonna need your help, Mr. Prepper. \nThere is a bunch of other stuff missing on my road to engineering perfection.
I2Languages (I2.Loc.LanguageSourceAsset)	Dialogues/prepStage4Start14	<voice type=negation>\n...No, wait, enough is enough. He is not going to repair it.\n<voice type=order>\nI need to take it into my own hands or this whacko is going to turn the whole place into a nuclear wasteland.\n<voice type=order>\nI will keep working on my shelter. \nIt needs to be safe and reliable, just in case.\nI will keep an eye on him in the meantime.\nMaybe one of his blueprints will give me an idea how to fix the generator.\nAnd in case of trouble - shelter. It will be fine. I will be fine. 
I2Languages (I2.Loc.LanguageSourceAsset)	Dialogues/prepReciveRadiationStabilizer1	<voice type=thanks>\nFinally! \nNow I should try it out and install it in my shelter.\nMaybe this or something similar will let me fix the nuclear generator.
I2Languages (I2.Loc.LanguageSourceAsset)	Dialogues/prepInstallRadiationStabilizer1	There is no excessive radiation!\nIt works. Maybe if I work further on this, I could fix the nuclear generator.
I2Languages (I2.Loc.LanguageSourceAsset)	Dialogues/scientistStage4Complite1	<voice type=thanks>\nPerfect! The resources are sufficient. \n<voice type=thanks>\nFinally, we are on the verge of great breakthrough!
I2Languages (I2.Loc.LanguageSourceAsset)	Dialogues/prepNuclearPlantWithoutRadiationStabilizer	<voice type=negation>\nIt's closed.\nI guess he needs more time, whatever he is doing.
I2Languages (I2.Loc.LanguageSourceAsset)	Dialogues/prepNuclearPlantBombs	<voice type=surprise>\nOh shit, what's all of that?! Are these nuclear warheads?\n<voice type=anger>\nI know he was not the sanest, but this is batshit crazy.
I2Languages (I2.Loc.LanguageSourceAsset)	Dialogues/prepNuclearPlantGenerator	I better take care of this.\nI don't know how much more time is left.
I2Languages (I2.Loc.LanguageSourceAsset)	Dialogues/prepNuclearPlantGeneratorFixed	<voice type=thanks>\nPhew, looks good.\nI think we are safe for now.
I2Languages (I2.Loc.LanguageSourceAsset)	Dialogues/scientistNuclearConfrontation1	So you've come to behold my new achievement.\n<voice type=laugh>\nGreat timing, man!
I2Languages (I2.Loc.LanguageSourceAsset)	Dialogues/prepNuclearConfrontation2	<voice type=question>\nLet's talk. Could you explain me slowly what exactly have you done?\nI want to properly appreciate all the steps of the scientific reasoning.
I2Languages (I2.Loc.LanguageSourceAsset)	Dialogues/scientistNuclearConfrontation3	Hey, Prepper, please don't come closer, I don't need to whisper it to your ear.
I2Languages (I2.Loc.LanguageSourceAsset)	Dialogues/scientistNuclearConfrontation4	Delivering almost unlimited power to the town is a great achievement.\n<voice type=question>\nBut why stop there? Why harness the power of the atom only for lighting homes and streets?
I2Languages (I2.Loc.LanguageSourceAsset)	Dialogues/prepNuclearConfrontation5	<voice type=thanks>\nIt's an achievement to be truly proud of!\n<voice type=thanks>\nIt's relieving people of thinking about energy sources. They can use their own potential for greater things!
I2Languages (I2.Loc.LanguageSourceAsset)	Dialogues/scientistNuclearConfrontation6	<voice type=anger>\nStop spinning a yarn, Mr. Prepper, and don't come any closer!
I2Languages (I2.Loc.LanguageSourceAsset)	Dialogues/scientistNuclearConfrontation7	It's not enough to only achieve comfort and stability. No one will understand the power of science if it is only used for lightbulbs.\nThis is why more is needed. Display of force. Enlightenment through power.\n
I2Languages (I2.Loc.LanguageSourceAsset)	Dialogues/prepNuclearConfrontation8	<voice type=question>\nWhat are you gonna do, just throw some nukes around? \nYou surely don't have intercontintental missiles to shoot them far.
I2Languages (I2.Loc.LanguageSourceAsset)	Dialogues/scientistNuclearConfrontation9	I can shoot them for a shorter distance, create a ring of power around Murricaville. It will be enough.\n<voice type=laugh>\nWe will gain awe, admiration, respect!\n<voice type=thanks>\nBless the Pestilent!
I2Languages (I2.Loc.LanguageSourceAsset)	Dialogues/prepNuclearConfrontation10	<voice type=anger>\nThis isn't even science, this is just putting up big fireworks!\n<voice type=negation>\nIt benefits no one, it will just bring us clouds of fallout. And possibly a preventive attack from across the ocean.\n<voice type=order>\nJust stop it! It's not too late!
I2Languages (I2.Loc.LanguageSourceAsset)	Dialogues/scientistNuclearConfrontation11	<voice type=negation>\nNo, Mr. Prepper. You're just a simpleton, an obstacle on the road to progress.\n<voice type=laugh>\nPrepare to be blown away like dust. And don't try anything, I'm bulletproof. 
I2Languages (I2.Loc.LanguageSourceAsset)	Dialogues/scientistNuclearConfrontation12	<voice type=question>\nYou thought it's all I have? Try to get through my electron shell.\nDonate your body to science already.
I2Languages (I2.Loc.LanguageSourceAsset)	Dialogues/scientistNuclearConfrontation13	<voice type=laugh>\nI'm invincible. Sheltered. You don't have anything on me.
I2Languages (I2.Loc.LanguageSourceAsset)	Dialogues/scientistNuclearConfrontation14	<voice type=question>\nWhat are you even trying to do?\nYou won't beat my force field. Bite the dust.
I2Languages (I2.Loc.LanguageSourceAsset)	Dialogues/prepNuclearConfrontation15	<voice type=laugh>\nOh, science protects you, you see? Let's see if it protects you from the law of universal gravitation.\nMeaning: heavy things dropping on your head.
I2Languages (I2.Loc.LanguageSourceAsset)	Dialogues/scientistNuclearConfrontation16	<voice type=surprise>\nNo! Why must you ruin everything?!\n<voice type=anger>\nYou forced my hand. Come, ye poor and wretched!
I2Languages (I2.Loc.LanguageSourceAsset)	Dialogues/scientistNuclearConfrontation17	<voice type=upset>\nAh... Defeated... Suppressed... Fissured...\n<voice type=upset>\nDecompressed... Bless the Sediment.
I2Languages (I2.Loc.LanguageSourceAsset)	Dialogues/scientistNuclearConfrontation18	<voice type=disappointment>\nI can't believe you just trampled on my plans, you nitwit.
I2Languages (I2.Loc.LanguageSourceAsset)	Dialogues/prepNuclearConfrontation18	<voice type=question>\nWhat were you even trying to achieve?!\n<voice type=question>\nImpress the town population, who are numb and half-braindead anyway?
I2Languages (I2.Loc.LanguageSourceAsset)	Dialogues/scientistNuclearConfrontation19	<voice type=question>\nWhat do you mean? I remember it as a lively place!\nFrom before I locked myself down to focus on my research.
I2Languages (I2.Loc.LanguageSourceAsset)	Dialogues/prepNuclearConfrontation20	Look... Most inhabitants of the town are under the influence of some mind control technology.\nI think it's a government project.\nIt makes people complacent. Docile. Extremely dull, also.
I2Languages (I2.Loc.LanguageSourceAsset)	Dialogues/scientistNuclearConfrontation21	<voice type=question>\nBut... Why would the government do it?\n<voice type=upset>\nThis would just dampen people's wit, creativity and analytical skills! This is not the way to progress!
I2Languages (I2.Loc.LanguageSourceAsset)	Dialogues/prepNuclearConfrontation22	Well. This might be a lesson for you that the President is perhaps not to be blessed too much.
I2Languages (I2.Loc.LanguageSourceAsset)	Dialogues/scientistNuclearConfrontation23	<voice type=upset>\nAh, Mr. Prepper. I don't like shifting paradigms, it forces you to relearn so much stuff!\nBut tell me one thing - you say most of the people are under the influence of mind control.\n<voice type=question>\nWhy not all then? What about the others? Me? You?
I2Languages (I2.Loc.LanguageSourceAsset)	Dialogues/prepNuclearConfrontation24	I don't actually know. Some people seem to be immune, or at least partially resistant.\nThose who are awake seem to be... Passionate about something. Driven. Obsessive, one could say.\nI also know that stimulants help. Anyway, the thing surely influences me or you as well, just to a different extent.
I2Languages (I2.Loc.LanguageSourceAsset)	Dialogues/scientistNuclearConfrontation25	I haven't noticed anything. I've been completely sane and composed all the time.
I2Languages (I2.Loc.LanguageSourceAsset)	Dialogues/scientistNuclearConfrontation26	<voice type=question>\nHey, what's that sound?
I2Languages (I2.Loc.LanguageSourceAsset)	Dialogues/prepNuclearConfrontation27	<voice type=upset>\nOh, I'm afraid I know this.\nIt's the Agency. They must have noticed something.\n<voice type=order>\nWe need to get out of here!
I2Languages (I2.Loc.LanguageSourceAsset)	Dialogues/scientistNuclearConfrontation28	But...
I2Languages (I2.Loc.LanguageSourceAsset)	Dialogues/prepNuclearConfrontation29	<voice type=negation>\nNo time to talk! Let's find a calmer place first.\n<voice type=order>\nFollow me.
I2Languages (I2.Loc.LanguageSourceAsset)	Dialogues/prepAfterNuclearConfrontation1	<voice type=thanks> \nOkay, we should be safe now.
I2Languages (I2.Loc.LanguageSourceAsset)	Dialogues/scientistAfterNuclearConfrontation2	Thank you, Mr. Prepper. Why did you decide to help me? We had just fought.
I2Languages (I2.Loc.LanguageSourceAsset)	Dialogues/prepAfterNuclearConfrontation3	Look, I’ll assume you were under a lot of stress and didn’t even know what you were doing. Mind control stuff.
I2Languages (I2.Loc.LanguageSourceAsset)	Dialogues/scientistAfterNuclearConfrontation4	<voice type=disappointment> \nBut...
I2Languages (I2.Loc.LanguageSourceAsset)	Dialogues/prepAfterNuclearConfrontation5a	<voice type=acceptance> \nMind control, no doubt. Anyway, I know someone who runs a certain underground community. You could head there—just promise to keep it confidential. \n<voice type=order> \nAnd no 'bless the president' bullshit.
I2Languages (I2.Loc.LanguageSourceAsset)	Dialogues/prepAfterNuclearConfrontation5b	<voice type=acceptance> \nMind control, no doubt. Anyway, you should definitely find a place where you can lay low.\nI'd offer a place in my house, but you know how are the housing conditions in Murricaville, and the Agency controls...
I2Languages (I2.Loc.LanguageSourceAsset)	Dialogues/scientistAfterNuclearConfrontation6a	Alright, alright, I admit I've been... overworked. And hiding for a while sounds like a good idea.
I2Languages (I2.Loc.LanguageSourceAsset)	Dialogues/scientistAfterNuclearConfrontation6b	That's alright, it wouldn't be safe enough.\nBut don't you worry, I have a knack for sniffing out places away from the eyes of the Agency.\nI'll manage.
I2Languages (I2.Loc.LanguageSourceAsset)	Dialogues/prepAfterNuclearConfrontation7a	Head east and keep your eyes open for an abandoned mine. Hard to miss.\nThere are people dwelling inside. Friends. Tell them I sent you. But please, don't do anything stupid and work to earn their trust.
I2Languages (I2.Loc.LanguageSourceAsset)	Dialogues/prepAfterNuclearConfrontation7b	If you say so.\nJust don't let them get in you head again.
I2Languages (I2.Loc.LanguageSourceAsset)	Dialogues/scientistAfterNuclearConfrontation8a	Got it. I won't make any trouble, don't you worry.
I2Languages (I2.Loc.LanguageSourceAsset)	Dialogues/prepTalkWithBobAboutEdward1	So I send you this new tenant. He didn't have anywhere else to go. I hope he behaves.
I2Languages (I2.Loc.LanguageSourceAsset)	Dialogues/bobTalkWithBobAboutEdward2	Oh, Edward is lovely! He sometimes borrows my books and we have little chats.\nHe also keeps trying to mix materials he finds around and make something funny with them.
I2Languages (I2.Loc.LanguageSourceAsset)	Dialogues/prepTalkWithBobAboutEdward3	Damn! I need to talk him out of these shenanigans.
I2Languages (I2.Loc.LanguageSourceAsset)	Dialogues/bobTalkWithBobAboutEdward4	Nah, no worries, Mr. Prepper, I have a good eye on the situation.\nI've been herding the Sleepless for a while, I can handle an eccentric scientist.
I2Languages (I2.Loc.LanguageSourceAsset)	Dialogues/prepSleeplessBaseScientist0	Oh, Edward! You're here!
I2Languages (I2.Loc.LanguageSourceAsset)	Dialogues/scientistSleeplessBaseScientist0	Ha, surprise! I bet you thought you'd seen the last of me!\nSince the Agency raid, I was in search of a place that would be safe, but also cozy.\nThen I noticed the warning signs around the mine and thought - that's the spot.\n
I2Languages (I2.Loc.LanguageSourceAsset)	Dialogues/prepSleeplessBaseScientist1	<voice type=question>\nSo how are you doing down here?
I2Languages (I2.Loc.LanguageSourceAsset)	Dialogues/scientistSleeplessBaseScientist2	I miss all my equipment. It's a bit boring. But in general, I feel... calmer? \nI try not to get carried away with wanting to bring my ideas to life instantly.\nThere's something about the ambience here that is very chill.
I2Languages (I2.Loc.LanguageSourceAsset)	Dialogues/prepSleeplessBaseScientist3	<voice type=question>\nDid you have some time to think over the last events?
I2Languages (I2.Loc.LanguageSourceAsset)	Dialogues/scientistSleeplessBaseScientist4	Yes, I think I was a bit... too self-absorbed and wanting to get a big win quickly.\nThis thing with launching nuclear warheads around? Unhinged, now that I think of it.\nThe elevation angle for the missiles and the wind direction were such that...\n
I2Languages (I2.Loc.LanguageSourceAsset)	Dialogues/prepSleeplessBaseScientist5	Let me stop you right there. It was mind control, is that right?
I2Languages (I2.Loc.LanguageSourceAsset)	Dialogues/scientistSleeplessBaseScientist6	Uhm... Right. Of course. Otherwise, I guess, you would have to punish me instead of just sending to an underground spa.
I2Languages (I2.Loc.LanguageSourceAsset)	Dialogues/scientistSleeplessBaseScientist7	Oh, but one other thing - I still, in my free time, work on some blueprints.\n<voice type=question>\nAre you interested in getting some more?
I2Languages (I2.Loc.LanguageSourceAsset)	Dialogues/prepSleeplessBaseScientist8	<voice type=acceptance>\nSure, they've been very useful so far. Just don't pull off another power trip, please.
I2Languages (I2.Loc.LanguageSourceAsset)	Dialogues/scientistSleeplessRandom1	The experiments on stimulants they're doing here are quite interesting, I must say.\nI won't participate, but I gave them some advice on tweaking the research designs.
I2Languages (I2.Loc.LanguageSourceAsset)	Dialogues/scientistSleeplessRandom2	Now that the things got calmer, maybe I should wrap up the results from my last experiments in a scientific paper.\n<voice type=question>\nBut where should I submit it? Do we still have scientific journals around?
I2Languages (I2.Loc.LanguageSourceAsset)	Dialogues/scientistSleeplessRandom3	I don't know what's the deal with it, but I think the air down here in the mine serves me well.\n<voice type=question>\nIs it diminished influence of mind control? Or maybe there was some disadvantageous factor back in the power plant? Hard to say.
I2Languages (I2.Loc.LanguageSourceAsset)	Dialogues/scientistSleeplessRandom4	<voice type=question>\nMaybe I should install a small nuclear generator around here. You think it's not a good idea? No?\n<voice type=disappointment>\nEven a tiny one? Oh, a pity.
I2Languages (I2.Loc.LanguageSourceAsset)	Dialogues/scientistSleeplessRandom5	<voice type=thanks>\nMy grandfather was a miner somewhere in the region. Maybe even in this mine? It must had been fun!\nI never met him though, he died young. I wonder why.
I2Languages (I2.Loc.LanguageSourceAsset)	Dialogues/prepUraniumCompanySignInspect	"Murricaville Uranium Company."\nThis is the place.
I2Languages (I2.Loc.LanguageSourceAsset)	Dialogues/prepNuclearPowerPlantGeneratorNotActive	<voice type=question>\nWhat do we have here? It must be some kind of generator. And it's powered by...\nOh, it's nuclear. Interesting.
I2Languages (I2.Loc.LanguageSourceAsset)	Dialogues/prepNuclearPowerPlantGeneratorActive	So... The reaction is ongoing and the electricity is being generated. It works! I hope it stays stable.
I2Languages (I2.Loc.LanguageSourceAsset)	Dialogues/prepNuclearPowerPlantGeneratorUnStable1	<voice type=surprise>\nOh no. It's most definitely overheating. It seems the reactor is unstable! \nSomething must be done with it, and quickly.
I2Languages (I2.Loc.LanguageSourceAsset)	Dialogues/prepNuclearPowerPlantGeneratorUnStable2	From the looks of it, it needs a more stable way of delivering fuel, and also something to deal with leaking radiation.
I2Languages (I2.Loc.LanguageSourceAsset)	Dialogues/prepNuclearPowerPlantGeneratorStable	Wow, it looks it's stable and secure now. I can't believe it myself.
I2Languages (I2.Loc.LanguageSourceAsset)	Dialogues/prepNuclearPowerPlantSwitchGearBroken	Okay, I don't need to be an electrician to see that this switchgear is seriously messed up.
I2Languages (I2.Loc.LanguageSourceAsset)	Dialogues/prepNuclearPowerPlantSwitchGearFixed	Now it finally looks like a proper piece of technology. The electricity is flowing.
I2Languages (I2.Loc.LanguageSourceAsset)	Dialogues/prepNuclearPowerPlantScintistPlans1	It's a plan for fixing the nuclear generator. I really, really hope it makes sense.
I2Languages (I2.Loc.LanguageSourceAsset)	Dialogues/prepNuclearPowerPlantScintistPlans2	From what I can tell, this is a plan for fixing a broken electrical switchgear nearby. It looks professional.
I2Languages (I2.Loc.LanguageSourceAsset)	Dialogues/prepNuclearPowerPlantScintistPlans3	This looks pretty much like our postman. Post-man rather. He's artificial. Android. Why? Hell if I know.
I2Languages (I2.Loc.LanguageSourceAsset)	Dialogues/prepNuclearPowerPlantScintistPlans4	These are clearly plans for making simple nuclear bombs. I would really prefer not to see those in the flesh.
I2Languages (I2.Loc.LanguageSourceAsset)	Dialogues/prepRadiationPurgeBeaconDiscovered	<voice type=surprise>\nOh, this might come in handy. I have no idea how this could work, but... it apparently does?\nIt won't fix the damaged generator shell, but it will reduce radiation in the area, which is a good start.\nI still need a solution for the nuclear generator though. I need to keep looking.
I2Languages (I2.Loc.LanguageSourceAsset)	Dialogues/prepNuclearGeneratorRefuelerDiscovered	<voice type=thanks>\nOh, intriguing!\nMaybe if I extrapolate on this design, I will be provide a stable delivery of fuel to the generator.\nAnd this, with some tweaks on moderation, should fix the ustable core.\nI have to take a closer look at this design.
I2Languages (I2.Loc.LanguageSourceAsset)	Dialogues/prepReactorSafetySystemDiscovered	<voice type=acceptance>\nYes, I have an idea now. It's all coming together. \nIf I connect the water pump here for increased neutron moderation, this will decrease the fission energy and the reaction should be more stable.\n<voice type=thanks>\nThis might actually work!
I2Languages (I2.Loc.LanguageSourceAsset)	Dialogues/scientist_Diamond	It's not true that diamonds are forever, they surely burn.\nBut it's possible you will find some in the mines.
I2Languages (I2.Loc.LanguageSourceAsset)	Dialogues/scientist_AnimalPart5	<voice type=question>\nAntlers? Set a trap in the forest. Deers are rare around, I guess? \nUsing a correct bait will help you get them quicker.
I2Languages (I2.Loc.LanguageSourceAsset)	Dialogues/scientist_AntiRadiation	Antiradiation substance? You know the recipe, Mr. Prepper. Just cook a few for me.
I2Languages (I2.Loc.LanguageSourceAsset)	Dialogues/prepCraneMinigameRewards	I should check the floor hatch downstairs to claim the rewards.
I2Languages (I2.Loc.LanguageSourceAsset)	Dialogues/prepCraneMinigameRewardsShort	Time to collect the rewards downstairs.
I2Languages (I2.Loc.LanguageSourceAsset)	Dialogues/scientistScientistLaunch1	Hello, Prepper! Bob told me about the rocket while debriefing about the Operation Awakening.\nSo there was certainly more to your scientific skills than being my lab assistant.
I2Languages (I2.Loc.LanguageSourceAsset)	Dialogues/prepScientistLaunch2	Yeah, who would have thought?\nI needed to keep a low profile. You know what happens when the Agency gets too curious about your research.
I2Languages (I2.Loc.LanguageSourceAsset)	Dialogues/scientistScientistLaunch3	Right. A whole rocket? That's some serious engineering.\nI want to know how you did some of this stuff.\nWhat kind of fuel injection do you have? How did you solve exhaust containment? What happens to the house when...
I2Languages (I2.Loc.LanguageSourceAsset)	Dialogues/prepScientistLaunch4	Let me stop you right there. Launch schedule is tight and I don't have time to discuss the details.\nBut I want to know what are your plans.
I2Languages (I2.Loc.LanguageSourceAsset)	Dialogues/scientistScientistLaunch5	Well, first we'll be conducting this social experiment called Operation Awakening.\nCan't wait to see if it works on people.\nAfter that, I hope to get back to my own stuff.
I2Languages (I2.Loc.LanguageSourceAsset)	Dialogues/prepScientistLaunch6	I see. Don't make it too explosive.
I2Languages (I2.Loc.LanguageSourceAsset)	Dialogues/scientistScientistLaunch7	And that coming from you...
I2Languages (I2.Loc.LanguageSourceAsset)	Dialogues/prepScientistLaunch8	Point taken. So, happy road to progress, I guess.
I2Languages (I2.Loc.LanguageSourceAsset)	Dialogues/scientistScientistLaunch9	Thanks. And have a good launch!
I2Languages (I2.Loc.LanguageSourceAsset)	Dialogues/scientistHi	<voice type=greeting>\n<duration value=2>\nHi, mate!
I2Languages (I2.Loc.LanguageSourceAsset)	Dialogues/scientistGoodbyeEnd	Good flight!
I2Languages (I2.Loc.LanguageSourceAsset)	Dialogues/bobGasMask	A gas mask, huh?\nOne of the Sleepless wears one all the time.\nNever asked why, but I think it’s valuable to her.
I2Languages (I2.Loc.LanguageSourceAsset)	Dialogues/prepPlatformSupport	It needs platform support.
I2Languages (I2.Loc.LanguageSourceAsset)	Dialogues/prepCantClimb	I'm too tired to climb.
I2Languages (I2.Loc.LanguageSourceAsset)	Dialogues/prepUnlockMountainWorkbench	I have a lot of climbing ahead of me.\nI may need to adjust my workbench to better suit crafting mountain climbing equipment. 
I2Languages (I2.Loc.LanguageSourceAsset)	Dialogues/prepEmpty	It's empty
I2Languages (I2.Loc.LanguageSourceAsset)	Dialogues/prepMountainInitLetter	Maybe worth checking.
I2Languages (I2.Loc.LanguageSourceAsset)	Dialogues/prepWalkieTalkie1	Hello...?
I2Languages (I2.Loc.LanguageSourceAsset)	Dialogues/prepWalkieTalkie2	No answer.
I2Languages (I2.Loc.LanguageSourceAsset)	Dialogues/prepWalkieTalkie3	Still no answer.
I2Languages (I2.Loc.LanguageSourceAsset)	Dialogues/prepNeedWalkieTalkie	I should grab the Walkie Talkie in case [blank] wants to make a conntact.
I2Languages (I2.Loc.LanguageSourceAsset)	Dialogues/prepWalkieTalkieAudioLogActive	She doesn't seem to hear me.
I2Languages (I2.Loc.LanguageSourceAsset)	Dialogues/prepRepairRailWayTip	I should try to repair the railway before going further.\nWithout it i want be able to get back in here quickly.
I2Languages (I2.Loc.LanguageSourceAsset)	Dialogues/prepRepairRailWayTip2	I should try to repair the railway before heading back.\nWithout it i want be able to get back in here quickly.
I2Languages (I2.Loc.LanguageSourceAsset)	Dialogues/prepLineBrake	<voice type=anger>\nMy rope broke!
I2Languages (I2.Loc.LanguageSourceAsset)	Dialogues/prepPlatformBrake	<voice type=anger>\nMy platform broke!
I2Languages (I2.Loc.LanguageSourceAsset)	Dialogues/prepPlatformSupportBrake	<voice type=anger>\nMy platform support broke!
I2Languages (I2.Loc.LanguageSourceAsset)	Dialogues/prepGrassSnowPeaksView	It's getting cold.
I2Languages (I2.Loc.LanguageSourceAsset)	Dialogues/prepSnowPeaksView	It's freezing here.
I2Languages (I2.Loc.LanguageSourceAsset)	Dialogues/prepSleepPodBlock	I can't sleep in there tonight. \nMy body would not be able to handle that.\nI need to wait few days.
I2Languages (I2.Loc.LanguageSourceAsset)	Dialogues/prepSleepPodUnlock	Alright, I think I'm starting to get the hang of this cryo-tech. \nLet's give this design a try.
I2Languages (I2.Loc.LanguageSourceAsset)	Dialogues/prepSleepPodFirstNight1	I feel horrible.\nWorst night of my life.
I2Languages (I2.Loc.LanguageSourceAsset)	Dialogues/prepSleepPodFirstNight2	This thing is broken.\nMay us well sleep in my freezer.
I2Languages (I2.Loc.LanguageSourceAsset)	Dialogues/prepSleepPodFirstNight3	Something must be wrong with orginal design.\nMaybe I can find a way to fix it.
I2Languages (I2.Loc.LanguageSourceAsset)	Dialogues/prepSleepPodRepair1	Okay.\nI think i pinned down the issue.\nThis machine need to by spacificly calibrated for the user.
I2Languages (I2.Loc.LanguageSourceAsset)	Dialogues/prepSleepPodRepair2	Alright, now it should work properly.\nLet's give it another try.
I2Languages (I2.Loc.LanguageSourceAsset)	Dialogues/prepSleepPodWorking1	I feel...\nGood.
I2Languages (I2.Loc.LanguageSourceAsset)	Dialogues/prepSleepPodWorking2	Still I would freeze myslef for longer only in case of emergancy.\nBut spending a night in it from time to time can be beneficial.
I2Languages (I2.Loc.LanguageSourceAsset)	Dialogues/prepSaveBlankQuestStart1	Wait...\nBlank wants to use the cryo sleep pod on top of the mountain.\nI dont think she nows it requires callibration.
I2Languages (I2.Loc.LanguageSourceAsset)	Dialogues/prepSaveBlankQuestStart2	Damn broken walkie talkie.\nI have no way to tell her about it.
I2Languages (I2.Loc.LanguageSourceAsset)	Dialogues/prepSaveBlankQuestStart3	I set my cryo sleep pod to just couple hours for testing.\nShe said she will freeze herself for full week.\nThis will be deadly. If I don't do anything, she will die.
I2Languages (I2.Loc.LanguageSourceAsset)	Dialogues/prepSaveBlankQuestStart4	I need to get to the top before her.\nOr...\nEven if she enters the cryo sleep pod, I can still calibrate it with her inside.\nBut for that to work I need to know her height, age, something, something...
I2Languages (I2.Loc.LanguageSourceAsset)	Dialogues/prepSaveBlankQuestStart5	I should listen more carefully to her talking from now on.\nAny information about her, may help in calibrating the cryo sleep pod.
I2Languages (I2.Loc.LanguageSourceAsset)	Dialogues/prepBlankInfo1	prepBlankInfo1
I2Languages (I2.Loc.LanguageSourceAsset)	Dialogues/prepBlankInfo2	prepBlankInfo2
I2Languages (I2.Loc.LanguageSourceAsset)	Dialogues/prepBlankInfo3	prepBlankInfo3
I2Languages (I2.Loc.LanguageSourceAsset)	Dialogues/prepBlankInfo4	prepBlankInfo4
I2Languages (I2.Loc.LanguageSourceAsset)	Dialogues/prepBlankInfo5	prepBlankInfo5
I2Languages (I2.Loc.LanguageSourceAsset)	Dialogues/prepAllBlankInfo	Alright, I think I know enought about her to properly calibrate the cryo sleep pod.\nOnly thing left is to reach the top.
I2Languages (I2.Loc.LanguageSourceAsset)	Dialogues/prepNoticeCryoSleepPod	There she is.
I2Languages (I2.Loc.LanguageSourceAsset)	Dialogues/prepInspectBlankCryoSleepPod	Blank is in there.\nTime is set to one weak.\nAnd all the parameters are... set to default as expected.\nShe will not survive this.\nAnd its too dangerous to force it off. It would shock her system.\nI must properly calibrate the machine for her. I hope I can do its active.
I2Languages (I2.Loc.LanguageSourceAsset)	Dialogues/prepCalibratedBlankCryoSleepPod1	Okay, all done, she should be okay now.
I2Languages (I2.Loc.LanguageSourceAsset)	Dialogues/prepCalibratedBlankCryoSleepPod2	I should come back in couple of days to check on her again.
I2Languages (I2.Loc.LanguageSourceAsset)	Dialogues/dianaCalibratedBlankCryoSleepPod3	Hello...?
I2Languages (I2.Loc.LanguageSourceAsset)	Dialogues/dianaCalibratedBlankCryoSleepPod4	Someone there...?
I2Languages (I2.Loc.LanguageSourceAsset)	Dialogues/prepCalibratedBlankCryoSleepPod5	You shoudn't be awake.\nJust relax, everything is okay. \nWell, now it is. 
I2Languages (I2.Loc.LanguageSourceAsset)	Dialogues/dianaCalibratedBlankCryoSleepPod6	Is that you Mr. Prepper?
I2Languages (I2.Loc.LanguageSourceAsset)	Dialogues/prepCalibratedBlankCryoSleepPod7	prepCalibratedBlankCryoSleepPod8
I2Languages (I2.Loc.LanguageSourceAsset)	Dialogues/dianaCalibratedBlankCryoSleepPod8	dianaCalibratedBlankCryoSleepPod9
I2Languages (I2.Loc.LanguageSourceAsset)	Dialogues/prepCalibratedBlankCryoSleepPod9	prepCalibratedBlankCryoSleepPod10
I2Languages (I2.Loc.LanguageSourceAsset)	Dialogues/dianaCalibratedBlankCryoSleepPod10	dianaCalibratedBlankCryoSleepPod11
I2Languages (I2.Loc.LanguageSourceAsset)	Dialogues/prepCalibratedBlankCryoSleepPod11	prepCalibratedBlankCryoSleepPod12
I2Languages (I2.Loc.LanguageSourceAsset)	Dialogues/dianaCalibratedBlankCryoSleepPod12	dianaCalibratedBlankCryoSleepPod13
I2Languages (I2.Loc.LanguageSourceAsset)	Dialogues/prepCalibratedBlankCryoSleepPod13	prepCalibratedBlankCryoSleepPod14
I2Languages (I2.Loc.LanguageSourceAsset)	Dialogues/prepCalibratedBlankCryoSleepPod14	Diana?
I2Languages (I2.Loc.LanguageSourceAsset)	Dialogues/prepCalibratedBlankCryoSleepPod15	Okay, I think she is back to sleep.\nCryogenic sleep, but still.\nSweet dreams. I will be back.
I2Languages (I2.Loc.LanguageSourceAsset)	Dialogues/prepInspectBlankCryoSleepPodRandom	<random>\nShe is still in there.\nShe looks alright.\nI need to give her time.\n</random>
I2Languages (I2.Loc.LanguageSourceAsset)	Dialogues/prepNoticeCryoSleepPodAfterBlankHealed	She is gone?!
I2Languages (I2.Loc.LanguageSourceAsset)	Dialogues/prepCryoSleepPodAfterBlankHealed1	She is gone.\nShe must have walked out on her own already.\nWhich is a good thing.
I2Languages (I2.Loc.LanguageSourceAsset)	Dialogues/prepCryoSleepPodAfterBlankHealed2	Wonder if I will ever hear from her again.
I2Languages (I2.Loc.LanguageSourceAsset)	Dialogues/prepCryoSleepPodAfterBlankHealed3	Thats her!
I2Languages (I2.Loc.LanguageSourceAsset)	Dialogues/prepOutOfIce	It's out of Ice.
I2Languages (I2.Loc.LanguageSourceAsset)	Dialogues/prepThermosEmpty	It's empty.
I2Languages (I2.Loc.LanguageSourceAsset)	Dialogues/prepRailwayInspect1	It looks funtional.\nWhy not just use it to catch up with Diane?
I2Languages (I2.Loc.LanguageSourceAsset)	Dialogues/prepRailwayInspect2	Doesn't work.
I2Languages (I2.Loc.LanguageSourceAsset)	Dialogues/prepRailwayInspect3	I see. Only first station is currently operational.
I2Languages (I2.Loc.LanguageSourceAsset)	Dialogues/prepRailwayInspect4	I will have to take a long way up.
I2Languages (I2.Loc.LanguageSourceAsset)	Dialogues/prepRailwayInspect5	I could reactivating next station when I reach it.\nIt could at least serve as a quick way to get back, if it will work.
I2Languages (I2.Loc.LanguageSourceAsset)	Dialogues/prepRailwayInspectAlt5	I could try to reactivating this station.\nIt could at least serve as a quick way to get back, if it will work.
I2Languages (I2.Loc.LanguageSourceAsset)	Dialogues/prepRepairFirstRailway	Looks like it works.\nThe power lines still reach this place. It just needed a little kick to get started again.
I2Languages (I2.Loc.LanguageSourceAsset)	Dialogues/prepPeak	That's the top.
I2Languages (I2.Loc.LanguageSourceAsset)	Dialogues/prepLastStation	...and the last Station.
I2Languages (I2.Loc.LanguageSourceAsset)	Dialogues/prepPeakRandom1	Another peak.\nNo way to go further from here.
I2Languages (I2.Loc.LanguageSourceAsset)	Dialogues/prepPeakRandom2	Another peak.
I2Languages (I2.Loc.LanguageSourceAsset)	Dialogues/prepInfinitLevelNote	"I cleared a path to some of surrounding peaks.\nIf you want to climb some more mountain tops, follow this path.\n~Diane"
I2Languages (I2.Loc.LanguageSourceAsset)	Dialogues/prepMountainTraderNote	This looks old, wonder if he still is in buisness. \nCan't imagine thoes mountains getting much traffic now a days.
I2Languages (I2.Loc.LanguageSourceAsset)	Dialogues/prepYetiFootMark1	prepYetiFootMark2
I2Languages (I2.Loc.LanguageSourceAsset)	Dialogues/prepYetiHandMark1	prepYetiHandMark2
I2Languages (I2.Loc.LanguageSourceAsset)	Dialogues/prepYetiRock	prepYetiRock
I2Languages (I2.Loc.LanguageSourceAsset)	Dialogues/prepHeadHurt	My head hurts
I2Languages (I2.Loc.LanguageSourceAsset)	Items/Apple	Apple
I2Languages (I2.Loc.LanguageSourceAsset)	Items/Axe	Axe
I2Languages (I2.Loc.LanguageSourceAsset)	Items/Backpack	Backpack
I2Languages (I2.Loc.LanguageSourceAsset)	Items/BaseballBat	Baseball Bat
I2Languages (I2.Loc.LanguageSourceAsset)	Items/Bed	Bed
I2Languages (I2.Loc.LanguageSourceAsset)	Items/Bin	Bin
I2Languages (I2.Loc.LanguageSourceAsset)	Items/BinMountain	Bin
I2Languages (I2.Loc.LanguageSourceAsset)	Items/BiodieselBarrel1	Fuel Barrel
I2Languages (I2.Loc.LanguageSourceAsset)	Items/Blueberrie	Blueberries
I2Languages (I2.Loc.LanguageSourceAsset)	Items/BlueberryTest	BlueberryTest
I2Languages (I2.Loc.LanguageSourceAsset)	Items/Book	Book
I2Languages (I2.Loc.LanguageSourceAsset)	Items/Book1	Book
I2Languages (I2.Loc.LanguageSourceAsset)	Items/Book2	Book
I2Languages (I2.Loc.LanguageSourceAsset)	Items/Book3	Book
I2Languages (I2.Loc.LanguageSourceAsset)	Items/Book4	Book
I2Languages (I2.Loc.LanguageSourceAsset)	Items/BookSet1	Book Set
I2Languages (I2.Loc.LanguageSourceAsset)	Items/BookSet2	Book Set
I2Languages (I2.Loc.LanguageSourceAsset)	Items/Bowl1	Bowl
I2Languages (I2.Loc.LanguageSourceAsset)	Items/Box Square Large Blue	Large Square Blue Box
I2Languages (I2.Loc.LanguageSourceAsset)	Items/Box Square Large Green	Large Square Green Box
I2Languages (I2.Loc.LanguageSourceAsset)	Items/Box Square Large Red	Large Square Red Box
I2Languages (I2.Loc.LanguageSourceAsset)	Items/Box Square Small Blue	Small Square Blue Box
I2Languages (I2.Loc.LanguageSourceAsset)	Items/Box Square Small Green	Small Square Green Box
I2Languages (I2.Loc.LanguageSourceAsset)	Items/Box Square Small Red	Small Square Red Box
I2Languages (I2.Loc.LanguageSourceAsset)	Items/BoxCookies	Cookies Box
I2Languages (I2.Loc.LanguageSourceAsset)	Items/BoxRoundBlue	Round Blue Box 
I2Languages (I2.Loc.LanguageSourceAsset)	Items/BoxRoundGreen	Round Green Box 
I2Languages (I2.Loc.LanguageSourceAsset)	Items/BoxRoundRed	Round Red Box 
I2Languages (I2.Loc.LanguageSourceAsset)	Items/BreadBox	Bread Box
I2Languages (I2.Loc.LanguageSourceAsset)	Items/Can	Can
I2Languages (I2.Loc.LanguageSourceAsset)	Items/Can_long	Can
I2Languages (I2.Loc.LanguageSourceAsset)	Items/Can_puszka_long	Can
I2Languages (I2.Loc.LanguageSourceAsset)	Items/Can_square	Can
I2Languages (I2.Loc.LanguageSourceAsset)	Items/Canvas	Canvas
I2Languages (I2.Loc.LanguageSourceAsset)	Items/Canvas2	Canvas
I2Languages (I2.Loc.LanguageSourceAsset)	Items/Carpet	Carpet
I2Languages (I2.Loc.LanguageSourceAsset)	Items/Carrot	Carrot
I2Languages (I2.Loc.LanguageSourceAsset)	Items/Chair	Chair
I2Languages (I2.Loc.LanguageSourceAsset)	Items/Chair Wood	Wood Chair
I2Languages (I2.Loc.LanguageSourceAsset)	Items/Chandelier	Ceiling Lamp
I2Languages (I2.Loc.LanguageSourceAsset)	Items/Chandelier2	Ceiling Lamp
I2Languages (I2.Loc.LanguageSourceAsset)	Items/Chandelier3	Ceiling Lamp
I2Languages (I2.Loc.LanguageSourceAsset)	Items/Chandelier5	Ceiling Lamp
I2Languages (I2.Loc.LanguageSourceAsset)	Items/Computer	Computer
I2Languages (I2.Loc.LanguageSourceAsset)	Items/Corn	Corn
I2Languages (I2.Loc.LanguageSourceAsset)	Items/CrateBox1	Crate
I2Languages (I2.Loc.LanguageSourceAsset)	Items/Cup Green	Green Cup
I2Languages (I2.Loc.LanguageSourceAsset)	Items/Cup Purple	Purple Cup
I2Languages (I2.Loc.LanguageSourceAsset)	Items/Cup Red	Red Cup
I2Languages (I2.Loc.LanguageSourceAsset)	Items/Cup White	White Cup
I2Languages (I2.Loc.LanguageSourceAsset)	Items/DesKeyApple	An apple a day keeps the doctor away.
I2Languages (I2.Loc.LanguageSourceAsset)	Items/DesKeyAxe	You know what they say about axes. \nExactly, they are good at chopping. 
I2Languages (I2.Loc.LanguageSourceAsset)	Items/DesKeyBackpack	Gives you ability to carry more.
I2Languages (I2.Loc.LanguageSourceAsset)	Items/DesKeyBaseballBat	Take a swing and hit. (You didn't expect any baseball teams in Murricaville, did you?)
I2Languages (I2.Loc.LanguageSourceAsset)	Items/DesKeyBed	Ah, sweet sleep. Sleeping is useful for recovering energy.
I2Languages (I2.Loc.LanguageSourceAsset)	Items/DesKeyBin	An entry to a bottomless void that can devour any matter. \nTry not to fall in there.
I2Languages (I2.Loc.LanguageSourceAsset)	Items/DesKeyBiodieselBarrel1	You can store fuel here.
I2Languages (I2.Loc.LanguageSourceAsset)	Items/DesKeyBlueberrie	Forest fruits. You can eat them or cook them.
I2Languages (I2.Loc.LanguageSourceAsset)	Items/DesKeyBlueberryTest	Gifts of the forest. \nAlso you can eat or cook them.
I2Languages (I2.Loc.LanguageSourceAsset)	Items/DesKeyBook	They say reading books broadens your horizons and increases your cultural and social capital.\nBut you can also scrap them for materials.\n
I2Languages (I2.Loc.LanguageSourceAsset)	Items/DesKeyBook1	They say reading books broadens your horizons and increases your cultural and social capital.\nBut you can also scrap them for materials.\n
I2Languages (I2.Loc.LanguageSourceAsset)	Items/DesKeyBook2	They say reading books broadens your horizons and increases your cultural and social capital.\nBut you can also scrap them for materials.\n
I2Languages (I2.Loc.LanguageSourceAsset)	Items/DesKeyBook3	They say reading books broadens your horizons and increases your cultural and social capital.\nBut you can also scrap them for materials.\n
I2Languages (I2.Loc.LanguageSourceAsset)	Items/DesKeyBook4	They say reading books broadens your horizons and increases your cultural and social capital.\nBut you can also scrap them for materials.\n
I2Languages (I2.Loc.LanguageSourceAsset)	Items/DesKeyBookSet1	They say reading books broadens your horizons and increases your cultural and social capital.\nBut you can also scrap them for materials.\n
I2Languages (I2.Loc.LanguageSourceAsset)	Items/DesKeyBookSet2	They say reading books broadens your horizons and increases your cultural and social capital.\nBut you can also scrap them for materials.\n
I2Languages (I2.Loc.LanguageSourceAsset)	Items/DesKeyBowl1	You can eat from it or scrap it for materials.
I2Languages (I2.Loc.LanguageSourceAsset)	Items/DesKeyBox Square Large Blue	A blue box. Can be disassembled.
I2Languages (I2.Loc.LanguageSourceAsset)	Items/DesKeyBox Square Large Green	A green box. Can be disassembled.
I2Languages (I2.Loc.LanguageSourceAsset)	Items/DesKeyBox Square Large Red	Some people keep cookies in those. Others transform them into weapons.
I2Languages (I2.Loc.LanguageSourceAsset)	Items/DesKeyBox Square Small Blue	Where did all these cookies go?
I2Languages (I2.Loc.LanguageSourceAsset)	Items/DesKeyBox Square Small Green	Can be disassembled. A good source of materials.
I2Languages (I2.Loc.LanguageSourceAsset)	Items/DesKeyBox Square Small Red	Can be disassembled. A good source of materials.
I2Languages (I2.Loc.LanguageSourceAsset)	Items/DesKeyBoxCookies	Can be disassembled. A good source of materials.
I2Languages (I2.Loc.LanguageSourceAsset)	Items/DesKeyBoxRoundBlue	Can be disassembled. A good source of materials.
I2Languages (I2.Loc.LanguageSourceAsset)	Items/DesKeyBoxRoundGreen	Can be disassembled. A good source of materials.
I2Languages (I2.Loc.LanguageSourceAsset)	Items/DesKeyBoxRoundRed	Can be disassembled. A good source of materials.
I2Languages (I2.Loc.LanguageSourceAsset)	Items/DesKeyBreadBox	Preppers don't use breadboxes, but they still be used for materials.
I2Languages (I2.Loc.LanguageSourceAsset)	Items/DesKeyCan	This is the basic unit of food. Gonna save you in difficult situations.
I2Languages (I2.Loc.LanguageSourceAsset)	Items/DesKeyCan_long	This is the basic unit of food. Gonna save you in difficult situations.
I2Languages (I2.Loc.LanguageSourceAsset)	Items/DesKeyCan_puszka_long	This is the basic unit of food. Gonna save you in difficult situations.
I2Languages (I2.Loc.LanguageSourceAsset)	Items/DesKeyCan_square	This is the basic unit of food. Gonna save you in difficult situations.
I2Languages (I2.Loc.LanguageSourceAsset)	Items/DesKeyCanvas	One of your priceless paintings.
I2Languages (I2.Loc.LanguageSourceAsset)	Items/DesKeyCanvas2	One of your priceless paintings.
I2Languages (I2.Loc.LanguageSourceAsset)	Items/DesKeyCarpet	Don't let ANYBODY look under the carpet.
I2Languages (I2.Loc.LanguageSourceAsset)	Items/DesKeyCarrot	You can eat it raw or cook it. Such a versatile veggie.
I2Languages (I2.Loc.LanguageSourceAsset)	Items/DesKeyChair	You can not only sit on it, but also disassemble it!
I2Languages (I2.Loc.LanguageSourceAsset)	Items/DesKeyChair Wood	You can not only sit on it, but also disassemble it!
I2Languages (I2.Loc.LanguageSourceAsset)	Items/DesKeyChandelier	Let there be a light! But you can also sell or disassemble it.
I2Languages (I2.Loc.LanguageSourceAsset)	Items/DesKeyChandelier2	Let there be a light! But you can also sell or disassemble it.
I2Languages (I2.Loc.LanguageSourceAsset)	Items/DesKeyChandelier3	Let there be a light! But you can also sell or disassemble it.
I2Languages (I2.Loc.LanguageSourceAsset)	Items/DesKeyChandelier5	Let there be a light! But you can also sell or disassemble it.
I2Languages (I2.Loc.LanguageSourceAsset)	Items/DesKeyComputer	A miracle of modern technology. It can be a source of materials, too.
I2Languages (I2.Loc.LanguageSourceAsset)	Items/DesKeyCorn	Tastes best when cooked. Also, you can make flour of it.
I2Languages (I2.Loc.LanguageSourceAsset)	Items/DesKeyCrateBox1	Just a basic wooden box. Easy to disassemble.
I2Languages (I2.Loc.LanguageSourceAsset)	Items/DesKeyCup Green	Useful for holding liquids. Can be dissassembled. A good source of materials.
I2Languages (I2.Loc.LanguageSourceAsset)	Items/DesKeyCup Purple	Useful for holding liquids. Can be dissassembled. A good source of materials.
I2Languages (I2.Loc.LanguageSourceAsset)	Items/DesKeyCup Red	Useful for holding liquids. Can be dissassembled. A good source of materials.
I2Languages (I2.Loc.LanguageSourceAsset)	Items/DesKeyCup White	Useful for holding liquids. Can be dissassembled. A good source of materials.
I2Languages (I2.Loc.LanguageSourceAsset)	Items/DesKeyDieselBarrel1	Store fuel here.
I2Languages (I2.Loc.LanguageSourceAsset)	Items/DesKeyElectronics	Rare basic material. 
I2Languages (I2.Loc.LanguageSourceAsset)	Items/DesKeyField Ration	This is the basic unit of food. Gonna save you in difficult situations.
I2Languages (I2.Loc.LanguageSourceAsset)	Items/DesKeyField Ration Big	This is the bigger unit of food. Gonna save you in difficult situations.
I2Languages (I2.Loc.LanguageSourceAsset)	Items/DesKeyFlower	A house plant. Purely decorative. Doesn't even have a name.
I2Languages (I2.Loc.LanguageSourceAsset)	Items/DesKeyFlower2	A house plant. Purely decorative. Doesn't even have a name.
I2Languages (I2.Loc.LanguageSourceAsset)	Items/DesKeyFreezer	Food stored in this container will never go off.\n
I2Languages (I2.Loc.LanguageSourceAsset)	Items/DesKeyFridge	Use it to store your food and protect it from going off.
I2Languages (I2.Loc.LanguageSourceAsset)	Items/DesKeyFuel	The basic unit of energy. Can be used in a generator.
I2Languages (I2.Loc.LanguageSourceAsset)	Items/DesKeyGasolineBarrel	Store some fuel to be able to power your generator in the future.
I2Languages (I2.Loc.LanguageSourceAsset)	Items/DesKeyGenerator	It will allow you to become independent of your energy supplier. Devours fuel like a monster.
I2Languages (I2.Loc.LanguageSourceAsset)	Items/DesKeyGlass	Basic material. You can get it by transforming stone in a furnace.
I2Languages (I2.Loc.LanguageSourceAsset)	Items/DesKeyGreenHouse	Makes your plants feel cozy by providing them with light. Tomatoes and oranges can grow in there.
I2Languages (I2.Loc.LanguageSourceAsset)	Items/DesKeyGround	Basic material. Allows you to make patches of soil for gardening.
I2Languages (I2.Loc.LanguageSourceAsset)	Items/DesKeyHuntingClothes	Allows you to be a better hunter. Use it in the woods.
I2Languages (I2.Loc.LanguageSourceAsset)	Items/DesKeyKettle	Perhaps it can make tea?
I2Languages (I2.Loc.LanguageSourceAsset)	Items/DesKeyKitchenHood	A kitchen hood. Saves you from fumes or gives you materials.
I2Languages (I2.Loc.LanguageSourceAsset)	Items/Kitchen Cupboard	A simple kitchen cupboard. Disassemble it. Just do it!
I2Languages (I2.Loc.LanguageSourceAsset)	Items/DesKeyKitchenWardrobe3	A simple kitchen cupboard. Disassemble it. Just do it!
I2Languages (I2.Loc.LanguageSourceAsset)	Items/DesKeyKitchenWardrobe4	A simple kitchen cupboard. Disassemble it. Just do it!
I2Languages (I2.Loc.LanguageSourceAsset)	Items/DesKeyKitchenWardrobe5	A simple kitchen cupboard. Disassemble it. Just do it!
I2Languages (I2.Loc.LanguageSourceAsset)	Items/DesKeyKitchenWardrobe_M	A simple kitchen cupboard. Disassemble it. Just do it!
I2Languages (I2.Loc.LanguageSourceAsset)	Items/DesKeyLadder	Use it to move between levels in your bunker.
I2Languages (I2.Loc.LanguageSourceAsset)	Items/DesKeyLamp	This kind of lamp is supposedly perfect for use in underground shelters.
I2Languages (I2.Loc.LanguageSourceAsset)	Items/DesKeyLettuce	Good for making pickled foods or fresh salads.
I2Languages (I2.Loc.LanguageSourceAsset)	Items/DesKeyLever	A relatively simple lever. Maybe it will be useful in fixing the ropeway?
I2Languages (I2.Loc.LanguageSourceAsset)	Items/DesKeyLog	Chunky and heavy, but worth taking home.
I2Languages (I2.Loc.LanguageSourceAsset)	Items/DesKeyLoona Tuna	Food is food, even if it smells fishy.
I2Languages (I2.Loc.LanguageSourceAsset)	Items/DesKeyMailBox	Your window to the world. Brings you good and bad news. Also used for trading.
I2Languages (I2.Loc.LanguageSourceAsset)	Items/DesKeyManhole	Use it to move around in your bunker.
I2Languages (I2.Loc.LanguageSourceAsset)	Items/DesKeyMeat	A basis for a hearty meal.\nIt can be cooked, dried, or done however you want.
I2Languages (I2.Loc.LanguageSourceAsset)	Items/DesKeyMetal	Basic material. Metal will be useful for plenty of things you build.
I2Languages (I2.Loc.LanguageSourceAsset)	Items/DesKeyMinerHelmet	Protects your head and has a light attached. Useful underground, perhaps?
I2Languages (I2.Loc.LanguageSourceAsset)	Items/DesKeyMoney	The basic means of payment in your beautiful country: an apocalyptic dollar.
I2Languages (I2.Loc.LanguageSourceAsset)	Items/DesKeyNewspaper	Only the truest and most relevant information. \nDon't miss the next weeks of OUR TRUTH!
I2Languages (I2.Loc.LanguageSourceAsset)	Items/DesKeyOilBarrel1	You can store the surplus of oil in here.
I2Languages (I2.Loc.LanguageSourceAsset)	Items/DesKeyOrange	Maybe it can be transformed to something delicious.
I2Languages (I2.Loc.LanguageSourceAsset)	Items/DesKeyPan	Just a frying pan. You will receive some materials after disassembling. 
I2Languages (I2.Loc.LanguageSourceAsset)	Items/DesKeyPhone	Hello? Is it me you're looking for? 
I2Languages (I2.Loc.LanguageSourceAsset)	Items/DesKeyPicture1	One of your priceless paintings.
I2Languages (I2.Loc.LanguageSourceAsset)	Items/DesKeyPlastic	Basic material. 
I2Languages (I2.Loc.LanguageSourceAsset)	Items/DesKeyPlate Green	You don't need all these plates. You will receive glass after disassembling them.
I2Languages (I2.Loc.LanguageSourceAsset)	Items/DesKeyPlate Red	You don't need all these plates. You will receive glass after disassembling them.
I2Languages (I2.Loc.LanguageSourceAsset)	Items/DesKeyPlate White	You don't need all these plates. You will receive glass after disassembling them.
I2Languages (I2.Loc.LanguageSourceAsset)	Items/DesKeyPot Green	Just a pot for cooking. You will receive some materials after disassembling it.
I2Languages (I2.Loc.LanguageSourceAsset)	Items/DesKeyPot Main	Just a pot for cooking. You will receive some materials after disassembling it.
I2Languages (I2.Loc.LanguageSourceAsset)	Items/DesKeyPot Red	Just a pot for cooking. You will receive some materials after disassembling it.
I2Languages (I2.Loc.LanguageSourceAsset)	Items/DesKeyRadio	Nobody killed the radio star in this timeline.
I2Languages (I2.Loc.LanguageSourceAsset)	Items/	
I2Languages (I2.Loc.LanguageSourceAsset)	Items/DesKeyRafinery	Converts oil from the mines into proper, refined fuel.
I2Languages (I2.Loc.LanguageSourceAsset)	Items/DesKeyRevolver	Can be helpful in difficult situations. You need bullets to use it.
I2Languages (I2.Loc.LanguageSourceAsset)	Items/DesKeyRifle	Stronger, but slower than a revolver. Can be useful against large enemies.
I2Languages (I2.Loc.LanguageSourceAsset)	Items/DesKeyRocketPlan	Your precious ULTIMATE PLAN. It's gonna help you build a rocket.
I2Languages (I2.Loc.LanguageSourceAsset)	Items/DesKeySaltPepper	Adds new properties to your food.
I2Languages (I2.Loc.LanguageSourceAsset)	Items/DesKeySeed Apple	Put into a patch of soil to grow an apple tree. You need a high room for that.
I2Languages (I2.Loc.LanguageSourceAsset)	Items/DesKeySeed Carrot	Put into a patch of soil to grow some carrots.
I2Languages (I2.Loc.LanguageSourceAsset)	Items/DesKeySeed Corn	Put into a planter to grow corn.
I2Languages (I2.Loc.LanguageSourceAsset)	Items/DesKeySeed Lettuce	Put into a patch of soil to grow cabbage.
I2Languages (I2.Loc.LanguageSourceAsset)	Items/DesKeySeed Orange	Put into a greenhouse to grow an orange tree.
I2Languages (I2.Loc.LanguageSourceAsset)	Items/DesKeySeed Tomato	Put into a greenhouse to grow a tomato bush.
I2Languages (I2.Loc.LanguageSourceAsset)	Items/DesKeySeed Turnip	Put into a patch of soil to grow beetroot.
I2Languages (I2.Loc.LanguageSourceAsset)	Items/DesKeyShelf	A piece of furniture, useful for storage.
I2Languages (I2.Loc.LanguageSourceAsset)	Items/DesKeySink	Your main source of water. 
I2Languages (I2.Loc.LanguageSourceAsset)	Items/DesKeySofa	Another piece of furniture. Sell it or disassemble it.
I2Languages (I2.Loc.LanguageSourceAsset)	Items/DesKeySoup	A basic portion of food. Gonna save you in difficult situations.
I2Languages (I2.Loc.LanguageSourceAsset)	Items/DesKeyStone	Basic material. You can get it from a mine. You can transform it into glass in a furnace.
I2Languages (I2.Loc.LanguageSourceAsset)	Items/DesKeyStove	It's a bit like workbench, but for cooking! Cutting edge technology.
I2Languages (I2.Loc.LanguageSourceAsset)	Items/DesKeyTEST	test
I2Languages (I2.Loc.LanguageSourceAsset)	Items/DesKeyTable	Another piece of furniture. Sell it or disassemble it.
I2Languages (I2.Loc.LanguageSourceAsset)	Items/DesKeyTestSeed	test
I2Languages (I2.Loc.LanguageSourceAsset)	Items/DesKeyTextile	Basic material. Use it to craft some clothes.
I2Languages (I2.Loc.LanguageSourceAsset)	Items/DesKeyTomato	A well-known vegetable. Try cooking it! A good base for soups and sauces.
I2Languages (I2.Loc.LanguageSourceAsset)	Items/DesKeyTowel1	Do you really want to clean right now? You can always disassemble it.
I2Languages (I2.Loc.LanguageSourceAsset)	Items/DesKeyTrashpaper	Some used newspapers.\nYou won't get much information from them anymore.
I2Languages (I2.Loc.LanguageSourceAsset)	Items/DesKeyTree Patch	A place where every seed can grow.
I2Languages (I2.Loc.LanguageSourceAsset)	Items/DesKeyTreePatch	Perfect for planting. You can increase your food supply thanks to it. 
I2Languages (I2.Loc.LanguageSourceAsset)	Items/DesKeyTurnip	It's okay, you can eat that. You can also use it to make some sugar.
I2Languages (I2.Loc.LanguageSourceAsset)	Items/DesKeyWall Lamp	This kind of lamp is supposedly perfect for use in underground shelters.
I2Languages (I2.Loc.LanguageSourceAsset)	Items/DesKeyWallLamp	This kind of lamp is supposedly perfect for use in underground shelters.
I2Languages (I2.Loc.LanguageSourceAsset)	Items/DesKeyWardrobe	Hide something in it or turn it into wood.
I2Languages (I2.Loc.LanguageSourceAsset)	Items/DesKeyWardrobe2	Hide something in it or turn it into wood.
I2Languages (I2.Loc.LanguageSourceAsset)	Items/DesKeyWardrobe3	Hide something in it or turn it into wood.
I2Languages (I2.Loc.LanguageSourceAsset)	Items/DesKeyWater	This is the basic unit of water. It will make your plants happy.
I2Languages (I2.Loc.LanguageSourceAsset)	Items/DesKeyWaterMachine	This wonder of modern technology will collect water for you.\n
I2Languages (I2.Loc.LanguageSourceAsset)	Items/DesKeyWatertank	You can put it wherever you like and fill it with plenty of water.\nWhen a drought comes, it can be your main source of water.
I2Languages (I2.Loc.LanguageSourceAsset)	Items/DesKeyWinterClothes	This clothing will keep you warm in difficult conditions.
I2Languages (I2.Loc.LanguageSourceAsset)	Items/DesKeyWolf Skin	Now you can be a sheep in wolf's skin! Use the pelt to craft warm clothes.
I2Languages (I2.Loc.LanguageSourceAsset)	Items/DesKeyWood	Basic material. There is plenty of it in the forest.
I2Languages (I2.Loc.LanguageSourceAsset)	Items/DesKeyWooden Chest	Designed to hide your treasures.
I2Languages (I2.Loc.LanguageSourceAsset)	Items/DesKeyWoodenChest	Designed to hide your treasures.
I2Languages (I2.Loc.LanguageSourceAsset)	Items/DesKeyWoodenPallet	Another source of wood. 
I2Languages (I2.Loc.LanguageSourceAsset)	Items/DesKeyWorkbench	Lets you create and disassemble items.
I2Languages (I2.Loc.LanguageSourceAsset)	Items/DesKeyWorkbench level 1	Lets you create and disassemble items.
I2Languages (I2.Loc.LanguageSourceAsset)	Items/DesKeyWorkbench level 2	Lets you create and disassemble items.
I2Languages (I2.Loc.LanguageSourceAsset)	Items/DesKeyWorkbench level 3	Lets you create and disassemble items.
I2Languages (I2.Loc.LanguageSourceAsset)	Items/DesKeyWorkbench level 4	Lets you create and disassemble items.
I2Languages (I2.Loc.LanguageSourceAsset)	Items/DesKeyWorkshop shelf large	Perfect for stacking all your stuff in the bunker.
I2Languages (I2.Loc.LanguageSourceAsset)	Items/DesKeyWorkshop shelf small	Perfect for stacking all your stuff in the bunker.
I2Languages (I2.Loc.LanguageSourceAsset)	Items/DesKeyZielarka	--
I2Languages (I2.Loc.LanguageSourceAsset)	Items/DesKeyZielarkaProto	--
I2Languages (I2.Loc.LanguageSourceAsset)	Items/DesKeybeartrap	Set them in the forest to get fresh meat.
I2Languages (I2.Loc.LanguageSourceAsset)	Items/DesKeyelectricity box	The electricity meter shows current power levels in your home and in the bunker.
I2Languages (I2.Loc.LanguageSourceAsset)	Items/DesKeypillarHolder	Used for traveling between forest areas. Needs to be repaired first.
I2Languages (I2.Loc.LanguageSourceAsset)	Items/DieselBarrel1	Fuel Barrel
I2Languages (I2.Loc.LanguageSourceAsset)	Items/Electronics	Electronics
I2Languages (I2.Loc.LanguageSourceAsset)	Items/Field Ration	Field Ration
I2Languages (I2.Loc.LanguageSourceAsset)	Items/Field Ration Big	Big Field Ration
I2Languages (I2.Loc.LanguageSourceAsset)	Items/Flower	Plant
I2Languages (I2.Loc.LanguageSourceAsset)	Items/Flower2	Plant
I2Languages (I2.Loc.LanguageSourceAsset)	Items/Freezer	Freezer
I2Languages (I2.Loc.LanguageSourceAsset)	Items/Fridge	Fridge
I2Languages (I2.Loc.LanguageSourceAsset)	Items/Fuel	Fuel
I2Languages (I2.Loc.LanguageSourceAsset)	Items/GasolineBarrel	Fuel Barrel
I2Languages (I2.Loc.LanguageSourceAsset)	Items/Generator	Generator
I2Languages (I2.Loc.LanguageSourceAsset)	Items/Glass	Glass
I2Languages (I2.Loc.LanguageSourceAsset)	Items/GreenHouse	Greenhouse
I2Languages (I2.Loc.LanguageSourceAsset)	Items/Ground	Ground
I2Languages (I2.Loc.LanguageSourceAsset)	Items/HuntingClothes	Hunting Clothes
I2Languages (I2.Loc.LanguageSourceAsset)	Items/Kettle	Kettle
I2Languages (I2.Loc.LanguageSourceAsset)	Items/KitchenHood	Kitchen Hood
I2Languages (I2.Loc.LanguageSourceAsset)	Items/KitchenWardrobe2	Kitchen Cupboard
I2Languages (I2.Loc.LanguageSourceAsset)	Items/KitchenWardrobe3	Kitchen Cupboard
I2Languages (I2.Loc.LanguageSourceAsset)	Items/KitchenWardrobe4	Kitchen Cupboard
I2Languages (I2.Loc.LanguageSourceAsset)	Items/KitchenWardrobe5	Kitchen Cupboard
I2Languages (I2.Loc.LanguageSourceAsset)	Items/KitchenWardrobe_M	Kitchen Cupboard
I2Languages (I2.Loc.LanguageSourceAsset)	Items/Ladder	Ladder
I2Languages (I2.Loc.LanguageSourceAsset)	Items/Lamp	Lamp
I2Languages (I2.Loc.LanguageSourceAsset)	Items/Lettuce	Cabbage
I2Languages (I2.Loc.LanguageSourceAsset)	Items/Lever	Lever
I2Languages (I2.Loc.LanguageSourceAsset)	Items/Log	Log
I2Languages (I2.Loc.LanguageSourceAsset)	Items/Loona Tuna	Loona Tuna
I2Languages (I2.Loc.LanguageSourceAsset)	Items/MailBox	Mailbox
I2Languages (I2.Loc.LanguageSourceAsset)	Items/Manhole	Manhole
I2Languages (I2.Loc.LanguageSourceAsset)	Items/Meat	Meat
I2Languages (I2.Loc.LanguageSourceAsset)	Items/Metal	Metal
I2Languages (I2.Loc.LanguageSourceAsset)	Items/MinerHelmet	Miner Helmet
I2Languages (I2.Loc.LanguageSourceAsset)	Items/Money	Money
I2Languages (I2.Loc.LanguageSourceAsset)	Items/Newspaper	Newspaper
I2Languages (I2.Loc.LanguageSourceAsset)	Items/OilBarrel1	Oil Barrel
I2Languages (I2.Loc.LanguageSourceAsset)	Items/Orange	Orange
I2Languages (I2.Loc.LanguageSourceAsset)	Items/Pan	Pan
I2Languages (I2.Loc.LanguageSourceAsset)	Items/Phone	Phone
I2Languages (I2.Loc.LanguageSourceAsset)	Items/Picture1	Canvas
I2Languages (I2.Loc.LanguageSourceAsset)	Items/Plastic	Plastic
I2Languages (I2.Loc.LanguageSourceAsset)	Items/Plate Green	Green Plate
I2Languages (I2.Loc.LanguageSourceAsset)	Items/Plate Red	Red Plate
I2Languages (I2.Loc.LanguageSourceAsset)	Items/Plate White	White Plate
I2Languages (I2.Loc.LanguageSourceAsset)	Items/Pot Green	Green Pot
I2Languages (I2.Loc.LanguageSourceAsset)	Items/Pot Main	Blue Pot
I2Languages (I2.Loc.LanguageSourceAsset)	Items/Pot Red	Red Pot
I2Languages (I2.Loc.LanguageSourceAsset)	Items/Radio	Radio
I2Languages (I2.Loc.LanguageSourceAsset)	Items/Rafinery	Refinery
I2Languages (I2.Loc.LanguageSourceAsset)	Items/Revolver	Revolver
I2Languages (I2.Loc.LanguageSourceAsset)	Items/Rifle	Rifle
I2Languages (I2.Loc.LanguageSourceAsset)	Items/RocketPlan	Rocket Plan
I2Languages (I2.Loc.LanguageSourceAsset)	Items/SaltPepper	Salt
I2Languages (I2.Loc.LanguageSourceAsset)	Items/Seed Apple	Apple Seed
I2Languages (I2.Loc.LanguageSourceAsset)	Items/Seed Carrot	Carrot Seed 
I2Languages (I2.Loc.LanguageSourceAsset)	Items/Seed Corn	Corn Seed 
I2Languages (I2.Loc.LanguageSourceAsset)	Items/Seed Lettuce	Cabbage Seed 
I2Languages (I2.Loc.LanguageSourceAsset)	Items/Seed Orange	Orange Seed 
I2Languages (I2.Loc.LanguageSourceAsset)	Items/Seed Tomato	Tomato Seed 
I2Languages (I2.Loc.LanguageSourceAsset)	Items/Seed Turnip	Beet Seed 
I2Languages (I2.Loc.LanguageSourceAsset)	Items/Shelf	Shelf
I2Languages (I2.Loc.LanguageSourceAsset)	Items/Sink	Sink
I2Languages (I2.Loc.LanguageSourceAsset)	Items/Sofa	Sofa
I2Languages (I2.Loc.LanguageSourceAsset)	Items/Soup	Soup
I2Languages (I2.Loc.LanguageSourceAsset)	Items/Stone	Stone
I2Languages (I2.Loc.LanguageSourceAsset)	Items/Stove	Stove
I2Languages (I2.Loc.LanguageSourceAsset)	Items/TEST	TEST
I2Languages (I2.Loc.LanguageSourceAsset)	Items/Table	Table
I2Languages (I2.Loc.LanguageSourceAsset)	Items/TestSeed	TestSeed
I2Languages (I2.Loc.LanguageSourceAsset)	Items/Textile	Textile
I2Languages (I2.Loc.LanguageSourceAsset)	Items/Tomato	Tomato
I2Languages (I2.Loc.LanguageSourceAsset)	Items/Towel1	Towel
I2Languages (I2.Loc.LanguageSourceAsset)	Items/Trashpaper	Waste Paper
I2Languages (I2.Loc.LanguageSourceAsset)	Items/Tree Patch	Tree Patch
I2Languages (I2.Loc.LanguageSourceAsset)	Items/TreePatch	Planter
I2Languages (I2.Loc.LanguageSourceAsset)	Items/Turnip	Beet
I2Languages (I2.Loc.LanguageSourceAsset)	Items/Wall Lamp	Wall Lamp
I2Languages (I2.Loc.LanguageSourceAsset)	Items/WallLamp	Wall Lamp
I2Languages (I2.Loc.LanguageSourceAsset)	Items/Wardrobe	Wardrobe
I2Languages (I2.Loc.LanguageSourceAsset)	Items/Wardrobe2	Wardrobe
I2Languages (I2.Loc.LanguageSourceAsset)	Items/Wardrobe3	Wardrobe
I2Languages (I2.Loc.LanguageSourceAsset)	Items/Water	Water
I2Languages (I2.Loc.LanguageSourceAsset)	Items/WaterMachine	Waterloo 1815
I2Languages (I2.Loc.LanguageSourceAsset)	Items/Watertank	Water Tank
I2Languages (I2.Loc.LanguageSourceAsset)	Items/WinterClothes	Warm Clothes
I2Languages (I2.Loc.LanguageSourceAsset)	Items/Wolf Skin	Wolf Skin
I2Languages (I2.Loc.LanguageSourceAsset)	Items/Wood	Wood
I2Languages (I2.Loc.LanguageSourceAsset)	Items/Wooden Chest	Wooden Chest
I2Languages (I2.Loc.LanguageSourceAsset)	Items/WoodenChest	Wooden Chest
I2Languages (I2.Loc.LanguageSourceAsset)	Items/WoodenPallet	Wooden Pallet
I2Languages (I2.Loc.LanguageSourceAsset)	Items/Workbench	Workbench
I2Languages (I2.Loc.LanguageSourceAsset)	Items/Workbench level 1	Workbench level 1
I2Languages (I2.Loc.LanguageSourceAsset)	Items/Workbench level 2	Workbench level 2
I2Languages (I2.Loc.LanguageSourceAsset)	Items/Workbench level 3	Workbench level 3
I2Languages (I2.Loc.LanguageSourceAsset)	Items/Workbench level 4	Workbench level 4
I2Languages (I2.Loc.LanguageSourceAsset)	Items/Workshop shelf large	Workshop shelf - large
I2Languages (I2.Loc.LanguageSourceAsset)	Items/Workshop shelf small	Workshop shelf - small
I2Languages (I2.Loc.LanguageSourceAsset)	Items/Zielarka	Zielarka
I2Languages (I2.Loc.LanguageSourceAsset)	Items/ZielarkaProto	ZielarkaProto
I2Languages (I2.Loc.LanguageSourceAsset)	Items/beartrap	Bear Trap
I2Languages (I2.Loc.LanguageSourceAsset)	Items/electricity box	Electric Box
I2Languages (I2.Loc.LanguageSourceAsset)	Items/pillarHolder	Ropeway Pillar
I2Languages (I2.Loc.LanguageSourceAsset)	Items/DesKeyRoomUpgradeBox	Place an upgrade module in it to upgrade a room.
I2Languages (I2.Loc.LanguageSourceAsset)	Items/RoomUpgradeBox	Room Upgrade Box
I2Languages (I2.Loc.LanguageSourceAsset)	Items/SignHome	Sign
I2Languages (I2.Loc.LanguageSourceAsset)	Items/DesKeySignHome	Use it to travel to other locations.
I2Languages (I2.Loc.LanguageSourceAsset)	Items/Sign	Sign
I2Languages (I2.Loc.LanguageSourceAsset)	Items/DesKeySign	Use it to travel.
I2Languages (I2.Loc.LanguageSourceAsset)	Items/MiningMachine	Mining Machine
I2Languages (I2.Loc.LanguageSourceAsset)	Items/UraniumMiningMachine	Mining Machine
I2Languages (I2.Loc.LanguageSourceAsset)	Items/DesKeyMiningMachine	Fill it with fuel and it will mine for you.\nCome back later to collect the spoil.
I2Languages (I2.Loc.LanguageSourceAsset)	Items/MiningTrolley	Mining Trolley
I2Languages (I2.Loc.LanguageSourceAsset)	Items/DesKeyMiningTrolley	Used to store items from the Mining Machine
I2Languages (I2.Loc.LanguageSourceAsset)	Items/Amo	Ammo
I2Languages (I2.Loc.LanguageSourceAsset)	Items/AnimalPart1	Feathers
I2Languages (I2.Loc.LanguageSourceAsset)	Items/AnimalPart2	Tusk
I2Languages (I2.Loc.LanguageSourceAsset)	Items/AnimalPart3	Racoon Tail
I2Languages (I2.Loc.LanguageSourceAsset)	Items/AnimalPart4	Fox Tail
I2Languages (I2.Loc.LanguageSourceAsset)	Items/AnimalPart5	Antlers
I2Languages (I2.Loc.LanguageSourceAsset)	Items/BasicBait	Basic Bait
I2Languages (I2.Loc.LanguageSourceAsset)	Items/BigGameBait	Big Game Bait
I2Languages (I2.Loc.LanguageSourceAsset)	Items/BlueberryJam	Blueberry Jam
I2Languages (I2.Loc.LanguageSourceAsset)	Items/Cactus	Cactus
I2Languages (I2.Loc.LanguageSourceAsset)	Items/CactusJam	Cactus Jam
I2Languages (I2.Loc.LanguageSourceAsset)	Items/Cake	Pie
I2Languages (I2.Loc.LanguageSourceAsset)	Items/CannedSoup	Canned Soup
I2Languages (I2.Loc.LanguageSourceAsset)	Items/CannedStaw	Canned Stew
I2Languages (I2.Loc.LanguageSourceAsset)	Items/CarrotJam	Carrot Jam
I2Languages (I2.Loc.LanguageSourceAsset)	Items/Chicken	Chicken
I2Languages (I2.Loc.LanguageSourceAsset)	Items/ChineseSoup	Instant Ramen
I2Languages (I2.Loc.LanguageSourceAsset)	Items/CookBook1	Cook Book I
I2Languages (I2.Loc.LanguageSourceAsset)	Items/CookBook2	Cook Book II
I2Languages (I2.Loc.LanguageSourceAsset)	Items/CookBook3	Cook Book III
I2Languages (I2.Loc.LanguageSourceAsset)	Items/Cucumber	Cucumber
I2Languages (I2.Loc.LanguageSourceAsset)	Items/CucumberSoup	Cucumber Soup
I2Languages (I2.Loc.LanguageSourceAsset)	Items/DearMeat	Haunch of meat
I2Languages (I2.Loc.LanguageSourceAsset)	Items/DesKeyBlueberryJam	Blueberry jam, just like from grandma. It will satisfy your hunger and provide you with energy at the same time.
I2Languages (I2.Loc.LanguageSourceAsset)	Items/DesKeyCactus	Prickly but tasty - if done properly.
I2Languages (I2.Loc.LanguageSourceAsset)	Items/DesKeyCactusJam	A delicious jam made of cactuses. Or is it cacti? It will satisfy your hunger and provide you with energy at the same time.
I2Languages (I2.Loc.LanguageSourceAsset)	Items/DesKeyCake	Maybe you'd be happy for a while. It will satisfy your hunger and provide you with energy at the same time.
I2Languages (I2.Loc.LanguageSourceAsset)	Items/DesKeyCannedSoup	A can so beautiful you want to paint it. And the soup will last longer in it.
I2Languages (I2.Loc.LanguageSourceAsset)	Items/DesKeyCannedStaw	The stew will last longer in a can.
I2Languages (I2.Loc.LanguageSourceAsset)	Items/DesKeyCarrotJam	Give carrot jam a chance, it's not only baby food. It will satisfy your hunger and provide you with energy at the same time.
I2Languages (I2.Loc.LanguageSourceAsset)	Items/DesKeyChicken	Tastes like chicken!
I2Languages (I2.Loc.LanguageSourceAsset)	Items/DesKeyChineseSoup	An international classic. It can last long and is very filling.
I2Languages (I2.Loc.LanguageSourceAsset)	Items/DesKeyCucumber	A cucumber. Don't underestimate it.
I2Languages (I2.Loc.LanguageSourceAsset)	Items/DesKeyCucumberSoup	Cucumber soup. Try it and you'll never go back.
I2Languages (I2.Loc.LanguageSourceAsset)	Items/DesKeyDearMeat	Would you eat Bambi if he was seasoned really well?
I2Languages (I2.Loc.LanguageSourceAsset)	Items/DesKeyDriedApple	Keeps the doctor away even after season. Dried food lasts longer.
I2Languages (I2.Loc.LanguageSourceAsset)	Items/DesKeyDriedBerries	Dried berries from the local forest. Dried food lasts longer.
I2Languages (I2.Loc.LanguageSourceAsset)	Items/DesKeyDriedMeat	Dried meat. Dried food lasts longer.
I2Languages (I2.Loc.LanguageSourceAsset)	Items/DesKeyDriedOrange	Dried orange, not only for winter holidays. Dried food lasts longer.
I2Languages (I2.Loc.LanguageSourceAsset)	Items/DesKeyDriedTomatos	Dried tomatoes, an Italian classic. Dried food lasts longer.
I2Languages (I2.Loc.LanguageSourceAsset)	Items/DesKeyEgg	A symbol of life. Nutritional value is off the charts!
I2Languages (I2.Loc.LanguageSourceAsset)	Items/DesKeyEggInSalt	A classic preppers' food. It can last a long time.
I2Languages (I2.Loc.LanguageSourceAsset)	Items/DesKeyEnergyBar	Condensed energy in a bar. A temporary sleep replacement.
I2Languages (I2.Loc.LanguageSourceAsset)	Items/DesKeyFarmingWallLamp	Provides better light for growing plants underground.
I2Languages (I2.Loc.LanguageSourceAsset)	Items/DesKeyFlour	An essential cooking ingredient.
I2Languages (I2.Loc.LanguageSourceAsset)	Items/DesKeyFurnace	Can be used for melting certain materials. Put some stone or iron ore into it and see what happens.
I2Languages (I2.Loc.LanguageSourceAsset)	Items/DesKeyGondola	It has probably dropped from the ropeway. Maybe there's still something interesting inside?
I2Languages (I2.Loc.LanguageSourceAsset)	Items/DesKeyKimchi	Korean fermented cabbage. A touch of Orient in your shelter.
I2Languages (I2.Loc.LanguageSourceAsset)	Items/DesKeyMarinatedCorn	Marinated corn. A snack that can also serve as a proper meal.
I2Languages (I2.Loc.LanguageSourceAsset)	Items/DesKeyMarinatedMushroom	Magic from the forest put in a jar. Enjoy all year long.
I2Languages (I2.Loc.LanguageSourceAsset)	Items/DesKeyMeatPie	Emulate the atmosphere of an English pub in your shelter. A hearty meal.
I2Languages (I2.Loc.LanguageSourceAsset)	Items/DesKeyMeatStew	A hearty meat stew. Heavy, but very high caloric.
I2Languages (I2.Loc.LanguageSourceAsset)	Items/DesKeyMushroom	You're sure it's an edible kind of mushroom, are you?
I2Languages (I2.Loc.LanguageSourceAsset)	Items/DesKeyMushroomSoup	A mushroom soup. Sour with a hint of damp basement.
I2Languages (I2.Loc.LanguageSourceAsset)	Items/DesKeyNopales	A meal made of cactuses. Cacti. Anyway: delicious.
I2Languages (I2.Loc.LanguageSourceAsset)	Items/DesKeyOil	Put it in a refinery to convert it into fuel.
I2Languages (I2.Loc.LanguageSourceAsset)	Items/DesKeyOmelette	They say you can't unscramble it, so why not eat it?
I2Languages (I2.Loc.LanguageSourceAsset)	Items/DesKeyOrangeJam	Orange jam, reminding you of all the tropical travels you never had. It will satisfy your hunger and provide you with energy at the same time.
I2Languages (I2.Loc.LanguageSourceAsset)	Items/DesKeyPasta	Delicious. Don't forget to kiss your fingers before serving.
I2Languages (I2.Loc.LanguageSourceAsset)	Items/DesKeyPate	A simple but tasty pate.
I2Languages (I2.Loc.LanguageSourceAsset)	Items/DesKeyPemmican	A highly nutritious meal made of dried meat and berries. Invented by Native Americans, loved also by preppers.
I2Languages (I2.Loc.LanguageSourceAsset)	Items/DesKeyPickaxe	May be useful for opening some blocked pathways in the mines.
I2Languages (I2.Loc.LanguageSourceAsset)	Items/DesKeyPickles	Can't go wrong with pickles, right?
I2Languages (I2.Loc.LanguageSourceAsset)	Items/DesKeyRainWaterCollector	It's a bucket. Place it outside during rain to collect extra water.
I2Languages (I2.Loc.LanguageSourceAsset)	Items/DesKeyRaport	A report from the Agent. Hope it's positive.
I2Languages (I2.Loc.LanguageSourceAsset)	Items/DesKeyRatMeat	Not exactly a delicacy, but it doesn't deserve the bad reputation.
I2Languages (I2.Loc.LanguageSourceAsset)	Items/DesKeyRoastedRat	Quite good. Goes well with white wine and sour sides.
I2Languages (I2.Loc.LanguageSourceAsset)	Items/DesKeyRoastedTurkey	A big bird, supposedly perfect for celebrating colonization.
I2Languages (I2.Loc.LanguageSourceAsset)	Items/DesKeyRoomSoil	Quality soil for growing plants in your bunker.
I2Languages (I2.Loc.LanguageSourceAsset)	Items/DesKeyRoomUpgradeFactory	Crafting things is faster thanks to this upgrade.
I2Languages (I2.Loc.LanguageSourceAsset)	Items/DesKeyRoomUpgradeFreezer	This upgrade will make the room perfect for storing food.
I2Languages (I2.Loc.LanguageSourceAsset)	Items/DesKeyRoomUpgradeGreenHouse	With this room upgrade, your plants will grow faster. Place it in a room upgrade box.
I2Languages (I2.Loc.LanguageSourceAsset)	Items/DesKeyRoomUpgradePowerhouse	With this upgrade, the generator will work better in this room.
I2Languages (I2.Loc.LanguageSourceAsset)	Items/DesKeyRoomUpgradePumphouse	Installs an extended water supply in a room. Can be used for collecting water more effectively (with buckets or Waterloo).
I2Languages (I2.Loc.LanguageSourceAsset)	Items/DesKeySeed Sunflower	Put into a planter to grow sunflowers.
I2Languages (I2.Loc.LanguageSourceAsset)	Items/DesKeySimpleTrap	A simple trap for catching some innocent critters.
I2Languages (I2.Loc.LanguageSourceAsset)	Items/DesKeySnakeMeat	Someone not only treaded on this one, but also chopped it to pieces.
I2Languages (I2.Loc.LanguageSourceAsset)	Items/DesKeyRoastedSnakeMeat	Someone not only treaded on this one, but also ROASTED it! [MUST-EAT] 
I2Languages (I2.Loc.LanguageSourceAsset)	Items/DesKeySnakeStew	It's not venomous anymore, but it doesn't mean it's easy on the stomach.
I2Languages (I2.Loc.LanguageSourceAsset)	Items/DesKeySpaghetii	Pasta with sauce. Essential for long isolation, be sure to stack up properly.
I2Languages (I2.Loc.LanguageSourceAsset)	Items/DesKeySpices	These make your life in the shelter a bit more diverse.
I2Languages (I2.Loc.LanguageSourceAsset)	Items/DesKeySteamGenerator	Great source of electricity. Uses wood as fuel.
I2Languages (I2.Loc.LanguageSourceAsset)	Items/DesKeySugar	To sweeten your life full of hardship.
I2Languages (I2.Loc.LanguageSourceAsset)	Items/DesKeySunflower	Delicious, but not very nourishing. Maybe it could sell well?
I2Languages (I2.Loc.LanguageSourceAsset)	Items/DesKeyTomatoSoup	Something makes you want to put it in a can and paint it.
I2Languages (I2.Loc.LanguageSourceAsset)	Items/DesKeyVegetableSoup	A classic. Not exciting, but hearty.
I2Languages (I2.Loc.LanguageSourceAsset)	Items/DesKeyWildMeat	Free-range meat. Don't eat it raw.
I2Languages (I2.Loc.LanguageSourceAsset)	Items/DriedApple	Dried Apple
I2Languages (I2.Loc.LanguageSourceAsset)	Items/DriedBerries	Dried Berries
I2Languages (I2.Loc.LanguageSourceAsset)	Items/DriedMeat	Dried Meat
I2Languages (I2.Loc.LanguageSourceAsset)	Items/DriedOrange	Dried Orange
I2Languages (I2.Loc.LanguageSourceAsset)	Items/DriedTomatos	Dried Tomatoes
I2Languages (I2.Loc.LanguageSourceAsset)	Items/Dryier	Dryer
I2Languages (I2.Loc.LanguageSourceAsset)	Items/Egg	Egg
I2Languages (I2.Loc.LanguageSourceAsset)	Items/EggInSalt	Eggs In Salt
I2Languages (I2.Loc.LanguageSourceAsset)	Items/EnergyBar	Energy Bar
I2Languages (I2.Loc.LanguageSourceAsset)	Items/ExoticBait	Exotic Bait
I2Languages (I2.Loc.LanguageSourceAsset)	Items/FarmingWallLamp	Farming Wall Lamp
I2Languages (I2.Loc.LanguageSourceAsset)	Items/FastBait	Fast Bait
I2Languages (I2.Loc.LanguageSourceAsset)	Items/Flour	Flour
I2Languages (I2.Loc.LanguageSourceAsset)	Items/Furnace	Furnace
I2Languages (I2.Loc.LanguageSourceAsset)	Items/Gondola	Gondola
I2Languages (I2.Loc.LanguageSourceAsset)	Items/Gondola2	Gondola
I2Languages (I2.Loc.LanguageSourceAsset)	Items/Kimchi	Kimchi
I2Languages (I2.Loc.LanguageSourceAsset)	Items/MarinatedCorn	Marinated Corn
I2Languages (I2.Loc.LanguageSourceAsset)	Items/MarinatedMushroom	Marinated Mushroom
I2Languages (I2.Loc.LanguageSourceAsset)	Items/Meat1	Meat1
I2Languages (I2.Loc.LanguageSourceAsset)	Items/Meat2	Meat2
I2Languages (I2.Loc.LanguageSourceAsset)	Items/Meat3	Meat3
I2Languages (I2.Loc.LanguageSourceAsset)	Items/Meat4	Meat4
I2Languages (I2.Loc.LanguageSourceAsset)	Items/Meat5	Meat5
I2Languages (I2.Loc.LanguageSourceAsset)	Items/MeatPie	Meat Pie
I2Languages (I2.Loc.LanguageSourceAsset)	Items/MeatStew	Meat Stew
I2Languages (I2.Loc.LanguageSourceAsset)	Items/MiningPassOne	Mining Pass -2
I2Languages (I2.Loc.LanguageSourceAsset)	Items/Mushroom	Mushroom
I2Languages (I2.Loc.LanguageSourceAsset)	Items/MushroomSoup	Mushroom Soup
I2Languages (I2.Loc.LanguageSourceAsset)	Items/Nopales	Nopales
I2Languages (I2.Loc.LanguageSourceAsset)	Items/Oil	Oil
I2Languages (I2.Loc.LanguageSourceAsset)	Items/Omelette	Omelette
I2Languages (I2.Loc.LanguageSourceAsset)	Items/OrangeJam	Orange Jam
I2Languages (I2.Loc.LanguageSourceAsset)	Items/Pasta	Pasta
I2Languages (I2.Loc.LanguageSourceAsset)	Items/Pate	Pate
I2Languages (I2.Loc.LanguageSourceAsset)	Items/Pemmican	Pemmican
I2Languages (I2.Loc.LanguageSourceAsset)	Items/Pickaxe	Pickaxe
I2Languages (I2.Loc.LanguageSourceAsset)	Items/Pickles	Pickles
I2Languages (I2.Loc.LanguageSourceAsset)	Items/RainWaterCollector	Bucket
I2Languages (I2.Loc.LanguageSourceAsset)	Items/Raport	Agent's Report
I2Languages (I2.Loc.LanguageSourceAsset)	Items/RatMeat	Rat Meat
I2Languages (I2.Loc.LanguageSourceAsset)	Items/RoastedRat	Roasted Rat
I2Languages (I2.Loc.LanguageSourceAsset)	Items/RoastedTurkey	Roasted Chicken
I2Languages (I2.Loc.LanguageSourceAsset)	Items/RoastedTurkey2	Roasted Chicken
I2Languages (I2.Loc.LanguageSourceAsset)	Items/RoomSoil	Soil patch
I2Languages (I2.Loc.LanguageSourceAsset)	Items/RoomUpgradeFactory	Room Upgrade - Factory
I2Languages (I2.Loc.LanguageSourceAsset)	Items/RoomUpgradeFreezer	Room Upgrade - Freezer
I2Languages (I2.Loc.LanguageSourceAsset)	Items/RoomUpgradeGreenHouse	Room Upgrade - Greenhouse
I2Languages (I2.Loc.LanguageSourceAsset)	Items/RoomUpgradePowerhouse	Room Upgrade - Powerhouse
I2Languages (I2.Loc.LanguageSourceAsset)	Items/RoomUpgradePumphouse	Room Upgrade - Pumphouse
I2Languages (I2.Loc.LanguageSourceAsset)	Items/Seed Cucumber	Cucumber Seed
I2Languages (I2.Loc.LanguageSourceAsset)	Items/Seed Sunflower	Sunflower Seed 
I2Languages (I2.Loc.LanguageSourceAsset)	Items/SimpleTrap	Simple Trap
I2Languages (I2.Loc.LanguageSourceAsset)	Items/SnakeMeat	Snake Meat
I2Languages (I2.Loc.LanguageSourceAsset)	Items/RoastedSnakeMeat	Roasted Snake Meat
I2Languages (I2.Loc.LanguageSourceAsset)	Items/SnakeStew	Snake Stew
I2Languages (I2.Loc.LanguageSourceAsset)	Items/Spaghetii	Spaghetti
I2Languages (I2.Loc.LanguageSourceAsset)	Items/Spices	Spices
I2Languages (I2.Loc.LanguageSourceAsset)	Items/SteamGenerator	Steam Generator
I2Languages (I2.Loc.LanguageSourceAsset)	Items/Sugar	Sugar
I2Languages (I2.Loc.LanguageSourceAsset)	Items/Sunflower	Sunflower
I2Languages (I2.Loc.LanguageSourceAsset)	Items/TomatoSoup	Tomato Soup
I2Languages (I2.Loc.LanguageSourceAsset)	Items/VegetableSoup	Vegetable Soup
I2Languages (I2.Loc.LanguageSourceAsset)	Items/WildMeat	Slice of meat
I2Languages (I2.Loc.LanguageSourceAsset)	Items/Amethyst	Amethyst
I2Languages (I2.Loc.LanguageSourceAsset)	Items/ArtOfNegotiationBook1	Art of Negotiation
I2Languages (I2.Loc.LanguageSourceAsset)	Items/ArtOfNegotiationBook2	Art of Negotiation II
I2Languages (I2.Loc.LanguageSourceAsset)	Items/BlessPresident	Bless the President
I2Languages (I2.Loc.LanguageSourceAsset)	Items/Bob	Bob
I2Languages (I2.Loc.LanguageSourceAsset)	Items/BobBook	Book about nuclear warfare
I2Languages (I2.Loc.LanguageSourceAsset)	Items/BobJacket	Bob's Jacket
I2Languages (I2.Loc.LanguageSourceAsset)	Items/BobGlasses	Bob's Glasses
I2Languages (I2.Loc.LanguageSourceAsset)	Items/BuilderBook	Builder Book
I2Languages (I2.Loc.LanguageSourceAsset)	Items/Canvas1	Painting
I2Languages (I2.Loc.LanguageSourceAsset)	Items/DesKeyAmethyst	Can be sold for a good price.
I2Languages (I2.Loc.LanguageSourceAsset)	Items/DesKeyAnimalPart1	A bird's feather. 
I2Languages (I2.Loc.LanguageSourceAsset)	Items/DesKeyAnimalPart2	An impressive tusk. Do we have marine mammals here?
I2Languages (I2.Loc.LanguageSourceAsset)	Items/DesKeyAnimalPart3	A racoon tail. For those craving The Junior Woodchuck style.
I2Languages (I2.Loc.LanguageSourceAsset)	Items/DesKeyAnimalPart4	A fox tail. Could fetch a good price.
I2Languages (I2.Loc.LanguageSourceAsset)	Items/DesKeyAnimalPart5	Antlers, a universally loved pretentious decoration.
I2Languages (I2.Loc.LanguageSourceAsset)	Items/DesKeyArtOfNegotiationBook1	Discover your inner haggler and learn how to negotiate better prices.
I2Languages (I2.Loc.LanguageSourceAsset)	Items/DesKeyArtOfNegotiationBook2	Master the art of negotiation and achieve even better prices.
I2Languages (I2.Loc.LanguageSourceAsset)	Items/DesKeyBasicBait	Basic bait for traps.
I2Languages (I2.Loc.LanguageSourceAsset)	Items/DesKeyBigGameBait	Works slower, but allows for catching something bigger.
I2Languages (I2.Loc.LanguageSourceAsset)	Items/DesKeyBlessPresident	Caricature of the President
I2Languages (I2.Loc.LanguageSourceAsset)	Items/DesKeyBobJacket	Bob's beloved jacket. A bit dirty. Not clear what the fuss is all about.
I2Languages (I2.Loc.LanguageSourceAsset)	Items/DesKeyBobBook	Fallout Protection: What To Know And Do About Nuclear Attack. An informative booklet from one of the pre-Plague governments.
I2Languages (I2.Loc.LanguageSourceAsset)	Items/DesKeyBobGlasses	Stylish corrective glasses. Deemed to look good on every Bob regardless of their species.
I2Languages (I2.Loc.LanguageSourceAsset)	Items/DesKeyBuilderBook	Extreme Shelter Makeover! Learn how to build rooms faster.
I2Languages (I2.Loc.LanguageSourceAsset)	Items/DesKeyCanvas1	Just that you don't have many guests doesn't mean you shouldn't have some quality decoration.
I2Languages (I2.Loc.LanguageSourceAsset)	Items/DesKeyCookBook1	Cooking for One: A simple cuisine for when you don't have to care about anyone else's taste. Teaches you some new cooking recipes.
I2Languages (I2.Loc.LanguageSourceAsset)	Items/DesKeyCookBook2	Nuclear Fusion Cuisine: Ideas to spice up your shelter life! Teaches you some new cooking recipes.
I2Languages (I2.Loc.LanguageSourceAsset)	Items/DesKeyCookBook3	Eating from the Trash Can All the Time: Best dishes from leftovers. Teaches you some new cooking recipes.
I2Languages (I2.Loc.LanguageSourceAsset)	Items/DesKeyDiamond	Coal that's been through a lot of pressure. A rare and valuable gem.
I2Languages (I2.Loc.LanguageSourceAsset)	Items/DesKeyDoItYourselfBook1	Handyperson's Handbook. Learn to craft faster.
I2Languages (I2.Loc.LanguageSourceAsset)	Items/DesKeyDoItYourselfBook2	Handyperson's Handbook, Vol. II. Learn to craft even faster.
I2Languages (I2.Loc.LanguageSourceAsset)	Items/DesKeyDriedGuarana	Dried guarana. Energy with a longer expiration date.
I2Languages (I2.Loc.LanguageSourceAsset)	Items/DesKeyEmerald	No need for green-tinted glasses here. Can be sold for a good price.
I2Languages (I2.Loc.LanguageSourceAsset)	Items/DesKeyEnergyDrink	Delays the need for sleep. Just don't rely on it as your main source of nutrition.
I2Languages (I2.Loc.LanguageSourceAsset)	Items/DesKeyEpicBait	A bait that might let you catch very rare creatures.
I2Languages (I2.Loc.LanguageSourceAsset)	Items/DesKeyExoticBait	A bait for rarer animals.
I2Languages (I2.Loc.LanguageSourceAsset)	Items/DesKeyFastBait	Fast bait for fast effects.
I2Languages (I2.Loc.LanguageSourceAsset)	Items/DesKeyGaiger	Not great, not terrible. A bit rusty, but should show levels of radiation properly.
I2Languages (I2.Loc.LanguageSourceAsset)	Items/DesKeyGardeningBook1	Hortus Conclusus: Learn how to grow plants faster.
I2Languages (I2.Loc.LanguageSourceAsset)	Items/DesKeyGardeningBook2	The Secret Gardening: Learn how to grow plants even faster.
I2Languages (I2.Loc.LanguageSourceAsset)	Items/DesKeyGold	It does glitter and can be sold for good price.
I2Languages (I2.Loc.LanguageSourceAsset)	Items/DesKeyGuarana	A climbing plant and a stimulant rich in caffeine.
I2Languages (I2.Loc.LanguageSourceAsset)	Items/DesKeyGuaranaWild	A wild guarana plant appears. It's super effective! (Due to its high caffeine concentration.)
I2Languages (I2.Loc.LanguageSourceAsset)	Items/DesKeyHealthyEatingBook	Eat, Nuke, Love: Healthy kitchen for the citizen of the world. Learn to make the most of your food.
I2Languages (I2.Loc.LanguageSourceAsset)	Items/DesKeyIronOre	Melt it in a furnace to get some metal.
I2Languages (I2.Loc.LanguageSourceAsset)	Items/DesKeyKnife	A basic tool of every prepper.
I2Languages (I2.Loc.LanguageSourceAsset)	Items/DesKeyLogs block	The logs are blocking your way!
I2Languages (I2.Loc.LanguageSourceAsset)	Items/DesKeyLucille	An upgraded baseball bat. Could probably take on zombies. (Hope we haven't those around...?)
I2Languages (I2.Loc.LanguageSourceAsset)	Items/DesKeyMachet	DesKeyMachet
I2Languages (I2.Loc.LanguageSourceAsset)	Items/DesKeyMartialArtsBook1	Deterrence and Retaliation: Learn how to be more effective in combat. It will let you move and attack simultaneously.
I2Languages (I2.Loc.LanguageSourceAsset)	Items/DesKeyMartialArtsBook2	Assured Destruction: Learn how to be even more effective in combat. It will unlock critical hits.
I2Languages (I2.Loc.LanguageSourceAsset)	Items/DesKeyMiningPassFour	Pass card to level -5 in the mine.
I2Languages (I2.Loc.LanguageSourceAsset)	Items/DesKeyMiningPassOne	Pass card to level -2 in the mine.
I2Languages (I2.Loc.LanguageSourceAsset)	Items/DesKeyMiningPassThree	Pass card to level -4 in the mine.
I2Languages (I2.Loc.LanguageSourceAsset)	Items/DesKeyMiningPassTwo	Pass card to level -3 in the mine.
I2Languages (I2.Loc.LanguageSourceAsset)	Items/DesKeyMiningPassZero	Pass card to level -1 in the mine.
I2Languages (I2.Loc.LanguageSourceAsset)	Items/DesKeyMiningPassFive	Pass card to the mysterious, variable lowest level of the mine.
I2Languages (I2.Loc.LanguageSourceAsset)	Items/DesKeyMinutManLetter1	A letter from a stranger who calls himself "The Minuteman".
I2Languages (I2.Loc.LanguageSourceAsset)	Items/DesKeyMinutManLetter2	A letter from a stranger who calls himself "The Minuteman".
I2Languages (I2.Loc.LanguageSourceAsset)	Items/DesKeyMinutManLetter3	A letter from a stranger who calls himself "The Minuteman".
I2Languages (I2.Loc.LanguageSourceAsset)	Items/DesKeyMinutManLetter4	A letter from a stranger who calls himself "The Minuteman".
I2Languages (I2.Loc.LanguageSourceAsset)	Items/DesKeyMinutManLetter5	A letter from a stranger who calls himself "The Minuteman".
I2Languages (I2.Loc.LanguageSourceAsset)	Items/DesKeyMinutManLetter6	A letter from a stranger who calls himself "The Minuteman".
I2Languages (I2.Loc.LanguageSourceAsset)	Items/DesKeyMinutManLetter7	A letter from a stranger who calls himself "The Minuteman".
I2Languages (I2.Loc.LanguageSourceAsset)	Items/DesKeyMinutManLetter8	A letter from a stranger who calls himself "The Minuteman".
I2Languages (I2.Loc.LanguageSourceAsset)	Items/DesKeyNoSleepBook	Sleeper Agent: Learn how to sleep and nap more efficiently.
I2Languages (I2.Loc.LanguageSourceAsset)	Items/DesKeyPetrolheadBook	Hit the Fury Road: Learn how to use fuel more efficiently.
I2Languages (I2.Loc.LanguageSourceAsset)	Items/DesKeyPhoto	A photo from the plane wreck. Depicts a pilot in an airplane. Wait, is it... Mr. Prepper?
I2Languages (I2.Loc.LanguageSourceAsset)	Items/DesKeyPill	This drug will keep you awake through the night.
I2Languages (I2.Loc.LanguageSourceAsset)	Items/DesKeyPipe	DesKeyPipe
I2Languages (I2.Loc.LanguageSourceAsset)	Items/DesKeyPlanObject	Your precious ULTIMATE PLAN. It will help you escape.
I2Languages (I2.Loc.LanguageSourceAsset)	Items/DesKeyPostMan	
I2Languages (I2.Loc.LanguageSourceAsset)	Items/DesKeyPreppersGuideBook	The Preppy Guide to Prepping: Learn how to be more Prepared.
I2Languages (I2.Loc.LanguageSourceAsset)	Items/DesKeyRocketPhoto	A picture of a magnificent rocket. Very inspiring.
I2Languages (I2.Loc.LanguageSourceAsset)	Items/DesKeyRoomUpgradeProto	
I2Languages (I2.Loc.LanguageSourceAsset)	Items/DesKeyRottenFood	Oops... it's spoiled. Keeping food in a fridge makes it last longer.
I2Languages (I2.Loc.LanguageSourceAsset)	Items/DesKeyRuby	A gemstone red-tinted thanks to chromium. Can be sold for good price.
I2Languages (I2.Loc.LanguageSourceAsset)	Items/DesKeySeed Cucumber	Put them into a planter to grow cucumber.
I2Languages (I2.Loc.LanguageSourceAsset)	Items/DesKeySeed Guarana	Put them into a planter to grow guarana.
I2Languages (I2.Loc.LanguageSourceAsset)	Items/DesKeyShroomsWild	Wild mushrooms. Come back where you found them sometime, they may regrow from the mycelium.
I2Languages (I2.Loc.LanguageSourceAsset)	Items/DesKeySladgeHammer	
I2Languages (I2.Loc.LanguageSourceAsset)	Items/DesKeySpear	DesKeySpear
I2Languages (I2.Loc.LanguageSourceAsset)	Items/DesKeyStrengthTrainingBook1	Atlas Jacked: Learn how to carry more weight.
I2Languages (I2.Loc.LanguageSourceAsset)	Items/DesKeyStrengthTrainingBook2	Atlas More Jacked: Learn how to carry even more weight.
I2Languages (I2.Loc.LanguageSourceAsset)	Items/DesKeyStuff	DesKeyStuff
I2Languages (I2.Loc.LanguageSourceAsset)	Items/DesKeySupremeBait	A bait that's both fast and effective.
I2Languages (I2.Loc.LanguageSourceAsset)	Items/DesKeySuspiciousBush	DesKeySuspiciousBush
I2Languages (I2.Loc.LanguageSourceAsset)	Items/DesKeyTestW2	DesKeyTestW2
I2Languages (I2.Loc.LanguageSourceAsset)	Items/DesKeyTomahawk	DesKeyTomahawk
I2Languages (I2.Loc.LanguageSourceAsset)	Items/DesKeyWalrusBook	Project Iceworm: Learn how to deal with very low temperatures
I2Languages (I2.Loc.LanguageSourceAsset)	Items/DesKeybasePref	
I2Languages (I2.Loc.LanguageSourceAsset)	Items/DesKeyherbFirstLetter	A letter in a beautiful, flowery handwriting.
I2Languages (I2.Loc.LanguageSourceAsset)	Items/Diamond	Diamond
I2Languages (I2.Loc.LanguageSourceAsset)	Items/DoItYourselfBook1	Handyperson's Handbook
I2Languages (I2.Loc.LanguageSourceAsset)	Items/DoItYourselfBook2	Handyperson's Handbook II
I2Languages (I2.Loc.LanguageSourceAsset)	Items/DriedGuarana	Dried Guarana
I2Languages (I2.Loc.LanguageSourceAsset)	Items/Emerald	Emerald
I2Languages (I2.Loc.LanguageSourceAsset)	Items/EnergyDrink	Energy Drink
I2Languages (I2.Loc.LanguageSourceAsset)	Items/EpicBait	Epic Bait
I2Languages (I2.Loc.LanguageSourceAsset)	Items/Gaiger	Geiger Counter
I2Languages (I2.Loc.LanguageSourceAsset)	Items/GardeningBook1	Hortus Conclusus
I2Languages (I2.Loc.LanguageSourceAsset)	Items/GardeningBook2	The Secret Gardener (Gardening II)
I2Languages (I2.Loc.LanguageSourceAsset)	Items/Gold	Gold
I2Languages (I2.Loc.LanguageSourceAsset)	Items/Guarana	Guarana
I2Languages (I2.Loc.LanguageSourceAsset)	Items/GuaranaWild	Wild Guarana
I2Languages (I2.Loc.LanguageSourceAsset)	Items/HealthyEatingBook	Eat, Nuke, Love: Healthy kitchen
I2Languages (I2.Loc.LanguageSourceAsset)	Items/IronOre	Iron Ore
I2Languages (I2.Loc.LanguageSourceAsset)	Items/Knife	Knife
I2Languages (I2.Loc.LanguageSourceAsset)	Items/KolejkaLesna	KolejkaLesna
I2Languages (I2.Loc.LanguageSourceAsset)	Items/Logs block	Logs block
I2Languages (I2.Loc.LanguageSourceAsset)	Items/LootBoxMine	Wooden mine box
I2Languages (I2.Loc.LanguageSourceAsset)	Items/LootBoxMine2	Wooden mine box
I2Languages (I2.Loc.LanguageSourceAsset)	Items/LootBoxMineUranium	Wooden mine box
I2Languages (I2.Loc.LanguageSourceAsset)	Items/Lucille	Lucille
I2Languages (I2.Loc.LanguageSourceAsset)	Items/Machet	Machet
I2Languages (I2.Loc.LanguageSourceAsset)	Items/MartialArtsBook1	Deterrence and Retaliation
I2Languages (I2.Loc.LanguageSourceAsset)	Items/MartialArtsBook2	Assured Destruction
I2Languages (I2.Loc.LanguageSourceAsset)	Items/MiningPassFive	Mining Pass - Mysterious level
I2Languages (I2.Loc.LanguageSourceAsset)	Items/MiningPassFour	Mining Pass -5
I2Languages (I2.Loc.LanguageSourceAsset)	Items/MiningPassThree	Mining Pass -4
I2Languages (I2.Loc.LanguageSourceAsset)	Items/MiningPassTwo	Mining Pass -3
I2Languages (I2.Loc.LanguageSourceAsset)	Items/MiningPassZero	Mining Pass -1
I2Languages (I2.Loc.LanguageSourceAsset)	Items/MiningRock	Big Rock
I2Languages (I2.Loc.LanguageSourceAsset)	Items/MinutManLetter1	Minuteman's Letter
I2Languages (I2.Loc.LanguageSourceAsset)	Items/MinutManLetter2	Minuteman's Letter
I2Languages (I2.Loc.LanguageSourceAsset)	Items/MinutManLetter3	Minuteman's Letter
I2Languages (I2.Loc.LanguageSourceAsset)	Items/MinutManLetter4	Minuteman's Letter
I2Languages (I2.Loc.LanguageSourceAsset)	Items/MinutManLetter5	Minuteman's Letter
I2Languages (I2.Loc.LanguageSourceAsset)	Items/MinutManLetter6	Minuteman's Letter
I2Languages (I2.Loc.LanguageSourceAsset)	Items/MinutManLetter7	Minuteman's Letter
I2Languages (I2.Loc.LanguageSourceAsset)	Items/MinutManLetter8	Minuteman's Letter
I2Languages (I2.Loc.LanguageSourceAsset)	Items/NoSleepBook	Sleeper Agent
I2Languages (I2.Loc.LanguageSourceAsset)	Items/PetrolheadBook	Hit the Fury Road
I2Languages (I2.Loc.LanguageSourceAsset)	Items/Photo	Photo
I2Languages (I2.Loc.LanguageSourceAsset)	Items/PickRock	Rock
I2Languages (I2.Loc.LanguageSourceAsset)	Items/Pill	Pill
I2Languages (I2.Loc.LanguageSourceAsset)	Items/Pipe	Pipe
I2Languages (I2.Loc.LanguageSourceAsset)	Items/PlanObject	Escape Plan
I2Languages (I2.Loc.LanguageSourceAsset)	Items/PostMan	Postman
I2Languages (I2.Loc.LanguageSourceAsset)	Items/PreppersGuideBook	The Preppy Guide to Prepping
I2Languages (I2.Loc.LanguageSourceAsset)	Items/RocketPhoto	Rocket Photo
I2Languages (I2.Loc.LanguageSourceAsset)	Items/RoomUpgradeProto	RoomUpgradeProto
I2Languages (I2.Loc.LanguageSourceAsset)	Items/RottenFood	Rotten Food
I2Languages (I2.Loc.LanguageSourceAsset)	Items/Ruby	Ruby
I2Languages (I2.Loc.LanguageSourceAsset)	Items/Seed Guarana	Guarana Seed
I2Languages (I2.Loc.LanguageSourceAsset)	Items/ShroomsWild	Wild Mushrooms
I2Languages (I2.Loc.LanguageSourceAsset)	Items/SladgeHammer	Sledgehammer
I2Languages (I2.Loc.LanguageSourceAsset)	Items/Spear	Spear
I2Languages (I2.Loc.LanguageSourceAsset)	Items/StrengthTrainingBook1	Atlas Jacked
I2Languages (I2.Loc.LanguageSourceAsset)	Items/StrengthTrainingBook2	Atlas More Jacked
I2Languages (I2.Loc.LanguageSourceAsset)	Items/Stuff	Stuff
I2Languages (I2.Loc.LanguageSourceAsset)	Items/SupremeBait	Supreme Bait
I2Languages (I2.Loc.LanguageSourceAsset)	Items/SuspiciousBush	Suspicious Bush
I2Languages (I2.Loc.LanguageSourceAsset)	Items/TestW2	TestW2
I2Languages (I2.Loc.LanguageSourceAsset)	Items/Tomahawk	Tomahawk
I2Languages (I2.Loc.LanguageSourceAsset)	Items/WalrusBook	Project Iceworm
I2Languages (I2.Loc.LanguageSourceAsset)	Items/basePref	basePref
I2Languages (I2.Loc.LanguageSourceAsset)	Items/des kfu guliga holi gaba raba rada wada wosumano i oli kabo do salinano uso do	des kfu guliga holi gaba raba rada wada wosumano i oli kabo do salinano uso do
I2Languages (I2.Loc.LanguageSourceAsset)	Items/herbFirstLetter	Letter
I2Languages (I2.Loc.LanguageSourceAsset)	Items/HerbPill	Letter
I2Languages (I2.Loc.LanguageSourceAsset)	Items/RoastedDeerMeat	Roasted haunch of meat
I2Languages (I2.Loc.LanguageSourceAsset)	Items/DesRoastedDeerMeat	Okay, now I know I'm not above eating Bambi.
I2Languages (I2.Loc.LanguageSourceAsset)	Items/RoastedBoarMeat	Steak
I2Languages (I2.Loc.LanguageSourceAsset)	Items/DesRoastedBoarMeat	Well roasted, Obelix would be proud.
I2Languages (I2.Loc.LanguageSourceAsset)	Items/herbBed	Jenny's Bed
I2Languages (I2.Loc.LanguageSourceAsset)	Items/herbBedDes	But grandmother! What small cabin do you have, said Little Prepp Riding Hood.
I2Languages (I2.Loc.LanguageSourceAsset)	Items/herbDeerTrophy	Jenny's Deer Trophy
I2Languages (I2.Loc.LanguageSourceAsset)	Items/herbDeerTrophyDes	A hunter's trophy? Perhaps there is more to the Herbalist than meets the eye.\nAnd what's the deal with these antlers?
I2Languages (I2.Loc.LanguageSourceAsset)	Items/herbGrowingBox	Jenny's Growing Box
I2Languages (I2.Loc.LanguageSourceAsset)	Items/herbGrowingBoxDes	A growing box. Somehow I have a feeling these are not only decorative plants.
I2Languages (I2.Loc.LanguageSourceAsset)	Items/herbTV	Jenny's TV
I2Languages (I2.Loc.LanguageSourceAsset)	Items/herbTVDes	There's nothing worthwhile on TV since the Plague, only news about successes of government, outdated educational programs, and old westerns.
I2Languages (I2.Loc.LanguageSourceAsset)	Items/herbWeedHook	Weed hook
I2Languages (I2.Loc.LanguageSourceAsset)	Items/herbWeedHookDes	This is probably a weeding tool. But it could definitely kill you.
I2Languages (I2.Loc.LanguageSourceAsset)	Items/herbDaisyGrubber	Daisy Grubber
I2Languages (I2.Loc.LanguageSourceAsset)	Items/herbDaisyGrubberDes	A gardening tool or a torture device? I don't trust the cute daisy painted on it. 
I2Languages (I2.Loc.LanguageSourceAsset)	Items/Calendar	Calendar
I2Languages (I2.Loc.LanguageSourceAsset)	Items/CalendarDes	Helps to keep track of important events
I2Languages (I2.Loc.LanguageSourceAsset)	Items/Foil	Foil
I2Languages (I2.Loc.LanguageSourceAsset)	Items/DesFoil	Best protection from mind-controlling waves.
I2Languages (I2.Loc.LanguageSourceAsset)	Items/RadioReciver	Joe's Radio
I2Languages (I2.Loc.LanguageSourceAsset)	Items/DesRadioReciver	This is surely an old device, but it looks like it could pick up transmissions from afar.
I2Languages (I2.Loc.LanguageSourceAsset)	Items/RoomUpgradeBook1	Underground Gardening
I2Languages (I2.Loc.LanguageSourceAsset)	Items/DesRoomUpgradeBook1	Is this book about gardening below the ground level or about hiding from the authorities? Yes.
I2Languages (I2.Loc.LanguageSourceAsset)	Items/BrokenRevolwer	Broken Revolver
I2Languages (I2.Loc.LanguageSourceAsset)	Items/DesBrokenRevolwer	It's broken.
I2Languages (I2.Loc.LanguageSourceAsset)	Items/Path	Path
I2Languages (I2.Loc.LanguageSourceAsset)	Items/SignTraps	Traps Sign
I2Languages (I2.Loc.LanguageSourceAsset)	Items/HunterNote	Huntress's note
I2Languages (I2.Loc.LanguageSourceAsset)	Items/Bunk	Bunk
I2Languages (I2.Loc.LanguageSourceAsset)	Items/DescBunk	An austere bed. Sleep is obviously not the priority here.
I2Languages (I2.Loc.LanguageSourceAsset)	Items/FortObserverMonitor	Monitor
I2Languages (I2.Loc.LanguageSourceAsset)	Items/FortObserverMonitorStorage	Monitor
I2Languages (I2.Loc.LanguageSourceAsset)	Items/DescFortObserverMonitor	One of the monitors of the Fort Observer base. Who observes the observers?
I2Languages (I2.Loc.LanguageSourceAsset)	Items/FortObserverPass	Access card
I2Languages (I2.Loc.LanguageSourceAsset)	Items/DescFortObserverPass	An access card to somewhere. Found in the plane wreckage.
I2Languages (I2.Loc.LanguageSourceAsset)	Items/AICore	AI core
I2Languages (I2.Loc.LanguageSourceAsset)	Items/DescAICore	The core of Fort Observer's security AI.
I2Languages (I2.Loc.LanguageSourceAsset)	Items/AICoreCase	AI core case
I2Languages (I2.Loc.LanguageSourceAsset)	Items/DescAICoreCase	A casing of security AI core. Maybe something could be put inside?
I2Languages (I2.Loc.LanguageSourceAsset)	Items/FakeAICore	Fake AI core
I2Languages (I2.Loc.LanguageSourceAsset)	Items/DescFakeAICore	A fake AI core with a custom inside
I2Languages (I2.Loc.LanguageSourceAsset)	Items/RocketPartCore	Rocket control module
I2Languages (I2.Loc.LanguageSourceAsset)	Items/DescRocketPartCore	An AI-based rocket control module. Crucial for your escape plan.
I2Languages (I2.Loc.LanguageSourceAsset)	Items/Bigos	Bigos
I2Languages (I2.Loc.LanguageSourceAsset)	Items/DesKeyBigos	A hearty, aromatic cabbage and meat stew. A recipe from Grandma Marianna.
I2Languages (I2.Loc.LanguageSourceAsset)	Items/BlueberrySmoothie	Blueberry smoothie
I2Languages (I2.Loc.LanguageSourceAsset)	Items/DesKeyBlueberrySmoothie	Condensed taste of the forest. You can't go wrong with this one.
I2Languages (I2.Loc.LanguageSourceAsset)	Items/CarrotSoup	Carrot soup
I2Languages (I2.Loc.LanguageSourceAsset)	Items/DesKeyCarrotSoup	Loved by babies and preppers worldwide.
I2Languages (I2.Loc.LanguageSourceAsset)	Items/BeetSoup	Beet soup
I2Languages (I2.Loc.LanguageSourceAsset)	Items/DesKeyBeetSoup	A delicious sour beet soup.
I2Languages (I2.Loc.LanguageSourceAsset)	Items/bobPlant	Bob the Plant
I2Languages (I2.Loc.LanguageSourceAsset)	Items/KitchenCupboard	Kitchen Cupboard
I2Languages (I2.Loc.LanguageSourceAsset)	Items/Food	Food
I2Languages (I2.Loc.LanguageSourceAsset)	Items/BookSet	Book Set
I2Languages (I2.Loc.LanguageSourceAsset)	Items/Barrel	Barrel
I2Languages (I2.Loc.LanguageSourceAsset)	Items/WorkshopShelf	Workshop Shelf
I2Languages (I2.Loc.LanguageSourceAsset)	Items/Material	Material
I2Languages (I2.Loc.LanguageSourceAsset)	Items/Keycard	Keycard
I2Languages (I2.Loc.LanguageSourceAsset)	Items/Gem	Gem
I2Languages (I2.Loc.LanguageSourceAsset)	Items/BoxSmall	Small Box
I2Languages (I2.Loc.LanguageSourceAsset)	Items/BoxLarge	Large Box
I2Languages (I2.Loc.LanguageSourceAsset)	Items/Plant	Plant
I2Languages (I2.Loc.LanguageSourceAsset)	Items/Ammo	Ammo
I2Languages (I2.Loc.LanguageSourceAsset)	Items/Chest	Chest
I2Languages (I2.Loc.LanguageSourceAsset)	Items/Scraps	Scraps
I2Languages (I2.Loc.LanguageSourceAsset)	Items/Seed	Seed
I2Languages (I2.Loc.LanguageSourceAsset)	Items/Bait	Bait
I2Languages (I2.Loc.LanguageSourceAsset)	Items/Plate	Plate
I2Languages (I2.Loc.LanguageSourceAsset)	Items/Trap	Trap
I2Languages (I2.Loc.LanguageSourceAsset)	Items/Trophy	Trophy
I2Languages (I2.Loc.LanguageSourceAsset)	Items/MinutemanLetter	Minuteman's letter
I2Languages (I2.Loc.LanguageSourceAsset)	Items/Cup	Cup
I2Languages (I2.Loc.LanguageSourceAsset)	Items/ChickenLeg	Chicken leg
I2Languages (I2.Loc.LanguageSourceAsset)	Items/DesKeyChickenLeg	Very tasty, and you can throw a bone to a local dog. If you see one.
I2Languages (I2.Loc.LanguageSourceAsset)	Items/MinesElevatorController	Elevator Controller
I2Languages (I2.Loc.LanguageSourceAsset)	Items/MinesElevator	Elevator
I2Languages (I2.Loc.LanguageSourceAsset)	Items/PlaneFortObserver	Airplane
I2Languages (I2.Loc.LanguageSourceAsset)	Items/DesPlaneFortObserver	These fighter aircrafts are a bit outdated, but still fit for basic surveillance and control tasks. 
I2Languages (I2.Loc.LanguageSourceAsset)	Items/AntenaForObserver	Antenna
I2Languages (I2.Loc.LanguageSourceAsset)	Items/DesAntenaForObserver	Allows for picking up radio transmissions from great distances.
I2Languages (I2.Loc.LanguageSourceAsset)	Items/ArtificialHorizon	Artificial Horizon
I2Languages (I2.Loc.LanguageSourceAsset)	Items/DesArtificialHorizon	An advanced gyroscopic flight instrument. An essential component for building a rocket.
I2Languages (I2.Loc.LanguageSourceAsset)	Items/DesKeyDryier	Useful for drying certain fruits and vegetables.
I2Languages (I2.Loc.LanguageSourceAsset)	Items/Granade	Grenade
I2Languages (I2.Loc.LanguageSourceAsset)	Items/DesKeyGranade	A basic grenade. Deals some damage and stuns enemies. You can also disassemble it to get its recipe.
I2Languages (I2.Loc.LanguageSourceAsset)	Items/SmokeBomb	Smoke Bomb
I2Languages (I2.Loc.LanguageSourceAsset)	Items/DesKeySmokeBomb	Great for getting out of tough situations. Stuns and pushes back enemies around you. You can also disassemble it to get its a recipe.
I2Languages (I2.Loc.LanguageSourceAsset)	Items/Dynamit	Dynamite
I2Languages (I2.Loc.LanguageSourceAsset)	Items/DesKeyDynamit	Causes a powerful explosion that deals a lot of damage. You can also disassemble it to get its recipe.
I2Languages (I2.Loc.LanguageSourceAsset)	Items/ComicsSet	A collection of comics
I2Languages (I2.Loc.LanguageSourceAsset)	Items/DesComicsSet	A remarkable collection of comics, from pulp superhero stuff to some whacky zines.
I2Languages (I2.Loc.LanguageSourceAsset)	Items/RocketLauncher	Rocket Launcher
I2Languages (I2.Loc.LanguageSourceAsset)	Items/BrazenSerpentModel	Brazen Serpent satellite model
I2Languages (I2.Loc.LanguageSourceAsset)	Items/DesKeyBrazenSerpentModel	This is the small metal thing that causes all our problems. A satellite making us numb, docile, or violent.
I2Languages (I2.Loc.LanguageSourceAsset)	Items/MindControlTool	Mind control tool
I2Languages (I2.Loc.LanguageSourceAsset)	Items/DesKeyMindControlTool	A prototype of a simple mind control tool. Later the method of sending waves from great distances was devised.
I2Languages (I2.Loc.LanguageSourceAsset)	Items/Scans	Brain scans and X-rays
I2Languages (I2.Loc.LanguageSourceAsset)	Items/DesKeyScans	Brain scans and X-rays of dogs that were test subjects. Poor animals.
I2Languages (I2.Loc.LanguageSourceAsset)	Items/MushroomSoupCan	Canned Mushroom Soup
I2Languages (I2.Loc.LanguageSourceAsset)	Items/DesKeyMushroomSoupCan	Canned mushroom soup. It should last long.
I2Languages (I2.Loc.LanguageSourceAsset)	Items/CucumberSoupCan	Canned Cucumber Soup
I2Languages (I2.Loc.LanguageSourceAsset)	Items/DesKeyCucumberSoupCan	Canned cucumber soup. It should last long.
I2Languages (I2.Loc.LanguageSourceAsset)	Items/TomatoSoupCan	Canned Tomato Soup
I2Languages (I2.Loc.LanguageSourceAsset)	Items/DesKeyTomatoSoupCan	Canned tomato soup. It should last long.
I2Languages (I2.Loc.LanguageSourceAsset)	Items/BeetSoupCan	Canned Beet Soup
I2Languages (I2.Loc.LanguageSourceAsset)	Items/DesKeyBeetSoupCan	Canned beet soup. It should last long.
I2Languages (I2.Loc.LanguageSourceAsset)	Items/CarrotSoupCan	Canned Carrot Soup
I2Languages (I2.Loc.LanguageSourceAsset)	Items/DesKeyCarrotSoupCan	Canned carrot soup. It should last long.
I2Languages (I2.Loc.LanguageSourceAsset)	Items/VegetableSoupCan	Canned Vegetable Soup
I2Languages (I2.Loc.LanguageSourceAsset)	Items/DesKeyVegetableSoupCan	Canned vegetable soup. It should last long.
I2Languages (I2.Loc.LanguageSourceAsset)	Items/ControlInstruction	Inspection Protocol
I2Languages (I2.Loc.LanguageSourceAsset)	Items/DesKeyControlInstruction	A secret protocol for the house inspection used by the Agency.
I2Languages (I2.Loc.LanguageSourceAsset)	Items/MinutLetterWaterControl	Minuteman's Letter: Water Control Warning
I2Languages (I2.Loc.LanguageSourceAsset)	Items/DesKeyMinutLetterWaterControl	A letter from a stranger who calls himself "The Minuteman".
I2Languages (I2.Loc.LanguageSourceAsset)	Items/MinutLetterElectricityControl	Minuteman's Letter: Electricity Control Warning
I2Languages (I2.Loc.LanguageSourceAsset)	Items/DesKeyMinutLetterElectricityControl	A letter from a stranger who calls himself "The Minuteman".
I2Languages (I2.Loc.LanguageSourceAsset)	Items/MinutLetterCupboardControl	Minuteman's Letter: Cupboard Control Warning
I2Languages (I2.Loc.LanguageSourceAsset)	Items/DesKeyMinutLetterCupboardControl	A letter from a stranger who calls himself "The Minuteman".
I2Languages (I2.Loc.LanguageSourceAsset)	Items/MinutLetterCupboardControl2	Minuteman's Letter: Cupboard Control Warning 2
I2Languages (I2.Loc.LanguageSourceAsset)	Items/DesKeyMinutLetterCupboardControl2	A letter from a stranger who calls himself "The Minuteman".
I2Languages (I2.Loc.LanguageSourceAsset)	Items/PlaneWreck	Crashed Plane
I2Languages (I2.Loc.LanguageSourceAsset)	Items/DesKeyPlaneWreck	Military plane. Crashed. Looks oddly familiar.
I2Languages (I2.Loc.LanguageSourceAsset)	Items/AlarmSwitch	Signal Switch
I2Languages (I2.Loc.LanguageSourceAsset)	Items/DescAlarmSwitch	Activate it on the first floor to give the Sleepless the final signal. There is no turning back after that.
I2Languages (I2.Loc.LanguageSourceAsset)	Items/DiscoSwitch	Disco Switch
I2Languages (I2.Loc.LanguageSourceAsset)	Items/DescDiscoSwitch	Just for fun. Disco's not dead.
I2Languages (I2.Loc.LanguageSourceAsset)	Items/Switch	Switch
I2Languages (I2.Loc.LanguageSourceAsset)	Items/DescSwitch	Place it in a room to be able to turn everything inside it on or off. Great for power management.
I2Languages (I2.Loc.LanguageSourceAsset)	Items/DesKeyCalendar	Keep track of days and important events.
I2Languages (I2.Loc.LanguageSourceAsset)	Items/ArmyChest	Army Chest
I2Languages (I2.Loc.LanguageSourceAsset)	Items/DesKeyArmyChest	It's a basic wooden chest stamped 'ARMY'. 
I2Languages (I2.Loc.LanguageSourceAsset)	Items/Fabrics	Fabrics
I2Languages (I2.Loc.LanguageSourceAsset)	Items/DesKeyFabrics	A good source of textiles.
I2Languages (I2.Loc.LanguageSourceAsset)	Items/FortBox	Box
I2Languages (I2.Loc.LanguageSourceAsset)	Items/DesKeyScraps	Scraps. Use them for crafting or sell to Joe.
I2Languages (I2.Loc.LanguageSourceAsset)	Items/VendingMachine	Vending Machine
I2Languages (I2.Loc.LanguageSourceAsset)	Items/RoomUpgradeBook2	Pump It Up: Useful Room Upgrades
I2Languages (I2.Loc.LanguageSourceAsset)	Items/DesRoomUpgradeBook2	Learn how to make specific room upgrades: a pumphouse and a workshop.
I2Languages (I2.Loc.LanguageSourceAsset)	Items/RoomUpgradeBook3	Mr. Freeze: More Useful Room Upgrades
I2Languages (I2.Loc.LanguageSourceAsset)	Items/DesRoomUpgradeBook3	Learn how to make specific room upgrades: a powerhouse and a freezer.
I2Languages (I2.Loc.LanguageSourceAsset)	Items/DescRocketLauncher	The final button to push.
I2Languages (I2.Loc.LanguageSourceAsset)	Items/Hydrogen	Hydrogen
I2Languages (I2.Loc.LanguageSourceAsset)	Items/DesKeyRocketPartHydrogen	Also known as rocket fuel. Depends who you ask.
I2Languages (I2.Loc.LanguageSourceAsset)	Items/DesKeyAmo	Basic ammo. Good for revolvers and rifles.
I2Languages (I2.Loc.LanguageSourceAsset)	Items/Irrigator	Irrigator
I2Languages (I2.Loc.LanguageSourceAsset)	Items/DesKeyIrrigator	Fill it with water and it will automatically water all the plants in the room.
I2Languages (I2.Loc.LanguageSourceAsset)	Items/Refueler	Refueler
I2Languages (I2.Loc.LanguageSourceAsset)	Items/DesKeyRefueler	Fill it with fuel and it will automatically refuel all the generators in the room.
I2Languages (I2.Loc.LanguageSourceAsset)	Items/bobHideoutPC	Bob's Computer
I2Languages (I2.Loc.LanguageSourceAsset)	Items/bobHideoutPCDes	A top-notch information technology. Too bad nobody had invented a wider network for these things.
I2Languages (I2.Loc.LanguageSourceAsset)	Items/bobHideoutBoard	Bob's Plan
I2Languages (I2.Loc.LanguageSourceAsset)	Items/bobHideoutBoardDes	Post-it notes always make the interior look professional.
I2Languages (I2.Loc.LanguageSourceAsset)	Items/bobHideoutSupPosters	Posters
I2Languages (I2.Loc.LanguageSourceAsset)	Items/bobHideoutSupPostersDes	Apart from his books and comics, Bob has a collection of posters. It might be the most colorful place in whole Murricaville.
I2Languages (I2.Loc.LanguageSourceAsset)	Items/bobHideoutBless	Bless the President
I2Languages (I2.Loc.LanguageSourceAsset)	Items/bobSleeplessBasePosters	Posters
I2Languages (I2.Loc.LanguageSourceAsset)	Items/bobSleeplessBasePillows	Mattresses
I2Languages (I2.Loc.LanguageSourceAsset)	Items/bobSleeplessBaseContainers	Military chests
I2Languages (I2.Loc.LanguageSourceAsset)	Items/bobSleeplessBaseChairs	Chairs
I2Languages (I2.Loc.LanguageSourceAsset)	Items/SleeplessMember	Member of The Sleepless
I2Languages (I2.Loc.LanguageSourceAsset)	Items/Jenny	Jenny
I2Languages (I2.Loc.LanguageSourceAsset)	Items/Joe	Joe
I2Languages (I2.Loc.LanguageSourceAsset)	Items/Jim	Jim
I2Languages (I2.Loc.LanguageSourceAsset)	Items/Karen	Karen
I2Languages (I2.Loc.LanguageSourceAsset)	Items/Kate	Kate
I2Languages (I2.Loc.LanguageSourceAsset)	Items/Krystal	Crystal
I2Languages (I2.Loc.LanguageSourceAsset)	Items/CowSkull	Cow Skull
I2Languages (I2.Loc.LanguageSourceAsset)	Items/DescCowSkull	Horrific decorative piece.
I2Languages (I2.Loc.LanguageSourceAsset)	Items/DeerSkull	Deer Skull
I2Languages (I2.Loc.LanguageSourceAsset)	Items/DescDeerSkull	One of many trophies from Jenny's collection. Looks great on the wall.
I2Languages (I2.Loc.LanguageSourceAsset)	Items/EradicatorPoster	Eradicator Poster
I2Languages (I2.Loc.LanguageSourceAsset)	Items/DescEradicatorPoster	Electronic killer from future
I2Languages (I2.Loc.LanguageSourceAsset)	Items/SheMamaPoster	She Mama Poster
I2Languages (I2.Loc.LanguageSourceAsset)	Items/DescSheMamaPoster	A touch of fantasy world in your home
I2Languages (I2.Loc.LanguageSourceAsset)	Items/SleeplessPoster	Sleepless Poster
I2Languages (I2.Loc.LanguageSourceAsset)	Items/DescSleeplessPoster	They say that walls can have ears, but no one ever mentioned the eyes
I2Languages (I2.Loc.LanguageSourceAsset)	Items/WallShelf	Wall Shelf
I2Languages (I2.Loc.LanguageSourceAsset)	Items/DescWallShelf	Perfect shelf for displaying items
I2Languages (I2.Loc.LanguageSourceAsset)	Items/RussianCarpet	Jenny's Vintage Carpet
I2Languages (I2.Loc.LanguageSourceAsset)	Items/DescRussianCarpet	Special decorative carpet from Jenny's collection
I2Languages (I2.Loc.LanguageSourceAsset)	Items/Chupakabra	Chupacabra
I2Languages (I2.Loc.LanguageSourceAsset)	Items/JennyPhoto	Jenny's Photo
I2Languages (I2.Loc.LanguageSourceAsset)	Items/Door	Passage
I2Languages (I2.Loc.LanguageSourceAsset)	Items/RussianWallCarpet	Jenny's Wall Carpet
I2Languages (I2.Loc.LanguageSourceAsset)	Items/DescRussianWallCarpet	Who said you can't put them on the wall?
I2Languages (I2.Loc.LanguageSourceAsset)	Items/Dog	Dog
I2Languages (I2.Loc.LanguageSourceAsset)	Items/DescDog	Domesticated canine, also known as "man's best friend". Surprisingly rare around Murricaville lately.\n
I2Languages (I2.Loc.LanguageSourceAsset)	Items/DogDen	Dog's lair
I2Languages (I2.Loc.LanguageSourceAsset)	Items/DescDogDen	A place to rest for your dog. The dog will use it no matter where you place it. Magic!
I2Languages (I2.Loc.LanguageSourceAsset)	Items/DogFeederBowl	Dog bowl
I2Languages (I2.Loc.LanguageSourceAsset)	Items/DesDogFeederBowl	A basic bowl for your dog.
I2Languages (I2.Loc.LanguageSourceAsset)	Items/Milk1	Milk
I2Languages (I2.Loc.LanguageSourceAsset)	Items/DescMilk1	Fresh organic milk. Tasty and nutritious.
I2Languages (I2.Loc.LanguageSourceAsset)	Items/ChickenDen	Chicken coop
I2Languages (I2.Loc.LanguageSourceAsset)	Items/DescChickenDen	A home for your chickens! Cozy, but gets loud sometimes.
I2Languages (I2.Loc.LanguageSourceAsset)	Items/GoatDen	Goats shed
I2Languages (I2.Loc.LanguageSourceAsset)	Items/DescGoatDen	A home for your goats! They can throw some wicked parties.
I2Languages (I2.Loc.LanguageSourceAsset)	Items/CowDen	Cow stall
I2Languages (I2.Loc.LanguageSourceAsset)	Items/DesCowDen	A small living quarter for a cow.
I2Languages (I2.Loc.LanguageSourceAsset)	Items/CowFeeder	Cow feeder
I2Languages (I2.Loc.LanguageSourceAsset)	Items/DesCowFeeder	Your cow can feed directly from it.
I2Languages (I2.Loc.LanguageSourceAsset)	Items/BatDecoration	Bat decoration
I2Languages (I2.Loc.LanguageSourceAsset)	Items/DescBatDecoration	Watch out, they can get entangled in your hair!
I2Languages (I2.Loc.LanguageSourceAsset)	Items/AlienSkull	Alien skull
I2Languages (I2.Loc.LanguageSourceAsset)	Items/DescAlienSkull	A depiction of a slightly scary, completely fictional extraterrestrial creature.
I2Languages (I2.Loc.LanguageSourceAsset)	Items/PumpkinItem	Pumpkin
I2Languages (I2.Loc.LanguageSourceAsset)	Items/DescPumpkinItem	The staple of the harvest/Halloween period. Coziness and metaphysical dread go very well together.
I2Languages (I2.Loc.LanguageSourceAsset)	Items/Scarecrow	Spooky scarecrow
I2Languages (I2.Loc.LanguageSourceAsset)	Items/DescScarecrow	Probably works better on you than on the birds.
I2Languages (I2.Loc.LanguageSourceAsset)	Items/JackOLantern	Jack O'Lantern
I2Languages (I2.Loc.LanguageSourceAsset)	Items/DescJackOLantern	A navigation aid for tormented souls and a perfect house decoration.
I2Languages (I2.Loc.LanguageSourceAsset)	Items/SeedPumpkin	Pumpkin seeds
I2Languages (I2.Loc.LanguageSourceAsset)	Items/DesSeedPumpkin	Use them to grow more of the nutritious vegetable.
I2Languages (I2.Loc.LanguageSourceAsset)	Items/PumpkinSoup	Pumpkin Soup
I2Languages (I2.Loc.LanguageSourceAsset)	Items/DesPumpkinSoup	Tasty, aromatic pumpkin soup.
I2Languages (I2.Loc.LanguageSourceAsset)	Items/PumpkinSoupCan	Canned pumpkin soup 
I2Languages (I2.Loc.LanguageSourceAsset)	Items/DesKeyPumpkinSoupCan	Canned pumpkin soup. It should last long.
I2Languages (I2.Loc.LanguageSourceAsset)	Items/HalloweenFlyer	Halloween flyer
I2Languages (I2.Loc.LanguageSourceAsset)	Items/DescHalloweenFlyer	Flyer with the info on the upcoming Halloween. Tacky, but somehow thrilling.
I2Languages (I2.Loc.LanguageSourceAsset)	Items/CandyBlue	Candy
I2Languages (I2.Loc.LanguageSourceAsset)	Items/DesCandyBlue	Yay, Halloween sweets! But do you remember where you got them from?
I2Languages (I2.Loc.LanguageSourceAsset)	Items/CandyRed	Candy
I2Languages (I2.Loc.LanguageSourceAsset)	Items/DesCandyRed	Yay, Halloween sweets! But do you remember where you got them from?
I2Languages (I2.Loc.LanguageSourceAsset)	Items/GoatAnimal	Goat
I2Languages (I2.Loc.LanguageSourceAsset)	Items/DesGoatAnimal	A basic goat breed. Can give you wool and milk.
I2Languages (I2.Loc.LanguageSourceAsset)	Items/GoatBrown	Brown goat
I2Languages (I2.Loc.LanguageSourceAsset)	Items/DesGoatBrown	This breed can give you much wool and much milk. Whatever floats your goat!
I2Languages (I2.Loc.LanguageSourceAsset)	Items/GoatWhite	White goat
I2Languages (I2.Loc.LanguageSourceAsset)	Items/DesGoatWhite	A goat breed popular in this region. It can give you much wool, but doesn't produce that much milk.
I2Languages (I2.Loc.LanguageSourceAsset)	Items/ChickenAnimal	Chicken
I2Languages (I2.Loc.LanguageSourceAsset)	Items/DesChickenAnimal	A basic kind of chicken, a farm animal widespread around the world, with a well-known brown plumage. Lays eggs.
I2Languages (I2.Loc.LanguageSourceAsset)	Items/ChickenAnimalWhite	White chicken
I2Languages (I2.Loc.LanguageSourceAsset)	Items/DesChickenAnimalWhite	A white breed of chicken. Lays eggs like a regular chicken. Its feathers can be gathered and sold.
I2Languages (I2.Loc.LanguageSourceAsset)	Items/ChickenAnimalGray	Gray chicken
I2Languages (I2.Loc.LanguageSourceAsset)	Items/DesChickenAnimalGray	A chicken breed with white feathers and a black pattern on them. It produces feathers quicker, but eggs slower than the regular breed.
I2Languages (I2.Loc.LanguageSourceAsset)	Items/ChickenAnimalBlack	Black chicken
I2Languages (I2.Loc.LanguageSourceAsset)	Items/DesChickenAnimalBlack	A black chicken, classy and meaning business. Quickest in laying eggs and reproducing. Can fetch a good price.
I2Languages (I2.Loc.LanguageSourceAsset)	Items/RottenHey	Rotten hay
I2Languages (I2.Loc.LanguageSourceAsset)	Items/BrokenFance	Broken fence
I2Languages (I2.Loc.LanguageSourceAsset)	Items/FenceItem	Animals' Fence
I2Languages (I2.Loc.LanguageSourceAsset)	Items/DesFenceItem	A fence with a gate, simple but stylish. It allows you to border a space dedicated to animals. They cannot go through. 
I2Languages (I2.Loc.LanguageSourceAsset)	Items/BarnBackDoor	Barn door
I2Languages (I2.Loc.LanguageSourceAsset)	Items/Will	Will
I2Languages (I2.Loc.LanguageSourceAsset)	Items/WheatToCollect	Wild Wheat
I2Languages (I2.Loc.LanguageSourceAsset)	Items/ChickenFeeder	Chickens' feeder
I2Languages (I2.Loc.LanguageSourceAsset)	Items/DesChickenFeeder	A feeder to provide proper nutrition to your chickens. You can give them grain, corn, sunflower, and other seeds.
I2Languages (I2.Loc.LanguageSourceAsset)	Items/GoatFeeder	Goats' feeder
I2Languages (I2.Loc.LanguageSourceAsset)	Items/DesGoatFeeder	A feeder for goats. They can be fed with hay or any kind of vegetables.
I2Languages (I2.Loc.LanguageSourceAsset)	Items/BrokenChickenHouse	Broken chicken coop
I2Languages (I2.Loc.LanguageSourceAsset)	Items/DogeAnimal	Xeno
I2Languages (I2.Loc.LanguageSourceAsset)	Items/DesDogeAnimal	Xeno, a good boy that found his home at Will's farm, but can also get attached to a different caretaker. He is versatile and very intelligent, and can show you a variety of useful skills as you befriend him more and more.
I2Languages (I2.Loc.LanguageSourceAsset)	Items/CowBrown	Brown cow
I2Languages (I2.Loc.LanguageSourceAsset)	Items/DesCowBrown	A brown cow breed. It's not as good in producing milk as other cow species, but it reproduces quicker than other breeds and can be used for high-quality meat. 
I2Languages (I2.Loc.LanguageSourceAsset)	Items/CowSpotted	Spotted cow
I2Languages (I2.Loc.LanguageSourceAsset)	Items/DesCowSpotted	A spotted cow. Makes you think of idyllic landscapes and also produces lots of milk.
I2Languages (I2.Loc.LanguageSourceAsset)	Items/CowWhite	White cow
I2Languages (I2.Loc.LanguageSourceAsset)	Items/DesCowWhite	A white cow breed, a basic, all-purpose breed.
I2Languages (I2.Loc.LanguageSourceAsset)	Items/Hamster	Golden hamster
I2Languages (I2.Loc.LanguageSourceAsset)	Items/DesHamster	A small hamster with a standard, golden coloration. Can produce a small amount of electricity in its hamster wheel.
I2Languages (I2.Loc.LanguageSourceAsset)	Items/Hamster2	Golden-white-grey hamster
I2Languages (I2.Loc.LanguageSourceAsset)	Items/DesHamster2	A medium-sized hamster with a mixed, golden-white-grey coloration. Can produce a medium amount of electricity in its hamster wheel.
I2Languages (I2.Loc.LanguageSourceAsset)	Items/Hamster3	Grey hamster
I2Languages (I2.Loc.LanguageSourceAsset)	Items/DesHamster3	A big, grey hamster. It's strong and can produce a big amount of electricity.
I2Languages (I2.Loc.LanguageSourceAsset)	Items/HamsterCage	Basic hamster cage
I2Languages (I2.Loc.LanguageSourceAsset)	Items/DesHamsterCage	A basic, plastic cage with a small house. Good place to live for up to three hamsters.
I2Languages (I2.Loc.LanguageSourceAsset)	Items/HamsterCageBig	Large hamster cage
I2Languages (I2.Loc.LanguageSourceAsset)	Items/DesHamsterCageBig	A big cage with two separate small houses. Decent living quarters for up to six hamsters.
I2Languages (I2.Loc.LanguageSourceAsset)	Items/HamsterFeeder	Hamster cage with feeder
I2Languages (I2.Loc.LanguageSourceAsset)	Items/DesHamsterFeeder	A hamster cage with a feeder included. The cute rodents can be fed with grain, vegetables, and seeds.
I2Languages (I2.Loc.LanguageSourceAsset)	Items/HamsterGenerator	Hamster wheel generator
I2Languages (I2.Loc.LanguageSourceAsset)	Items/DesHamsterGenerator	A hamster wheel plugged into a small electricity generator. An entertainment for your small pet and a clean source of energy for you. Don't forget to feed the hamsters!
I2Languages (I2.Loc.LanguageSourceAsset)	Items/HamsterPipe	Hamster tubes
I2Languages (I2.Loc.LanguageSourceAsset)	Items/DesHamsterPipe	A way to connect all hamster cages.
I2Languages (I2.Loc.LanguageSourceAsset)	Items/ChickenBabyBlack	Black chick
I2Languages (I2.Loc.LanguageSourceAsset)	Items/DesChickenBabyBlack	A baby form of a black chicken. Will turn adult several days after hatching.
I2Languages (I2.Loc.LanguageSourceAsset)	Items/ChickenBabyGray	Grey chick
I2Languages (I2.Loc.LanguageSourceAsset)	Items/DesChickenBabyGray	A baby form of a grey chicken. Will turn adult several days after hatching.
I2Languages (I2.Loc.LanguageSourceAsset)	Items/ChickenBabyWhite	White chick
I2Languages (I2.Loc.LanguageSourceAsset)	Items/DesChickenBabyWhite	A baby form of a white chicken. Will turn adult several days after hatching.
I2Languages (I2.Loc.LanguageSourceAsset)	Items/ChickenBaby	Chick
I2Languages (I2.Loc.LanguageSourceAsset)	Items/DesChickenBaby	A baby form of a chicken. Will turn adult several days after hatching.
I2Languages (I2.Loc.LanguageSourceAsset)	Items/CowBabyBrown	Brown calf
I2Languages (I2.Loc.LanguageSourceAsset)	Items/DesCowBabyBrown	A baby form of a brown cow. Will turn adult several days after being born.
I2Languages (I2.Loc.LanguageSourceAsset)	Items/CowBabySpotted	Spotted calf
I2Languages (I2.Loc.LanguageSourceAsset)	Items/DesCowBabySpotted	A baby form of a spotted cow. Will turn adult several days after being born.
I2Languages (I2.Loc.LanguageSourceAsset)	Items/CowBabyWhite	White calf
I2Languages (I2.Loc.LanguageSourceAsset)	Items/DesCowBabyWhite	A baby form of a white cow. Will turn adult several days after being born.
I2Languages (I2.Loc.LanguageSourceAsset)	Items/GoatBaby	Goat kid
I2Languages (I2.Loc.LanguageSourceAsset)	Items/DesGoatBaby	A baby form of a goat. Will turn adult several days after being born. Watch out! Kids run around more than adult goats.
I2Languages (I2.Loc.LanguageSourceAsset)	Items/GoatBabyBrown	Brown goat kid
I2Languages (I2.Loc.LanguageSourceAsset)	Items/DesGoatBabyBrown	A baby form of a brown goat. Will turn adult several days after being born. Watch out! Kids run around more than adult goats.
I2Languages (I2.Loc.LanguageSourceAsset)	Items/GoatBabyWhite	White goat kid
I2Languages (I2.Loc.LanguageSourceAsset)	Items/DesGoatBabyWhite	A baby form of a white goat. Will turn adult several days after being born. Watch out! Kids run around more than adult goats.
I2Languages (I2.Loc.LanguageSourceAsset)	Items/Globe	Globe
I2Languages (I2.Loc.LanguageSourceAsset)	Items/DesGlobe	An accurate model of our planet Earth. Shows you how much there is to see beyond Murricaville and our beloved country (bless the President).
I2Languages (I2.Loc.LanguageSourceAsset)	Items/EarthDayFlatEarth	Square Earth poster
I2Languages (I2.Loc.LanguageSourceAsset)	Items/DesEarthDayFlatEarth	Flat-earthers intend to show how the globularist propaganda fabricates data to ridicule the truth about the Flat Earth. This is, of course, a preposterous belief: the Earth is actually a cube. Embrace the truth and don't lose your edge!
I2Languages (I2.Loc.LanguageSourceAsset)	Items/EarthDayHearth	Earth Day – heart poster
I2Languages (I2.Loc.LanguageSourceAsset)	Items/DesEarthDayHearth	Show your love for the environment with this beautiful design. Printed on sustainable, recycled paper.
I2Languages (I2.Loc.LanguageSourceAsset)	Items/EarthDayLeaf	Earth Day – leaf poster
I2Languages (I2.Loc.LanguageSourceAsset)	Items/DesEarthDayLeaf	Go green with this minimalistic design celebrating Earth Day. Take a breath and feel thankful to the plants.
I2Languages (I2.Loc.LanguageSourceAsset)	Items/EarthDayTurtle	Earth Day – turtle poster
I2Languages (I2.Loc.LanguageSourceAsset)	Items/DesEarthDayTurtle	For this year's Earth Day, contemplate how our planet is like a giant turtle floating through space, carrying us all on its back... Wait, it's supposed to be a metaphor? Right?
I2Languages (I2.Loc.LanguageSourceAsset)	Items/SuitJacketBlack	Suit Jacket - Black
I2Languages (I2.Loc.LanguageSourceAsset)	Items/DesSuitJacketBlack	A timeless classic of men's fashion. Will give you a touch of professionalism and formality.
I2Languages (I2.Loc.LanguageSourceAsset)	Items/SuitJacketBrown	Suit Jacket - Brown
I2Languages (I2.Loc.LanguageSourceAsset)	Items/DesSuitJacketBrown	An idealistic literature teacher or a disgruntled detective? Perhaps simply a fashion-conscious prepper.
I2Languages (I2.Loc.LanguageSourceAsset)	Items/SuitJacketYellow	Suit Jacket - Yellow
I2Languages (I2.Loc.LanguageSourceAsset)	Items/DesSuitJacketYellow	A yellow suit jacket - because elegant doesn't have to mean dull.
I2Languages (I2.Loc.LanguageSourceAsset)	Items/SuitPantsBlack	Suit Pants - Black
I2Languages (I2.Loc.LanguageSourceAsset)	Items/DesSuitPantsBlack	Pants to go with a black suit jacket. But the Agency won't arrest you for mixing and matching.
I2Languages (I2.Loc.LanguageSourceAsset)	Items/SuitPantsBrown	Suit Pants - Brown
I2Languages (I2.Loc.LanguageSourceAsset)	Items/DesSuitPantsBrown	Pants to go with a brown suit jacket. But the Agency won't arrest you for mixing and matching.
I2Languages (I2.Loc.LanguageSourceAsset)	Items/SuitPantsYellow	Suit Pants - Yellow
I2Languages (I2.Loc.LanguageSourceAsset)	Items/DesSuitPantsYellow	Pants to go with a yellow suit jacket. But the Agency won't arrest you for mixing and matching.
I2Languages (I2.Loc.LanguageSourceAsset)	Items/ElegantBootsBlack	Dress Shoes
I2Languages (I2.Loc.LanguageSourceAsset)	Items/DesElegantBootsBlack	Dress shoes for a suit. A surefire style choice.
I2Languages (I2.Loc.LanguageSourceAsset)	Items/TShirtSleepless	Sleepless T-shirt
I2Languages (I2.Loc.LanguageSourceAsset)	Items/DesTShirtSleepless	Your secret organization is too secret for your liking? Deconspire it with style!
I2Languages (I2.Loc.LanguageSourceAsset)	Items/TShirtUFO	UFO T-shirt
I2Languages (I2.Loc.LanguageSourceAsset)	Items/DesTShirtUFO	Wanna be your victim, ready for abduction.
I2Languages (I2.Loc.LanguageSourceAsset)	Items/TShirtBobPlant	Bob the Plant T-shirt
I2Languages (I2.Loc.LanguageSourceAsset)	Items/DesTShirtBobPlant	Celebrating Bob, the coolest plant in Murricaville.
I2Languages (I2.Loc.LanguageSourceAsset)	Items/TShirtPreppared	Prepared T-shirt
I2Languages (I2.Loc.LanguageSourceAsset)	Items/DesTShirtPreppared	Sometimes you just see a piece of clothing that looks like designed specifically to you.
I2Languages (I2.Loc.LanguageSourceAsset)	Items/TShirtNASARocket	FARSA T-shirt
I2Languages (I2.Loc.LanguageSourceAsset)	Items/DesTShirtNASARocket	The Federal Aeronautics, Robotics & Space Administration doesn't have great achievements yet, but let's keep dreaming big.
I2Languages (I2.Loc.LanguageSourceAsset)	Items/PilotJacketBrown	Pilot Jacket - Brown
I2Languages (I2.Loc.LanguageSourceAsset)	Items/DesPilotJacketBrown	A stylish pilot jacket. Takes the breath away from your admirers. 
I2Languages (I2.Loc.LanguageSourceAsset)	Items/PilotJacketBlack	Pilot Jacket - Black
I2Languages (I2.Loc.LanguageSourceAsset)	Items/DesPilotJacketBlack	A stylish pilot jacket. Takes the breath away from your admirers. 
I2Languages (I2.Loc.LanguageSourceAsset)	Items/RegularJacketBlack	Regular Jacket - Black
I2Languages (I2.Loc.LanguageSourceAsset)	Items/DesRegularJacketBlack	Casual yet stylish. A safe fashion choice.
I2Languages (I2.Loc.LanguageSourceAsset)	Items/HikingBootsBrown	Hiking Boots - Brown
I2Languages (I2.Loc.LanguageSourceAsset)	Items/DesHikingBootsBrown	Sturdy boots for all the diverse climates of Murricaville County.
I2Languages (I2.Loc.LanguageSourceAsset)	Items/HikingBootsBlack	Hiking Boots - Black
I2Languages (I2.Loc.LanguageSourceAsset)	Items/DesHikingBootsBlack	Sturdy boots for all the diverse climates of Murricaville County.
I2Languages (I2.Loc.LanguageSourceAsset)	Items/SneakersWhite	Sneakers - White
I2Languages (I2.Loc.LanguageSourceAsset)	Items/DesSneakersWhite	Comfortable and youthful.
I2Languages (I2.Loc.LanguageSourceAsset)	Items/SneakersBlack	Sneakers - Black
I2Languages (I2.Loc.LanguageSourceAsset)	Items/DesSneakersBlack	Comfortable and youthful.
I2Languages (I2.Loc.LanguageSourceAsset)	Items/SweatpantsBlack	Sweatpants - Black
I2Languages (I2.Loc.LanguageSourceAsset)	Items/DesSweatpantsBlack	For when you need comfort, but also don't shy away from the striking, modern look.
I2Languages (I2.Loc.LanguageSourceAsset)	Items/SweatpantsBlue	Sweatpants - Blue
I2Languages (I2.Loc.LanguageSourceAsset)	Items/DesSweatpantsBlue	For when you need comfort, but also don't shy away from the striking, modern look.
I2Languages (I2.Loc.LanguageSourceAsset)	Items/SweatpantsRed	Sweatpants - Red
I2Languages (I2.Loc.LanguageSourceAsset)	Items/DesSweatpantsRed	For when you need comfort, but also don't shy away from the striking, modern look.
I2Languages (I2.Loc.LanguageSourceAsset)	Items/CargoPantsBlack	Cargo Pants - Black
I2Languages (I2.Loc.LanguageSourceAsset)	Items/DesCargoPantsBlack	Pants for practical, down-to-earth-preppers.
I2Languages (I2.Loc.LanguageSourceAsset)	Items/CargoPantsRottenGreen	Cargo Pants - Olive Green
I2Languages (I2.Loc.LanguageSourceAsset)	Items/DesCargoPantsRottenGreen	Pants for practical, down-to-earth-preppers.
I2Languages (I2.Loc.LanguageSourceAsset)	Items/CargoPantsMoroKhaki	Cargo Pants - Camo
I2Languages (I2.Loc.LanguageSourceAsset)	Items/DesCargoPantsMoroKhaki	Pants for practical, down-to-earth-preppers.
I2Languages (I2.Loc.LanguageSourceAsset)	Items/RegularBlackJeans	Regular Black Jeans
I2Languages (I2.Loc.LanguageSourceAsset)	Items/DesRegularBlackJeans	A slight modification of the tried and tested Mr. Prepper's attire.
I2Languages (I2.Loc.LanguageSourceAsset)	Items/CapBob	Blue Baseball Cap
I2Languages (I2.Loc.LanguageSourceAsset)	Items/DesCapBob	Inspired by the rebellious look of a certain mine keeper.
I2Languages (I2.Loc.LanguageSourceAsset)	Items/CapBlackPrepper	Black Baseball Cap
I2Languages (I2.Loc.LanguageSourceAsset)	Items/DesCapBlackPrepper	For people doing mindblowing things.
I2Languages (I2.Loc.LanguageSourceAsset)	Items/CapAsh	Red Baseball Cap
I2Languages (I2.Loc.LanguageSourceAsset)	Items/DesCapAsh	Tracking and hunting animals just somehow feels better in this cap.
I2Languages (I2.Loc.LanguageSourceAsset)	Items/CowboyHatJoe	Brown Cowboy Hat
I2Languages (I2.Loc.LanguageSourceAsset)	Items/DesCowboyHatJoe	Sometimes you just gotta channel your local conspiracy theorist.
I2Languages (I2.Loc.LanguageSourceAsset)	Items/CowboyHatWhite	White Cowboy Hat
I2Languages (I2.Loc.LanguageSourceAsset)	Items/DesCowboyHatWhite	Don't be shy, the world is probably ending anyway.
I2Languages (I2.Loc.LanguageSourceAsset)	Items/BlackGlasses	Black Shades
I2Languages (I2.Loc.LanguageSourceAsset)	Items/DesBlackGlasses	Mysterious.
I2Languages (I2.Loc.LanguageSourceAsset)	Items/Glasses	Grey Shades
I2Languages (I2.Loc.LanguageSourceAsset)	Items/DesGlasses	When you want to be mysterious, but you also want to see something.
I2Languages (I2.Loc.LanguageSourceAsset)	Items/FishTemptationTechniques	Fish Luring Companion Guide
I2Languages (I2.Loc.LanguageSourceAsset)	Items/DesFishTemptationTechniques	Get to know the intricacies of fish luring! With the help of knowledge from this book, the fish will come swarming to you.\n
I2Languages (I2.Loc.LanguageSourceAsset)	Items/GroundbaitVirtuoso	Baits of Excellent Quality 
I2Languages (I2.Loc.LanguageSourceAsset)	Items/DesGroundbaitVirtuoso	Learn the expert tips to catch the rarest of fish.
I2Languages (I2.Loc.LanguageSourceAsset)	Items/MaintenanceOfTheFishermansEquipment	Fisherperson's Guide to Equipment Maintenance
I2Languages (I2.Loc.LanguageSourceAsset)	Items/DesMaintenanceOfTheFishermansEquipment	Untangle all the lines, hooks, tackles and rods with this handy guide! It will surely help to keep your equipment in shape.
I2Languages (I2.Loc.LanguageSourceAsset)	Items/CarAutopilotChip1	Car Autopilot AI Chip
I2Languages (I2.Loc.LanguageSourceAsset)	Items/DesCarAutopilotChip1	Sit back and enjoy! Allows to upgrade the car with an autopilot function. Consumes a bit more fuel.
I2Languages (I2.Loc.LanguageSourceAsset)	Items/CarAutopilotChip2	Solar Panels for Cars with AI Chip
I2Languages (I2.Loc.LanguageSourceAsset)	Items/DesCarAutopilotChip2	Solar power! Adds solar panels to your car. With this upgrade, your autopilot will no longer use extra fuel.
I2Languages (I2.Loc.LanguageSourceAsset)	Items/Reoiler	Oil Refiller
I2Languages (I2.Loc.LanguageSourceAsset)	Items/DesReoiler	Automatically refills oil in the refinery.
I2Languages (I2.Loc.LanguageSourceAsset)	Items/WolfFootprints	Animal pawprints
I2Languages (I2.Loc.LanguageSourceAsset)	Items/Hole	Hole in the barn
I2Languages (I2.Loc.LanguageSourceAsset)	Items/HumanFootprints	Human footprints
I2Languages (I2.Loc.LanguageSourceAsset)	Items/MazeCube	A hay cube you can shoot at, color-coded. Is it used for a game of sorts?
I2Languages (I2.Loc.LanguageSourceAsset)	Items/FishingBridge	Fishing pier
I2Languages (I2.Loc.LanguageSourceAsset)	Items/Castle	Castle decoration
I2Languages (I2.Loc.LanguageSourceAsset)	Items/DesCastle	Aquarium decoration item in the shape of castle. For when you want to achieve militant yet romantic style of your fish tank.
I2Languages (I2.Loc.LanguageSourceAsset)	Items/Rocket	Rocket decoration
I2Languages (I2.Loc.LanguageSourceAsset)	Items/DesRocket	Rocket decoration for your aquarium. Perhaps it will inspire one of your fish to dream of a world without rules and regulations.
I2Languages (I2.Loc.LanguageSourceAsset)	Items/SmallRocks	Small rocks
I2Languages (I2.Loc.LanguageSourceAsset)	Items/DesSmallRocks	Small decorative rocks for your aquarium. Fish love that stuff.
I2Languages (I2.Loc.LanguageSourceAsset)	Items/Seaweed	Seaweed decoration
I2Languages (I2.Loc.LanguageSourceAsset)	Items/DesSeaweed	Decorative seaweed for your aquarium. A timeless classic.
I2Languages (I2.Loc.LanguageSourceAsset)	Items/Shell	Shell decoration
I2Languages (I2.Loc.LanguageSourceAsset)	Items/DesShell	Decorative shell for your aquarium.
I2Languages (I2.Loc.LanguageSourceAsset)	Items/Ship	Ship decoration
I2Languages (I2.Loc.LanguageSourceAsset)	Items/DesShip	Decorative ship for your aquarium. Evokes feelings of greatness long lost.
I2Languages (I2.Loc.LanguageSourceAsset)	Items/Starfish	Starfish decoration
I2Languages (I2.Loc.LanguageSourceAsset)	Items/DesStarfish	Starfish-shaped aquarium decoration. Please don't break the arms, they probably won't grow back.
I2Languages (I2.Loc.LanguageSourceAsset)	Items/AquaStick	Stick decoration
I2Languages (I2.Loc.LanguageSourceAsset)	Items/DesAquaStick	A stick for your aquarium. Contributes to a more natural look.
I2Languages (I2.Loc.LanguageSourceAsset)	Items/Volcano	Volcano decoration
I2Languages (I2.Loc.LanguageSourceAsset)	Items/DesVolcano	Volcano decoration for your aquarium. For if you think your basement still lacks explosive things.
I2Languages (I2.Loc.LanguageSourceAsset)	Items/BeesCareBook	Bees Care Book - To Bee or not to Bee
I2Languages (I2.Loc.LanguageSourceAsset)	Items/DesBeesCareBook	This beginner's guide to beekeping will teach you how to build beehives and start your first apiary.
I2Languages (I2.Loc.LanguageSourceAsset)	Items/ChickenCareBook	Chickens Care Book - How to Win the Game of Chicken
I2Languages (I2.Loc.LanguageSourceAsset)	Items/DesChickenCareBook	Thanks to stellar advice contained in this book, you will be able to build top-notch chicken coops and feeders.
I2Languages (I2.Loc.LanguageSourceAsset)	Items/CowCareBook	Cows Care Book - How to Become a Cowboy (or Cowgirl, or Cowperson)
I2Languages (I2.Loc.LanguageSourceAsset)	Items/DesCowCareBook	This book will help you fulfill your dream about cattle farming, starting from preparing stalls and feeders for your herd.
I2Languages (I2.Loc.LanguageSourceAsset)	Items/DogCareBook	Dogs Care Book - Making Your Dog Happy: A DIY Edition
I2Languages (I2.Loc.LanguageSourceAsset)	Items/DesDogCareBook	Learn quickly and painlessly how to prepare a bowl and a lair for your best friend.
I2Languages (I2.Loc.LanguageSourceAsset)	Items/GoatCareBook	Goats Care Book - Goat Luxury: Starter's Guide
I2Languages (I2.Loc.LanguageSourceAsset)	Items/DesGoatCareBook	This book will instruct you on how to give your goats what they deserve, starting with their living quarters and feeders.
I2Languages (I2.Loc.LanguageSourceAsset)	Items/HamsterCareBook	Hamsters Care Book - Hamster High Life
I2Languages (I2.Loc.LanguageSourceAsset)	Items/DesHamsterCareBook	Learn how to raise the living standard of your favorite fluffy rodents! After reading, you will be able to make their cages and equip them with hamster wheels and systems of pipes.
I2Languages (I2.Loc.LanguageSourceAsset)	Items/BlackBass	Black bass
I2Languages (I2.Loc.LanguageSourceAsset)	Items/DesBlackBass	A classic American bass. You can keep it in your shelter if you have an aquarium room upgrade. Can be turned into fish fillets.
I2Languages (I2.Loc.LanguageSourceAsset)	Items/StripedBass	Striped bass
I2Languages (I2.Loc.LanguageSourceAsset)	Items/DesStripedBass	A stripped bass, a very tough fish. You can keep it in your shelter if you have an aquarium room upgrade. Can be turned into fish fillets.
I2Languages (I2.Loc.LanguageSourceAsset)	Items/WhitePerch	White perch
I2Languages (I2.Loc.LanguageSourceAsset)	Items/DesWhitePerch	White perch, a brave little fish. You can keep it in your shelter if you have an aquarium room upgrade. Can be turned into fish fillets.
I2Languages (I2.Loc.LanguageSourceAsset)	Items/YellowPerch	Yellow perch
I2Languages (I2.Loc.LanguageSourceAsset)	Items/DesYellowPerch	A pretty, colorful perch. You can keep it in your shelter if you have an aquarium room upgrade. Can be turned into fish fillets.
I2Languages (I2.Loc.LanguageSourceAsset)	Items/BlackCatfish	Black catfish
I2Languages (I2.Loc.LanguageSourceAsset)	Items/DesBlackCatfish	A common catfish, somewhat difficult to cook properly. You can keep it in your shelter if you have an aquarium room upgrade. Can be turned into fish fillets.
I2Languages (I2.Loc.LanguageSourceAsset)	Items/BlueCatfish	Blue catfish
I2Languages (I2.Loc.LanguageSourceAsset)	Items/DesBlueCatfish	A tough fish, you can feel proud of having it in your collection. You can keep it in your shelter if you have an aquarium room upgrade. Can be turned into fish fillets.
I2Languages (I2.Loc.LanguageSourceAsset)	Items/Tigerfish	Tigerfish
I2Languages (I2.Loc.LanguageSourceAsset)	Items/DesTigerfish	A true fighter, but it still can land in your aquarium. You can keep it in your shelter if you have an aquarium room upgrade. Can be turned into fish fillets.
I2Languages (I2.Loc.LanguageSourceAsset)	Items/WhiteCatfish	White catfish
I2Languages (I2.Loc.LanguageSourceAsset)	Items/DesWhiteCatfish	White catfish, a rare catch. You can keep it in your shelter if you have an aquarium room upgrade. Can be turned into fish fillets.
I2Languages (I2.Loc.LanguageSourceAsset)	Items/EmeraldMinnow	Emerald minnow
I2Languages (I2.Loc.LanguageSourceAsset)	Items/DesEmeraldMinnow	A very pretty, shiny fish. It can be held in an aquarium of any size. Filleting this fish will give you a great bait.
I2Languages (I2.Loc.LanguageSourceAsset)	Items/GoldMinnow	Gold minnow
I2Languages (I2.Loc.LanguageSourceAsset)	Items/DesGoldMinnow	A rare decorative fish. It can be held in an aquarium of any size. Filleting this fish will give you an excellent bait.
I2Languages (I2.Loc.LanguageSourceAsset)	Items/SilverMinnow	Silver minnow
I2Languages (I2.Loc.LanguageSourceAsset)	Items/DesSilverMinnow	A shiny, shimmering small fish. It can be held in an aquarium of any size. Filleting this fish will give you a good bait.
I2Languages (I2.Loc.LanguageSourceAsset)	Items/WhiteMinnow	White minnow
I2Languages (I2.Loc.LanguageSourceAsset)	Items/DesWhiteMinnow	White minnow, a common fish, popular in aquariums. It can be held in an aquarium of any size. Filleting this fish will give you a basic bait.
I2Languages (I2.Loc.LanguageSourceAsset)	Items/PinkSalmon	Pink salmon
I2Languages (I2.Loc.LanguageSourceAsset)	Items/DesPinkSalmon	A popular kind of salmon. You can keep it in your shelter if you have an aquarium room upgrade. Can be turned into fish fillets.
I2Languages (I2.Loc.LanguageSourceAsset)	Items/RedSalmon	Red salmon
I2Languages (I2.Loc.LanguageSourceAsset)	Items/DesRedSalmon	A red salmon, very intense both in looks and behavior. You can keep it in your shelter if you have an aquarium room upgrade. Can be turned into fish fillets.
I2Languages (I2.Loc.LanguageSourceAsset)	Items/GoldTrout	Gold trout
I2Languages (I2.Loc.LanguageSourceAsset)	Items/DesGoldTrout	A gold trout, very sought-after in the fishing community. You can keep it in your shelter if you have an aquarium room upgrade. Can be turned into fish fillets.
I2Languages (I2.Loc.LanguageSourceAsset)	Items/RainbowTrout	Rainbow trout
I2Languages (I2.Loc.LanguageSourceAsset)	Items/DesRainbowTrout	A very energetic and pretty fish.  You can keep it in your shelter if you have an aquarium room upgrade. Can be turned into fish fillets.
I2Languages (I2.Loc.LanguageSourceAsset)	Items/Expert rod	Expert fishing rod
I2Languages (I2.Loc.LanguageSourceAsset)	Items/DesExpert rod	A superb fishing rod. Allows you to catch any type of fish and is especially effective with salmons and trouts.
I2Languages (I2.Loc.LanguageSourceAsset)	Items/Good rod	Good fishing rod
I2Languages (I2.Loc.LanguageSourceAsset)	Items/DesGood rod	A decent fishing rod. It will allow you to catch pretty much anything, but it's best suitable for catching the middle-range fish.
I2Languages (I2.Loc.LanguageSourceAsset)	Items/Old rod	Old fishing rod
I2Languages (I2.Loc.LanguageSourceAsset)	Items/DesOld rod	It's not a cutting-edge fishing technology, but it's better than nothing. You'll be able to catch smaller fish with this, but don't get your hopes high for bigger and stronger ones.
I2Languages (I2.Loc.LanguageSourceAsset)	Items/FBasicBait	Basic bait
I2Languages (I2.Loc.LanguageSourceAsset)	Items/DesFBasicBait	A basic fish bait. It's a way to catch some unsophisticated fish, sure, but don't be surprised if you only pull out some trash.  
I2Languages (I2.Loc.LanguageSourceAsset)	Items/FExelentBait	Excellent bait. 
I2Languages (I2.Loc.LanguageSourceAsset)	Items/DesFExelentBait	A bait of excellent quality, the best around. It increases your chance for catching the rarest types of fish.
I2Languages (I2.Loc.LanguageSourceAsset)	Items/FGoodBait	Good bait
I2Languages (I2.Loc.LanguageSourceAsset)	Items/DesFGoodBait	A decent bait. It increases your chance for catching uncommon fish, like silver minnow, black bass, red salmon or white catfish.
I2Languages (I2.Loc.LanguageSourceAsset)	Items/FGreatBait	Great bait
I2Languages (I2.Loc.LanguageSourceAsset)	Items/DesFGreatBait	This great achievement of baiting technology will increase your chance of catching some rare types of fish, like emerald minnow, yellow perch, rainbow trout, or blue catfish.
I2Languages (I2.Loc.LanguageSourceAsset)	Items/Anchois	Anchovies
I2Languages (I2.Loc.LanguageSourceAsset)	Items/DesAnchois	A can of unorthodox anchovies (made of minnows). A snack with a strong and unusual taste.
I2Languages (I2.Loc.LanguageSourceAsset)	Items/Bread	Bread
I2Languages (I2.Loc.LanguageSourceAsset)	Items/DesBread	It's always good to learn how to bake your own bread when facing a long isolation. You can make it from flour and water.
I2Languages (I2.Loc.LanguageSourceAsset)	Items/Cheese	Cheese
I2Languages (I2.Loc.LanguageSourceAsset)	Items/DesCheese	No cheesy description here, just know you can make it out of milk.
I2Languages (I2.Loc.LanguageSourceAsset)	Items/CheeseCake	Cheese cake
I2Languages (I2.Loc.LanguageSourceAsset)	Items/DesCheeseCake	Just like the grannies of Murricaville used to bake.
I2Languages (I2.Loc.LanguageSourceAsset)	Items/FarmBasicRecipies	How to Survive on a Farm: Beginner's Guide
I2Languages (I2.Loc.LanguageSourceAsset)	Items/DesFarmBasicRecipies	This book will help teach how to make the most basic food out of farm products. Fried egg, cheese, grilled fish - this will all come easy.
I2Languages (I2.Loc.LanguageSourceAsset)	Items/FarmCookBook	Seasoned Farmer's Cookbook
I2Languages (I2.Loc.LanguageSourceAsset)	Items/DesFarmCookBook	Make the most of your farming life with this book of advanced recipes.
I2Languages (I2.Loc.LanguageSourceAsset)	Items/FishSoup	Fish soup
I2Languages (I2.Loc.LanguageSourceAsset)	Items/DesFishSoup	It is said that a fish likes to swim! In this case, cooked with an addition of carrots.
I2Languages (I2.Loc.LanguageSourceAsset)	Items/FishSoupCan	Canned Fish Soup 
I2Languages (I2.Loc.LanguageSourceAsset)	Items/DesFishSoupCan	Fish soup that will last very long.
I2Languages (I2.Loc.LanguageSourceAsset)	Items/FriedEgg	Fried egg
I2Languages (I2.Loc.LanguageSourceAsset)	Items/DesFriedEgg	A classic choice for a quick breakfast.
I2Languages (I2.Loc.LanguageSourceAsset)	Items/Oatmeal	Oatmeal
I2Languages (I2.Loc.LanguageSourceAsset)	Items/DesOatmeal	A simple but very nourishing meal out of milk and grains.
I2Languages (I2.Loc.LanguageSourceAsset)	Items/PowderMilk	Powdered milk
I2Languages (I2.Loc.LanguageSourceAsset)	Items/DesPowderMilk	Milk, but in a solid form! You can make it with a dryer.
I2Languages (I2.Loc.LanguageSourceAsset)	Items/PreppersMilkShake	Prepper's Milkshake
I2Languages (I2.Loc.LanguageSourceAsset)	Items/DesPreppersMilkShake	Your milkshake brings all the agents to the yard. This mix of powdered milk, water and dried berries will help you regenerate your preparedness.
I2Languages (I2.Loc.LanguageSourceAsset)	Items/RoastedFish	Grilled fish
I2Languages (I2.Loc.LanguageSourceAsset)	Items/DesRoastedFish	Grilled fish fillet, very tasty.
I2Languages (I2.Loc.LanguageSourceAsset)	Items/QuestChicken1	Eartha the Chicken
I2Languages (I2.Loc.LanguageSourceAsset)	Items/DesQuestChicken1	This is her life, what can you do?
I2Languages (I2.Loc.LanguageSourceAsset)	Items/QuestChicken2	Gloria the Chicken
I2Languages (I2.Loc.LanguageSourceAsset)	Items/DesQuestChicken2	She's got all her life to live.
I2Languages (I2.Loc.LanguageSourceAsset)	Items/QuestChicken3	Adele the Chicken
I2Languages (I2.Loc.LanguageSourceAsset)	Items/DesQuestChicken3	She was hatched and raised in a summer haze.
I2Languages (I2.Loc.LanguageSourceAsset)	Items/QuestChicken4	Fiona the Chicken
I2Languages (I2.Loc.LanguageSourceAsset)	Items/DesQuestChicken4	Fiona the Chicken is just there, every single night.
I2Languages (I2.Loc.LanguageSourceAsset)	Items/QuestChicken5	Florence the Chicken
I2Languages (I2.Loc.LanguageSourceAsset)	Items/DesQuestChicken5	She's just happy to be on the farm. Never let her go!
I2Languages (I2.Loc.LanguageSourceAsset)	Items/QuestGoatAnimal1	Stevie the Goat
I2Languages (I2.Loc.LanguageSourceAsset)	Items/DesQuestGoatAnimal1	She goes her own way
I2Languages (I2.Loc.LanguageSourceAsset)	Items/QuestGoatAnimal2	Angelo the Goat
I2Languages (I2.Loc.LanguageSourceAsset)	Items/DesQuestGoatAnimal2	Did he fall in love with an alien?
I2Languages (I2.Loc.LanguageSourceAsset)	Items/QuestGoatAnimal3	Tom the Goat
I2Languages (I2.Loc.LanguageSourceAsset)	Items/DesQuestGoatAnimal3	Can you hear me, Goat Tom? Sure he can.
I2Languages (I2.Loc.LanguageSourceAsset)	Items/AgentLeg	Black piece of fabric
I2Languages (I2.Loc.LanguageSourceAsset)	Items/DesAgentLeg	Black piece of fabric found stained with blood, found on the farm. Whom might it belong to?
I2Languages (I2.Loc.LanguageSourceAsset)	Items/AnimalBand	Tracking band
I2Languages (I2.Loc.LanguageSourceAsset)	Items/DesAnimalBand	A tracking band worn by goats and chickens from the farm.
I2Languages (I2.Loc.LanguageSourceAsset)	Items/Beehive	Beehive
I2Languages (I2.Loc.LanguageSourceAsset)	Items/DesBeehive	Housing and workplace for your bees. They will gather pollen from the flowers held in the same space as the beehive and produce honey.
I2Languages (I2.Loc.LanguageSourceAsset)	Items/BeehiveBig	Big beehive
I2Languages (I2.Loc.LanguageSourceAsset)	Items/DesBeehiveBig	Bigger beehive for more insects. The bees will produce more honey in shorter time.
I2Languages (I2.Loc.LanguageSourceAsset)	Items/BrokenCamera	Broken camera
I2Languages (I2.Loc.LanguageSourceAsset)	Items/DesBrokenCamera	Government surveillance camera taken out from the lake. Why would this area be observed?
I2Languages (I2.Loc.LanguageSourceAsset)	Items/Collar	Dog's collar
I2Languages (I2.Loc.LanguageSourceAsset)	Items/DesCollar	Dog's collar found in the wheat maze. Maybe it wants it back?
I2Languages (I2.Loc.LanguageSourceAsset)	Items/DogCollar	Xeno's collar
I2Languages (I2.Loc.LanguageSourceAsset)	Items/DesDogCollar	Xeno's collar, apparently left by him as he ran away. Was he unhappy here? Was he lacking anything? Will he return?
I2Languages (I2.Loc.LanguageSourceAsset)	Items/FishFilet	Fish fillet
I2Languages (I2.Loc.LanguageSourceAsset)	Items/DesFishFilet	Fish fillet. The bigger the fish, the more fillets you can make out of it.
I2Languages (I2.Loc.LanguageSourceAsset)	Items/Flowers	Flowers
I2Languages (I2.Loc.LanguageSourceAsset)	Items/DesFlowers	Can be sold or placed close to bees. Bees will produce honey out of them.
I2Languages (I2.Loc.LanguageSourceAsset)	Items/GoatBomb	Goat bomb
I2Languages (I2.Loc.LanguageSourceAsset)	Items/DesGoatBomb	Goat carcass with a bomb inside, an incredibly clever trap.
I2Languages (I2.Loc.LanguageSourceAsset)	Items/Hey	Hay
I2Languages (I2.Loc.LanguageSourceAsset)	Items/DesHey	An organic material that can serve both as food for some animals and a lining for their living quarters.
I2Languages (I2.Loc.LanguageSourceAsset)	Items/Honey	Honey
I2Languages (I2.Loc.LanguageSourceAsset)	Items/DesHoney	A sweet and tasty substance produced by bees. Provides some nutrition and regenerates you a bit. Can last for a very long time.
I2Languages (I2.Loc.LanguageSourceAsset)	Items/LakeSign	Fish info board
I2Languages (I2.Loc.LanguageSourceAsset)	Items/DesLakeSign	Educational info board about all the species of fish you can find and catch in the Murricaville area. Handy!
I2Languages (I2.Loc.LanguageSourceAsset)	Items/DesMilk1	Fresh milk. Mildly nutritional and regenerates some preparedness. An important part of many recipes.
I2Languages (I2.Loc.LanguageSourceAsset)	Items/QweenBee	Queen bee
I2Languages (I2.Loc.LanguageSourceAsset)	Items/DesQweenBee	A queen is neccessary to establish a new beehive.
I2Languages (I2.Loc.LanguageSourceAsset)	Items/RoomUpgradeAquarium	Room Upgrade -  Aquarium
I2Languages (I2.Loc.LanguageSourceAsset)	Items/DesRoomUpgradeAquarium	Turn one of the rooms in your shelter into an aquarium. You can use your fish for food, but you can also add decorative items to the aquarium and give your underground shelter some underwater charm.
I2Languages (I2.Loc.LanguageSourceAsset)	Items/Scizzors	Shears
I2Languages (I2.Loc.LanguageSourceAsset)	Items/DesScizzors	Shears for shearing goats. Can be also used as a weapon.
I2Languages (I2.Loc.LanguageSourceAsset)	Items/Seed Flower	Flower seeds
I2Languages (I2.Loc.LanguageSourceAsset)	Items/DesSeed Flower	Plant those to grow flowers; they look pretty. They are also used by bees to produce honey.
I2Languages (I2.Loc.LanguageSourceAsset)	Items/Seed Wheat	Wheat seeds
I2Languages (I2.Loc.LanguageSourceAsset)	Items/DesSeed Wheat	The most popular grain in the world coming also to your shelter! You just need to plant it.
I2Languages (I2.Loc.LanguageSourceAsset)	Items/TrackingDevice	Tracking device
I2Languages (I2.Loc.LanguageSourceAsset)	Items/DesTrackingDevice	Tracking device from Joe. This will help you in finding missing animals.
I2Languages (I2.Loc.LanguageSourceAsset)	Items/Wheat	Wheat
I2Languages (I2.Loc.LanguageSourceAsset)	Items/DesWheat	Grain with many uses. The main food for some animals, such as goats and hamsters.
I2Languages (I2.Loc.LanguageSourceAsset)	Items/MazeEntranceClosed	Closed
I2Languages (I2.Loc.LanguageSourceAsset)	Items/RewardBox	Maze reward box
I2Languages (I2.Loc.LanguageSourceAsset)	Items/MazeScreen	Maze Display
I2Languages (I2.Loc.LanguageSourceAsset)	Items/LootBoxMaze	Maze Chest
I2Languages (I2.Loc.LanguageSourceAsset)	Items/MazeCrateBox	Maze Crate
I2Languages (I2.Loc.LanguageSourceAsset)	Items/WoodenWheel	Wooden Wheel
I2Languages (I2.Loc.LanguageSourceAsset)	Items/DesWoodenWheel	Decorative wooden wheel that will bring cosy, rustic mood to your shelter.
I2Languages (I2.Loc.LanguageSourceAsset)	Items/Horseshoe	Horseshoe
I2Languages (I2.Loc.LanguageSourceAsset)	Items/DesHorseshoe	Decorative item, traditionally considered to bring luck. True or not, it helps to bring a bit of rustic mood to your shelter.
I2Languages (I2.Loc.LanguageSourceAsset)	Items/DogTreat	Dog Treat
I2Languages (I2.Loc.LanguageSourceAsset)	Items/DesDogTreat	A little treat for your dog. It will make him happy.
I2Languages (I2.Loc.LanguageSourceAsset)	Items/AnimalsWhispererBook	Animal Charm
I2Languages (I2.Loc.LanguageSourceAsset)	Items/DesAnimalsWhispererBook	This book will instruct you how to approach various kinds of animals safely so you will be able to pet them. It will also help you strenghten your friendship with your dog.
I2Languages (I2.Loc.LanguageSourceAsset)	Items/AnimalExtractionBook	Effective Farming: How to Maximize Benefits from your Animals
I2Languages (I2.Loc.LanguageSourceAsset)	Items/DesAnimalExtractionBook	This book is an instruction on getting bigger amounts of animal-origin products, such as milk and fur.
I2Languages (I2.Loc.LanguageSourceAsset)	Items/FarmInvitation	Work Order - Farm
I2Languages (I2.Loc.LanguageSourceAsset)	Items/DescFarmInvitation	Work order from Agency. Frightening to open.
I2Languages (I2.Loc.LanguageSourceAsset)	Items/LargeRoomAquarium1	Room Aquarium
I2Languages (I2.Loc.LanguageSourceAsset)	Items/LargeRoomAquarium1x2	Room Aquarium
I2Languages (I2.Loc.LanguageSourceAsset)	Items/LargeRoomAquarium2	Room Aquarium
I2Languages (I2.Loc.LanguageSourceAsset)	Items/LargeRoomAquarium2x2	Room Aquarium
I2Languages (I2.Loc.LanguageSourceAsset)	Items/LargeRoomAquarium3	Room Aquarium
I2Languages (I2.Loc.LanguageSourceAsset)	Items/LargeRoomAquarium3x2	Room Aquarium
I2Languages (I2.Loc.LanguageSourceAsset)	Items/LargeRoomAquarium4	Room Aquarium
I2Languages (I2.Loc.LanguageSourceAsset)	Items/LargeRoomAquarium4x2	Room Aquarium
I2Languages (I2.Loc.LanguageSourceAsset)	Items/SmallAquarium	Small aquarium
I2Languages (I2.Loc.LanguageSourceAsset)	Items/DesSmallAquarium	Small round aquarium. You can keep fish of a minnow type in it. 
I2Languages (I2.Loc.LanguageSourceAsset)	Items/LargeAquarium	Medium aquarium
I2Languages (I2.Loc.LanguageSourceAsset)	Items/DesLargeAquarium	Perfect fit for a table. You can keep minnows, basses and perches in it. 
I2Languages (I2.Loc.LanguageSourceAsset)	Items/RoomUpgradeFarm	Room Upgrade - Animal Farm
I2Languages (I2.Loc.LanguageSourceAsset)	Items/DesRoomUpgradeFarm	Turn a room into perfect space for keeping farm animals. Your animals thank you for that and be more productive in return.
I2Languages (I2.Loc.LanguageSourceAsset)	Items/WheelLamp	Wheel lamp
I2Languages (I2.Loc.LanguageSourceAsset)	Items/DesWheelLamp	This retro lamp will add a touch of a medieval dungeon to your shelter room. It doesn't use any electricity, but its light is very weak.
I2Languages (I2.Loc.LanguageSourceAsset)	Items/SunLamp	Sun lamp
I2Languages (I2.Loc.LanguageSourceAsset)	Items/DesSunLamp	This lamp switches between day mode and night mode to help you keep track of natural cycles when you stay underground.
I2Languages (I2.Loc.LanguageSourceAsset)	Items/PlankCabinetWhite	White plank cabinet
I2Languages (I2.Loc.LanguageSourceAsset)	Items/DesPlankCabinetWhite	Simply designed cabinet made of planks. A white variant.
I2Languages (I2.Loc.LanguageSourceAsset)	Items/PlankCabinetRed	Red plank cabinet
I2Languages (I2.Loc.LanguageSourceAsset)	Items/DesPlankCabinetRed	Simply designed cabinet made of planks. A red variant.
I2Languages (I2.Loc.LanguageSourceAsset)	Items/PlankCabinetWhiteSmall	Small white plank cabinet
I2Languages (I2.Loc.LanguageSourceAsset)	Items/DesPlankCabinetWhiteSmall	Small, simple cabinet made of planks. A white variant.
I2Languages (I2.Loc.LanguageSourceAsset)	Items/PlankCabinetRedSmall	Small red plank cabinet
I2Languages (I2.Loc.LanguageSourceAsset)	Items/DesPlankCabinetRedSmall	Small, simple cabinet made of planks. A red variant.
I2Languages (I2.Loc.LanguageSourceAsset)	Items/UfoLamp	Ufo lamp
I2Languages (I2.Loc.LanguageSourceAsset)	Items/DesUfoLamp	A stylish lamp to help you remember your otherworldly adventures. Zeta Reticuli-approved.
I2Languages (I2.Loc.LanguageSourceAsset)	Items/SpottedSofaBlackWhite	Spotted sofa - black-white
I2Languages (I2.Loc.LanguageSourceAsset)	Items/DesSpottedSofaBlackWhite	Relaxing sofa with a rustic feel. Sit back and long for greener pastures. A black-white variant.
I2Languages (I2.Loc.LanguageSourceAsset)	Items/SpottedSofaBrownWhite	Spotted sofa - brown-white
I2Languages (I2.Loc.LanguageSourceAsset)	Items/DesSpottedSofaBrownWhite	Relaxing sofa with a rustic feel. Sit back and long for greener pastures. A brown-white variant.
I2Languages (I2.Loc.LanguageSourceAsset)	Items/WillAndHenPortrait	American Dystopic
I2Languages (I2.Loc.LanguageSourceAsset)	Items/DesWillAndHenPortrait	A working man, his loyal rooster, and a caring government supervisor; contemplate on the traditional American countryside lifestyle with this skillful painting.
I2Languages (I2.Loc.LanguageSourceAsset)	Items/BeeWaxCandle	Beeswax candle
I2Languages (I2.Loc.LanguageSourceAsset)	Items/DesBeeWaxCandle	Beeswax candle, for when you want some light without electricity or you just want to set up a mood.
I2Languages (I2.Loc.LanguageSourceAsset)	Items/Dungarees	Dungarees
I2Languages (I2.Loc.LanguageSourceAsset)	Items/DesDungarees	Embody the hands-on, farming spirit with these heavy-duty dungarees.
I2Languages (I2.Loc.LanguageSourceAsset)	Items/CheckeredShirt	Plaid shirt
I2Languages (I2.Loc.LanguageSourceAsset)	Items/DesCheckeredShirt	For those devoted to hard work or those in their cottagecore arc. Either way, it will look great on you.
I2Languages (I2.Loc.LanguageSourceAsset)	Items/FishermanHat	Fisherman hat
I2Languages (I2.Loc.LanguageSourceAsset)	Items/DesFishermanHat	This beautiful fisherman hat is a trophy proving your mastery of the art of fishing. It also allows you to catch common fish automatically. Wear it with pride!
I2Languages (I2.Loc.LanguageSourceAsset)	Items/CoffeeMachine	Coffee Machine
I2Languages (I2.Loc.LanguageSourceAsset)	Items/DesKeyCoffeeMachine	Bring the aroma and taste of coffee to your shelter and let this machine serve you. 
I2Languages (I2.Loc.LanguageSourceAsset)	Items/Halabard	Halberd
I2Languages (I2.Loc.LanguageSourceAsset)	Items/DesHalabard	This staple of medieval warfare is rather slow, but deals significant damage, has long range and lets you hit multiple enemies at a time. Also, its sheer awesomeness will sow terror in the hearts of your opponents.
I2Languages (I2.Loc.LanguageSourceAsset)	Items/Shotgun	Shotgun
I2Languages (I2.Loc.LanguageSourceAsset)	Items/DesShotgun	An effective weapon for decimating Murricaville County's wildlife at short range. 
I2Languages (I2.Loc.LanguageSourceAsset)	Items/TeslaCoilGun	Tesla Coil Gun
I2Languages (I2.Loc.LanguageSourceAsset)	Items/DesTeslaCoilGun	Ever thought your weapons are just somehow not cool enough? Tesla Coil Gun, hitting your enemies with thunders, will suit you well. Don't worry about ammo, just be careful not to overheat it.
I2Languages (I2.Loc.LanguageSourceAsset)	Items/ShotgunShell	Shotgun Shell
I2Languages (I2.Loc.LanguageSourceAsset)	Items/DesShotgunShell	A shell for your shotgun.
I2Languages (I2.Loc.LanguageSourceAsset)	Items/MysteryBlueprint	Mystery Blueprint
I2Languages (I2.Loc.LanguageSourceAsset)	Items/DesMysteryBlueprint	Joe says this blueprint is beyond his expertise, but he says it describes a very valuable device. Maybe if you could try to construct it...?
I2Languages (I2.Loc.LanguageSourceAsset)	Items/CoffeeBeans	Coffee bag
I2Languages (I2.Loc.LanguageSourceAsset)	Items/DesCoffeeBeans	A bag of coffee with fresh beans from your own produce. Tasty and energizing.
I2Languages (I2.Loc.LanguageSourceAsset)	Items/SeedCoffeaBeans	Coffee seeds
I2Languages (I2.Loc.LanguageSourceAsset)	Items/DesSeedCoffeaBeans	Seeds you can use to grow more coffee plants.
I2Languages (I2.Loc.LanguageSourceAsset)	Items/MinigameUndeadHell	Undead Hell
I2Languages (I2.Loc.LanguageSourceAsset)	Items/DesMinigameUndeadHell	Find out how well can you prep against the zombie invasion in this exciting tower defence game.  Move around the map and set up towers to shoot the incoming zombies. But watch out, you are not immune to the rockets from your towers! 
I2Languages (I2.Loc.LanguageSourceAsset)	Items/MinigameFreedomRoad	Freedom Road
I2Languages (I2.Loc.LanguageSourceAsset)	Items/DesMinigameFreedomRoad	Show off your evasive manoeuvres in this desert-ride arcade game. Drive away from the obstacles and security forces, collect fuel, and go towards freedom.
I2Languages (I2.Loc.LanguageSourceAsset)	Items/MinigameEventFlyer	Game Competition Event Flyer
I2Languages (I2.Loc.LanguageSourceAsset)	Items/DesMinigameEventFlyer	The advert for a game competition. Apparently, you can play a game and win prizes. What's not to like?
I2Languages (I2.Loc.LanguageSourceAsset)	Items/MinigameEventRewardInfo	Game Competition Reward
I2Languages (I2.Loc.LanguageSourceAsset)	Items/DesMinigameEventRewardInfo	This flyer proudly confirms your score and winnings in a game competition.
I2Languages (I2.Loc.LanguageSourceAsset)	Items/NuclearMaterial	Nuclear Material
I2Languages (I2.Loc.LanguageSourceAsset)	Items/DesNuclearMaterial	Nuclear material. May have some uses in manufacturing advanced items.
I2Languages (I2.Loc.LanguageSourceAsset)	Items/Uranium	Uranium Ore
I2Languages (I2.Loc.LanguageSourceAsset)	Items/DesUranium	Ore with a radioactive element uranium. Can be processed into nuclear material and nuclear fuel.
I2Languages (I2.Loc.LanguageSourceAsset)	Items/NuclearRod	Nuclear rod
I2Languages (I2.Loc.LanguageSourceAsset)	Items/DesNuclearRod	A portion of nuclear fuel. A very efficient source of energy.
I2Languages (I2.Loc.LanguageSourceAsset)	Items/JoeUraniumLetter	Letter from Joe - A Curious Find
I2Languages (I2.Loc.LanguageSourceAsset)	Items/DesJoeUraniumLetter	A letter from Joe, scribbled with his wobbly, enthusiastic handwriting.
I2Languages (I2.Loc.LanguageSourceAsset)	Items/UraniumGlass	Uranium Glass Bottle
I2Languages (I2.Loc.LanguageSourceAsset)	Items/UraniumGlassRespawn	Uranium Glass Bottle
I2Languages (I2.Loc.LanguageSourceAsset)	Items/DesUraniumGlass	A decorative glass made with the addition of uranium. It has a distinctive color and glows in UV light.\nIt has a Murricaville Uranium Co. stamp on it.
I2Languages (I2.Loc.LanguageSourceAsset)	Items/AntiRadiation	Anti-radiation extract
I2Languages (I2.Loc.LanguageSourceAsset)	Items/DesAntiRadiation	Anti-radiation extract made of radiated mushrooms. Herbalism truly adapted to atomic age.
I2Languages (I2.Loc.LanguageSourceAsset)	Items/UraniumMushroom	Radiated Mushroom
I2Languages (I2.Loc.LanguageSourceAsset)	Items/DesUraniumMushroom	Mushroom taken from the uranium mine, a product of many generations of growing in a radioactive environment. Looks even tasty, but this temptation should be resisted.
I2Languages (I2.Loc.LanguageSourceAsset)	Items/UraniumCentrifuge	Uranium Centrifuge
I2Languages (I2.Loc.LanguageSourceAsset)	Items/DesUraniumCentrifuge	An advanced piece of nuclear engineering — essentially a washing machine for radioactive isotopes. It enriches uranium into nuclear fuel and can also decontaminate certain irradiated items.
I2Languages (I2.Loc.LanguageSourceAsset)	Items/DestroyedHazmatSuit	Destroyed hazmat suit
I2Languages (I2.Loc.LanguageSourceAsset)	Items/GeigerCounter	Geiger Counter
I2Languages (I2.Loc.LanguageSourceAsset)	Items/HazmatBackpack	Hazmat Backpack
I2Languages (I2.Loc.LanguageSourceAsset)	Items/HazmatBackpackV2	Hazmat Backpack
I2Languages (I2.Loc.LanguageSourceAsset)	Items/HazmatBackpackV3	Hazmat Backpack
I2Languages (I2.Loc.LanguageSourceAsset)	Items/DesHazmatBackpack	This backpack is specifically designed to shield the user from alpha, beta and gamma radiation. You can safely carry radioactive items in it.
I2Languages (I2.Loc.LanguageSourceAsset)	Items/OldGasMask	Old Gas Mask
I2Languages (I2.Loc.LanguageSourceAsset)	Items/NuclearEngineeringBook	Harnessing the Fabric of Reality: Nuclear Engineering in Your House and Backyard
I2Languages (I2.Loc.LanguageSourceAsset)	Items/DesNuclearEngineeringBook	Nuclear physic doesn't have to be rocket science! Advice from this book will help you store and enrich uranium, build nuclear generators, and bring the power of atom to your household!
I2Languages (I2.Loc.LanguageSourceAsset)	Items/NuclearGenerator	Nuclear Generator
I2Languages (I2.Loc.LanguageSourceAsset)	Items/DesNuclearGenerator	A small, modular nuclear fission reactor. Chain reaction releases immense amount of energy.
I2Languages (I2.Loc.LanguageSourceAsset)	Items/UraniumPickRock	Uranium-rich rock
I2Languages (I2.Loc.LanguageSourceAsset)	Items/RadiatedRatMeat	Radiated rat meat
I2Languages (I2.Loc.LanguageSourceAsset)	Items/DesRadiatedRatMeat	This radiated rat meat would surely be a great delicacy in a post-nuclear wasteland. Maybe bombarding with radioactive isotopes brings out rich, intense flavors? In the meantime, it's inadvisable to eat it. If it spoils, it turns into Nuclear Material. You can clear its radiation in a Centrifuge.
I2Languages (I2.Loc.LanguageSourceAsset)	Items/MiningPassSix	Deeper Mine Pass -1
I2Languages (I2.Loc.LanguageSourceAsset)	Items/DesMiningPassSix	Pass card to the level -1 in the deeper mine.
I2Languages (I2.Loc.LanguageSourceAsset)	Items/MiningPassSeven	Deeper Mine Pass -2
I2Languages (I2.Loc.LanguageSourceAsset)	Items/DesMiningPassSeven	Pass card to the level -2 in the deeper mine.
I2Languages (I2.Loc.LanguageSourceAsset)	Items/MiningPassEight	Deeper Mine Pass -3
I2Languages (I2.Loc.LanguageSourceAsset)	Items/DesMiningPassEight	Pass card to level -3 in the deeper mine.
I2Languages (I2.Loc.LanguageSourceAsset)	Items/MiningPassNine	Deeper Mine Pass -4
I2Languages (I2.Loc.LanguageSourceAsset)	Items/DesMiningPassNine	Pass card to the level -4 in the deeper mine.
I2Languages (I2.Loc.LanguageSourceAsset)	Items/RadioactiveClothes	Hazmat Suit
I2Languages (I2.Loc.LanguageSourceAsset)	Items/DesKeyRadioactiveClothes	There are places that require more protection.\nUse it in radioactive areas – it will protect you from most sources of radiation.
I2Languages (I2.Loc.LanguageSourceAsset)	Items/Lemonade	Lemonade
I2Languages (I2.Loc.LanguageSourceAsset)	Items/DesLemonade	Lemonade from a local girl scout. The taste could be better, but it's full of good intentions.
I2Languages (I2.Loc.LanguageSourceAsset)	Items/AlienIncubator	Alien Incubator
I2Languages (I2.Loc.LanguageSourceAsset)	Items/DesAlienIncubator	A piece of life-supporting alien technology. There is some kind of organism inside. Alive or not, hard to say.
I2Languages (I2.Loc.LanguageSourceAsset)	Items/AtomicWaste	Atomic waste
I2Languages (I2.Loc.LanguageSourceAsset)	Items/AtomicWasteRespawning	Atomic waste
I2Languages (I2.Loc.LanguageSourceAsset)	Items/DesAtomicWaste	Spent nuclear fuel. Should be kept in a safe and remote place. Ideally.
I2Languages (I2.Loc.LanguageSourceAsset)	Items/BlueberryWildRadioactive	Radioactive blueberry
I2Languages (I2.Loc.LanguageSourceAsset)	Items/GuaranaWildRadioactive	Radioactive guarana
I2Languages (I2.Loc.LanguageSourceAsset)	Items/Mannequin	Mannequin
I2Languages (I2.Loc.LanguageSourceAsset)	Items/DesMannequin	A dummy designed specifically for testing the effects of nuclear explosion.
I2Languages (I2.Loc.LanguageSourceAsset)	Items/OldGasMask2	Old gas mask
I2Languages (I2.Loc.LanguageSourceAsset)	Items/DesOldGasMask2	An old gas mask that was used in the mine. Provides weak protection from radiation.
I2Languages (I2.Loc.LanguageSourceAsset)	Items/RadioactivePlant	Ludus reiectus
I2Languages (I2.Loc.LanguageSourceAsset)	Items/DesRadioactivePlant	Rare plant species, producing unusual biochemical effects when irradiated. To be found only deep in the forest.
I2Languages (I2.Loc.LanguageSourceAsset)	Items/Tektite	Trinitite
I2Languages (I2.Loc.LanguageSourceAsset)	Items/DesTektite	Rare glassy material found in the desert after nuclear explosions. 
I2Languages (I2.Loc.LanguageSourceAsset)	Items/BlueberrieRadioactive	Irradiated blueberries
I2Languages (I2.Loc.LanguageSourceAsset)	Items/BlueberrieRadioactiveBowl	Irradiated blueberries
I2Languages (I2.Loc.LanguageSourceAsset)	Items/DesBlueberrieRadioactive	Blueberries that got irradiated. If it spoils, it turns into Nuclear Material. Radiation dose can be cleared in the centrifuge.
I2Languages (I2.Loc.LanguageSourceAsset)	Items/GuaranaRadioactive	Irradiated guarana
I2Languages (I2.Loc.LanguageSourceAsset)	Items/GuaranaRadioactiveBowl	Irradiated guarana
I2Languages (I2.Loc.LanguageSourceAsset)	Items/DesGuaranaRadioactive	Guarana that was subject to radiation. If it spoils, it turns into Nuclear Material. Radiation dose can be cleared in the centrifuge.
I2Languages (I2.Loc.LanguageSourceAsset)	Items/RadiatedSnakeMeat	Irradiated snake meat
I2Languages (I2.Loc.LanguageSourceAsset)	Items/DesRadiatedSnakeMeat	Meat of snakes that got irradiated. If it spoils, it turns into Nuclear Material. Radiation dose can be cleared in the centrifuge.
I2Languages (I2.Loc.LanguageSourceAsset)	Items/RadiatedWildMeat	Irradiated slice of meat
I2Languages (I2.Loc.LanguageSourceAsset)	Items/DesRadiatedWildMeat	Meat from an irradiated wild animal. If it spoils, it turns into Nuclear Material. Radiation dose can be cleared in the centrifuge.
I2Languages (I2.Loc.LanguageSourceAsset)	Items/MetalToilet	Metal toilet
I2Languages (I2.Loc.LanguageSourceAsset)	Items/DesMetalToilet	A metal toilet, for this stern, rough, industrial vibe to your interior.
I2Languages (I2.Loc.LanguageSourceAsset)	Items/NuclearBomb	Nuclear bomb
I2Languages (I2.Loc.LanguageSourceAsset)	Items/DesNuclearBomb	A nuke. An ultimate tech gadget. If you're too close to it going off, it will kill you and everything you love.
I2Languages (I2.Loc.LanguageSourceAsset)	Items/OldComputer	Old computer
I2Languages (I2.Loc.LanguageSourceAsset)	Items/DesOldComputer	An old computer, probably requiring some obscure skills to operate.
I2Languages (I2.Loc.LanguageSourceAsset)	Items/SeaBomb	Sea mine
I2Languages (I2.Loc.LanguageSourceAsset)	Items/DesSeaBomb	Hard to say how did it end up here, hundreds of miles away from the sea. Just better be careful with this.
I2Languages (I2.Loc.LanguageSourceAsset)	Items/UraniumCompanySign	Murricaville Uranium Company
I2Languages (I2.Loc.LanguageSourceAsset)	Items/PostmanAndroid	Postman Android
I2Languages (I2.Loc.LanguageSourceAsset)	Items/NuclearGeneratorPowerPlant	Nuclear generator
I2Languages (I2.Loc.LanguageSourceAsset)	Items/SwitchGearPowerPlant	Electric switchgear
I2Languages (I2.Loc.LanguageSourceAsset)	Items/ScientistPlansPowerPlant	Scientist's plans
I2Languages (I2.Loc.LanguageSourceAsset)	Items/RadiationPurgeBeacon	Deionizing Beacon
I2Languages (I2.Loc.LanguageSourceAsset)	Items/DesRadiationPurgeBeacon	This mysterious device neutralizes radiation in its vicinity.
I2Languages (I2.Loc.LanguageSourceAsset)	Items/ReactorSafetySystem	Reactor safety system
I2Languages (I2.Loc.LanguageSourceAsset)	Items/DesReactorSafetySystem	A device that provides stabilization and containment for the reactor.
I2Languages (I2.Loc.LanguageSourceAsset)	Items/CraneMinigameActivator	Crane controller
I2Languages (I2.Loc.LanguageSourceAsset)	Items/SeedsMaker	Pitter
I2Languages (I2.Loc.LanguageSourceAsset)	Items/DesSeedsMaker	Quickly and effectively takes out seeds from fruits and vegetables.
I2Languages (I2.Loc.LanguageSourceAsset)	Items/MannequinDeco1	Decorative Mannequin
I2Languages (I2.Loc.LanguageSourceAsset)	Items/DesMannequinDeco1	A nuclear test dummy. Used, apparently. For an interior that's cozy, but also reminds you of impending doom. 
I2Languages (I2.Loc.LanguageSourceAsset)	Items/MannequinDeco2	Decorative Mannequin
I2Languages (I2.Loc.LanguageSourceAsset)	Items/DesMannequinDeco2	A nuclear test dummy which hasn't seen action yet. Or maybe survived in a sheltered place.
I2Languages (I2.Loc.LanguageSourceAsset)	Items/RailGun	Pulse Gun
I2Languages (I2.Loc.LanguageSourceAsset)	Items/DesRailGun	High-power, high-precision, high-impact firearm.
I2Languages (I2.Loc.LanguageSourceAsset)	Items/AtomicGranade	Atomic grenade
I2Languages (I2.Loc.LanguageSourceAsset)	Items/DesAtomicGranade	A grenade with enriched uranium for extra flavor.
I2Languages (I2.Loc.LanguageSourceAsset)	Items/DepletedUraniumAmo	Depleted uranium ammunition
I2Languages (I2.Loc.LanguageSourceAsset)	Items/DesDepletedUraniumAmo	Ammo rounds made of depleted uranium, with armor-penetrating and incendiary qualities.
I2Languages (I2.Loc.LanguageSourceAsset)	Items/DepletedUraniumShotgunShell	Depleted uranium shotgun shell
I2Languages (I2.Loc.LanguageSourceAsset)	Items/DesDepletedUraniumShotgunShell	Shotgun shell with depleted uranium, for better target penetration.
I2Languages (I2.Loc.LanguageSourceAsset)	Items/DangerSign	Danger Sign
I2Languages (I2.Loc.LanguageSourceAsset)	Items/DesDangerSign	Interior decoration for when you just miss your cortysol while at home.
I2Languages (I2.Loc.LanguageSourceAsset)	Items/CautionSign	Caution Sign
I2Languages (I2.Loc.LanguageSourceAsset)	Items/DesCautionSign	Reminds you to always be prepared.
I2Languages (I2.Loc.LanguageSourceAsset)	Items/EmergancyStopLever	Emergency stop lever
I2Languages (I2.Loc.LanguageSourceAsset)	Items/DesEmergancyStopLever	Just pull in case of emergency. Or is it push?
I2Languages (I2.Loc.LanguageSourceAsset)	Items/LedLavaLamp	LED lava lamp
I2Languages (I2.Loc.LanguageSourceAsset)	Items/DesLedLavaLamp	Energy-saving and modern-looking lava lamp.
I2Languages (I2.Loc.LanguageSourceAsset)	Items/RocketLavaLamp	Rocket Lava Lamp
I2Languages (I2.Loc.LanguageSourceAsset)	Items/DesRocketLavaLamp	A beautiful decoration piece. For feeling cozy, but also dreaming of escape.
I2Languages (I2.Loc.LanguageSourceAsset)	Items/RadioactiveFridge	Atomic Age Fridge
I2Languages (I2.Loc.LanguageSourceAsset)	Items/DesRadioactiveFridge	A fridge designed to remind you of the dangers and possibilities of atomic age. Also, irradiated food can be safely kept there.
I2Languages (I2.Loc.LanguageSourceAsset)	Items/UraniumClock	Uranium clock
I2Languages (I2.Loc.LanguageSourceAsset)	Items/DesUraniumClock	A clock with fluerescent elements, with this unmistakable uranium glow.
I2Languages (I2.Loc.LanguageSourceAsset)	Items/UraniumTable	Uranium table
I2Languages (I2.Loc.LanguageSourceAsset)	Items/DesUraniumTable	An elaborate wooden table with a tabletop of uranium glass. It radiates luxury. 
I2Languages (I2.Loc.LanguageSourceAsset)	Items/UraniumWardrobe	Uranium wardrobe
I2Languages (I2.Loc.LanguageSourceAsset)	Items/DesUraniumWardrobe	An oldschool wooden wardrobe, with uranium glass in the doors. Your clothes will glow not only on you.
I2Languages (I2.Loc.LanguageSourceAsset)	Items/Goggles	Goggles
I2Languages (I2.Loc.LanguageSourceAsset)	Items/DesGoggles	Protective goggles, for rounding up your industrial look. And also for protection.
I2Languages (I2.Loc.LanguageSourceAsset)	Items/BigUraniumRod	Big uranium rod
I2Languages (I2.Loc.LanguageSourceAsset)	Items/DesBigUraniumRod	A portion of nuclear fuel. Can be disassembled for raw materials.
I2Languages (I2.Loc.LanguageSourceAsset)	Items/AutoPlanter	Auto Planter
I2Languages (I2.Loc.LanguageSourceAsset)	Items/DesAutoPlanter	A wonder of agricultural mechanization: allows you to plant seeds fast and in large quantities.
I2Languages (I2.Loc.LanguageSourceAsset)	Items/AutoHarvester	Auto Harvester
I2Languages (I2.Loc.LanguageSourceAsset)	Items/DesAutoHarvester	Farmer's best friend: automatic harvester.
I2Languages (I2.Loc.LanguageSourceAsset)	Items/UraniumLamp	Uranium lamp
I2Languages (I2.Loc.LanguageSourceAsset)	Items/DesUraniumLamp	Bask yourself and your interior in the glow of atomic age.
I2Languages (I2.Loc.LanguageSourceAsset)	Items/NuclearFuel	Nuclear fuel
I2Languages (I2.Loc.LanguageSourceAsset)	Items/DesNuclearFuel	Fuel enriched with radioactive material. Can be used instead of regular fuel. Makes particles go faster or something.
I2Languages (I2.Loc.LanguageSourceAsset)	Items/LemonadeKid	Lemonade girl scout
I2Languages (I2.Loc.LanguageSourceAsset)	Items/ArmyChestNuclear	Army Chest
I2Languages (I2.Loc.LanguageSourceAsset)	Items/CraneMinigameBox	Crane Box
I2Languages (I2.Loc.LanguageSourceAsset)	Items/NuclearRefueler	Nuclear Generator Refueler
I2Languages (I2.Loc.LanguageSourceAsset)	Items/DesNuclearRefueler	Controls steady input of nuclear rods into nuclear generator. Improves both efficiency and safety.
I2Languages (I2.Loc.LanguageSourceAsset)	Items/Scientist	Dr. Edward
I2Languages (I2.Loc.LanguageSourceAsset)	Items/Lemon	Lemon
I2Languages (I2.Loc.LanguageSourceAsset)	Items/DesLemon	When life gives you lemons, make lemonade.
I2Languages (I2.Loc.LanguageSourceAsset)	Items/SeedLemon	Lemon Seed
I2Languages (I2.Loc.LanguageSourceAsset)	Items/DesSeedLemon	Put into a patch of soil to grow an lemon tree. You need a high room for that.
I2Languages (I2.Loc.LanguageSourceAsset)	Items/LemonadeRecipie	Lemonade Recipe
I2Languages (I2.Loc.LanguageSourceAsset)	Items/DesLemonadeRecipie	A secret girl scout recipe for the perfect refreshing drink. Requires patience, lemons, and a pinch of adventure.
I2Languages (I2.Loc.LanguageSourceAsset)	Items/ExpeditionBox	Expedition box
I2Languages (I2.Loc.LanguageSourceAsset)	Items/AtomicBarrel	Atomic Barrel
I2Languages (I2.Loc.LanguageSourceAsset)	Items/DesKeyAtomicBarrel	A heavy, lead-lined barrel for storing radioactive items safely.
I2Languages (I2.Loc.LanguageSourceAsset)	Items/NuclearComposter	Nuclear Composter
I2Languages (I2.Loc.LanguageSourceAsset)	Items/DesNuclearComposter	A sealed composter for irradiated food. Items stored inside decay faster, converting into Nuclear Material.
I2Languages (I2.Loc.LanguageSourceAsset)	Items/AtomicBarrelNuclear	Atomic Barrel
I2Languages (I2.Loc.LanguageSourceAsset)	Items/Seed Cactus	Cactus seeds
I2Languages (I2.Loc.LanguageSourceAsset)	Items/DesKeySeed Cactus	You want to bring your spiky desert friends down to your shelter? Cacti are sturdy plants with some culinary applications.
I2Languages (I2.Loc.LanguageSourceAsset)	Items/Seed Mushroom	Mushroom spores
I2Languages (I2.Loc.LanguageSourceAsset)	Items/DesKeySeed Mushroom	You can start growing your own mushrooms, enriching your kitchen with a valuable ingredient and bringing the unique damp atmosphere of the mine into your home.
I2Languages (I2.Loc.LanguageSourceAsset)	Items/Seed Pepper	Pepper seeds
I2Languages (I2.Loc.LanguageSourceAsset)	Items/DesKeySeed Pepper	Spice up your life and be a prepper with your own pepper, 
I2Languages (I2.Loc.LanguageSourceAsset)	Items/BeetSalad	Beet salad
I2Languages (I2.Loc.LanguageSourceAsset)	Items/DesKeyBeetSalad	Beet-based salad. It has an unobvious taste, but is awful healthy and would impress your more sophistacted friends on a cocktail party... if you had such friends and threw cocktail parties.
I2Languages (I2.Loc.LanguageSourceAsset)	Items/CornSalad	Corn salad
I2Languages (I2.Loc.LanguageSourceAsset)	Items/DesKeyCornSalad	A rather simple salad, but the addition of corn makes it look appealing and taste sweet.
I2Languages (I2.Loc.LanguageSourceAsset)	Items/SunflowerSeedSalad	Sunflower seed salad
I2Languages (I2.Loc.LanguageSourceAsset)	Items/DesKeySunflowerSeedSalad	A salad with sunflower seeds. It's earthy, full taste almost rewards the effort of peeling the seeds. 
I2Languages (I2.Loc.LanguageSourceAsset)	Items/ClearBodySoup	Lemon detox soup
I2Languages (I2.Loc.LanguageSourceAsset)	Items/DesKeyClearBodySoup	An untypical, but simple soup made of lemons and a hefty does of salt. Strong taste, even stronger cleansing effects.
I2Languages (I2.Loc.LanguageSourceAsset)	Items/MeatChineseSoup	Instant ramen - meat taste
I2Languages (I2.Loc.LanguageSourceAsset)	Items/DesKeyMeatChineseSoup	Taste of noodles and sodium glutamate, a pleasure simple yet powerful.
I2Languages (I2.Loc.LanguageSourceAsset)	Items/NightWalkerSoup	Night walker soup
I2Languages (I2.Loc.LanguageSourceAsset)	Items/DesKeyNightWalkerSoup	The unusual mix of strong ingredients in this soup will make you see better in the dark. Don't eat too much though, as it might make you hear colors.
I2Languages (I2.Loc.LanguageSourceAsset)	Items/TomatoChineseSoup	Instant ramen - tomato taste
I2Languages (I2.Loc.LanguageSourceAsset)	Items/DesKeyTomatoChineseSoup	A quick and satisfying classic in a vegetarian version.
I2Languages (I2.Loc.LanguageSourceAsset)	Items/CoffeeFlavouredStew	Coffee flavoured stew
I2Languages (I2.Loc.LanguageSourceAsset)	Items/DesKeyCoffeeFlavouredStew	You can have coffee to your meal, but you can also have coffee in your meal. Nourishing and stimulating at the same time.
I2Languages (I2.Loc.LanguageSourceAsset)	Items/HunterStew	Hunter stew
I2Languages (I2.Loc.LanguageSourceAsset)	Items/DesKeyHunterStew	This nourishing stew is a condensed spirit of the forest. It will make you feel like a part of nature, attuned to its inner rhythms.
I2Languages (I2.Loc.LanguageSourceAsset)	Items/MinerStew	Miner stew
I2Languages (I2.Loc.LanguageSourceAsset)	Items/DesKeyMinerStew	Highly nutritional stew with a deep, earthy taste. The depths are calling you, grab your pickaxe and reach for the treasures.
I2Languages (I2.Loc.LanguageSourceAsset)	Items/ScavengerStew	Scavenger stew
I2Languages (I2.Loc.LanguageSourceAsset)	Items/DesKeyScavengerStew	A stew made of your lucky desert finds. Makes you more aware of the desert and its inhabitants.
I2Languages (I2.Loc.LanguageSourceAsset)	Items/CoffeeFlavouredStewCan	Coffee flavoured stew can
I2Languages (I2.Loc.LanguageSourceAsset)	Items/DesKeyCoffeeFlavouredStewCan	Like coffee to go, but it's actually a meal.
I2Languages (I2.Loc.LanguageSourceAsset)	Items/HunterStewCan	Hunter stew can
I2Languages (I2.Loc.LanguageSourceAsset)	Items/DesKeyHunterStewCan	Spirit of the forest, portable form.
I2Languages (I2.Loc.LanguageSourceAsset)	Items/MinerStewCan	Miner stew can
I2Languages (I2.Loc.LanguageSourceAsset)	Items/DesKeyMinerStewCan	A handy can of stew, you can take it with you to your shift in the mine.
I2Languages (I2.Loc.LanguageSourceAsset)	Items/NightWalkerSoupCan	Night walker soup can
I2Languages (I2.Loc.LanguageSourceAsset)	Items/DesKeyNightWalkerSoupCan	A can that allows you to store your inner nightly beast for longer.
I2Languages (I2.Loc.LanguageSourceAsset)	Items/ScavengerStewCan	Scavenger stew can
I2Languages (I2.Loc.LanguageSourceAsset)	Items/DesKeyScavengerStewCan	Store your scavenger stew for longer, pick it up whenever the desert calls you.
I2Languages (I2.Loc.LanguageSourceAsset)	Items/AppleSmoothie	Apple smoothie
I2Languages (I2.Loc.LanguageSourceAsset)	Items/DesKeyAppleSmoothie	Apples turned into a sweet delight.
I2Languages (I2.Loc.LanguageSourceAsset)	Items/CactusSmoothie	Cactus smoothie
I2Languages (I2.Loc.LanguageSourceAsset)	Items/DesKeyCactusSmoothie	Too spiky? Then why not make it liquid?
I2Languages (I2.Loc.LanguageSourceAsset)	Items/CoffeeSmoothie	Coffee smoothie
I2Languages (I2.Loc.LanguageSourceAsset)	Items/DesKeyCoffeeSmoothie	You're not sentenced to drink your coffee black like the humanity's future, you can also have it smooth and sweet and whimsical. 
I2Languages (I2.Loc.LanguageSourceAsset)	Items/GuaranaSmoothie	Guarana smoothie
I2Languages (I2.Loc.LanguageSourceAsset)	Items/DesKeyGuaranaSmoothie	Delightful, but also stimulating.
I2Languages (I2.Loc.LanguageSourceAsset)	Items/OrangeSmoothie	Orange smoothie
I2Languages (I2.Loc.LanguageSourceAsset)	Items/DesKeyOrangeSmoothie	It's like the sun itself got blended in a glass. Delicious.
I2Languages (I2.Loc.LanguageSourceAsset)	Items/PizzaCapricciosa	Pizza capricciosa
I2Languages (I2.Loc.LanguageSourceAsset)	Items/DesKeyPizzaCapricciosa	Mushrooms add an elegant note to this flavor mix.
I2Languages (I2.Loc.LanguageSourceAsset)	Items/PizzaDiavola	Pizza diavola
I2Languages (I2.Loc.LanguageSourceAsset)	Items/DesKeyPizzaDiavola	Devilish not only due to its spiciness, but also the wild meat used. So nutritient you could sell your soul over this.
I2Languages (I2.Loc.LanguageSourceAsset)	Items/PizzaMarinara	Pizza marinara
I2Languages (I2.Loc.LanguageSourceAsset)	Items/DesKeyPizzaMarinara	A classic pizza with a savory note.
I2Languages (I2.Loc.LanguageSourceAsset)	Items/PizzaQuattroFormaggi	Pizza quattro formaggi
I2Languages (I2.Loc.LanguageSourceAsset)	Items/DesKeyPizzaQuattroFormaggi	Let's face it, you probably can't differentiate four kinds of cheese in this molten mass, but it's a delicious calory bomb.
I2Languages (I2.Loc.LanguageSourceAsset)	Items/AppleEnergyBar	Apple energy bar
I2Languages (I2.Loc.LanguageSourceAsset)	Items/DesKeyAppleEnergyBar	Effective energy boost from dried apples.
I2Languages (I2.Loc.LanguageSourceAsset)	Items/BerriesEnergyBar	Berries energy bar
I2Languages (I2.Loc.LanguageSourceAsset)	Items/DesKeyBerriesEnergyBar	Effective energy boost from dried berries.
I2Languages (I2.Loc.LanguageSourceAsset)	Items/LemonEnergyBar	Lemon energy bar
I2Languages (I2.Loc.LanguageSourceAsset)	Items/DesKeyLemonEnergyBar	Effective energy boost from dried lemons.
I2Languages (I2.Loc.LanguageSourceAsset)	Items/OrangeEnergyBar	Orange energy bar
I2Languages (I2.Loc.LanguageSourceAsset)	Items/DesKeyOrangeEnergyBar	Effective energy boost from dried oranges.
I2Languages (I2.Loc.LanguageSourceAsset)	Items/AppleJam	Apple jam
I2Languages (I2.Loc.LanguageSourceAsset)	Items/DesKeyAppleJam	Brings back the memory of your grandma's apple pie. You'll probably never be able to replicate this exact taste though.
I2Languages (I2.Loc.LanguageSourceAsset)	Items/LemonJam	Lemon jam
I2Languages (I2.Loc.LanguageSourceAsset)	Items/DesKeyLemonJam	Delicious sour taste, rich in antioxidants, may help your teeth stay white in case of caffeine overuse.
I2Languages (I2.Loc.LanguageSourceAsset)	Items/Cookie	Cookie
I2Languages (I2.Loc.LanguageSourceAsset)	Items/DesKeyCookie	No one would resist such a delicious cookie. Who knows, maybe it could even soften the heart of an Agent?
I2Languages (I2.Loc.LanguageSourceAsset)	Items/Tiramisu	Tiramisu
I2Languages (I2.Loc.LanguageSourceAsset)	Items/DesKeyTiramisu	An exquisite, coffee-flavoured cake. It's so delicious and nutritional it will make you feel much better about yourself and life in general.
I2Languages (I2.Loc.LanguageSourceAsset)	Items/SunflowerButter	Sunflower butter
I2Languages (I2.Loc.LanguageSourceAsset)	Items/DesKeySunflowerButter	A healthy, plant-based butter.
I2Languages (I2.Loc.LanguageSourceAsset)	Items/DriedLemon	Dried lemon
I2Languages (I2.Loc.LanguageSourceAsset)	Items/DesKeyDriedLemon	This ingredient is incredibly useful in making lemon-flavored things.
I2Languages (I2.Loc.LanguageSourceAsset)	Items/Hardtack	Hardtack
I2Languages (I2.Loc.LanguageSourceAsset)	Items/DesKeyHardtack	Simple to make, extremely durable. Might also require extremely durable teeth to eat.
I2Languages (I2.Loc.LanguageSourceAsset)	Items/PrepperMix	PrepperMix
I2Languages (I2.Loc.LanguageSourceAsset)	Items/DesKeyPrepperMix	This is not just a kitchen robot. It's a philosophy. It's a lifestyle. Automate your meals and taste the luxury.
I2Languages (I2.Loc.LanguageSourceAsset)	Items/RoastedChickenLeg	Roasted chicken leg
I2Languages (I2.Loc.LanguageSourceAsset)	Items/DesRoastedChickenLeg	An easy, simple classic. Not a culinary masterpiece, but will do as a quick snack.
I2Languages (I2.Loc.LanguageSourceAsset)	Items/RoastedCorn	Roasted corn
I2Languages (I2.Loc.LanguageSourceAsset)	Items/DesKeyRoastedCorn	Out of many things you can do with corn, this might be the tastiest choice.
I2Languages (I2.Loc.LanguageSourceAsset)	Items/EmptyCan	Empty can
I2Languages (I2.Loc.LanguageSourceAsset)	Items/DesKeyEmptyCan	There's no food there anymore, but you can scrap it for materials. Recycling!
I2Languages (I2.Loc.LanguageSourceAsset)	Items/EmptyJar	Empty jar
I2Languages (I2.Loc.LanguageSourceAsset)	Items/DesKeyEmptyJar	There's no food there anymore, but you can scrap it for materials. Recycling!
I2Languages (I2.Loc.LanguageSourceAsset)	Items/Cage	Cage
I2Languages (I2.Loc.LanguageSourceAsset)	Items/Car	Car
I2Languages (I2.Loc.LanguageSourceAsset)	Items/WardrobeHerbalist	Wardrobe
I2Languages (I2.Loc.LanguageSourceAsset)	Items/ClimbingChalk	Climbing Chalk
I2Languages (I2.Loc.LanguageSourceAsset)	Items/DesClimbingChalk	Make it easyer to climb. Loses it's effect after while.
I2Languages (I2.Loc.LanguageSourceAsset)	Items/Fibre	Fibre
I2Languages (I2.Loc.LanguageSourceAsset)	Items/DesFibre	Basic Material. Needed to craft Ropes.
I2Languages (I2.Loc.LanguageSourceAsset)	Items/Line	Rope
I2Languages (I2.Loc.LanguageSourceAsset)	Items/DesLine	Can be placed on vertical walls. Makes it much easyer to climb. Some places can only by accessed with a rope.
I2Languages (I2.Loc.LanguageSourceAsset)	Items/MountainHerb	Mountain Herb
I2Languages (I2.Loc.LanguageSourceAsset)	Items/MountainHerbWild	Mountain Herb
I2Languages (I2.Loc.LanguageSourceAsset)	Items/DesMountainHerb	Can be used to brew a tea that restores stamina and prepperedness. Recipie for it need to be unlocked first.          
I2Languages (I2.Loc.LanguageSourceAsset)	Items/Platform	Platform
I2Languages (I2.Loc.LanguageSourceAsset)	Items/DesPlatform	Can be placed on gaps that are missing floor. It needs Platform Spports for wider gaps.
I2Languages (I2.Loc.LanguageSourceAsset)	Items/PlatformSupport	Platform Support
I2Languages (I2.Loc.LanguageSourceAsset)	Items/DesPlatformSupport	Used to support platforms placed across longer gaps in the floor.
I2Languages (I2.Loc.LanguageSourceAsset)	Items/Vine	Vine
I2Languages (I2.Loc.LanguageSourceAsset)	Items/DesVine	You can deconstruct it into Fibre.
I2Languages (I2.Loc.LanguageSourceAsset)	Items/VineLine	Vine Line
I2Languages (I2.Loc.LanguageSourceAsset)	Items/DesVineLine	Can be placed on vertical walls. Makes it much easyer to climb. Some places can only by accessed with a rope.
I2Languages (I2.Loc.LanguageSourceAsset)	Items/WalkieTalkie	Walkie Talkie
I2Languages (I2.Loc.LanguageSourceAsset)	Items/DesWalkieTalkie	Don't go to The Mountain without it.
I2Languages (I2.Loc.LanguageSourceAsset)	Items/WorkbenchMountainUpgrade1	Mountain Workbench Upgrade 1
I2Languages (I2.Loc.LanguageSourceAsset)	Items/DesWorkbenchMountainUpgrade1	Basic essetials to climb mountains.
I2Languages (I2.Loc.LanguageSourceAsset)	Items/WorkbenchMountainUpgrade2	Mountain Workbench Upgrade 2
I2Languages (I2.Loc.LanguageSourceAsset)	Items/DesWorkbenchMountainUpgrade2	Basic essetials to climb mountains.
I2Languages (I2.Loc.LanguageSourceAsset)	Items/IceMachine	IceMachine
I2Languages (I2.Loc.LanguageSourceAsset)	Items/DesIceMachine	DesIceMachine
I2Languages (I2.Loc.LanguageSourceAsset)	Items/CryoTechNote1	CryoTechNote2
I2Languages (I2.Loc.LanguageSourceAsset)	Items/CryoTechNote2	CryoTechNote3
I2Languages (I2.Loc.LanguageSourceAsset)	Items/CryoTechNote3	CryoTechNote4
I2Languages (I2.Loc.LanguageSourceAsset)	Items/CryoTechNote4	CryoTechNote5
I2Languages (I2.Loc.LanguageSourceAsset)	Items/CryoTechNote5	CryoTechNote6
I2Languages (I2.Loc.LanguageSourceAsset)	Items/DesCryoTechNote1	DesCryoTechNote2
I2Languages (I2.Loc.LanguageSourceAsset)	Items/DesCryoTechNote2	DesCryoTechNote3
I2Languages (I2.Loc.LanguageSourceAsset)	Items/DesCryoTechNote3	DesCryoTechNote4
I2Languages (I2.Loc.LanguageSourceAsset)	Items/DesCryoTechNote4	DesCryoTechNote5
I2Languages (I2.Loc.LanguageSourceAsset)	Items/DesCryoTechNote5	DesCryoTechNote6
I2Languages (I2.Loc.LanguageSourceAsset)	Items/ClimbingBook	ClimbingBook
I2Languages (I2.Loc.LanguageSourceAsset)	Items/DesClimbingBook	DesClimbingBook
I2Languages (I2.Loc.LanguageSourceAsset)	Items/PumaExpertBook	PumaExpertBook
I2Languages (I2.Loc.LanguageSourceAsset)	Items/DesPumaExpertBook	DesPumaExpertBook
I2Languages (I2.Loc.LanguageSourceAsset)	Items/WalrusBook2	WalrusBook3
I2Languages (I2.Loc.LanguageSourceAsset)	Items/DesWalrusBook2	DesWalrusBook3
I2Languages (I2.Loc.LanguageSourceAsset)	Items/BasicHikingClothes	BasicHikingClothes
I2Languages (I2.Loc.LanguageSourceAsset)	Items/DesBasicHikingClothes	DesBasicHikingClothes
I2Languages (I2.Loc.LanguageSourceAsset)	Items/MountainLootBox1	MountainLootBox2
I2Languages (I2.Loc.LanguageSourceAsset)	Items/MountainLootBox2	MountainLootBox3
I2Languages (I2.Loc.LanguageSourceAsset)	Items/MountainLootBox3	MountainLootBox4
I2Languages (I2.Loc.LanguageSourceAsset)	Items/DesMountainLootBox1	DesMountainLootBox2
I2Languages (I2.Loc.LanguageSourceAsset)	Items/DesMountainLootBox2	DesMountainLootBox3
I2Languages (I2.Loc.LanguageSourceAsset)	Items/DesMountainLootBox3	DesMountainLootBox4
I2Languages (I2.Loc.LanguageSourceAsset)	Items/CryoSleepPod	CryoSleepPod
I2Languages (I2.Loc.LanguageSourceAsset)	Items/DesCryoSleepPod	DesCryoSleepPod
I2Languages (I2.Loc.LanguageSourceAsset)	Items/CryoTeslaCoilGun	CryoTeslaCoilGun
I2Languages (I2.Loc.LanguageSourceAsset)	Items/DesCryoTeslaCoilGun	DesCryoTeslaCoilGun
I2Languages (I2.Loc.LanguageSourceAsset)	Items/FreezeDryer	FreezeDryer
I2Languages (I2.Loc.LanguageSourceAsset)	Items/DesFreezeDryer	DesFreezeDryer
I2Languages (I2.Loc.LanguageSourceAsset)	Items/HeatPack	HeatPack
I2Languages (I2.Loc.LanguageSourceAsset)	Items/DesHeatPack	DesHeatPack
I2Languages (I2.Loc.LanguageSourceAsset)	Items/HerbTea	HerbTea
I2Languages (I2.Loc.LanguageSourceAsset)	Items/DesHerbTea	DesHerbTea
I2Languages (I2.Loc.LanguageSourceAsset)	Items/HikingBackpack	HikingBackpack
I2Languages (I2.Loc.LanguageSourceAsset)	Items/DesHikingBackpack	DesHikingBackpack
I2Languages (I2.Loc.LanguageSourceAsset)	Items/HikingClothes	HikingClothes
I2Languages (I2.Loc.LanguageSourceAsset)	Items/DesHikingClothes	DesHikingClothes
I2Languages (I2.Loc.LanguageSourceAsset)	Items/Ice	Ice
I2Languages (I2.Loc.LanguageSourceAsset)	Items/DesIce	DesIce
I2Languages (I2.Loc.LanguageSourceAsset)	Items/Iceaxe	Iceaxe
I2Languages (I2.Loc.LanguageSourceAsset)	Items/DesIceaxe	DesIceaxe
I2Languages (I2.Loc.LanguageSourceAsset)	Items/IceCream	IceCream
I2Languages (I2.Loc.LanguageSourceAsset)	Items/DesIceCream	DesIceCream
I2Languages (I2.Loc.LanguageSourceAsset)	Items/IceCreamMachine	IceCreamMachine
I2Languages (I2.Loc.LanguageSourceAsset)	Items/DesIceCreamMachine	DesIceCreamMachine
I2Languages (I2.Loc.LanguageSourceAsset)	Items/IceMiningRock	IceMiningRock
I2Languages (I2.Loc.LanguageSourceAsset)	Items/MountainInitLetter	MountainInitLetter
I2Languages (I2.Loc.LanguageSourceAsset)	Items/DesMountainInitLetter	DesMountainInitLetter
I2Languages (I2.Loc.LanguageSourceAsset)	Items/MountainInitPackage	MountainInitPackage
I2Languages (I2.Loc.LanguageSourceAsset)	Items/DesMountainInitPackage	DesMountainInitPackage
I2Languages (I2.Loc.LanguageSourceAsset)	Items/Piton	Piton
I2Languages (I2.Loc.LanguageSourceAsset)	Items/DesPiton	DesPiton
I2Languages (I2.Loc.LanguageSourceAsset)	Items/Safe	Safe
I2Languages (I2.Loc.LanguageSourceAsset)	Items/DesSafe	DesSafe
I2Languages (I2.Loc.LanguageSourceAsset)	Items/Snow	Snow
I2Languages (I2.Loc.LanguageSourceAsset)	Items/DesSnow	DesSnow
I2Languages (I2.Loc.LanguageSourceAsset)	Items/Sorter	Sorter
I2Languages (I2.Loc.LanguageSourceAsset)	Items/DesSorter	DesSorter
I2Languages (I2.Loc.LanguageSourceAsset)	Items/Thermos	Thermos
I2Languages (I2.Loc.LanguageSourceAsset)	Items/DesThermos	DesThermos
I2Languages (I2.Loc.LanguageSourceAsset)	Items/Titan	Titan
I2Languages (I2.Loc.LanguageSourceAsset)	Items/DesTitan	DesTitan
I2Languages (I2.Loc.LanguageSourceAsset)	Items/TitanFurnace	TitanFurnace
I2Languages (I2.Loc.LanguageSourceAsset)	Items/DesTitanFurnace	DesTitanFurnace
I2Languages (I2.Loc.LanguageSourceAsset)	Items/TitanOre	TitanOre
I2Languages (I2.Loc.LanguageSourceAsset)	Items/DesTitanOre	DesTitanOre
I2Languages (I2.Loc.LanguageSourceAsset)	Items/TitanRock	TitanRock
I2Languages (I2.Loc.LanguageSourceAsset)	Items/TravelRefrigerator	TravelRefrigerator
I2Languages (I2.Loc.LanguageSourceAsset)	Items/DesTravelRefrigerator	DesTravelRefrigerator
I2Languages (I2.Loc.LanguageSourceAsset)	Items/Puma	Puma
I2Languages (I2.Loc.LanguageSourceAsset)	Items/FirstAidKit	First Aid Kit
I2Languages (I2.Loc.LanguageSourceAsset)	Items/MountainPlankCabinetWhiteSmall	Small white plank cabinet
I2Languages (I2.Loc.LanguageSourceAsset)	Items/MountainArmyChest	Army Chest
I2Languages (I2.Loc.LanguageSourceAsset)	Items/MountainRailwayController	Railway Controller
I2Languages (I2.Loc.LanguageSourceAsset)	Items/Marshmallow	Marshmallow
I2Languages (I2.Loc.LanguageSourceAsset)	Items/DesMarshmallow	
I2Languages (I2.Loc.LanguageSourceAsset)	Items/ClimbWall	Climbing Wall
I2Languages (I2.Loc.LanguageSourceAsset)	Items/CottageSofa	CottageSofa
I2Languages (I2.Loc.LanguageSourceAsset)	Items/DesCottageSofa	DesCottageSofa
I2Languages (I2.Loc.LanguageSourceAsset)	Items/CuckooClock	CuckooClock
I2Languages (I2.Loc.LanguageSourceAsset)	Items/DesCuckooClock	DesCuckooClock
I2Languages (I2.Loc.LanguageSourceAsset)	Items/Fireplace	Fireplace
I2Languages (I2.Loc.LanguageSourceAsset)	Items/DesFireplace	DesFireplace
I2Languages (I2.Loc.LanguageSourceAsset)	Items/FurRag	FurRag
I2Languages (I2.Loc.LanguageSourceAsset)	Items/DesFurRag	DesFurRag
I2Languages (I2.Loc.LanguageSourceAsset)	Items/MountainViewWindow	MountainViewWindow
I2Languages (I2.Loc.LanguageSourceAsset)	Items/DesMountainViewWindow	DesMountainViewWindow
I2Languages (I2.Loc.LanguageSourceAsset)	Items/OilLamp	OilLamp
I2Languages (I2.Loc.LanguageSourceAsset)	Items/DesOilLamp	DesOilLamp
I2Languages (I2.Loc.LanguageSourceAsset)	Items/SnowGlobe	SnowGlobe
I2Languages (I2.Loc.LanguageSourceAsset)	Items/DesSnowGlobe	DesSnowGlobe
I2Languages (I2.Loc.LanguageSourceAsset)	Items/Snowmaker	Snowmaker
I2Languages (I2.Loc.LanguageSourceAsset)	Items/DesSnowmaker	DesSnowmaker
I2Languages (I2.Loc.LanguageSourceAsset)	Items/SnowManBase1	SnowManBase2
I2Languages (I2.Loc.LanguageSourceAsset)	Items/DesSnowManBase1	DesSnowManBase2
I2Languages (I2.Loc.LanguageSourceAsset)	Items/SnowManBase2	SnowManBase3
I2Languages (I2.Loc.LanguageSourceAsset)	Items/DesSnowManBase2	DesSnowManBase3
I2Languages (I2.Loc.LanguageSourceAsset)	Items/SnowManCylinder	SnowManCylinder
I2Languages (I2.Loc.LanguageSourceAsset)	Items/DesSnowManCylinder	DesSnowManCylinder
I2Languages (I2.Loc.LanguageSourceAsset)	Items/SnowManHat	SnowManHat
I2Languages (I2.Loc.LanguageSourceAsset)	Items/DesSnowManHat	DesSnowManHat
I2Languages (I2.Loc.LanguageSourceAsset)	Items/SnowManHead1	SnowManHead2
I2Languages (I2.Loc.LanguageSourceAsset)	Items/DesSnowManHead1	DesSnowManHead2
I2Languages (I2.Loc.LanguageSourceAsset)	Items/SnowManHead2	SnowManHead3
I2Languages (I2.Loc.LanguageSourceAsset)	Items/DesSnowManHead2	DesSnowManHead3
I2Languages (I2.Loc.LanguageSourceAsset)	Items/SnowManMiddle1	SnowManMiddle2
I2Languages (I2.Loc.LanguageSourceAsset)	Items/DesSnowManMiddle1	DesSnowManMiddle2
I2Languages (I2.Loc.LanguageSourceAsset)	Items/SnowManMiddle2	SnowManMiddle3
I2Languages (I2.Loc.LanguageSourceAsset)	Items/DesSnowManMiddle2	DesSnowManMiddle3
I2Languages (I2.Loc.LanguageSourceAsset)	Items/MountainInfiniteLevelNote	Diane Note
I2Languages (I2.Loc.LanguageSourceAsset)	Items/MountainLogs	Logs for later
I2Languages (I2.Loc.LanguageSourceAsset)	Items/SnowmanBook	How to Build a Snowman
I2Languages (I2.Loc.LanguageSourceAsset)	Items/DesSnowmanBook	DesSnowmanBook
I2Languages (I2.Loc.LanguageSourceAsset)	Items/MountainHerbBook	MountainHerbBook
I2Languages (I2.Loc.LanguageSourceAsset)	Items/DesMountainHerbBook	DesMountainHerbBook
I2Languages (I2.Loc.LanguageSourceAsset)	Items/MountainTraderNote	MountainTraderNote
I2Languages (I2.Loc.LanguageSourceAsset)	Items/YetiFootPrint	Big Foot Print
I2Languages (I2.Loc.LanguageSourceAsset)	Items/YetiHandPrint	Big Hand Print
I2Languages (I2.Loc.LanguageSourceAsset)	Items/YetiRock	Yeti-shaped Rock
I2Languages (I2.Loc.LanguageSourceAsset)	Skills/ArtOfNegotiationBook1	Better prices achieved in trade.
I2Languages (I2.Loc.LanguageSourceAsset)	Skills/ArtOfNegotiationBook2	Even better prices achieved in trade.
I2Languages (I2.Loc.LanguageSourceAsset)	Skills/BuilderBook	Faster building of shelter rooms.
I2Languages (I2.Loc.LanguageSourceAsset)	Skills/DoItYourselfBook1	Faster crafting.
I2Languages (I2.Loc.LanguageSourceAsset)	Skills/DoItYourselfBook2	Even faster crafting.
I2Languages (I2.Loc.LanguageSourceAsset)	Skills/GardeningBook1	Faster plants growth.
I2Languages (I2.Loc.LanguageSourceAsset)	Skills/GardeningBook2	Even faster plants growth.
I2Languages (I2.Loc.LanguageSourceAsset)	Skills/HealthyEatingBook	More health from food.
I2Languages (I2.Loc.LanguageSourceAsset)	Skills/MartialArtsBook1	More damage and speed in fight. \nLets you move and attack simultaneously.
I2Languages (I2.Loc.LanguageSourceAsset)	Skills/MartialArtsBook2	Even more damage and speed in fight. \nLets you move and attack simultaneously.\nUnlocks critical hits.
I2Languages (I2.Loc.LanguageSourceAsset)	Skills/NoSleepBook	More stamina and Preparedness gained from sleeping and napping.
I2Languages (I2.Loc.LanguageSourceAsset)	Skills/PetrolheadBook	Smaller fuel usage in cars and other machines.
I2Languages (I2.Loc.LanguageSourceAsset)	Skills/PreppersGuideBook	Slower Preparedness drain.
I2Languages (I2.Loc.LanguageSourceAsset)	Skills/StrengthTrainingBook1	You can carry more.
I2Languages (I2.Loc.LanguageSourceAsset)	Skills/StrengthTrainingBook2	You can carry even more.
I2Languages (I2.Loc.LanguageSourceAsset)	Skills/WalrusBook	Better resistance to cold.
I2Languages (I2.Loc.LanguageSourceAsset)	Skills/	
I2Languages (I2.Loc.LanguageSourceAsset)	Skills/FishTemptationTechniques	Fish catch baits faster.
I2Languages (I2.Loc.LanguageSourceAsset)	Skills/GroundbaitVirtuoso	You gain a chance of not losing a bait when fishing.
I2Languages (I2.Loc.LanguageSourceAsset)	Skills/MaintenanceOfTheFishermansEquipment	Fishing rods wear out slower.
I2Languages (I2.Loc.LanguageSourceAsset)	Skills/AnimalExtractionBook	You get more of a product out of every animal (wool, milk, etc.)
I2Languages (I2.Loc.LanguageSourceAsset)	Skills/AnimalsWhispererBook	Animals are no longer scared of you. \nUnlocks new interactions.
I2Languages (I2.Loc.LanguageSourceAsset)	Skills/ClimbingBook	Stamina drains slower while climbing.
I2Languages (I2.Loc.LanguageSourceAsset)	Skills/WalrusBook2	Even better resistance to cold.
I2Languages (I2.Loc.LanguageSourceAsset)	Skills/PumaExpertBook	You can't be suprise attacked by pumas.
I2Languages (I2.Loc.LanguageSourceAsset)	Letter/herbTittel	Dear Neighbor,
I2Languages (I2.Loc.LanguageSourceAsset)	Letter/herbSignature	The Local Herbalist
I2Languages (I2.Loc.LanguageSourceAsset)	Letter/herbFirstLetter	Do you like flowers, herbs and plants in general? Are you having trouble making friends in the town? Are you tired of urban life and sad men in suits visiting your home? Do you enjoy nature?\nIf any of this is true to you (and I'm sure it is!), please come to the forest during the day. You might meet someone friendly!\n
I2Languages (I2.Loc.LanguageSourceAsset)	Letter/herbPill	It seems you didn't achieve what you wanted during your last trip. Take this and have better luck next time!
I2Languages (I2.Loc.LanguageSourceAsset)	Letter/minutTittle	Dear Mr. Prepper,
I2Languages (I2.Loc.LanguageSourceAsset)	Letter/minutSignature	Yours truly,\nThe Minuteman\n
I2Languages (I2.Loc.LanguageSourceAsset)	Letter/minutFirstLetter	You don't know me, but your ambitions have caught my eye. You are an interesting person, Mr. Prepper. And there are not many interesting people in the town these days. \nI know that your little road trip didn't go well. Too bad! But if I may suggest something: go big. And don't stick to land route only. I'm attaching something you may find useful. It's a tried and tested design. It might seem crazy at a first glance, but Prepper, I know you can do it. \nAnd don't be afraid, your secrets are safe with me. And expect more fan mail from me soon!\n
I2Languages (I2.Loc.LanguageSourceAsset)	Letter/minutLetter2	I hope my letter finds you well. Do you feel inspired by my last gift?\nI would like to start a small exchange between us, if you'll agree. From time to time, I will send you a letter or a package with some useful information or an item. And I have access to some rather curious supplies and sources, trust me!\nHowever, there are some things that are hard to obtain for me – and here is where I believe you, Mr. Prepper, would help me. \nYou can deliver me things like you would trade them on the local marketplace – I'm sure you'll figure this out.\nAs an icebreaker - I would just love, love to have a jar of blueberry jam! \n\n\n
I2Languages (I2.Loc.LanguageSourceAsset)	Letter/minutLetter3	How are you? I have recently taken interest in a certain fascinating topic that can also become timely. However, due to regulations of our wise government – bless the President – obtaining reliable sources on this topic is challenging.\nBut Mr. Prepper, you might have more luck! Please deliver me a good book about nuclear warfare and its consequences. Something non-fiction. I am sure I can make up for all the trouble!\nI am not sure where to obtain unusual books these days, given the Agency's pressure. I think the whole book business must have gone underground.
I2Languages (I2.Loc.LanguageSourceAsset)	Letter/minutLetter4	Thank you very much for the book, it was very informative indeed! Now I have a follow-up request: could you bring me a Geiger counter? I am not saying I need to use it right now… but still I would like to learn how to use it, and rather sooner than later. \nThe Geiger counter is already quite an old technology; maybe you'll find one where other old things are?\nI will be grateful!
I2Languages (I2.Loc.LanguageSourceAsset)	Letter/minutLetter5	Thank you very much for the Geiger counter! Now I feel much more… prepared. \nRemember my first gift for you? Have you already started constructing your vehicle? I'm sure you'll handle most of it easily, but keep in mind that such technology requires impeccable quality of elements, hard to achieve in our do-it-yourself conditions.\nBut fear not! I happen to know about a device which will help you greatly: an AI-based, highly adaptable rocket control module, together with a top-notch accelerometer.\nI know you can find the control module in Fort Observer, an abandoned military base not far from Murricaville. They used to work on sending things to space there, among other research. I cannot point you to a specific location, unfortunately. But I'm sure you'll find a way, Mr. Prepper!\n\n
I2Languages (I2.Loc.LanguageSourceAsset)	Letter/minutLetter6	I'm afraid we are both in trouble. Despite my precautions, there is a certain Agent who has taken interest in me and my recent... investigations. If he keeps snooping around, he might also get to you eventually.\nBut here's how you can help: you could put the Agent in trouble so he gets off our backs. This Agent lives nearby under the name of James FitzPatrick. \nPlant him an illegal item and I'll denounce him to the Agency.\nIt would be best if it was not simply illegal, but... illegal with a flair. To truly impress other Agents.\nI have a feeling the postman would be willing to help with this. He's also not a fan of the Agency. \nRemember, Mr. Prepper, it's for our safety! Our ambitions are too grand to be thwarted by some petty agents!\n
I2Languages (I2.Loc.LanguageSourceAsset)	Letter/minutLetterWaterControl	Just a quick note: my source in the Agency tells me that the water usage will be added to the things checked during an inspection. Excessive use may be noticed. Please pay attention!
I2Languages (I2.Loc.LanguageSourceAsset)	Letter/minutLetterElectricityControl	Heads up: as our great country has some problems with electricity supply, the Agency plans to start controlling domestic electricity usage. Keep in mind that high consumption may look suspicious. Take care!
I2Languages (I2.Loc.LanguageSourceAsset)	Letter/minutLetterCupboardControl	A quick friendly warning: the Agency wants to ramp up the intensity of inspections. Be ready that they might want to look into your cupboards and prepare accordingly.
I2Languages (I2.Loc.LanguageSourceAsset)	Letter/minutLetterCupboardControl2	And here I am with another warning: some people in the Agency are determined to prove you really are up to something, and they will look into your cupboards and cabinets even more closely. Be sure to keep anything that might be suspicious out of their sight!
I2Languages (I2.Loc.LanguageSourceAsset)	Letter/huntLetterAd	<i><b><pos=20%><size=140%>HUNTER'S CLUB\n<line-height=20%>\n<line-height=100%><pos=10%><size=100%>Everything what the wilderness around Murricaville has to offer! Fresh game from different animals, free-range and ethically shot to death! And if you want to do the hunting yourself – I offer a wide choice of traps & baits.\n<line-height=70%><pos=40%><size=80%>-- Lavinia, your local huntress
I2Languages (I2.Loc.LanguageSourceAsset)	Letter/minutLetter7	I regret to inform you that while our small sabotage has worked out brilliantly – Agent FitzPatrick will never bother any citizens again – I am in a dire situation now. We took out the Agent, but the Agency has noticed my special interests anyway. I am in hiding now; I had to leave my job, house, and most of my things. I am not as well prepared for such situations like you, so I need to ask for your help. Could you send me some food? Preferably canned and long-lasting.\nI also need to inform you of something you won't read in the Truth: the international situation is very tense currently. It seems the foreign powers have serious concerns about the real purpose of the Brazen Serpent satellite. It's hard to say how it ends.\nTake care and don't forget about me, Mr. Prepper!\n
I2Languages (I2.Loc.LanguageSourceAsset)	Letter/minutLetter8	Thank you very much for the food you sent me! You are my inspiration and guardian angel, Mr. Prepper. \nThis might be the last letter I am sending you and I have one final request. They are coming for me to my hideout. And I need to be prepared: either for forcing my way through them or making my last stand. For that, I need sufficient firepower. A regular handgun will not do.\nDear Mr. Prepper, could you give me an automatic rifle and 100 rounds of ammunition? If I survive the battle, I promise to answer a lot of questions that must be bugging you. If I do not, please remember me dearly, Mr. Prepper.\n
I2Languages (I2.Loc.LanguageSourceAsset)	Letter/	
I2Languages (I2.Loc.LanguageSourceAsset)	Letter/HalloweenNote	Dear Citizen, Boo-hoo! It's Halloween time!Find the scarecrow! (And please remember to be compliant with security & wellbeing regulations at all times.)
I2Languages (I2.Loc.LanguageSourceAsset)	Letter/farmInvitationTittle	Work Order - Farm
I2Languages (I2.Loc.LanguageSourceAsset)	Letter/farmInvitation	Dear Citizen,\nin accordance with the Resources & Workforce Allocation Act, you are now assigned to the task of repair and maintenance of the White Sands Farm. Please arrive to the location without any unnecessary delay. \nBless the President,
I2Languages (I2.Loc.LanguageSourceAsset)	Letter/farmInvitationSignature	The Agency
I2Languages (I2.Loc.LanguageSourceAsset)	Letter/joeUraniumTittle	A New Find
I2Languages (I2.Loc.LanguageSourceAsset)	Letter/joeUraniumLetter	Hey, Prepper!\nCome to my junkyard, I have something for you! A very interesting find! It glows in UV light!
I2Languages (I2.Loc.LanguageSourceAsset)	Letter/joeSignature	Joe 
I2Languages (I2.Loc.LanguageSourceAsset)	Letter/cryoTechNote1	cryoTechNote
I2Languages (I2.Loc.LanguageSourceAsset)	Letter/cryoTechNote2	cryoTechNote
I2Languages (I2.Loc.LanguageSourceAsset)	Letter/cryoTechNote3	cryoTechNote
I2Languages (I2.Loc.LanguageSourceAsset)	Letter/cryoTechNote4	cryoTechNote
I2Languages (I2.Loc.LanguageSourceAsset)	Letter/cryoTechNote5	cryoTechNote
I2Languages (I2.Loc.LanguageSourceAsset)	Tips/tip	Tip
I2Languages (I2.Loc.LanguageSourceAsset)	Tips/tipDefault0	Prepare yourself for the worst
I2Languages (I2.Loc.LanguageSourceAsset)	Tips/tipDefault1	You can move items from and into boxes with a double click
I2Languages (I2.Loc.LanguageSourceAsset)	Tips/tipDefault1Port	You can move items from and into boxes by press <sprite index=Button2_UIAtlas> on them
I2Languages (I2.Loc.LanguageSourceAsset)	Tips/tipDefault2	You can move items from and into boxes with Shift + LMB
I2Languages (I2.Loc.LanguageSourceAsset)	Tips/tipDefault2Port	You can move items from and into boxes with <sprite index=Button8_UIAtlas> while holding <sprite index=Button0_UIAtlas>
I2Languages (I2.Loc.LanguageSourceAsset)	Tips/tipDefault3	Hold Shift to place items more precisely
I2Languages (I2.Loc.LanguageSourceAsset)	Tips/tipDefault3Port	Hold <sprite index=Button26_UIAtlas> to place items more precisely
I2Languages (I2.Loc.LanguageSourceAsset)	Tips/tipDefault4	Inspecting items and reading their descriptions can give useful tips
I2Languages (I2.Loc.LanguageSourceAsset)	Tips/tipDefault5	Plants can wilt if you don't take care of them
I2Languages (I2.Loc.LanguageSourceAsset)	Tips/tipDefault6	Crafting and cooking increases your Preparedness 
I2Languages (I2.Loc.LanguageSourceAsset)	Tips/tipDefault7	Planting, watering and harvesting plants increases your Preparedness 
I2Languages (I2.Loc.LanguageSourceAsset)	Tips/tipDefault8	Trading increases your Preparedness 
I2Languages (I2.Loc.LanguageSourceAsset)	Tips/tipDefault9	Go to sleep early to regenerate more stamina
I2Languages (I2.Loc.LanguageSourceAsset)	Tips/tipDefault10	Reading news increases your Preparedness 
I2Languages (I2.Loc.LanguageSourceAsset)	Tips/tipDefault11	Keep your stamina and health over 50% to avoid losing Preparedness 
I2Languages (I2.Loc.LanguageSourceAsset)	Tips/tipDefault12	You craft faster while your stamina and health are over 50%
I2Languages (I2.Loc.LanguageSourceAsset)	Tips/tipDefault13	Disassembling items gives you their blueprints
I2Languages (I2.Loc.LanguageSourceAsset)	Tips/tipDefault14	Your stamina decreases faster while you work
I2Languages (I2.Loc.LanguageSourceAsset)	Tips/tipDefault15	Your Preparedness decreases slower while you work
I2Languages (I2.Loc.LanguageSourceAsset)	Tips/tipDefault16	While dragging a group of items, click RMB to drop one item
I2Languages (I2.Loc.LanguageSourceAsset)	Tips/tipDefault16Port	While dragging a group of items, press <sprite index=Button29_UIAtlas> to drop one item
I2Languages (I2.Loc.LanguageSourceAsset)	Tips/tipMines1	You can melt stone into glass in a furnace
I2Languages (I2.Loc.LanguageSourceAsset)	Tips/tipDefault17	Some items in locations respawn over time
I2Languages (I2.Loc.LanguageSourceAsset)	Tips/tipDesert1	You can disassemble grenades
I2Languages (I2.Loc.LanguageSourceAsset)	Tips/tipDesert2	Scavenging the desert is a good source of many materials. The farther you go, the better the loot
I2Languages (I2.Loc.LanguageSourceAsset)	Tips/tipDefault18	Level up traders to unlock new ones
I2Languages (I2.Loc.LanguageSourceAsset)	Tips/tipDefault19	Always read letters
I2Languages (I2.Loc.LanguageSourceAsset)	Tips/tipMines2	You need a mining helmet to see in the dark
I2Languages (I2.Loc.LanguageSourceAsset)	Tips/tipDesert3	Some NPCs appear only at night
I2Languages (I2.Loc.LanguageSourceAsset)	Tips/tipDefault20	Read your journal if you get lost
I2Languages (I2.Loc.LanguageSourceAsset)	Tips/tipDefault21	Most items can be used quickly with LMB
I2Languages (I2.Loc.LanguageSourceAsset)	Tips/tipDefault21Port	Most items can be used quickly with <sprite index=Button0_UIAtlas>
I2Languages (I2.Loc.LanguageSourceAsset)	Tips/tipDefault22	Double-click on an action in the context menu of an item to run to it and perform the action
I2Languages (I2.Loc.LanguageSourceAsset)	Tips/tipDefault22Port	Double-press <sprite index=Button0_UIAtlas> on an action in the context menu of an item to run to it and perform the action
I2Languages (I2.Loc.LanguageSourceAsset)	Tips/tipDefault23	Hold Left Ctrl to speed up time
I2Languages (I2.Loc.LanguageSourceAsset)	Tips/tipDefault24	You can destroy rooms in the building mode by clicking the red cross button
I2Languages (I2.Loc.LanguageSourceAsset)	Tips/tipDefault24Port	You can destroy rooms in the building mode by selecting the red cross
I2Languages (I2.Loc.LanguageSourceAsset)	Tips/tipForest1	Take a look at a note on the traps sign to get an idea of a kind of loot you can get in this area
I2Languages (I2.Loc.LanguageSourceAsset)	Tips/tipDefault25	
I2Languages (I2.Loc.LanguageSourceAsset)	Tips/tipAgent1	If your suspicion level is high it will take multiple visits to bring it back down
I2Languages (I2.Loc.LanguageSourceAsset)	Tips/tipAgent2	You can get the positive Agent buff only if your suspicion level is at 0 
I2Languages (I2.Loc.LanguageSourceAsset)	Tips/tipAgent3	If you were a good citizen for a long time, Agent may turn a blind eye
I2Languages (I2.Loc.LanguageSourceAsset)	Tips/tipAgent4	Power of negative agent buff is dependent on your suspicion level
I2Languages (I2.Loc.LanguageSourceAsset)	Tips/tipFaint1	You can reload one of last 30 days after you faint four times
I2Languages (I2.Loc.LanguageSourceAsset)	Tips/tipFaint2	You can get rid of after-faint debuff by sleeping
I2Languages (I2.Loc.LanguageSourceAsset)	Tips/	
I2Languages (I2.Loc.LanguageSourceAsset)	Tips/tipFarm1	Hamsters can help you generate power 
I2Languages (I2.Loc.LanguageSourceAsset)	Tips/tipFarm2	Plant flowers in a room with beehive so the bees can produce some honey
I2Languages (I2.Loc.LanguageSourceAsset)	Tips/tipFarm3	Cows produce more milk than goats 
I2Languages (I2.Loc.LanguageSourceAsset)	Tips/tipFarm4	You can kill animals to get meat - but please don't 
I2Languages (I2.Loc.LanguageSourceAsset)	Tips/tipFarm5	You can breed animals - take good care of them and leave extra space in room for the offspring! 
I2Languages (I2.Loc.LanguageSourceAsset)	Tips/tipFarm6	Breeding and selling animals can be a good business
I2Languages (I2.Loc.LanguageSourceAsset)	Tips/tipFarm7	Different animal variants can breed with each other without any issues
I2Languages (I2.Loc.LanguageSourceAsset)	Tips/tipFarm8	Animals need enough space to live. Fences and room borders restrict their living space
I2Languages (I2.Loc.LanguageSourceAsset)	Tips/tipFarm9	If the needs of animals are not satisfied, they won't produce anything and won't be able to breed
I2Languages (I2.Loc.LanguageSourceAsset)	Tips/tipFarm10	You can buy a book with new cooking recipes from Will 
I2Languages (I2.Loc.LanguageSourceAsset)	Tips/tipFarm11	Will sells different animals on higher trade levels
I2Languages (I2.Loc.LanguageSourceAsset)	Tips/tipFarm12	You can fillet fish to eat them. Some fish turn to baits instead of food when filleted 
I2Languages (I2.Loc.LanguageSourceAsset)	Tips/tipMaze1	The night maze opens at 6 PM every day 
I2Languages (I2.Loc.LanguageSourceAsset)	Tips/tipMaze2	The night maze is harder, but gives better rewards 
I2Languages (I2.Loc.LanguageSourceAsset)	Tips/tipMaze3	Use the map to avoid Skull rooms
I2Languages (I2.Loc.LanguageSourceAsset)	Tips/tipFishingLakeSign1	Fish have their preferences regarding weather, time of day and other things
I2Languages (I2.Loc.LanguageSourceAsset)	Tips/tipFishingLakeSign2	You can check the weather forecast on the radio
I2Languages (I2.Loc.LanguageSourceAsset)	Tips/tipFishingLakeSign3	If you are hunting for a specific fish, read about its preferences on an info board near the lake
I2Languages (I2.Loc.LanguageSourceAsset)	Tips/tipFishingLakeSign4	Not every fish likes the same thing - choose your baits well
I2Languages (I2.Loc.LanguageSourceAsset)	Tips/tipAnimalsXeno1	The more Xeno trusts you, the more activities he is willing to do
I2Languages (I2.Loc.LanguageSourceAsset)	Tips/tipAnimalsXeno2	Activities with Xeno increase his trust level
I2Languages (I2.Loc.LanguageSourceAsset)	Tips/tipAnimalsXeno3	Remember to meet Xeno's needs, otherwise he will be forced to meet them elsewhere
I2Languages (I2.Loc.LanguageSourceAsset)	Tips/tipAnimalsXeno4	Xeno is very fond of rat meat treats
I2Languages (I2.Loc.LanguageSourceAsset)	Tips/tipNuclear1	If you equip your Geiger Counter, it will automatically open when it detects a source of radiation.
I2Languages (I2.Loc.LanguageSourceAsset)	Tips/tipNuclear2	Radiated items are hidden everywhere! Use a Geiger Counter to find them.
I2Languages (I2.Loc.LanguageSourceAsset)	Tips/tipNuclear3	Anti-radiation extract is the best method to quickly reduce the Prepper's radiation level.
I2Languages (I2.Loc.LanguageSourceAsset)	Tips/tipNuclear4	Nap, sleep or eat to reduce Prepper's radiation level.
I2Languages (I2.Loc.LanguageSourceAsset)	Tips/tipNuclear5	You can safely keep Nuclear Material in your inventory. Its radiation level is too small to affect you.
I2Languages (I2.Loc.LanguageSourceAsset)	Tips/tipNuclear6	Keeping irradiated items in your inventory makes the Prepper's radiation level grow.
I2Languages (I2.Loc.LanguageSourceAsset)	Tips/tipNuclear7	Some of the irradiated items can respawn. 
I2Languages (I2.Loc.LanguageSourceAsset)	Tips/tipNuclear8	Dr Edward, the scientist, can give you recipes for items that automate planting and harvesting. 
I2Languages (I2.Loc.LanguageSourceAsset)	Tips/tipNuclear9	Use a Pitter to get seeds out of fruits, vegetables and other items.
I2Languages (I2.Loc.LanguageSourceAsset)	Tips/tipNuclear10	Keep irradiated items away from food and plants.
I2Languages (I2.Loc.LanguageSourceAsset)	Tips/tipNuclear11	Centrifuge can be used to clear some items of radiation.
I2Languages (I2.Loc.LanguageSourceAsset)	Tips/tipNuclear12	If you don't know where to find an item from a Scientist's Request, just ask him!
I2Languages (I2.Loc.LanguageSourceAsset)	Tips/tipNuclear13	Crane Minigame price resets every day.
I2Languages (I2.Loc.LanguageSourceAsset)	Tutorial/FirstFight1	Combat: [Q] - attack left, [E] - attack right
I2Languages (I2.Loc.LanguageSourceAsset)	Tutorial/FirstFight2	Move away to dodge wolfthem.
I2Languages (I2.Loc.LanguageSourceAsset)	Tutorial/FirstFight3	Hold <color=yellow>Left Control</color> to block the wolf's attacks
I2Languages (I2.Loc.LanguageSourceAsset)	Tutorial/FirstFight3Port	Hold <sprite index=Button26_UIAtlas> to block the wolf's attacks
I2Languages (I2.Loc.LanguageSourceAsset)	Tutorial/FirstFight4	or move away to dodge them.
I2Languages (I2.Loc.LanguageSourceAsset)	Tutorial/FirstFight5	Use your bat in fight.
I2Languages (I2.Loc.LanguageSourceAsset)	Tutorial/FirstFight6	Good luck!
I2Languages (I2.Loc.LanguageSourceAsset)	Tutorial/FirstFightAddon1	Oh wait--
I2Languages (I2.Loc.LanguageSourceAsset)	Tutorial/FirstFightAddon2	--you don't have a baseball bat!
I2Languages (I2.Loc.LanguageSourceAsset)	Tutorial/FirstFightAddon3	In this case...
I2Languages (I2.Loc.LanguageSourceAsset)	Tutorial/FirstFightAddon4	...you should RUN!
I2Languages (I2.Loc.LanguageSourceAsset)	Tutorial/tt1	Tutorial
I2Languages (I2.Loc.LanguageSourceAsset)	Tutorial/tt2	Controls
I2Languages (I2.Loc.LanguageSourceAsset)	Tutorial/tt3	Nap time
I2Languages (I2.Loc.LanguageSourceAsset)	Tutorial/tt4	Hunger
I2Languages (I2.Loc.LanguageSourceAsset)	Tutorial/tt5	Preparedness
I2Languages (I2.Loc.LanguageSourceAsset)	Tutorial/tt6	New escape plan
I2Languages (I2.Loc.LanguageSourceAsset)	Tutorial/tt7	Build a bunker
I2Languages (I2.Loc.LanguageSourceAsset)	Tutorial/tt8	Old friend
I2Languages (I2.Loc.LanguageSourceAsset)	Tutorial/tt9	Workbench
I2Languages (I2.Loc.LanguageSourceAsset)	Tutorial/tt10	Trading
I2Languages (I2.Loc.LanguageSourceAsset)	Tutorial/tt11	Forest
I2Languages (I2.Loc.LanguageSourceAsset)	Tutorial/tt12	Collecting
I2Languages (I2.Loc.LanguageSourceAsset)	Tutorial/tt13	Back home
I2Languages (I2.Loc.LanguageSourceAsset)	Tutorial/tt14	Disassemble
I2Languages (I2.Loc.LanguageSourceAsset)	Tutorial/tt15	You've got mail
I2Languages (I2.Loc.LanguageSourceAsset)	Tutorial/tt16	Refresh
I2Languages (I2.Loc.LanguageSourceAsset)	Tutorial/tt17	Ladder
I2Languages (I2.Loc.LanguageSourceAsset)	Tutorial/tt18	Place the ladder
I2Languages (I2.Loc.LanguageSourceAsset)	Tutorial/tt19	Light
I2Languages (I2.Loc.LanguageSourceAsset)	Tutorial/tt20	Light
I2Languages (I2.Loc.LanguageSourceAsset)	Tutorial/tt21	Light
I2Languages (I2.Loc.LanguageSourceAsset)	Tutorial/tt22	Night time
I2Languages (I2.Loc.LanguageSourceAsset)	Tutorial/tt23	Agent inspection
I2Languages (I2.Loc.LanguageSourceAsset)	Tutorial/tt24	Report
I2Languages (I2.Loc.LanguageSourceAsset)	Tutorial/tt25	Workbench
I2Languages (I2.Loc.LanguageSourceAsset)	Tutorial/tt26	Breakfast
I2Languages (I2.Loc.LanguageSourceAsset)	Tutorial/tt27	Journal
I2Languages (I2.Loc.LanguageSourceAsset)	Tutorial/	
I2Languages (I2.Loc.LanguageSourceAsset)	Tutorial/td1	This is a tutorial. Let me show you around.
I2Languages (I2.Loc.LanguageSourceAsset)	Tutorial/td2	Get familiar with the basic controls.
I2Languages (I2.Loc.LanguageSourceAsset)	Tutorial/td3	You are tired after your escape attempt. You deserve a <color=yellow>nap</color>.
I2Languages (I2.Loc.LanguageSourceAsset)	Tutorial/td4	You are hungry. Go <color=yellow>eat</color> something. 
I2Languages (I2.Loc.LanguageSourceAsset)	Tutorial/td5	Keep your Preparedness high.
I2Languages (I2.Loc.LanguageSourceAsset)	Tutorial/td6	Check your new <color=yellow>escape plan</color>.
I2Languages (I2.Loc.LanguageSourceAsset)	Tutorial/td7	Build the first room of your bunker.
I2Languages (I2.Loc.LanguageSourceAsset)	Tutorial/td7Port	Build the first room of your bunker. Select Room option, point place to create room and confirm with<sprite index=Button0_UIAtlas>
I2Languages (I2.Loc.LanguageSourceAsset)	Tutorial/td8	You need to craft a <color=yellow>ladder</color> for your bunker. \nFirst, uncover your trusty <color=yellow>workbench</color>. 
I2Languages (I2.Loc.LanguageSourceAsset)	Tutorial/td9	Your workbench is a bit rusty. \nLet's see what you need to refresh it.
I2Languages (I2.Loc.LanguageSourceAsset)	Tutorial/td10	You will need some metal and some wood. Start with buying <color=yellow>8 units of metal</color>.
I2Languages (I2.Loc.LanguageSourceAsset)	Tutorial/td11	Go to the forest and find some wood. 
I2Languages (I2.Loc.LanguageSourceAsset)	Tutorial/td12	# wood logs.
I2Languages (I2.Loc.LanguageSourceAsset)	Tutorial/td13	Go back home.
I2Languages (I2.Loc.LanguageSourceAsset)	Tutorial/td14	Disassemble 3 logs to get wood. \n<color=yellow># logs disassembled<color=yellow>.
I2Languages (I2.Loc.LanguageSourceAsset)	Tutorial/td15	Receive your metal.
I2Languages (I2.Loc.LanguageSourceAsset)	Tutorial/td16	Upgrade your workbench.
I2Languages (I2.Loc.LanguageSourceAsset)	Tutorial/td17	You can finally craft a ladder!
I2Languages (I2.Loc.LanguageSourceAsset)	Tutorial/td18	Just place the ladder. Drag & drop it.
I2Languages (I2.Loc.LanguageSourceAsset)	Tutorial/td19	You need <color=yellow>lamps</color> for your bunker. You need <color=yellow>glass</color> to make them. Let's disassemble something at the workbench.
I2Languages (I2.Loc.LanguageSourceAsset)	Tutorial/td20	Craft a wall lamp.
I2Languages (I2.Loc.LanguageSourceAsset)	Tutorial/td21	Place wall lamp in the bunker. Drag & drop it.
I2Languages (I2.Loc.LanguageSourceAsset)	Tutorial/td21Port	Place wall lamp in the bunker.
I2Languages (I2.Loc.LanguageSourceAsset)	Tutorial/td22	You NEED to go to sleep before <color=yellow>3 AM</color>. 
I2Languages (I2.Loc.LanguageSourceAsset)	Tutorial/td23	The Agent will come soon. You need to <color=yellow>hide or grab suspicious items</color> and open the door for him.
I2Languages (I2.Loc.LanguageSourceAsset)	Tutorial/td24	This is the Agent's report. Keep your house in unchanged state so the reports stay positive.
I2Languages (I2.Loc.LanguageSourceAsset)	Tutorial/td25	Place the workbench in your bunker.
I2Languages (I2.Loc.LanguageSourceAsset)	Tutorial/td26	Cook and eat some food.
I2Languages (I2.Loc.LanguageSourceAsset)	Tutorial/td27	Check your journal.
I2Languages (I2.Loc.LanguageSourceAsset)	Tutorial/tutPrep1	This is your Preparedness.
I2Languages (I2.Loc.LanguageSourceAsset)	Tutorial/tutPrep2	It's your most valuable stat.
I2Languages (I2.Loc.LanguageSourceAsset)	Tutorial/tutPrep3	If it drops to zero, you will faint.
I2Languages (I2.Loc.LanguageSourceAsset)	Tutorial/tutPrep4	Stay well fed and well rested to keep it high.
I2Languages (I2.Loc.LanguageSourceAsset)	Tutorial/tutFoodSource	Establish \na food source
I2Languages (I2.Loc.LanguageSourceAsset)	Tutorial/tutBuildFirstRoom	Build the first room
I2Languages (I2.Loc.LanguageSourceAsset)	Tutorial/tutBuildFirstRoom2	of my bunker.
I2Languages (I2.Loc.LanguageSourceAsset)	Tutorial/tutGrowPlant	Grow some plants
I2Languages (I2.Loc.LanguageSourceAsset)	Tutorial/tutGrowPlant2	in my bunker.
I2Languages (I2.Loc.LanguageSourceAsset)	Tutorial/tutBasic0	or
I2Languages (I2.Loc.LanguageSourceAsset)	Tutorial/tutBasic1	to see what you can do with it
I2Languages (I2.Loc.LanguageSourceAsset)	Tutorial/tutBasic2	with
I2Languages (I2.Loc.LanguageSourceAsset)	Tutorial/tutBasicCamera	Move camera using
I2Languages (I2.Loc.LanguageSourceAsset)	Tutorial/tutBasicPrepper	Move Mr. Prepper
I2Languages (I2.Loc.LanguageSourceAsset)	Tutorial/tutBasicRun	Double click to run
I2Languages (I2.Loc.LanguageSourceAsset)	Tutorial/tutBasicRunPort	Double press <sprite index=Button0_UIAtlas> to run
I2Languages (I2.Loc.LanguageSourceAsset)	Tutorial/tutBasicClickOn	on any object
I2Languages (I2.Loc.LanguageSourceAsset)	Tutorial/tutCantDoThat	You can't do that in the tutorial!
I2Languages (I2.Loc.LanguageSourceAsset)	Tutorial/tutPlants1.1	To make your basic underground farm you will need:
I2Languages (I2.Loc.LanguageSourceAsset)	Tutorial/tutPlants1.2	<color=yellow>5x Room Soil</color> - can be crafted in the workbench
I2Languages (I2.Loc.LanguageSourceAsset)	Tutorial/tutPlants1.3	<color=yellow>5x Seed bags</color> - you may find some in your home
I2Languages (I2.Loc.LanguageSourceAsset)	Tutorial/tutPlants1.4	Seeds can also be bought in trade.
I2Languages (I2.Loc.LanguageSourceAsset)	Tutorial/tutPlants2.1	Plants need <color=yellow>water</color> and <color=yellow>light</color> to grow.
I2Languages (I2.Loc.LanguageSourceAsset)	Tutorial/tutPlants2.2	You can take some water from a <color=yellow>sink</color>.
I2Languages (I2.Loc.LanguageSourceAsset)	Tutorial/tutPlants2.3	Keep your farm room <color=yellow>well lit</color>.\nMore light - faster growth.
I2Languages (I2.Loc.LanguageSourceAsset)	Tutorial/tutDriveAvoid	Hold <color=yellow>LMB</color> or <color=yellow>SPACE</color> to change the lane and avoid obstacles
I2Languages (I2.Loc.LanguageSourceAsset)	Tutorial/tutDriveAvoidPort	Hold <sprite index=Button0_UIAtlas> to change the lane and avoid obstacles
I2Languages (I2.Loc.LanguageSourceAsset)	Tutorial/tutDriveJump	Hold <color=yellow>RMB</color> or <color=yellow>LEFT SHIFT</color> to boost the car acceleration when the car goes up the ramp and jump safely
I2Languages (I2.Loc.LanguageSourceAsset)	Tutorial/tutDriveJumpPort	Hold <sprite index=Button3_UIAtlas> to boost the car acceleration when the car goes up the ramp and jump safely
I2Languages (I2.Loc.LanguageSourceAsset)	Tutorial/cooking1	Remember that you will get the most of your food\nif you cook it first.
I2Languages (I2.Loc.LanguageSourceAsset)	Tutorial/cooking2	Try to start with a soup or a smoothie.
I2Languages (I2.Loc.LanguageSourceAsset)	Tutorial/cooking3	Soups additionally require water - you can get it from the sink.
I2Languages (I2.Loc.LanguageSourceAsset)	Tutorial/blackOut1	It's a blackout. Too many things are using electricity.
I2Languages (I2.Loc.LanguageSourceAsset)	Tutorial/blackOut2	This is your electricity box.
I2Languages (I2.Loc.LanguageSourceAsset)	Tutorial/blackOut3	Here you can check the percentage of electricity being used.
I2Languages (I2.Loc.LanguageSourceAsset)	Tutorial/blackOut4	Electricity supply provided by the government is very limited.
I2Languages (I2.Loc.LanguageSourceAsset)	Tutorial/blackOut5	For now, you have to turn something off to get power back.
I2Languages (I2.Loc.LanguageSourceAsset)	Tutorial/blackOut6	Later on you will be able to build your own generators to get more electricity.
I2Languages (I2.Loc.LanguageSourceAsset)	Tutorial/trustTut1	This is your mutual trust level with this neighbor.
I2Languages (I2.Loc.LanguageSourceAsset)	Tutorial/trustTut2	Every time you level up your trust,
I2Languages (I2.Loc.LanguageSourceAsset)	Tutorial/trustTut3	you will get access to more and better offers.
I2Languages (I2.Loc.LanguageSourceAsset)	Tutorial/trustTut4	You may also unlock more traders this way via neighbor's recommendation.
I2Languages (I2.Loc.LanguageSourceAsset)	Tutorial/upgradeTut1	Room upgrade acquired!
I2Languages (I2.Loc.LanguageSourceAsset)	Tutorial/upgradeTut2	Put it inside a room upgrade box to upgrade a room.
I2Languages (I2.Loc.LanguageSourceAsset)	Tutorial/upgradeTut3	The number of room upgrade modules required to upgrade a room depends on the room size.
I2Languages (I2.Loc.LanguageSourceAsset)	Tutorial/mazeTut1	Reach the end of the maze.
I2Languages (I2.Loc.LanguageSourceAsset)	Tutorial/mazeTut2	The maze will close once you leave it.
I2Languages (I2.Loc.LanguageSourceAsset)	Tutorial/mazeTut3	The maze has 5 levels of difficulty.
I2Languages (I2.Loc.LanguageSourceAsset)	Tutorial/mazeTut4	Keep completing maze runs to reach the higher difficulty levels.
I2Languages (I2.Loc.LanguageSourceAsset)	Tutorial/dogExpeditionTut1	Your friendship with Xeno is already at such a high level that he has allowed himself for a little trip. 
I2Languages (I2.Loc.LanguageSourceAsset)	Tutorial/dogExpeditionTut2	After taking care of his doggy affairs, he will definitely come back to you.
I2Languages (I2.Loc.LanguageSourceAsset)	Tutorial/fishingTut1	Let's get you through the process of fishing.
I2Languages (I2.Loc.LanguageSourceAsset)	Tutorial/fishingTut2	It's not so easy to get yourself a fresh fish to eat. If you want to win the fight with a fish on the other end of the fishing line, you have to be successful in two types of events on this wheel.
I2Languages (I2.Loc.LanguageSourceAsset)	Tutorial/fishingTut3	Thin semicircles are about clicking in the right time. When you see a thin semicircle, click LMB or RMB right at the moment when a semicircle touches the inside circle.
I2Languages (I2.Loc.LanguageSourceAsset)	Tutorial/fishingTut4	When you see a thick semicircle, hold LMB or RMB throughout the whole time when a semicircle touches the inside circle.
I2Languages (I2.Loc.LanguageSourceAsset)	Tutorial/fishingTutLabel1	Fishing Minigame
I2Languages (I2.Loc.LanguageSourceAsset)	Tutorial/fishingTutLabel2	Click semicircle
I2Languages (I2.Loc.LanguageSourceAsset)	Tutorial/fishingTutLabel3	Hold semicircle
I2Languages (I2.Loc.LanguageSourceAsset)	Tutorial/postApoTut60Seconds0	Collect all the things important to you from the surface before more exposures happen.
I2Languages (I2.Loc.LanguageSourceAsset)	Tutorial/postApoTut60Seconds1	Hurry up becasue you have only <color=red>60 SECONDS</color>!
I2Languages (I2.Loc.LanguageSourceAsset)	Tutorial/tipCombatUpdate1	Use [Q] & [E] to attack.
I2Languages (I2.Loc.LanguageSourceAsset)	Tutorial/tipCombatUpdate2	You can change the preferred attack mode in the gameplay settings.
I2Languages (I2.Loc.LanguageSourceAsset)	Tutorial/tipEggsCollect1	Right click on the chicken coop and choose <color=yellow>Collect</color> to quickly collect all eggs at once.
I2Languages (I2.Loc.LanguageSourceAsset)	Tutorial/tutMountainItemPlacement1	When placing items on the mountain,\na <color=blue>blue</color> highlight means Prepper will need to climb to reach that spot.
I2Languages (I2.Loc.LanguageSourceAsset)	Tutorial/tutMountainItemPlacement2	He might not be able to get there,\nbut he will give it a try.
I2Languages (I2.Loc.LanguageSourceAsset)	Tutorial/tutMountainClimbDebuff1	Prepper needs <color=#388942>stamina</color> to climb.
I2Languages (I2.Loc.LanguageSourceAsset)	Tutorial/tutMountainClimbDebuff2	The more stamina he has, the longer he can keep climbing.
I2Languages (I2.Loc.LanguageSourceAsset)	Tutorial/tutMountainClimbDebuff3	While climbing, the stamina bar <color=#BEC05C>fills up</color>, showing how close Prepper is to his limit.
I2Languages (I2.Loc.LanguageSourceAsset)	Tutorial/tutMountainClimbDebuff4	When the stamina bar starts turning <color=red>red</color>, Prepper is overexerting himself, activating a debuff that drains his stamina.
I2Languages (I2.Loc.LanguageSourceAsset)	Tutorial/tutMountainClimbDebuff5	If the stamina bar fills completely, Prepper will fall.
I2Languages (I2.Loc.LanguageSourceAsset)	Locations/Bob	Bob's House
I2Languages (I2.Loc.LanguageSourceAsset)	Locations/Citydumbs	Junkyard
I2Languages (I2.Loc.LanguageSourceAsset)	Locations/Forest	Forest
I2Languages (I2.Loc.LanguageSourceAsset)	Locations/Grocery	Grocery
I2Languages (I2.Loc.LanguageSourceAsset)	Locations/Home	Home
I2Languages (I2.Loc.LanguageSourceAsset)	Locations/Jenny	Jenny
I2Languages (I2.Loc.LanguageSourceAsset)	Locations/Jetsons	Jetsons' House
I2Languages (I2.Loc.LanguageSourceAsset)	Locations/Mine	Old Creek Mine
I2Languages (I2.Loc.LanguageSourceAsset)	Locations/Nancy	Nancy's House
I2Languages (I2.Loc.LanguageSourceAsset)	Locations/OilStation	Gas station
I2Languages (I2.Loc.LanguageSourceAsset)	Locations/Supermarket	Supermarket
I2Languages (I2.Loc.LanguageSourceAsset)	Locations/Hunter	Huntress
I2Languages (I2.Loc.LanguageSourceAsset)	Locations/Gourmet	Gourmet
I2Languages (I2.Loc.LanguageSourceAsset)	Locations/HomeLable	Home
I2Languages (I2.Loc.LanguageSourceAsset)	Locations/ForestLable	Forest
I2Languages (I2.Loc.LanguageSourceAsset)	Locations/MineLable	Old Creek Mine
I2Languages (I2.Loc.LanguageSourceAsset)	Locations/DesertLable	Desert
I2Languages (I2.Loc.LanguageSourceAsset)	Locations/ForestHutLable	Hut
I2Languages (I2.Loc.LanguageSourceAsset)	Locations/ForestJennyLable	Jenny's Hut
I2Languages (I2.Loc.LanguageSourceAsset)	Locations/MinutMan	Minuteman
I2Languages (I2.Loc.LanguageSourceAsset)	Locations/Sergiej	Sergey
I2Languages (I2.Loc.LanguageSourceAsset)	Locations/Joe	Joe
I2Languages (I2.Loc.LanguageSourceAsset)	Locations/	
I2Languages (I2.Loc.LanguageSourceAsset)	Locations/FortEntrance	Fort Observer - Entrance
I2Languages (I2.Loc.LanguageSourceAsset)	Locations/FortMain	Fort Observer
I2Languages (I2.Loc.LanguageSourceAsset)	Locations/FortStorage	Fort Observer - Storage
I2Languages (I2.Loc.LanguageSourceAsset)	Locations/Entrance	Entrance
I2Languages (I2.Loc.LanguageSourceAsset)	Locations/Level	Level
I2Languages (I2.Loc.LanguageSourceAsset)	Locations/LevelUnknown	Level Unknown
I2Languages (I2.Loc.LanguageSourceAsset)	Locations/Tailor	Tony the Tailor
I2Languages (I2.Loc.LanguageSourceAsset)	Locations/Will	Will the Farmer
I2Languages (I2.Loc.LanguageSourceAsset)	Locations/Hen	Henry the Chicken
I2Languages (I2.Loc.LanguageSourceAsset)	Locations/Farm	White Sands Farm
I2Languages (I2.Loc.LanguageSourceAsset)	Locations/Lake	Lake
I2Languages (I2.Loc.LanguageSourceAsset)	Locations/Maze	Wheat Maze
I2Languages (I2.Loc.LanguageSourceAsset)	Locations/UFOship	UFO Ship
I2Languages (I2.Loc.LanguageSourceAsset)	Locations/WheatField	Wheat Field
I2Languages (I2.Loc.LanguageSourceAsset)	Locations/UFOMaze	Mysterious Maze
I2Languages (I2.Loc.LanguageSourceAsset)	Locations/DeeperMine	Deeper Mine
I2Languages (I2.Loc.LanguageSourceAsset)	Locations/PowerPlant	Power Plant
I2Languages (I2.Loc.LanguageSourceAsset)	Locations/ExpeditionMine	Mine
I2Languages (I2.Loc.LanguageSourceAsset)	Locations/Mountain	Mountain
I2Languages (I2.Loc.LanguageSourceAsset)	Locations/MountainRailWay	Railway Station
I2Languages (I2.Loc.LanguageSourceAsset)	Locations/MountainRailWaySubText	out of 10
I2Languages (I2.Loc.LanguageSourceAsset)	Locations/MountainTrader	Climber
I2Languages (I2.Loc.LanguageSourceAsset)	Buff/Full	<b>Full</b>\nOm nom nom. \nYour fullness decreases slower.
I2Languages (I2.Loc.LanguageSourceAsset)	Buff/Hungry	<b>Hungry</b>\nYou are very hungry. \nYour Preparedness decreases faster. \nYou should eat something.
I2Languages (I2.Loc.LanguageSourceAsset)	Buff/NightTime	<b>Nighttime</b>\nIt's nighttime. \nYou can call it a day and go to sleep.
I2Languages (I2.Loc.LanguageSourceAsset)	Buff/Sleeping	<b>Sleeping</b>\nYou are asleep. \nYour stamina is regenerating.
I2Languages (I2.Loc.LanguageSourceAsset)	Buff/Sleepy	<b>Sleepy</b>\nYou're feeling drowsy.\nYour stamina decreases fast and you cannot nap.
I2Languages (I2.Loc.LanguageSourceAsset)	Buff/Tired	<b>Tired</b>\nYou are very tired. \nYour Preparedness decreases faster. \nYou should have a nap or go to sleep.
I2Languages (I2.Loc.LanguageSourceAsset)	Buff/Working	<b>Working</b>\nYou are working. \nYour stamina decreases faster.\nYour Preparedness decreases slower.
I2Languages (I2.Loc.LanguageSourceAsset)	Buff/InGoodCondition	<b>In Good Condition</b>\nYou are well fed and well rested.\nYour Preparedness is not decreasing and you can work faster.
I2Languages (I2.Loc.LanguageSourceAsset)	Buff/InBadCondition	<b>In Bad Condition</b>\nYour Preparedness is decreasing.\nGet your stamina and health over 50% to get into good condition!
I2Languages (I2.Loc.LanguageSourceAsset)	Buff/Cold1	<b>Cold</b>\nYou are cold. Your stamina decreases faster.\nCraft some warm clothes to counter it.
I2Languages (I2.Loc.LanguageSourceAsset)	Buff/Cold2	<b>Very Cold</b>\nYou are very cold. Your stamina and Preparedness decreases faster. \nCraft some warm clothes to counter it.
I2Languages (I2.Loc.LanguageSourceAsset)	Buff/Cold3	<b>Freezing</b>\nYou are extremely cold! All your stats decrease fast!\nEquip warm clothes or run away from here! 
I2Languages (I2.Loc.LanguageSourceAsset)	Buff/	
I2Languages (I2.Loc.LanguageSourceAsset)	Buff/BeatenUpName	Beaten Up
I2Languages (I2.Loc.LanguageSourceAsset)	Buff/BeatenUp1	<b>Beaten Up</b>\nRough night... Your max Preparedness is lowered. \nIt will go back to normal after you sleep through the night. 
I2Languages (I2.Loc.LanguageSourceAsset)	Buff/BeatenUp2	<b>Beaten Up Twice</b>\nRough night... Your max Preparedness is halved. \nIt will get better after you sleep through the night. 
I2Languages (I2.Loc.LanguageSourceAsset)	Buff/BeatenUp3	<b>Beaten Up Thrice</b>\nRough night... You know the drill.\nIt will get better after you sleep through the night. \nMake sure to sleep and eat a lot! Stay safe.
I2Languages (I2.Loc.LanguageSourceAsset)	Buff/Poison	<b>Poison</b>\nYou are poisoned. Have you eaten something raw or old?\nYou will get less health points from food.\nYou need to wait it out or sleep it off.
I2Languages (I2.Loc.LanguageSourceAsset)	Buff/Covard1	<b>Chicken</b>\nRunning from fights makes you feel... unPrepared.
I2Languages (I2.Loc.LanguageSourceAsset)	Buff/Covard2	<b>Coward</b>\nRunning from fights makes you feel unPrepared.\nWin a fight or go to sleep to fix that.
I2Languages (I2.Loc.LanguageSourceAsset)	Buff/Covard3	<b>Co- Co- Co- Coward</b>\nRunning from fights makes you feel unPrepared.\nWin a fight or go to sleep to fix that.
I2Languages (I2.Loc.LanguageSourceAsset)	Buff/KeepCalm	<b>Keep Calm</b>\nYour attributes are not changing during conversation.
I2Languages (I2.Loc.LanguageSourceAsset)	Buff/AgentP	<b>Agent Happy</b>\nYour Agent's Report was positive.\nYour Preparedness decreases slower.
I2Languages (I2.Loc.LanguageSourceAsset)	Buff/AgentN	<b>Agent Unhappy</b> \nYour Agent's Report was negative. \nYour Preparedness decreases faster.
I2Languages (I2.Loc.LanguageSourceAsset)	Buff/UFO	A UFO will apear on the farm on Sunday.
I2Languages (I2.Loc.LanguageSourceAsset)	Buff/PreUFO	Something will happen on a farm at 3 AM on Sunday.
I2Languages (I2.Loc.LanguageSourceAsset)	Buff/PrePreUFO	Something happens on a farm on Sunday.
I2Languages (I2.Loc.LanguageSourceAsset)	Buff/BestfirendDog1	<b>Comfort Animal</b>\nA dog is a man's best friend.\nYou feel more prepared. 
I2Languages (I2.Loc.LanguageSourceAsset)	Buff/BestfirendDog2	<b>Best Friend</b>\nA true friend leaves paw prints on your heart.\nYou feel even more prepared. 
I2Languages (I2.Loc.LanguageSourceAsset)	Buff/BestfirendDog3	<b>Companion for Life</b>\nDogs are not our whole life, but they make our lives whole.\nYou feel prepared for everything with your best friend. 
I2Languages (I2.Loc.LanguageSourceAsset)	Buff/BestFriend	Dogs are not our whole life, but they make our lives whole.' -- Roger Caras
I2Languages (I2.Loc.LanguageSourceAsset)	Buff/Preppared	<b>Prepared</b>\nYour preparedness regenerates for a limited time.
I2Languages (I2.Loc.LanguageSourceAsset)	Buff/GamingTime	<b>Gaming Time</b>\nYour preparedness does not decrease and time moves slower.
I2Languages (I2.Loc.LanguageSourceAsset)	Buff/Irradiation1	<b>Low-dose Ionized</b>\nYou received a small dose of radiation.\nYou lose preparedness a bit faster. 
I2Languages (I2.Loc.LanguageSourceAsset)	Buff/Irradiation2	<b>Radiation Burn</b>\nYou lose preparedness fast. \nLeave the contaminated area and remove radioactive items from your inventory.
I2Languages (I2.Loc.LanguageSourceAsset)	Buff/Irradiation3	<b>Acute Radiation Syndrome</b>\nYoOu re((|3ved a sUb$tan4_ial d0se of r4d|at|on. You l%se pr#pare-ness f@st. \nLe4ve the co%tami$ated ar#a and re&ove radio@#ctive it#ms fr.m your inv&*tory.
I2Languages (I2.Loc.LanguageSourceAsset)	Buff/Climb	<b>Climbing Strain</b>\nYour stamina decreases much faster.
I2Languages (I2.Loc.LanguageSourceAsset)	Buff/Bonfire1	<b>Campfire Resting</b>\nYour stamina regenerats over time.
I2Languages (I2.Loc.LanguageSourceAsset)	Buff/Bonfire2	<b>Lit Campfire Resting</b>\nYour stamina regenerats fast over time.
I2Languages (I2.Loc.LanguageSourceAsset)	Buff/WarmedUp	<b>Warmed Up</b>\nYou are partialy protected from coldness.
I2Languages (I2.Loc.LanguageSourceAsset)	Buff/ChalkedHands1	<b>Bearly Chalked Hands</b>\nClimbing is easier. This buff deteriorates while climbing and is nearly gone.
I2Languages (I2.Loc.LanguageSourceAsset)	Buff/ChalkedHands2	<b>Well-Chalked Hands</b>\nClimbing is easier. This buff deteriorates while climbing.
I2Languages (I2.Loc.LanguageSourceAsset)	Buff/ColdAcclimation	<b>Cold Acclimation</b>\nYou have some coldness resistance. Your stamina decrease slower. \nWhile this buff persist you can't use Cryo Sleep Pod.
I2Languages (I2.Loc.LanguageSourceAsset)	Buff/ImprovedHealth	<b>Improved Health</b>\nYour max health is temporarily increased.
I2Languages (I2.Loc.LanguageSourceAsset)	Buff/ImprovedStamina	<b>Improved Stamina</b>\nYour max stamina is temporarily increased.
I2Languages (I2.Loc.LanguageSourceAsset)	Buff/ImprovedPreparedness	<b>Improved Preparedness</b>\nYour max preparedness is temporarily increased.
I2Languages (I2.Loc.LanguageSourceAsset)	Fonts/Standard	Handwritten font
I2Languages (I2.Loc.LanguageSourceAsset)	Fonts/Letter	Handwritten font
I2Languages (I2.Loc.LanguageSourceAsset)	Quests/herb1	
I2Languages (I2.Loc.LanguageSourceAsset)	Quests/quest1_description	ENG Idź panie wilka wychłostaj
I2Languages (I2.Loc.LanguageSourceAsset)	Quests/quest1_name	ENG Zielarka
I2Languages (I2.Loc.LanguageSourceAsset)	Quests/quest2_description	ENG Zabij wilka
I2Languages (I2.Loc.LanguageSourceAsset)	Quests/quest2_name	ENG Wilk
I2Languages (I2.Loc.LanguageSourceAsset)	Images/preparationStart	Preparation Start
I2Languages (I2.Loc.LanguageSourceAsset)	Images/escapePlan	Escape Plan
I2Languages (I2.Loc.LanguageSourceAsset)	Images/runPrepper	Run, Prepper, Run
I2Languages (I2.Loc.LanguageSourceAsset)	Images/ready	Ready to go?
I2Languages (I2.Loc.LanguageSourceAsset)	Images/	
I2Languages (I2.Loc.LanguageSourceAsset)	Images/imgPreparationStart	prepStart
I2Languages (I2.Loc.LanguageSourceAsset)	Images/imgReady	rocket_ready
I2Languages (I2.Loc.LanguageSourceAsset)	Images/imgRun	escape_icon
I2Languages (I2.Loc.LanguageSourceAsset)	Journal/herbq1Title	The Granny and the Wolf
I2Languages (I2.Loc.LanguageSourceAsset)	Journal/herbq1	Jenny, the local herbalist, has asked me to kill the wolf standing in the way to her cabin. I would need to fix the ropeway to get to him. It would also be nice not to fight the beast empty-handed.
I2Languages (I2.Loc.LanguageSourceAsset)	Journal/herbq1::1	Repair the ropeway in the forest.
I2Languages (I2.Loc.LanguageSourceAsset)	Journal/herbq1::2	Kill the wolf that blocks the way to Jenny's cabin on forest level 2.
I2Languages (I2.Loc.LanguageSourceAsset)	Journal/herbq1::3	Visit Jenny at her cabin.
I2Languages (I2.Loc.LanguageSourceAsset)	Journal/herbqDEMO	Jenny has asked me to grow $item$ for her.
I2Languages (I2.Loc.LanguageSourceAsset)	Journal/herbq2Title	Mushrooms
I2Languages (I2.Loc.LanguageSourceAsset)	Journal/herbq2	Jenny has asked me to bring her <color=yellow>8 mushrooms</color> from the mine. She want to use it to make tea.
I2Languages (I2.Loc.LanguageSourceAsset)	Journal/herbq2bck	Jenny has asked me to bring her $item$ from the mine. She want to use it to make tea.
I2Languages (I2.Loc.LanguageSourceAsset)	Journal/herbq2::1	Bring Jenny <color=yellow>8 mushrooms</color> from the mine.
I2Languages (I2.Loc.LanguageSourceAsset)	Journal/herbq2::1bck	Bring Jenny $item$ from the mine.
I2Languages (I2.Loc.LanguageSourceAsset)	Journal/herbq2::2	To be continued in full version
I2Languages (I2.Loc.LanguageSourceAsset)	Journal/herbq3Title	Exotic Fruits
I2Languages (I2.Loc.LanguageSourceAsset)	Journal/herbq3	Jenny has asked me to bring her <color=yellow>8 guarana</color> from the forest. I need to repair the ropeway on forest level 2 to get there.
I2Languages (I2.Loc.LanguageSourceAsset)	Journal/herbq3bck	Jenny has asked me to bring her $item$ from the forest. I need to repair the ropeway on forest level 2 to get there.
I2Languages (I2.Loc.LanguageSourceAsset)	Journal/herbq3::1	Repair the ropeway in the forest level 2.
I2Languages (I2.Loc.LanguageSourceAsset)	Journal/herbq3::2	Bring Jenny <color=yellow>8 guarana</color> from forest level 3.
I2Languages (I2.Loc.LanguageSourceAsset)	Journal/herbq3::2bck	Bring Jenny $item$ from forest level 3.
I2Languages (I2.Loc.LanguageSourceAsset)	Journal/herbq4Title	Underground Plantation
I2Languages (I2.Loc.LanguageSourceAsset)	Journal/herbq4	Jenny has asked me to grow guarana plants seeds and bring her my harvest. <color=yellow>20 guarana</color> should be enough.
I2Languages (I2.Loc.LanguageSourceAsset)	Journal/herbq4bck	Jenny has asked me to grow guarana plants seeds and bring her my harvest. $item$ should be enough.
I2Languages (I2.Loc.LanguageSourceAsset)	Journal/herbq4::1	Plant 4 guarana seeds.
I2Languages (I2.Loc.LanguageSourceAsset)	Journal/herbq4::2	Bring Jenny <color=yellow>20 guarana</color>.
I2Languages (I2.Loc.LanguageSourceAsset)	Journal/herbq4::2bck	Bring Jenny $item$.
I2Languages (I2.Loc.LanguageSourceAsset)	Journal/herbq5Title	Air Crash Investigation
I2Languages (I2.Loc.LanguageSourceAsset)	Journal/herbq5	Jenny has asked me to clear the way to the crashed plane in the forest. I will need to repair the ropeway on forest level 4 to get there.
I2Languages (I2.Loc.LanguageSourceAsset)	Journal/herbq5::1	Repair the ropeway on forest level 4.
I2Languages (I2.Loc.LanguageSourceAsset)	Journal/herbq5::2	Find the plane wreckage on forest level 5.
I2Languages (I2.Loc.LanguageSourceAsset)	Journal/herbq6Title	Be More Exotic
I2Languages (I2.Loc.LanguageSourceAsset)	Journal/herbWaitTitle	Jenny
I2Languages (I2.Loc.LanguageSourceAsset)	Journal/herbWait::1	Visit Jenny at her cabin.
I2Languages (I2.Loc.LanguageSourceAsset)	Journal/herbq6	Jenny needs even more guarana. She has asked me to bring her <color=yellow>99 guarana</color>.
I2Languages (I2.Loc.LanguageSourceAsset)	Journal/herbq6bck	Jenny needs even more guarana. She has asked me to bring her $item$.
I2Languages (I2.Loc.LanguageSourceAsset)	Journal/herbq6::1	Bring Jenny <color=yellow>99 guarana</color>.
I2Languages (I2.Loc.LanguageSourceAsset)	Journal/herbq6::1bck	Bring Jenny $item$.
I2Languages (I2.Loc.LanguageSourceAsset)	Journal/herbq7Title	The Pill
I2Languages (I2.Loc.LanguageSourceAsset)	Journal/herbq7	Jenny can't give me the pill yet. She said something about gaining trust of the Sleepless first. Wonder how can I do it?
I2Languages (I2.Loc.LanguageSourceAsset)	Journal/herbq7::1	Find a way to get the pill from Jenny.
I2Languages (I2.Loc.LanguageSourceAsset)	Journal/herbq8	quest 8
I2Languages (I2.Loc.LanguageSourceAsset)	Journal/herbq9	quest 9
I2Languages (I2.Loc.LanguageSourceAsset)	Journal/herbq10	quest 10
I2Languages (I2.Loc.LanguageSourceAsset)	Journal/	
I2Languages (I2.Loc.LanguageSourceAsset)	Journal/rocketInspirationTitle	New Escape Plan
I2Languages (I2.Loc.LanguageSourceAsset)	Journal/rocketInspiration	I haven't come up with a good escape plan yet. I need to find some inspiration and make some more planning.
I2Languages (I2.Loc.LanguageSourceAsset)	Journal/rocketInspiration::1	Find inspiration for your ultimate escape plan.
I2Languages (I2.Loc.LanguageSourceAsset)	Journal/rocketPlan1	This rocket schematic is actually very inspiring…
I2Languages (I2.Loc.LanguageSourceAsset)	Journal/rocketInspiration::2	Use the rocket image for inspiration for your ultimate escape plan.
I2Languages (I2.Loc.LanguageSourceAsset)	Journal/herbFirstLetterTitle	The Herbalist
I2Languages (I2.Loc.LanguageSourceAsset)	Journal/herbFirstLetter	A local herbalist can be met in the forest during the daytime.
I2Languages (I2.Loc.LanguageSourceAsset)	Journal/herbFirstLetter::1	Go to the forest in the daytime and meet the herbalist.
I2Languages (I2.Loc.LanguageSourceAsset)	Journal/minutMan1Title	Minuteman
I2Languages (I2.Loc.LanguageSourceAsset)	Journal/minutMan1	A strange person calling himself 'Minuteman' sends letters to me. He had previously sent me a detailed rocket image, and now he wants a blueberry jam. I think I will make it for him as a token of goodwill.
I2Languages (I2.Loc.LanguageSourceAsset)	Journal/minutMan1::1	Send Minuteman a jar of blueberry jam
I2Languages (I2.Loc.LanguageSourceAsset)	Journal/minutMan2Title	Nuclear Warfare
I2Languages (I2.Loc.LanguageSourceAsset)	Journal/minutMan2	Minuteman is looking for a good book about nuclear warfare. I need to find one.
I2Languages (I2.Loc.LanguageSourceAsset)	Journal/minutMan2::1	Find a book about nuclear warfare.
I2Languages (I2.Loc.LanguageSourceAsset)	Journal/minutMan2::2	Deliver the book about nuclear warfare to Minuteman.
I2Languages (I2.Loc.LanguageSourceAsset)	Journal/minutMan3Title	Not Great, Not Terrible
I2Languages (I2.Loc.LanguageSourceAsset)	Journal/minutMan3	Minuteman is getting more and more into the topic of atomic bombs and radioactivity. He appears to know something... Anyway, he wants a Geiger counter. I need to find one and deliver it to him.
I2Languages (I2.Loc.LanguageSourceAsset)	Journal/minutMan3::1	Find a Geiger counter.
I2Languages (I2.Loc.LanguageSourceAsset)	Journal/minutMan3::2	Deliver the Geiger counter to Minuteman.
I2Languages (I2.Loc.LanguageSourceAsset)	Journal/minutMan4Title	Bless the President
I2Languages (I2.Loc.LanguageSourceAsset)	Journal/minutMan4	Minuteman says there is an Agent who is dangerous to him, and by extension - to me. But he has a plan: he wants to discredit him in the Agency. I need to find an offensive and illegal object and find a way to plant it in the Agent's home.
I2Languages (I2.Loc.LanguageSourceAsset)	Journal/minutMan4::1	Find an offensive and illegal item.
I2Languages (I2.Loc.LanguageSourceAsset)	Journal/minutMan4::2	Convince the Postman to plant the offensive figurine.
I2Languages (I2.Loc.LanguageSourceAsset)	Journal/minutMan5Title	Care Package 
I2Languages (I2.Loc.LanguageSourceAsset)	Journal/minutMan5	Minuteman goes into hiding and needs some long lasting food. I will send him some.
I2Languages (I2.Loc.LanguageSourceAsset)	Journal/minutMan5::1	Deliver long-lasting food to Minuteman.
I2Languages (I2.Loc.LanguageSourceAsset)	Journal/minutMan6Title	Locked & Loaded
I2Languages (I2.Loc.LanguageSourceAsset)	Journal/minutMan6	Minuteman feels in danger and needs some firepower to defend himself with. 
I2Languages (I2.Loc.LanguageSourceAsset)	Journal/minutMan6::1	Deliver a rifle and some ammunition to Minuteman.
I2Languages (I2.Loc.LanguageSourceAsset)	Journal/minutMan7	m7
I2Languages (I2.Loc.LanguageSourceAsset)	Journal/minutMan8	m8
I2Languages (I2.Loc.LanguageSourceAsset)	Journal/minutMan4::3	Ask the Postman about the illegal delivery.
I2Languages (I2.Loc.LanguageSourceAsset)	Journal/ForestPillarTitle	Into the Woods
I2Languages (I2.Loc.LanguageSourceAsset)	Journal/ForestPillar	The ropeway in the forest would be a great way to move around, but it's long broken. I should fix it.
I2Languages (I2.Loc.LanguageSourceAsset)	Journal/ForestPillar::1	Repair the forest ropeway on level 1 (<color=yellow>lever</color>).
I2Languages (I2.Loc.LanguageSourceAsset)	Journal/ForestPillar::1bck	Repair the forest ropeway on level 1 ($items$).
I2Languages (I2.Loc.LanguageSourceAsset)	Journal/ForestPillar::2	Repair the forest ropeway on level 2 (<color=yellow>lever</color>, <color=yellow>15 metal</color>).
I2Languages (I2.Loc.LanguageSourceAsset)	Journal/ForestPillar::2bck	Repair the forest ropeway on level 2 ($items$).
I2Languages (I2.Loc.LanguageSourceAsset)	Journal/ForestPillar::3	Repair the forest ropeway on level 3 (<color=yellow>lever</color>, <color=yellow>20 metal</color>, <color=yellow>10 plastic</color>).
I2Languages (I2.Loc.LanguageSourceAsset)	Journal/ForestPillar::3bck	Repair the forest ropeway on level 3 ($items$).
I2Languages (I2.Loc.LanguageSourceAsset)	Journal/ForestPillar::4	Repair the forest ropeway on level 4 (<color=yellow>lever</color>, <color=yellow>20 plastic</color>, <color=yellow>10 electronics</color>).
I2Languages (I2.Loc.LanguageSourceAsset)	Journal/ForestPillar::4bck	Repair the forest ropeway on level 4 ($items$).
I2Languages (I2.Loc.LanguageSourceAsset)	Journal/ForestPillar::5	Repair the forest ropeway on level 5 (<color=yellow>lever</color>, <color=yellow>30 electronics</color>, <color=yellow>30 metal</color>).
I2Languages (I2.Loc.LanguageSourceAsset)	Journal/ForestPillar::5bck	Repair the forest ropeway on level 5 ($items$).
I2Languages (I2.Loc.LanguageSourceAsset)	Journal/RocketTitle	The Countdown
I2Languages (I2.Loc.LanguageSourceAsset)	Journal/Rocket	I need to escape from here. I have decided to build a functional rocket. 
I2Languages (I2.Loc.LanguageSourceAsset)	Journal/Rocket::1	Build a rocket silo (<color=yellow>50 stone</color>, <color=yellow>20 metal</color>, <color=yellow>10 glass</color>).
I2Languages (I2.Loc.LanguageSourceAsset)	Journal/Rocket::1bck	Build a rocket silo ($items$).
I2Languages (I2.Loc.LanguageSourceAsset)	Journal/Rocket::2	Finish phase 2 of building a rocket. Item needed: <color=yellow>60 metal</color>, <color=yellow>20 plastic</color>, <color=yellow>Artificial Horizon</color>.
I2Languages (I2.Loc.LanguageSourceAsset)	Journal/Rocket::2bck	Finish phase 2 of building a rocket. Item needed: $items$.
I2Languages (I2.Loc.LanguageSourceAsset)	Journal/Rocket::3	Finish phase 3 of building a rocket. Item needed: <color=yellow>20 electronics</color>, <color=yellow>40 metal</color>, <color=yellow>Hydrogen</color>.
I2Languages (I2.Loc.LanguageSourceAsset)	Journal/Rocket::3bck	Finish phase 3 of building a rocket. Item needed: $items$.
I2Languages (I2.Loc.LanguageSourceAsset)	Journal/Rocket::4	Finish phase 4 of building a rocket. Item needed: <color=yellow>50 plastic</color>, <color=yellow>20 electronics</color>, <color=yellow>10 textile</color>, <color=yellow>Rocket control module</color>.
I2Languages (I2.Loc.LanguageSourceAsset)	Journal/Rocket::4bck	Finish phase 4 of building a rocket. Item needed: $items$.
I2Languages (I2.Loc.LanguageSourceAsset)	Journal/FoodSource1Title	Ultimate Plan
I2Languages (I2.Loc.LanguageSourceAsset)	Journal/FoodSource1	I should start with checking my ultimate plan.
I2Languages (I2.Loc.LanguageSourceAsset)	Journal/FoodSource1::1	Check your ultimate escape plan.
I2Languages (I2.Loc.LanguageSourceAsset)	Journal/FoodSource2Title	Self-Reliant
I2Languages (I2.Loc.LanguageSourceAsset)	Journal/FoodSource2	I need to establish a food source for myself.
I2Languages (I2.Loc.LanguageSourceAsset)	Journal/FoodSource2::1	Place 5 patches of soil in your bunker.
I2Languages (I2.Loc.LanguageSourceAsset)	Journal/FoodSource2::2	Collect 5 bags of seeds.
I2Languages (I2.Loc.LanguageSourceAsset)	Journal/FoodSource2::3	Plant the seeds.
I2Languages (I2.Loc.LanguageSourceAsset)	Journal/FoodSource2::4	Provide plants with water and light.
I2Languages (I2.Loc.LanguageSourceAsset)	Journal/FoodSource4	Provide plants with water and light
I2Languages (I2.Loc.LanguageSourceAsset)	Journal/AfterFoodSource	Food source ready. I should go back to my ultimate escape plan.
I2Languages (I2.Loc.LanguageSourceAsset)	Journal/UltimatePlanTitle	Ultimate Plan
I2Languages (I2.Loc.LanguageSourceAsset)	Journal/UltimatePlan::AfterFoodSource	Check your ultimate escape plan.
I2Languages (I2.Loc.LanguageSourceAsset)	Journal/joeq1Title	Mind Control Protection
I2Languages (I2.Loc.LanguageSourceAsset)	Journal/joeq0	Broken revolver
I2Languages (I2.Loc.LanguageSourceAsset)	Journal/joeq0::1	Bring the broken revolver to Joe.
I2Languages (I2.Loc.LanguageSourceAsset)	Journal/joeq1	Joe seeks to protect himself from the mind-controlling waves he believes are around. He wants tinfoil for this, of course.
I2Languages (I2.Loc.LanguageSourceAsset)	Journal/joeq1::1	Bring Joe <color=yellow>1 foil</color>.
I2Languages (I2.Loc.LanguageSourceAsset)	Journal/joeqWaitTitle	Joe
I2Languages (I2.Loc.LanguageSourceAsset)	Journal/joeqWait::1	Come another day.
I2Languages (I2.Loc.LanguageSourceAsset)	Journal/joeq2Title	The Missing Cryptid
I2Languages (I2.Loc.LanguageSourceAsset)	Journal/joeq2	Chupacabra, Joe's beloved dog, is missing. I need to help find him.
I2Languages (I2.Loc.LanguageSourceAsset)	Journal/joeq2::1	Repair the forest ropeway on level 3.
I2Languages (I2.Loc.LanguageSourceAsset)	Journal/joeq2::2	Find Chupacabra in the forest.
I2Languages (I2.Loc.LanguageSourceAsset)	Journal/joeq2::3	Come back to Joe.
I2Languages (I2.Loc.LanguageSourceAsset)	Journal/joeqWait::2	Try coming another day for something new.
I2Languages (I2.Loc.LanguageSourceAsset)	Journal/joeq3Title	Radio Free North America
I2Languages (I2.Loc.LanguageSourceAsset)	Journal/joeq3	There are rumours about a broadcast in English coming from Mexico, warning American citizens and exposing lies of the government. I want to catch it somewhere from the desert.
I2Languages (I2.Loc.LanguageSourceAsset)	Journal/joeq3::1	Bring Joe <color=yellow>5 electronics</color>.
I2Languages (I2.Loc.LanguageSourceAsset)	Journal/joeq3::1bck	Bring Joe $item$.
I2Languages (I2.Loc.LanguageSourceAsset)	Journal/joeq3::2	Come back to Joe later.
I2Languages (I2.Loc.LanguageSourceAsset)	Journal/joeq3::3	Catch the signal.
I2Languages (I2.Loc.LanguageSourceAsset)	Journal/joeq3::4	Come back to Joe and tell him about the broadcast.
I2Languages (I2.Loc.LanguageSourceAsset)	Journal/fortObserverTitle	Who Observes the Observer?
I2Languages (I2.Loc.LanguageSourceAsset)	Journal/fortObserver	I need to get to the Fort Observer and obtain a rocket control module from there.
I2Languages (I2.Loc.LanguageSourceAsset)	Journal/fortObserver::1	Ask Joe about the location of Fort Observer.
I2Languages (I2.Loc.LanguageSourceAsset)	Journal/fortObserver::2	Earn Joe's trust.
I2Languages (I2.Loc.LanguageSourceAsset)	Journal/fortObserver::3	Ask Joe about Fort Observer.
I2Languages (I2.Loc.LanguageSourceAsset)	Journal/fortObserver::4	Go to Fort Observer.
I2Languages (I2.Loc.LanguageSourceAsset)	Journal/fortObserver::5	Find control module that you can use in your rocket.
I2Languages (I2.Loc.LanguageSourceAsset)	Journal/fortObserver::6	Find a way to trick AI to release you with control module.
I2Languages (I2.Loc.LanguageSourceAsset)	Journal/bobq1Title	This Elevator of Mine
I2Languages (I2.Loc.LanguageSourceAsset)	Journal/bobq1	I met Bob, a slightly shady character taking care of the mine. He wants me to fix the elevator.
I2Languages (I2.Loc.LanguageSourceAsset)	Journal/bobq1::1	Check the elevator.
I2Languages (I2.Loc.LanguageSourceAsset)	Journal/bobq1::2	Fix the elevator. You need <color=yellow>10 metal</color>.
I2Languages (I2.Loc.LanguageSourceAsset)	Journal/bobq1::2bck	Fix the elevator. You need $items$.
I2Languages (I2.Loc.LanguageSourceAsset)	Journal/bobq1::3	Go back to Bob.
I2Languages (I2.Loc.LanguageSourceAsset)	Journal/bobq2Title	Bob's Jacket
I2Languages (I2.Loc.LanguageSourceAsset)	Journal/bobq2	Bob needs his warm jacket back. He has lost it somewhere in the mine.
I2Languages (I2.Loc.LanguageSourceAsset)	Journal/bobq2::1	Find Bob's jacket.
I2Languages (I2.Loc.LanguageSourceAsset)	Journal/bobq2::2	Get back to Bob with the jacket.
I2Languages (I2.Loc.LanguageSourceAsset)	Journal/bobq3Title	Bob's Glasses
I2Languages (I2.Loc.LanguageSourceAsset)	Journal/bobq3	Bob needs his glasses. I think I saw glasses on another Bob... 
I2Languages (I2.Loc.LanguageSourceAsset)	Journal/bobq3::1	Find glasses for Bob.
I2Languages (I2.Loc.LanguageSourceAsset)	Journal/bobq3::2	Get back to Bob with glasses.
I2Languages (I2.Loc.LanguageSourceAsset)	Journal/bobq4Title	Ivy Bob: Hydrogen Storage
I2Languages (I2.Loc.LanguageSourceAsset)	Journal/bobq4	There might be a hydrogen storage on level -5, even if Bob denies it.
I2Languages (I2.Loc.LanguageSourceAsset)	Journal/bobq4::1	Take a look at level -5.
I2Languages (I2.Loc.LanguageSourceAsset)	Journal/bobq5Title	Sleepless Base
I2Languages (I2.Loc.LanguageSourceAsset)	Journal/bobq5	The Sleepless have their own base, apparently. It would be worth paying a visit.
I2Languages (I2.Loc.LanguageSourceAsset)	Journal/bobq5::1	Follow Bob to the base at level -5.
I2Languages (I2.Loc.LanguageSourceAsset)	Journal/bobq6Title	Bob's Proposition
I2Languages (I2.Loc.LanguageSourceAsset)	Journal/bobq6	Bob needs help with the Operation Awakening. I should let the Sleepless know when I'm ready for the rocket launch.
I2Languages (I2.Loc.LanguageSourceAsset)	Journal/bobq6::1	Put on a red light to notify the Sleepless about the incoming launch.
I2Languages (I2.Loc.LanguageSourceAsset)	Journal/inFullVersion	(Available in full version)
I2Languages (I2.Loc.LanguageSourceAsset)	Journal/endGameTitle	The Launch
I2Languages (I2.Loc.LanguageSourceAsset)	Journal/endGame	It's time to end this and fly away.
I2Languages (I2.Loc.LanguageSourceAsset)	Journal/endGame::1	Finish building the rocket.
I2Languages (I2.Loc.LanguageSourceAsset)	Journal/endGame::2	Activate the alarm switch on the top floor to inform the Sleepless. (After doing that, there is no way back.)
I2Languages (I2.Loc.LanguageSourceAsset)	Journal/endGame::3	Go to your backyard and wait for the Sleepless to arrive.
I2Languages (I2.Loc.LanguageSourceAsset)	Journal/endGame::4	Say your goodbyes. 
I2Languages (I2.Loc.LanguageSourceAsset)	Journal/endGame::5	Open the door to the Agent.
I2Languages (I2.Loc.LanguageSourceAsset)	Journal/endGame::6	Escape.
I2Languages (I2.Loc.LanguageSourceAsset)	Journal/missingPassTitle	Missing Mining Pass
I2Languages (I2.Loc.LanguageSourceAsset)	Journal/missingPass	The pass to the level -4 of the mine is missing. I have to find it somewhere else.
I2Languages (I2.Loc.LanguageSourceAsset)	Journal/missingPass::1	Find the mining pass to the level -4
I2Languages (I2.Loc.LanguageSourceAsset)	Journal/letterTitle	Minuteman's Letter
I2Languages (I2.Loc.LanguageSourceAsset)	Journal/letter	I have an unopened letter from Minuteman.
I2Languages (I2.Loc.LanguageSourceAsset)	Journal/letter::1	Open the letter from Minuteman.
I2Languages (I2.Loc.LanguageSourceAsset)	Journal/farmTitle	Animal Farm
I2Languages (I2.Loc.LanguageSourceAsset)	Journal/farm	Visit the farm.
I2Languages (I2.Loc.LanguageSourceAsset)	Journal/farm::1	Visit the farm.
I2Languages (I2.Loc.LanguageSourceAsset)	Journal/farmPreFanceTitle	Work Order
I2Languages (I2.Loc.LanguageSourceAsset)	Journal/farmPreFance	Check the situation on the farm.
I2Languages (I2.Loc.LanguageSourceAsset)	Journal/farmPreFance::1	Check the situation on the farm.
I2Languages (I2.Loc.LanguageSourceAsset)	Journal/farmPreFance::2	Come back to Will.
I2Languages (I2.Loc.LanguageSourceAsset)	Journal/farmFanceTitle	Pen
I2Languages (I2.Loc.LanguageSourceAsset)	Journal/farmFance	Repair the goats' pen. If the damage is too big, craft a new one at the workbench.
I2Languages (I2.Loc.LanguageSourceAsset)	Journal/farmFance::1	Repair the goats' pen.
I2Languages (I2.Loc.LanguageSourceAsset)	Journal/farmFance::2	Come back to Will.
I2Languages (I2.Loc.LanguageSourceAsset)	Journal/farmWheatTitle	Grain
I2Languages (I2.Loc.LanguageSourceAsset)	Journal/farmWheat	Feed the chickens and the goats. You need to gather some grain. 
I2Languages (I2.Loc.LanguageSourceAsset)	Journal/farmWheat::1	Feed the chickens and the goats.
I2Languages (I2.Loc.LanguageSourceAsset)	Journal/farmWheat::1.1	Wait for the animals to eat and check on them later.
I2Languages (I2.Loc.LanguageSourceAsset)	Journal/farmWheat::1.2	Check on the animals.
I2Languages (I2.Loc.LanguageSourceAsset)	Journal/farmWheat::2	Milk a goat.
I2Languages (I2.Loc.LanguageSourceAsset)	Journal/farmWheat::3	Come back to Will.
I2Languages (I2.Loc.LanguageSourceAsset)	Journal/farmSizzorsTitle	Shearing
I2Languages (I2.Loc.LanguageSourceAsset)	Journal/farmSizzors	Shear the goats.
I2Languages (I2.Loc.LanguageSourceAsset)	Journal/farmSizzors::1	Find the shears.
I2Languages (I2.Loc.LanguageSourceAsset)	Journal/farmSizzors::2	Follow the dog.
I2Languages (I2.Loc.LanguageSourceAsset)	Journal/farmSizzors::3	Ask Will about the dog.
I2Languages (I2.Loc.LanguageSourceAsset)	Journal/farmSizzors::4	Give the Will's dog some rat meat.
I2Languages (I2.Loc.LanguageSourceAsset)	Journal/farmSizzors::5	Shear the goats.
I2Languages (I2.Loc.LanguageSourceAsset)	Journal/farmSizzors::6	Milk the goats.
I2Languages (I2.Loc.LanguageSourceAsset)	Journal/farmSizzors::7	Go back to Will.
I2Languages (I2.Loc.LanguageSourceAsset)	Journal/farmChickenHouseTitle	Chickens' Living Quarters
I2Languages (I2.Loc.LanguageSourceAsset)	Journal/farmChickenHouse	Clean up space by the chickens' coop.
I2Languages (I2.Loc.LanguageSourceAsset)	Journal/farmChickenHouse::1	Clean up space by the chickens' coop.
I2Languages (I2.Loc.LanguageSourceAsset)	Journal/farmMilkAndEgssTitle	Milk and Eggs
I2Languages (I2.Loc.LanguageSourceAsset)	Journal/farmMilkAndEgss	Bring  <color=yellow>3 cartons of milk</color> and <color=yellow>5 eggs</color> to Will
I2Languages (I2.Loc.LanguageSourceAsset)	Journal/farmMilkAndEgss::1	Bring  <color=yellow>3 bottles of milk</color> and <color=yellow>5 eggs</color> to Will
I2Languages (I2.Loc.LanguageSourceAsset)	Journal/farmWaitTitle	Will
I2Languages (I2.Loc.LanguageSourceAsset)	Journal/farmWait	Come back to Will tomorrow.
I2Languages (I2.Loc.LanguageSourceAsset)	Journal/farmWait::1	Come back to Will tomorrow.
I2Languages (I2.Loc.LanguageSourceAsset)	Journal/farmLostAnimalsTitle	Lost animals
I2Languages (I2.Loc.LanguageSourceAsset)	Journal/farmLostAnimals	Animals keep disappearing. Something must be done about this.
I2Languages (I2.Loc.LanguageSourceAsset)	Journal/farmLostAnimals::1	Investigate what happened to the animals.
I2Languages (I2.Loc.LanguageSourceAsset)	Journal/farmLostAnimals::2	Set up <color=yellow>3 bear traps with baits</color> behind the barn (requires workbench lvl 2).
I2Languages (I2.Loc.LanguageSourceAsset)	Journal/farmLostAnimals::3	Check the traps tommorow.
I2Languages (I2.Loc.LanguageSourceAsset)	Journal/farmLostAnimals::3.5	Report back to Will.
I2Languages (I2.Loc.LanguageSourceAsset)	Journal/farmLostAnimals::4	Keep protecting the farm with traps.
I2Languages (I2.Loc.LanguageSourceAsset)	Journal/farmLostAnimals::5	Check the traps.
I2Languages (I2.Loc.LanguageSourceAsset)	Journal/farmMazeTitle	Maze
I2Languages (I2.Loc.LanguageSourceAsset)	Journal/farmMaze	Go for a maze run.
I2Languages (I2.Loc.LanguageSourceAsset)	Journal/farmMaze::1	Go for a maze run.
I2Languages (I2.Loc.LanguageSourceAsset)	Journal/farmWait2Title	Will
I2Languages (I2.Loc.LanguageSourceAsset)	Journal/farmWait2	Come back to Will tomorrow.
I2Languages (I2.Loc.LanguageSourceAsset)	Journal/farmWait2::1	Come back to Will tomorrow.
I2Languages (I2.Loc.LanguageSourceAsset)	Journal/farmAgentLegTitle	Black fabric
I2Languages (I2.Loc.LanguageSourceAsset)	Journal/farmAgentLeg	I need to find out what is this black piece of fabric I have found in a trap.
I2Languages (I2.Loc.LanguageSourceAsset)	Journal/farmAgentLeg::1	Ask Will about the black fabric.
I2Languages (I2.Loc.LanguageSourceAsset)	Journal/farmAgentLeg::2	Find out who does this black fabric belong to.
I2Languages (I2.Loc.LanguageSourceAsset)	Journal/farmAgentLeg::3	Confront the Agent about the black fabric.
I2Languages (I2.Loc.LanguageSourceAsset)	Journal/farmSundayTitle	Sunday
I2Languages (I2.Loc.LanguageSourceAsset)	Journal/farmSunday	The Agent warned me not to go to the farm on Sunday. Let's investigate why not.
I2Languages (I2.Loc.LanguageSourceAsset)	Journal/farmSunday::1	Visit the farm on Sunday.
I2Languages (I2.Loc.LanguageSourceAsset)	Journal/farmSunday::2	Wait for more clues to come up.
I2Languages (I2.Loc.LanguageSourceAsset)	Journal/farmFindAnimalsTitle	Good Shepherd
I2Languages (I2.Loc.LanguageSourceAsset)	Journal/farmFindAnimals	Find the missing animals.
I2Languages (I2.Loc.LanguageSourceAsset)	Journal/farmFindAnimals::1b	Find someone who knows a thing or two about tracking devices.
I2Languages (I2.Loc.LanguageSourceAsset)	Journal/farmFindAnimals::1a	Ask Joe about the tracking device.
I2Languages (I2.Loc.LanguageSourceAsset)	Journal/farmFindAnimals::2	Come back to Joe tommorow.
I2Languages (I2.Loc.LanguageSourceAsset)	Journal/farmFindAnimals::3	Find animals using Joe's tracking device ($x$/5 rescued).
I2Languages (I2.Loc.LanguageSourceAsset)	Journal/farmGoFishingTitle	Fishing
I2Languages (I2.Loc.LanguageSourceAsset)	Journal/farmGoFishing	Go fishing.
I2Languages (I2.Loc.LanguageSourceAsset)	Journal/farmGoFishing::1	Go fishing.
I2Languages (I2.Loc.LanguageSourceAsset)	Journal/farmBrokenCameraTitle	Broken Camera
I2Languages (I2.Loc.LanguageSourceAsset)	Journal/farmBrokenCamera	Fix the broken camera.
I2Languages (I2.Loc.LanguageSourceAsset)	Journal/farmBrokenCamera::1	Inspect the broken camera.
I2Languages (I2.Loc.LanguageSourceAsset)	Journal/farmBrokenCamera::2	Find someone who can fix the broken camera.
I2Languages (I2.Loc.LanguageSourceAsset)	Journal/farmBrokenCamera::3	Ask Joe about the broken camera.
I2Languages (I2.Loc.LanguageSourceAsset)	Journal/farmBrokenCamera::4	Come back to Joe tomorrow.
I2Languages (I2.Loc.LanguageSourceAsset)	Journal/farmConfrontationTitle	Confrontation
I2Languages (I2.Loc.LanguageSourceAsset)	Journal/farmConfrontation	Spend the night at the farm on Sunday.
I2Languages (I2.Loc.LanguageSourceAsset)	Journal/farmConfrontation::1	Spend the night at the farm on Sunday.
I2Languages (I2.Loc.LanguageSourceAsset)	Journal/farmDestroyUFOTitle	The Wawel Dragon
I2Languages (I2.Loc.LanguageSourceAsset)	Journal/farmDestroyUFO	Destroy the UFO.
I2Languages (I2.Loc.LanguageSourceAsset)	Journal/farmDestroyUFO::1	Talk to Joe about possible ways to destroy the UFO.
I2Languages (I2.Loc.LanguageSourceAsset)	Journal/farmDestroyUFO::2	Create a bomb out of a fake goat.
I2Languages (I2.Loc.LanguageSourceAsset)	Journal/farmDestroyUFO::3	Plant the fake goat at the farm on Sunday.
I2Languages (I2.Loc.LanguageSourceAsset)	Journal/farmFishQuestTitle	Fishing Time
I2Languages (I2.Loc.LanguageSourceAsset)	Journal/farmFishQuest::1	Bring to Will and Henry a following fish: $x$
I2Languages (I2.Loc.LanguageSourceAsset)	Journal/uraniumVisitJoeTitle	Glowing Glass
I2Languages (I2.Loc.LanguageSourceAsset)	Journal/uraniumVisitJoe::1	Ask Joe about the strange glowing piece of glass.
I2Languages (I2.Loc.LanguageSourceAsset)	Journal/uraniumMineTitle	Where's the uranium?
I2Languages (I2.Loc.LanguageSourceAsset)	Journal/uraniumMine::1	Ask Bob about a possible Uranium Mine in Murricaville.
I2Languages (I2.Loc.LanguageSourceAsset)	Journal/uraniumMine::2	Come back to Bob tomorrow.
I2Languages (I2.Loc.LanguageSourceAsset)	Journal/uraniumMine::3	Search the lowest level of the mine with a Geiger Counter.
I2Languages (I2.Loc.LanguageSourceAsset)	Journal/radiatedMushroomsTitle	Mutant Mushrooms
I2Languages (I2.Loc.LanguageSourceAsset)	Journal/radiatedMushrooms::1	Show a radiated mushroom to Jenny.
I2Languages (I2.Loc.LanguageSourceAsset)	Journal/radiatedMushrooms::2	Come back to Jenny tomorrow.
I2Languages (I2.Loc.LanguageSourceAsset)	Journal/nuclearEngineeringTitle	Nuclear Engineering
I2Languages (I2.Loc.LanguageSourceAsset)	Journal/nuclearEngineering::1	Ask Bob for a book about nuclear energy and engineering.
I2Languages (I2.Loc.LanguageSourceAsset)	Journal/nuclearScientistQuestTitle	Scientist's Request
I2Languages (I2.Loc.LanguageSourceAsset)	Journal/nuclearScientistQuest::1	Bring the following item to Dr. Edward: $item$
I2Languages (I2.Loc.LanguageSourceAsset)	Journal/nuclearOldMaskQuestTitle	Keeping the Sleepless Sleepless
I2Languages (I2.Loc.LanguageSourceAsset)	Journal/nuclearOldMaskQuest::1	Bring <color=yellow>5x energy drink</color> to the Sleepless.
I2Languages (I2.Loc.LanguageSourceAsset)	Journal/nuclearExplorePowerPlantTitle	Power Plant
I2Languages (I2.Loc.LanguageSourceAsset)	Journal/nuclearExplorePowerPlant	Explore the abandoned power plant.
I2Languages (I2.Loc.LanguageSourceAsset)	Journal/nuclearExplorePowerPlant::1	Explore the abandoned power plant.
I2Languages (I2.Loc.LanguageSourceAsset)	Journal/nuclearTalkToScientistTitle	Dr. Edward
I2Languages (I2.Loc.LanguageSourceAsset)	Journal/nuclearTalkToScientist	Talk to Dr. Edward.
I2Languages (I2.Loc.LanguageSourceAsset)	Journal/nuclearTalkToScientist::1	Talk to Dr. Edward.\nUse Anti-radiation extract (Optional).
I2Languages (I2.Loc.LanguageSourceAsset)	Journal/nuclearScientistQuestStage1Title	Nuclear Power Plant
I2Languages (I2.Loc.LanguageSourceAsset)	Journal/nuclearScientistQuestStage1::1	Complete all the scientist's requests from this stage $current$
I2Languages (I2.Loc.LanguageSourceAsset)	Journal/nuclearScientistQuestStage1	Complete all the scientist's requests to help him fix the Nuclear Generator. I can always ask him for more details if I'm not sure where to find the requested item.
I2Languages (I2.Loc.LanguageSourceAsset)	Journal/nuclearScientistQuestStage2Title	Repairing the Local Dam
I2Languages (I2.Loc.LanguageSourceAsset)	Journal/nuclearScientistQuestStage2	Complete all the scientist's requests to help him fix the Local Dam. I can always ask him for more details if I'm not sure where to find the requested item.
I2Languages (I2.Loc.LanguageSourceAsset)	Journal/nuclearScientistQuestStage2::1	Complete all the scientist's requests from this stage $current$
I2Languages (I2.Loc.LanguageSourceAsset)	Journal/nuclearScientistQuestStage3Title	Power Plant Stabilization
I2Languages (I2.Loc.LanguageSourceAsset)	Journal/nuclearScientistQuestStage3	Complete all the scientist's requests to help him stabilize the Nuclear Generator. I can always ask him for more details if I'm not sure where to find the requested item.
I2Languages (I2.Loc.LanguageSourceAsset)	Journal/nuclearScientistQuestStage3::1	Complete all the scientist's requests from this stage $current$
I2Languages (I2.Loc.LanguageSourceAsset)	Journal/nuclearScientistQuestStage4Title	Scientist's project: ???
I2Languages (I2.Loc.LanguageSourceAsset)	Journal/nuclearScientistQuestStage4	Complete all the scientist's requests to help him... do whatever it is he's doing. I can always ask him for more details if I'm not sure where to find the requested item.
I2Languages (I2.Loc.LanguageSourceAsset)	Journal/nuclearScientistQuestStage4::1	Complete all the scientist's requests from this stage $current$
I2Languages (I2.Loc.LanguageSourceAsset)	Journal/nuclearScientistWaitTillNextDayTitle	Dr. Edward
I2Languages (I2.Loc.LanguageSourceAsset)	Journal/nuclearScientistWaitTillNextDay::1	Come back to the Dr. Edward the next day.
I2Languages (I2.Loc.LanguageSourceAsset)	Journal/nuclearStabilizeGeneratorTitle	Stabilize the Nuclear Generator
I2Languages (I2.Loc.LanguageSourceAsset)	Journal/nuclearStabilizeGenerator	The scientist is out of his mind. I have to take stabilizing the generator into my own hands.
I2Languages (I2.Loc.LanguageSourceAsset)	Journal/nuclearStabilizeGenerator::1	Find a way to stabilize the nuclear generator
I2Languages (I2.Loc.LanguageSourceAsset)	Journal/nuclearStabilizeGenerator::2	I have to find a way to fix the overheating core and the damaged containment shell of the nuclear generator.
I2Languages (I2.Loc.LanguageSourceAsset)	Journal/nuclearStabilizeGenerator::3	I have to find a way to fix the unstable core of the nuclear generator.
I2Languages (I2.Loc.LanguageSourceAsset)	Journal/nuclearStabilizeGenerator::4	Craft the Nuclear Generator Refueler and the Deionizing Beacon
I2Languages (I2.Loc.LanguageSourceAsset)	Journal/nuclearStabilizeGenerator::5	Craft the Reactor Safety System
I2Languages (I2.Loc.LanguageSourceAsset)	Journal/nuclearStabilizeGenerator::6	Install the Reactor Safety System in the Nuclear Power Plant
I2Languages (I2.Loc.LanguageSourceAsset)	Journal/mountainTitle	Mountain.
I2Languages (I2.Loc.LanguageSourceAsset)	Journal/mountain	Check the mountain location.
I2Languages (I2.Loc.LanguageSourceAsset)	Journal/mountain::1	Check the mountain location.
I2Languages (I2.Loc.LanguageSourceAsset)	Journal/mountainCryoNotesTitle	Cryo-tech Notes
I2Languages (I2.Loc.LanguageSourceAsset)	Journal/mountainCryoNotes	I want make a cryo sleep pod. I need to collect notes about cryo-tech experiments in the mountains.
I2Languages (I2.Loc.LanguageSourceAsset)	Journal/mountainCryoNotes::1	Collect Cryo-tech notes ($x$/$y$)
I2Languages (I2.Loc.LanguageSourceAsset)	Journal/mountainCryoSleepPodTitle	Cryo Sleep Pod
I2Languages (I2.Loc.LanguageSourceAsset)	Journal/mountainCryoSleepPod	I starting to understand Agancy's cryo tech. I will try one of thayer designs - Cryo Sleep Pod.
I2Languages (I2.Loc.LanguageSourceAsset)	Journal/mountainCryoSleepPod::1	Craft Cryo Sleep Pod
I2Languages (I2.Loc.LanguageSourceAsset)	Journal/mountainCryoSleepPod::2	Try out Cryo Sleep Pod
I2Languages (I2.Loc.LanguageSourceAsset)	Journal/mountainCryoSleepPod::3	Identify the cause of Cryo Sleep Pod malfunction
I2Languages (I2.Loc.LanguageSourceAsset)	Journal/mountainCryoSleepPod::4	Calibrate Cryo Sleep Pod
I2Languages (I2.Loc.LanguageSourceAsset)	Journal/mountainCryoSleepPod::5	Try Cryo Sleep Pod again
I2Languages (I2.Loc.LanguageSourceAsset)	Journal/mountainSaveBlankTitle	Save Blank
I2Languages (I2.Loc.LanguageSourceAsset)	Journal/mountainSaveBlank	Blank wants to use the cryo sleep pod on top of the mountain and she doesn't know that it need to by calibrated for her. I'm the only person that can save her life.
I2Languages (I2.Loc.LanguageSourceAsset)	Journal/mountainSaveBlank::1	Learn more details about Blank ($x$/$y$)
I2Languages (I2.Loc.LanguageSourceAsset)	Journal/mountainSaveBlank::2	Reach the mountain top.
I2Languages (I2.Loc.LanguageSourceAsset)	Journal/mountainSaveBlank::3	Find Blank.
I2Languages (I2.Loc.LanguageSourceAsset)	Journal/mountainSaveBlank::4	Inspect Blank's Cryo Sleep Pod.
I2Languages (I2.Loc.LanguageSourceAsset)	Journal/mountainSaveBlank::5	Calibrate Blank's Cryo Sleep Pod.
I2Languages (I2.Loc.LanguageSourceAsset)	Journal/mountainSaveBlank::6	Check back on Blank after some time. 
I2Languages (I2.Loc.LanguageSourceAsset)	Journal/mountainSaveBlank::7	Check back on Blank. 
I2Languages (I2.Loc.LanguageSourceAsset)	Articles/NP_Electricity_DamagedLines	Attention! As a result of an accident during military maneuvers, state high-voltage lines were interrupted. It is estimated that in the next few days the problem will be solved, however, the supply of electricity in some regions of the country may be withheld. If you have any questions or problems, please contact your local energy emergency services.
I2Languages (I2.Loc.LanguageSourceAsset)	Articles/NP_Electricity_DamagedLines_Bold	
I2Languages (I2.Loc.LanguageSourceAsset)	Articles/NP_Electricity_DamagedLines_Headline	Damaged high voltage lines
I2Languages (I2.Loc.LanguageSourceAsset)	Articles/NP_Electricity_Reactor	Citizens! The government informs. As a result of the failure of the nuclear reactor in our largest state power plant, some households may temporarily be deprived of electric power. We apologize for any inconvenience. If repairs will occur as a prolonged event, our functionaries will make sure that every citizen has access to food and drinking water. Stay prepared.
I2Languages (I2.Loc.LanguageSourceAsset)	Articles/NP_Electricity_Reactor_Bold	Reactor's failure
I2Languages (I2.Loc.LanguageSourceAsset)	Articles/NP_Electricity_Reactor_Headline	Reactor
I2Languages (I2.Loc.LanguageSourceAsset)	Articles/NP_Electricity_Thunderstorms	Meteorologists proclaim that next week will be exceptionally abundant in dangerous weather events, including storms. There may be power blackouts. Citizen, be aware! If there are characteristic signs in the sky, such as bright flares and rain and hail, stay home. If you are outside, take shelter in a nearby building or enter the car. Under no circumstances should you open an umbrella or stand under a tree.
I2Languages (I2.Loc.LanguageSourceAsset)	Articles/NP_Electricity_Thunderstorms_Bold	Thunderstorms
I2Languages (I2.Loc.LanguageSourceAsset)	Articles/NP_Electricity_Thunderstorms_Headline	Blackout
I2Languages (I2.Loc.LanguageSourceAsset)	Articles/NP_Trade_Embargo	Citizens! Due to a treacherous embargo imposed by the foreign powers, the upcoming week will be particularly hard for us. The import of goods is inhibited and this will negatively affect trade.
I2Languages (I2.Loc.LanguageSourceAsset)	Articles/NP_Trade_Embargo_Bold	No Trading
I2Languages (I2.Loc.LanguageSourceAsset)	Articles/NP_Trade_Embargo_Headline	
I2Languages (I2.Loc.LanguageSourceAsset)	Articles/NP_Trade_LabourDay	Embargo
I2Languages (I2.Loc.LanguageSourceAsset)	Articles/	
I2Languages (I2.Loc.LanguageSourceAsset)	Articles/NP_Trade_LabourDay_Bold	Labour Day
I2Languages (I2.Loc.LanguageSourceAsset)	Articles/NP_Trade_LabourDay_Headline	Labour Day
I2Languages (I2.Loc.LanguageSourceAsset)	Articles/NP_Trade_LostPostman	The local police informs that yesterday an investigation was initiated regarding the search for the missing Mr. Postman. We expect delays in the delivery of letters and other postal goods. All citizens who have been in contact with those missing in the last days are asked to provide information at the local police station. Remember, civic responsibility is the highest virtue.
I2Languages (I2.Loc.LanguageSourceAsset)	Articles/NP_Trade_LostPostman_Bold	Lost Mr. Postman
I2Languages (I2.Loc.LanguageSourceAsset)	Articles/NP_Trade_LostPostman_Headline	Postman
I2Languages (I2.Loc.LanguageSourceAsset)	Articles/NP_Water_Pipeline	This week the weather wasn't exceptional. As a result of periodic glaciations in the northern parts of the country, the integrity of our main pipelines was compromised. We can expect the delivery of water to be stopped in a few days. Our workers will take care of the crisis as soon as possible. Support them, citizens, and stay prepared.
I2Languages (I2.Loc.LanguageSourceAsset)	Articles/NP_Water_Pipeline_Bold	Pipeline failure.
I2Languages (I2.Loc.LanguageSourceAsset)	Articles/NP_Water_Pipeline_Headline	Pipeline
I2Languages (I2.Loc.LanguageSourceAsset)	Articles/NP_Water_Substances	The health service informs: citizen, drink only boiled water! There have been cases of serious illness after ingesting tap water. According to the local police and fire brigade, there are suspicious poisonous substances in the water. For further research and for the safety of our citizens, the supply of water will soon be cut off. We ask for your understanding. Remember! Your health is most important.
I2Languages (I2.Loc.LanguageSourceAsset)	Articles/NP_Water_Substances_Bold	
I2Languages (I2.Loc.LanguageSourceAsset)	Articles/NP_Water_Substances_Headline	Suspicious substances in water
I2Languages (I2.Loc.LanguageSourceAsset)	Articles/NP_Water_Tame	As a result of an unexpected accident, the work of the great state dam on the East Coast will be stopped. The dam's employees started maintenance and repair work in order to resume the unit's functioning as soon as possible. If repairs get drawn out, our functionaries will make sure that every citizen has access to food and drinking water. Stay prepared.
I2Languages (I2.Loc.LanguageSourceAsset)	Articles/NP_Water_Tame_Bold	Dam
I2Languages (I2.Loc.LanguageSourceAsset)	Articles/NP_Water_Tame_Headline	Dam
I2Languages (I2.Loc.LanguageSourceAsset)	Articles/ForeignNewspaperBobContent	Discussion continues after the last week's shooting rampage perpetrated by a 27-year old man in Nottingham. Commentators draw comparisons to previous attacks in Kyoto, Malaga, Tehran, and Erfurt. Despite the different methods of attacks, in each of these cases the perpetrator had no criminal record and no discernible political motive, and they seemed to choose their victims at random. Moreover, all of the attackers exhibited a very unusual behaviour: they fell asleep shortly after their rampages, making arresting them very easy.\n“The similarities are too striking to be accidental,” says Professor Clementine Montebello from University of Birmingham. “The profile of perpetrators and their modus operandi suggests a mind control technique of some sort is involved.”\nPoliticians are quicker to draw conclusions. “The attacks are obviously caused by the Brazen Serpent mind control satellite,” says Dominic Maralinga, the Foreign Secretary. “If the US administration does not shut down the programme immediately, there will be grave consequences.”\nThe White House has once again declined any comment on the matter.\n
I2Languages (I2.Loc.LanguageSourceAsset)	Articles/ForeignNewspaperBobTitle	International Pressure on the US Mounts after Nottingham Attack\n
I2Languages (I2.Loc.LanguageSourceAsset)	Articles/NP_SideArt_1	As the beneficial effects of the Brazen Serpent satellite on the health and wellbeing of American citizens persist, the foreign powers continue to slander our flagship project. Lavrentiy Pervukhin, the Soviet Union's Chairman of the Council of Ministers, has sounded his suspicion that the Brazen Serpent is a "mass surveillance tool aimed at our citizens", and British Empire's PM, Gilbert Ellice, has called it "a dangerous experiment on the population of the US and other countries". The President staunchly opposes depicting the Brazen Serpent as anything other than a very effective medical device. He says the foreign politicians spread lies out of jealousy, trying to hide their own incompetence in providing security and healthcare for their citizens.
I2Languages (I2.Loc.LanguageSourceAsset)	Articles/NP_SideArt_1_Headline	Who's afraid of the Americans' good health?
I2Languages (I2.Loc.LanguageSourceAsset)	Articles/NP_SideArt_2	The regenerative and protective effects of the Brazen Serpent waves are already well known, but the new study conducted by researchers from New Mexico University Alamogordo suggests that they are beneficial also to pets, especially dogs. Animals that received a dosage of healing waves were more obedient and less aggressive than the control group. Increased purring (in felines) and tail-wagging (in canines) were also reported. 
I2Languages (I2.Loc.LanguageSourceAsset)	Articles/NP_SideArt_2_Headline	Brazen Serpent is also good for pets, study says
I2Languages (I2.Loc.LanguageSourceAsset)	Articles/NP_SideArt_3	Remember: a good night's sleep makes you a better citizen! It lightens up your mood, reinforces your strength, and benefits your memory. A well-rested citizen is willing and ready to work for our country's prosperity, cooperates well with others and complies with all the security and wellbeing protocols. Don't be a sluggish night owl, citizen! Sleep well so you can rise and shine!
I2Languages (I2.Loc.LanguageSourceAsset)	Articles/NP_SideArt_3_Headline	Good sleep is a citizen's work!
I2Languages (I2.Loc.LanguageSourceAsset)	Articles/NP_SideArt_4	Officers of the Agency have raided a house of a man in Cactus Springs, Nevada, finding a sizeable collection of subversive materials, including banned books, unapproved textbooks, non-standard furniture, and an offensive image of the President. The owner has been interrogated in order to identify any accomplices and - after a prompt fair trial - sentenced to 30 years in a rehabilitation facility.
I2Languages (I2.Loc.LanguageSourceAsset)	Articles/NP_SideArt_4_Headline	Subversive and offensive materials confiscated, owner sentenced
I2Languages (I2.Loc.LanguageSourceAsset)	Articles/NP_SideArt_5_Headline	A new pathogen ravages Mexico, government unable to help the population
I2Languages (I2.Loc.LanguageSourceAsset)	Articles/NP_SideArt_5	A newly discovered protozoan pathogen is responsible for an outbreak of a very infectious and highly deadly disease in Mexico. The protozoan spreads through contact, airborne transmission is also suspected. Mexican healthcare is overwhelmed, people die in hundreds. In order to avoid the "Mexican virus", as the President has called it in his speech, security alongside the US-Mexican border will be strengthened. Any contact with anyone coming from Mexico should be reported immediately.\nThe US citizens, however, have no reason to fear the new pathogen thanks to the protective waves of the Brazen Serpent. And as some new research from the University of California, San Diego indicates, the beneficial effects of the Brazen Serpent go even further than initially thought - the waves seem to be effective in alleviating and even curing dementia.
I2Languages (I2.Loc.LanguageSourceAsset)	Inspect/state	Status
I2Languages (I2.Loc.LanguageSourceAsset)	Inspect/noSeed	needs a new seed
I2Languages (I2.Loc.LanguageSourceAsset)	Inspect/growing	growing
I2Languages (I2.Loc.LanguageSourceAsset)	Inspect/growingFruits	growing
I2Languages (I2.Loc.LanguageSourceAsset)	Inspect/needsWater	needs more water
I2Languages (I2.Loc.LanguageSourceAsset)	Inspect/needsLight	needs more light
I2Languages (I2.Loc.LanguageSourceAsset)	Inspect/readyForHarvest	ready for harvest
I2Languages (I2.Loc.LanguageSourceAsset)	Inspect/notWorking	not working, maybe it needs something?
I2Languages (I2.Loc.LanguageSourceAsset)	Inspect/working	working, please wait, not ready to collect
I2Languages (I2.Loc.LanguageSourceAsset)	Inspect/ready	ready to collect
I2Languages (I2.Loc.LanguageSourceAsset)	Inspect/nRain	needs rain
I2Languages (I2.Loc.LanguageSourceAsset)	Inspect/overload	overload. not enough power.
I2Languages (I2.Loc.LanguageSourceAsset)	Inspect/overload2	build generator or turn something off
I2Languages (I2.Loc.LanguageSourceAsset)	Inspect/overloadToColor	overload.
I2Languages (I2.Loc.LanguageSourceAsset)	Inspect/	
I2Languages (I2.Loc.LanguageSourceAsset)	Inspect/herbBed	But grandmother! What small cabin do you have, said Little Prepp Riding Hood.
I2Languages (I2.Loc.LanguageSourceAsset)	Inspect/herbDeerTrophy	A hunter's trophy? Perhaps there is more to the Herbalist than meets the eye.\nAnd what's the deal with these antlers?
I2Languages (I2.Loc.LanguageSourceAsset)	Inspect/herbGrowingBox	A growing box. Somehow I have a feeling these are not only decorative plants.
I2Languages (I2.Loc.LanguageSourceAsset)	Inspect/herbTV	There's nothing worthwhile on TV since the Plague, only news about successes of government, outdated educational programs, and old westerns.
I2Languages (I2.Loc.LanguageSourceAsset)	Inspect/herbWeedHook	This is probably a weeding tool. But it could definitely kill you.
I2Languages (I2.Loc.LanguageSourceAsset)	Inspect/herbDaisyGrubber	A gardening tool or a torture device? I don't trust the cute daisy painted on it. 
I2Languages (I2.Loc.LanguageSourceAsset)	Inspect/bobHideoutSupPosters	Apart from his books and comics, Bob has a collection of posters. It might be the most colorful place in whole Murricaville.
I2Languages (I2.Loc.LanguageSourceAsset)	Inspect/bobHideoutBeetle	I don't recognize this exotic language, but it looks like something about an invasion of deadly giant bugs. Very cool.
I2Languages (I2.Loc.LanguageSourceAsset)	Inspect/bobHideoutBless	This poster just tells it like it is. I also like to start the day with saluting the president's head in the sky. 
I2Languages (I2.Loc.LanguageSourceAsset)	Inspect/bobHideoutPC	A top-notch information technology. Too bad nobody had invented a wider network for these things.
I2Languages (I2.Loc.LanguageSourceAsset)	Inspect/bobHideoutBoard	Post-it notes always make the interior look professional.
I2Languages (I2.Loc.LanguageSourceAsset)	Inspect/bobSleeplessBasePillows	So here's where all the herbal teas from Jenny are being tested, I think.
I2Languages (I2.Loc.LanguageSourceAsset)	Inspect/bobSleeplessBasePosters	Catchy. Properly disturbing. Not sure if effective, though.
I2Languages (I2.Loc.LanguageSourceAsset)	Inspect/bobSleeplessBaseChairs	I wonder how many Sleepless are there. Do they hold regular meetings?
I2Languages (I2.Loc.LanguageSourceAsset)	Inspect/bobSleeplessBaseContainers	There's a lot of dangerous stuff for an area that's supposedly full of hydrogen.
I2Languages (I2.Loc.LanguageSourceAsset)	SteamAchievements/NEW_ACHIEVEMENT_1_0_NAME	Mr. Prepper's Path
I2Languages (I2.Loc.LanguageSourceAsset)	SteamAchievements/NEW_ACHIEVEMENT_1_0_DESC	Press START GAME after selecting a slot
I2Languages (I2.Loc.LanguageSourceAsset)	SteamAchievements/NEW_ACHIEVEMENT_1_1_NAME	Obvious from the beginning
I2Languages (I2.Loc.LanguageSourceAsset)	SteamAchievements/NEW_ACHIEVEMENT_1_1_DESC	Finish the tutorial
I2Languages (I2.Loc.LanguageSourceAsset)	SteamAchievements/NEW_ACHIEVEMENT_1_2_NAME	Little Prepp Riding Hood
I2Languages (I2.Loc.LanguageSourceAsset)	SteamAchievements/NEW_ACHIEVEMENT_1_2_DESC	Kill all the wolves around Jenny's forest hut
I2Languages (I2.Loc.LanguageSourceAsset)	SteamAchievements/NEW_ACHIEVEMENT_1_3_NAME	Atlas
I2Languages (I2.Loc.LanguageSourceAsset)	SteamAchievements/NEW_ACHIEVEMENT_1_3_DESC	Build an underground rocket silo
I2Languages (I2.Loc.LanguageSourceAsset)	SteamAchievements/NEW_ACHIEVEMENT_1_4_NAME	It's just a start!
I2Languages (I2.Loc.LanguageSourceAsset)	SteamAchievements/NEW_ACHIEVEMENT_1_4_DESC	Get to day 15
I2Languages (I2.Loc.LanguageSourceAsset)	SteamAchievements/NEW_ACHIEVEMENT_1_5_NAME	Prepp's Kitchen
I2Languages (I2.Loc.LanguageSourceAsset)	SteamAchievements/NEW_ACHIEVEMENT_1_5_DESC	Cook your first dish
I2Languages (I2.Loc.LanguageSourceAsset)	SteamAchievements/NEW_ACHIEVEMENT_1_6_NAME	Extreme Shelter Makeover
I2Languages (I2.Loc.LanguageSourceAsset)	SteamAchievements/NEW_ACHIEVEMENT_1_6_DESC	Upgrade a room
I2Languages (I2.Loc.LanguageSourceAsset)	SteamAchievements/NEW_ACHIEVEMENT_1_7_NAME	Old McDonald Had a Ranch House...
I2Languages (I2.Loc.LanguageSourceAsset)	SteamAchievements/NEW_ACHIEVEMENT_1_7_DESC	Build 5 greenhouses
I2Languages (I2.Loc.LanguageSourceAsset)	SteamAchievements/NEW_ACHIEVEMENT_1_8_NAME	Expander
I2Languages (I2.Loc.LanguageSourceAsset)	SteamAchievements/NEW_ACHIEVEMENT_1_8_DESC	Build more than 7 rooms in the bunker
I2Languages (I2.Loc.LanguageSourceAsset)	SteamAchievements/NEW_ACHIEVEMENT_1_9_NAME	If I Were a Rich Man
I2Languages (I2.Loc.LanguageSourceAsset)	SteamAchievements/NEW_ACHIEVEMENT_1_9_DESC	Have 1000 coins in your pocket
I2Languages (I2.Loc.LanguageSourceAsset)	SteamAchievements/NEW_ACHIEVEMENT_1_10_NAME	The Way of the Plant Eater
I2Languages (I2.Loc.LanguageSourceAsset)	SteamAchievements/NEW_ACHIEVEMENT_1_10_DESC	Don't eat any meat for 7 days
I2Languages (I2.Loc.LanguageSourceAsset)	SteamAchievements/NEW_ACHIEVEMENT_1_11_NAME	The Way of the Meat Eater
I2Languages (I2.Loc.LanguageSourceAsset)	SteamAchievements/NEW_ACHIEVEMENT_1_11_DESC	Eat only meat for 7 days
I2Languages (I2.Loc.LanguageSourceAsset)	SteamAchievements/NEW_ACHIEVEMENT_1_12_NAME	Scavenger
I2Languages (I2.Loc.LanguageSourceAsset)	SteamAchievements/NEW_ACHIEVEMENT_1_12_DESC	Loot 25 boxes
I2Languages (I2.Loc.LanguageSourceAsset)	SteamAchievements/NEW_ACHIEVEMENT_1_13_NAME	The Cook
I2Languages (I2.Loc.LanguageSourceAsset)	SteamAchievements/NEW_ACHIEVEMENT_1_13_DESC	Cook 50 dishes
I2Languages (I2.Loc.LanguageSourceAsset)	SteamAchievements/NEW_ACHIEVEMENT_1_14_NAME	Masterchef
I2Languages (I2.Loc.LanguageSourceAsset)	SteamAchievements/NEW_ACHIEVEMENT_1_14_DESC	Cook 200 dishes
I2Languages (I2.Loc.LanguageSourceAsset)	SteamAchievements/NEW_ACHIEVEMENT_1_15_NAME	The Negotiator
I2Languages (I2.Loc.LanguageSourceAsset)	SteamAchievements/NEW_ACHIEVEMENT_1_15_DESC	Reach max level of negotiation skill
I2Languages (I2.Loc.LanguageSourceAsset)	SteamAchievements/NEW_ACHIEVEMENT_1_16_NAME	The Builder
I2Languages (I2.Loc.LanguageSourceAsset)	SteamAchievements/NEW_ACHIEVEMENT_1_16_DESC	Read a book about building
I2Languages (I2.Loc.LanguageSourceAsset)	SteamAchievements/NEW_ACHIEVEMENT_1_17_NAME	The Agricultural Expert
I2Languages (I2.Loc.LanguageSourceAsset)	SteamAchievements/NEW_ACHIEVEMENT_1_17_DESC	Reach max level of gardening skill
I2Languages (I2.Loc.LanguageSourceAsset)	SteamAchievements/NEW_ACHIEVEMENT_1_18_NAME	I'll Do It Myself
I2Languages (I2.Loc.LanguageSourceAsset)	SteamAchievements/NEW_ACHIEVEMENT_1_18_DESC	Reach max level of DIY skill
I2Languages (I2.Loc.LanguageSourceAsset)	SteamAchievements/NEW_ACHIEVEMENT_1_19_NAME	Stay Healthy
I2Languages (I2.Loc.LanguageSourceAsset)	SteamAchievements/NEW_ACHIEVEMENT_1_19_DESC	Read a book about healthy eating
I2Languages (I2.Loc.LanguageSourceAsset)	SteamAchievements/NEW_ACHIEVEMENT_1_20_NAME	Karate Prepper
I2Languages (I2.Loc.LanguageSourceAsset)	SteamAchievements/NEW_ACHIEVEMENT_1_20_DESC	Reach max level of martial art skill
I2Languages (I2.Loc.LanguageSourceAsset)	SteamAchievements/NEW_ACHIEVEMENT_1_21_NAME	No Time to Sleep
I2Languages (I2.Loc.LanguageSourceAsset)	SteamAchievements/NEW_ACHIEVEMENT_1_21_DESC	Read a book about sleep
I2Languages (I2.Loc.LanguageSourceAsset)	SteamAchievements/NEW_ACHIEVEMENT_1_22_NAME	The Tinkerer
I2Languages (I2.Loc.LanguageSourceAsset)	SteamAchievements/NEW_ACHIEVEMENT_1_22_DESC	Read a book about fuel saving
I2Languages (I2.Loc.LanguageSourceAsset)	SteamAchievements/NEW_ACHIEVEMENT_1_23_NAME	Prepper 101
I2Languages (I2.Loc.LanguageSourceAsset)	SteamAchievements/NEW_ACHIEVEMENT_1_23_DESC	Read a guide to prepping
I2Languages (I2.Loc.LanguageSourceAsset)	SteamAchievements/NEW_ACHIEVEMENT_1_24_NAME	Arm Wrestler
I2Languages (I2.Loc.LanguageSourceAsset)	SteamAchievements/NEW_ACHIEVEMENT_1_24_DESC	Reach max level of strength
I2Languages (I2.Loc.LanguageSourceAsset)	SteamAchievements/NEW_ACHIEVEMENT_1_25_NAME	Project Iceworm
I2Languages (I2.Loc.LanguageSourceAsset)	SteamAchievements/NEW_ACHIEVEMENT_1_25_DESC	Read a book about surviving in low temperatures
I2Languages (I2.Loc.LanguageSourceAsset)	SteamAchievements/NEW_ACHIEVEMENT_1_26_NAME	Straight to the Grandma's House
I2Languages (I2.Loc.LanguageSourceAsset)	SteamAchievements/NEW_ACHIEVEMENT_1_26_DESC	Reach max level of trust with Jenny
I2Languages (I2.Loc.LanguageSourceAsset)	SteamAchievements/NEW_ACHIEVEMENT_1_27_NAME	Comics & Mining Convention
I2Languages (I2.Loc.LanguageSourceAsset)	SteamAchievements/NEW_ACHIEVEMENT_1_27_DESC	Reach max level of trust with Bob
I2Languages (I2.Loc.LanguageSourceAsset)	SteamAchievements/NEW_ACHIEVEMENT_1_28_NAME	Chupacabra Approved
I2Languages (I2.Loc.LanguageSourceAsset)	SteamAchievements/NEW_ACHIEVEMENT_1_28_DESC	Reach max level of trust with Joe
I2Languages (I2.Loc.LanguageSourceAsset)	SteamAchievements/NEW_ACHIEVEMENT_1_29_NAME	First Tool
I2Languages (I2.Loc.LanguageSourceAsset)	SteamAchievements/NEW_ACHIEVEMENT_1_29_DESC	Craft a pickaxe
I2Languages (I2.Loc.LanguageSourceAsset)	SteamAchievements/NEW_ACHIEVEMENT_1_30_NAME	Miner
I2Languages (I2.Loc.LanguageSourceAsset)	SteamAchievements/NEW_ACHIEVEMENT_1_30_DESC	Use 50 units of fuel in the mining machines
I2Languages (I2.Loc.LanguageSourceAsset)	SteamAchievements/NEW_ACHIEVEMENT_1_31_NAME	Observing the Past
I2Languages (I2.Loc.LanguageSourceAsset)	SteamAchievements/NEW_ACHIEVEMENT_1_31_DESC	Reach Fort Observer
I2Languages (I2.Loc.LanguageSourceAsset)	SteamAchievements/NEW_ACHIEVEMENT_33_0_NAME	The Best Penpal
I2Languages (I2.Loc.LanguageSourceAsset)	SteamAchievements/NEW_ACHIEVEMENT_33_0_DESC	Reach max level of trust with Minuteman
I2Languages (I2.Loc.LanguageSourceAsset)	SteamAchievements/NEW_ACHIEVEMENT_33_1_NAME	Home Decorator
I2Languages (I2.Loc.LanguageSourceAsset)	SteamAchievements/NEW_ACHIEVEMENT_33_1_DESC	Have lamps in all colors at the same time
I2Languages (I2.Loc.LanguageSourceAsset)	SteamAchievements/NEW_ACHIEVEMENT_33_2_NAME	Wolf Slayer
I2Languages (I2.Loc.LanguageSourceAsset)	SteamAchievements/NEW_ACHIEVEMENT_33_2_DESC	Kill 100 wolves
I2Languages (I2.Loc.LanguageSourceAsset)	SteamAchievements/NEW_ACHIEVEMENT_33_3_NAME	Sleepyhead
I2Languages (I2.Loc.LanguageSourceAsset)	SteamAchievements/NEW_ACHIEVEMENT_33_3_DESC	Nap during the day
I2Languages (I2.Loc.LanguageSourceAsset)	SteamAchievements/NEW_ACHIEVEMENT_33_4_NAME	Car Mechanic 
I2Languages (I2.Loc.LanguageSourceAsset)	SteamAchievements/NEW_ACHIEVEMENT_33_4_DESC	Fix the car in the junkyard
I2Languages (I2.Loc.LanguageSourceAsset)	SteamAchievements/NEW_ACHIEVEMENT_33_5_NAME	Rocketman
I2Languages (I2.Loc.LanguageSourceAsset)	SteamAchievements/NEW_ACHIEVEMENT_33_5_DESC	Build the rocket
I2Languages (I2.Loc.LanguageSourceAsset)	SteamAchievements/NEW_ACHIEVEMENT_33_6_NAME	Popular Kid
I2Languages (I2.Loc.LanguageSourceAsset)	SteamAchievements/NEW_ACHIEVEMENT_33_6_DESC	Reach max level of trust with all sellers
I2Languages (I2.Loc.LanguageSourceAsset)	SteamAchievements/NEW_ACHIEVEMENT_33_7_NAME	Kung Fu Fighting
I2Languages (I2.Loc.LanguageSourceAsset)	SteamAchievements/NEW_ACHIEVEMENT_33_7_DESC	Kill a wolf with your fists only
I2Languages (I2.Loc.LanguageSourceAsset)	SteamAchievements/NEW_ACHIEVEMENT_33_8_NAME	Gunslinger
I2Languages (I2.Loc.LanguageSourceAsset)	SteamAchievements/NEW_ACHIEVEMENT_33_8_DESC	Fire 6 bullets in 3 seconds with a revolver
I2Languages (I2.Loc.LanguageSourceAsset)	SteamAchievements/NEW_ACHIEVEMENT_33_9_NAME	Vampire Hunter
I2Languages (I2.Loc.LanguageSourceAsset)	SteamAchievements/NEW_ACHIEVEMENT_33_9_DESC	Kill 60 bats
I2Languages (I2.Loc.LanguageSourceAsset)	SteamAchievements/NEW_ACHIEVEMENT_33_10_NAME	Sleepless
I2Languages (I2.Loc.LanguageSourceAsset)	SteamAchievements/NEW_ACHIEVEMENT_33_10_DESC	Get a drug to stay awake through the night
I2Languages (I2.Loc.LanguageSourceAsset)	SteamAchievements/NEW_ACHIEVEMENT_33_11_NAME	Everything is Bob
I2Languages (I2.Loc.LanguageSourceAsset)	SteamAchievements/NEW_ACHIEVEMENT_33_11_DESC	Inspect every plant in the game
I2Languages (I2.Loc.LanguageSourceAsset)	SteamAchievements/NEW_ACHIEVEMENT_33_12_NAME	Novice Prepper
I2Languages (I2.Loc.LanguageSourceAsset)	SteamAchievements/NEW_ACHIEVEMENT_33_12_DESC	Survive 1 month
I2Languages (I2.Loc.LanguageSourceAsset)	SteamAchievements/NEW_ACHIEVEMENT_33_13_NAME	Intermediate Prepper
I2Languages (I2.Loc.LanguageSourceAsset)	SteamAchievements/NEW_ACHIEVEMENT_33_13_DESC	Survive 2 months
I2Languages (I2.Loc.LanguageSourceAsset)	SteamAchievements/NEW_ACHIEVEMENT_33_14_NAME	Advanced Prepper
I2Languages (I2.Loc.LanguageSourceAsset)	SteamAchievements/NEW_ACHIEVEMENT_33_14_DESC	Survive 4 months
I2Languages (I2.Loc.LanguageSourceAsset)	SteamAchievements/NEW_ACHIEVEMENT_33_15_NAME	The Original Prepper
I2Languages (I2.Loc.LanguageSourceAsset)	SteamAchievements/NEW_ACHIEVEMENT_33_15_DESC	Survive 1 year
I2Languages (I2.Loc.LanguageSourceAsset)	SteamAchievements/NEW_ACHIEVEMENT_33_16_NAME	Slacker
I2Languages (I2.Loc.LanguageSourceAsset)	SteamAchievements/NEW_ACHIEVEMENT_33_16_DESC	Nap 3 times on 1 day
I2Languages (I2.Loc.LanguageSourceAsset)	SteamAchievements/NEW_ACHIEVEMENT_33_17_NAME	No time to waste, there's prepping to do!
I2Languages (I2.Loc.LanguageSourceAsset)	SteamAchievements/NEW_ACHIEVEMENT_33_17_DESC	Do not nap for 7 days
I2Languages (I2.Loc.LanguageSourceAsset)	SteamAchievements/NEW_ACHIEVEMENT_33_18_NAME	Government Property
I2Languages (I2.Loc.LanguageSourceAsset)	SteamAchievements/NEW_ACHIEVEMENT_33_18_DESC	Keep your house unchanged for 7 days
I2Languages (I2.Loc.LanguageSourceAsset)	SteamAchievements/NEW_ACHIEVEMENT_33_19_NAME	Blueberrylicious
I2Languages (I2.Loc.LanguageSourceAsset)	SteamAchievements/NEW_ACHIEVEMENT_33_19_DESC	Survive 7 days on blueberries only
I2Languages (I2.Loc.LanguageSourceAsset)	SteamAchievements/NEW_ACHIEVEMENT_33_20_NAME	Booksmart
I2Languages (I2.Loc.LanguageSourceAsset)	SteamAchievements/NEW_ACHIEVEMENT_33_20_DESC	Read all the skills books
I2Languages (I2.Loc.LanguageSourceAsset)	SteamAchievements/NEW_ACHIEVEMENT_33_21_NAME	The Poacher
I2Languages (I2.Loc.LanguageSourceAsset)	SteamAchievements/NEW_ACHIEVEMENT_33_21_DESC	Catch 50 animals with traps
I2Languages (I2.Loc.LanguageSourceAsset)	SteamAchievements/NEW_ACHIEVEMENT_33_22_NAME	Invincible
I2Languages (I2.Loc.LanguageSourceAsset)	SteamAchievements/NEW_ACHIEVEMENT_33_22_DESC	Complete the game without fainting
I2Languages (I2.Loc.LanguageSourceAsset)	SteamAchievements/NEW_ACHIEVEMENT_33_23_NAME	Fair Trial
I2Languages (I2.Loc.LanguageSourceAsset)	SteamAchievements/NEW_ACHIEVEMENT_33_23_DESC	Get arrested
I2Languages (I2.Loc.LanguageSourceAsset)	SteamAchievements/NEW_ACHIEVEMENT_33_24_NAME	Gentleman
I2Languages (I2.Loc.LanguageSourceAsset)	SteamAchievements/NEW_ACHIEVEMENT_33_24_DESC	Do not run for 7 days
I2Languages (I2.Loc.LanguageSourceAsset)	SteamAchievements/NEW_ACHIEVEMENT_33_25_NAME	Speedrunner
I2Languages (I2.Loc.LanguageSourceAsset)	SteamAchievements/NEW_ACHIEVEMENT_33_25_DESC	Finish the game in 30 days
I2Languages (I2.Loc.LanguageSourceAsset)	SteamAchievements/NEW_ACHIEVEMENT_33_26_NAME	Counting Stars
I2Languages (I2.Loc.LanguageSourceAsset)	SteamAchievements/NEW_ACHIEVEMENT_33_26_DESC	Collect all names in the credits
I2Languages (I2.Loc.LanguageSourceAsset)	SteamAchievements/NEW_ACHIEVEMENT_33_27_NAME	Perfect Ending
I2Languages (I2.Loc.LanguageSourceAsset)	SteamAchievements/NEW_ACHIEVEMENT_33_27_DESC	Get full ending
I2Languages (I2.Loc.LanguageSourceAsset)	SteamAchievements/	
I2Languages (I2.Loc.LanguageSourceAsset)	SteamAchievements/NEW_ACHIEVEMENT_33_29_NAME	White Sands Farm
I2Languages (I2.Loc.LanguageSourceAsset)	SteamAchievements/NEW_ACHIEVEMENT_33_29_DESC	Visit the farm for the first time
I2Languages (I2.Loc.LanguageSourceAsset)	SteamAchievements/NEW_ACHIEVEMENT_33_30_NAME	Employee of the Month
I2Languages (I2.Loc.LanguageSourceAsset)	SteamAchievements/NEW_ACHIEVEMENT_33_30_DESC	Repair everything that can be repaired on the farm
I2Languages (I2.Loc.LanguageSourceAsset)	SteamAchievements/NEW_ACHIEVEMENT_33_31_NAME	The Lake
I2Languages (I2.Loc.LanguageSourceAsset)	SteamAchievements/NEW_ACHIEVEMENT_33_31_DESC	Discover the lake
I2Languages (I2.Loc.LanguageSourceAsset)	SteamAchievements/NEW_ACHIEVEMENT_43_0_NAME	Abduction
I2Languages (I2.Loc.LanguageSourceAsset)	SteamAchievements/NEW_ACHIEVEMENT_43_0_DESC	Get abducted by the UFO
I2Languages (I2.Loc.LanguageSourceAsset)	SteamAchievements/NEW_ACHIEVEMENT_43_1_NAME	Until Dawn
I2Languages (I2.Loc.LanguageSourceAsset)	SteamAchievements/NEW_ACHIEVEMENT_43_1_DESC	Escape the UFO 
I2Languages (I2.Loc.LanguageSourceAsset)	SteamAchievements/NEW_ACHIEVEMENT_43_2_NAME	Skub the Shoemaker
I2Languages (I2.Loc.LanguageSourceAsset)	SteamAchievements/NEW_ACHIEVEMENT_43_2_DESC	Destroy the UFO
I2Languages (I2.Loc.LanguageSourceAsset)	SteamAchievements/NEW_ACHIEVEMENT_43_3_NAME	Search and Rescue
I2Languages (I2.Loc.LanguageSourceAsset)	SteamAchievements/NEW_ACHIEVEMENT_43_3_DESC	Find all the missing animals
I2Languages (I2.Loc.LanguageSourceAsset)	SteamAchievements/NEW_ACHIEVEMENT_43_4_NAME	Egg Hunt
I2Languages (I2.Loc.LanguageSourceAsset)	SteamAchievements/NEW_ACHIEVEMENT_43_4_DESC	Collect 60 eggs from chickens
I2Languages (I2.Loc.LanguageSourceAsset)	SteamAchievements/NEW_ACHIEVEMENT_43_5_NAME	Milkman
I2Languages (I2.Loc.LanguageSourceAsset)	SteamAchievements/NEW_ACHIEVEMENT_43_5_DESC	Collect 100 milk units by milking animals
I2Languages (I2.Loc.LanguageSourceAsset)	SteamAchievements/NEW_ACHIEVEMENT_43_6_NAME	Hamster-powered
I2Languages (I2.Loc.LanguageSourceAsset)	SteamAchievements/NEW_ACHIEVEMENT_43_6_DESC	Have the whole shelter powered by hamsters only
I2Languages (I2.Loc.LanguageSourceAsset)	SteamAchievements/NEW_ACHIEVEMENT_43_7_NAME	Beekeeper
I2Languages (I2.Loc.LanguageSourceAsset)	SteamAchievements/NEW_ACHIEVEMENT_43_7_DESC	Collect 30 units of honey from beehives
I2Languages (I2.Loc.LanguageSourceAsset)	SteamAchievements/NEW_ACHIEVEMENT_43_8_NAME	Dog Owner
I2Languages (I2.Loc.LanguageSourceAsset)	SteamAchievements/NEW_ACHIEVEMENT_43_8_DESC	Reach the 1st friendship level with Xeno
I2Languages (I2.Loc.LanguageSourceAsset)	SteamAchievements/NEW_ACHIEVEMENT_43_9_NAME	Dog Person
I2Languages (I2.Loc.LanguageSourceAsset)	SteamAchievements/NEW_ACHIEVEMENT_43_9_DESC	Reach the 2nd friendship level with Xeno
I2Languages (I2.Loc.LanguageSourceAsset)	SteamAchievements/NEW_ACHIEVEMENT_43_10_NAME	Best Friend
I2Languages (I2.Loc.LanguageSourceAsset)	SteamAchievements/NEW_ACHIEVEMENT_43_10_DESC	Reach maximum friendship level with Xeno
I2Languages (I2.Loc.LanguageSourceAsset)	SteamAchievements/NEW_ACHIEVEMENT_43_11_NAME	Gotta Pet 'Em All
I2Languages (I2.Loc.LanguageSourceAsset)	SteamAchievements/NEW_ACHIEVEMENT_43_11_DESC	Pet all the animal types
I2Languages (I2.Loc.LanguageSourceAsset)	SteamAchievements/NEW_ACHIEVEMENT_43_12_NAME	Maze Runner
I2Languages (I2.Loc.LanguageSourceAsset)	SteamAchievements/NEW_ACHIEVEMENT_43_12_DESC	Unlock maximum maze level
I2Languages (I2.Loc.LanguageSourceAsset)	SteamAchievements/NEW_ACHIEVEMENT_43_13_NAME	Night Runner
I2Languages (I2.Loc.LanguageSourceAsset)	SteamAchievements/NEW_ACHIEVEMENT_43_13_DESC	Finish the 5th level of the night maze
I2Languages (I2.Loc.LanguageSourceAsset)	SteamAchievements/NEW_ACHIEVEMENT_43_14_NAME	Golden Fish
I2Languages (I2.Loc.LanguageSourceAsset)	SteamAchievements/NEW_ACHIEVEMENT_43_14_DESC	Catch golden fish
I2Languages (I2.Loc.LanguageSourceAsset)	SteamAchievements/NEW_ACHIEVEMENT_43_15_NAME	The Fisher King
I2Languages (I2.Loc.LanguageSourceAsset)	SteamAchievements/NEW_ACHIEVEMENT_43_15_DESC	Catch all the fish types
I2Languages (I2.Loc.LanguageSourceAsset)	SteamAchievements/NEW_ACHIEVEMENT_43_16_NAME	Novice Fisherman
I2Languages (I2.Loc.LanguageSourceAsset)	SteamAchievements/NEW_ACHIEVEMENT_43_16_DESC	Reach the novice fisherman rank
I2Languages (I2.Loc.LanguageSourceAsset)	SteamAchievements/NEW_ACHIEVEMENT_43_17_NAME	Apprentice Fisherman
I2Languages (I2.Loc.LanguageSourceAsset)	SteamAchievements/NEW_ACHIEVEMENT_43_17_DESC	Reach the apprentice fisherman rank
I2Languages (I2.Loc.LanguageSourceAsset)	SteamAchievements/NEW_ACHIEVEMENT_43_18_NAME	Advanced Fisherman
I2Languages (I2.Loc.LanguageSourceAsset)	SteamAchievements/NEW_ACHIEVEMENT_43_18_DESC	Reach the advanced fisherman rank
I2Languages (I2.Loc.LanguageSourceAsset)	SteamAchievements/NEW_ACHIEVEMENT_43_19_NAME	Expert Fisherman
I2Languages (I2.Loc.LanguageSourceAsset)	SteamAchievements/NEW_ACHIEVEMENT_43_19_DESC	Reach the expert fisherman rank
I2Languages (I2.Loc.LanguageSourceAsset)	SteamAchievements/NEW_ACHIEVEMENT_43_20_NAME	Master Fisherman
I2Languages (I2.Loc.LanguageSourceAsset)	SteamAchievements/NEW_ACHIEVEMENT_43_20_DESC	Reach the master fisherman rank
I2Languages (I2.Loc.LanguageSourceAsset)	SteamAchievements/NEW_ACHIEVEMENT_44_1_NAME	Initiating Chain Reaction
I2Languages (I2.Loc.LanguageSourceAsset)	SteamAchievements/NEW_ACHIEVEMENT_44_1_DESC	Visit the nuclear power plant for the first time
I2Languages (I2.Loc.LanguageSourceAsset)	SteamAchievements/NEW_ACHIEVEMENT_44_2_NAME	Lab Assistant
I2Languages (I2.Loc.LanguageSourceAsset)	SteamAchievements/NEW_ACHIEVEMENT_44_2_DESC	Finish stage 1 of scientist's item quests
I2Languages (I2.Loc.LanguageSourceAsset)	SteamAchievements/NEW_ACHIEVEMENT_44_3_NAME	Junior Researcher
I2Languages (I2.Loc.LanguageSourceAsset)	SteamAchievements/NEW_ACHIEVEMENT_44_3_DESC	Finish stage 2 of scientist's item quests
I2Languages (I2.Loc.LanguageSourceAsset)	SteamAchievements/NEW_ACHIEVEMENT_44_4_NAME	Field Research Specialist
I2Languages (I2.Loc.LanguageSourceAsset)	SteamAchievements/NEW_ACHIEVEMENT_44_4_DESC	Finish stage 3 of scientist's item quests
I2Languages (I2.Loc.LanguageSourceAsset)	SteamAchievements/NEW_ACHIEVEMENT_44_5_NAME	Chief Science Partner
I2Languages (I2.Loc.LanguageSourceAsset)	SteamAchievements/NEW_ACHIEVEMENT_44_5_DESC	Finish stage 4 of scientist fetch quests
I2Languages (I2.Loc.LanguageSourceAsset)	SteamAchievements/NEW_ACHIEVEMENT_44_6_NAME	Talked Him Off the Tesla Coil
I2Languages (I2.Loc.LanguageSourceAsset)	SteamAchievements/NEW_ACHIEVEMENT_44_6_DESC	Save the scientist from himself
I2Languages (I2.Loc.LanguageSourceAsset)	SteamAchievements/NEW_ACHIEVEMENT_44_7_NAME	Radioactive Geocaching
I2Languages (I2.Loc.LanguageSourceAsset)	SteamAchievements/NEW_ACHIEVEMENT_44_7_DESC	Find 20 radioactive items with Geiger counter
I2Languages (I2.Loc.LanguageSourceAsset)	SteamAchievements/NEW_ACHIEVEMENT_44_8_NAME	Bikini Atoll
I2Languages (I2.Loc.LanguageSourceAsset)	SteamAchievements/NEW_ACHIEVEMENT_44_8_DESC	Find a mannequin on the desert
I2Languages (I2.Loc.LanguageSourceAsset)	SteamAchievements/NEW_ACHIEVEMENT_44_9_NAME	Environmental Consequences
I2Languages (I2.Loc.LanguageSourceAsset)	SteamAchievements/NEW_ACHIEVEMENT_44_9_DESC	Find a rare mutated plant in the forest
I2Languages (I2.Loc.LanguageSourceAsset)	SteamAchievements/NEW_ACHIEVEMENT_44_10_NAME	Meltdown Threshold
I2Languages (I2.Loc.LanguageSourceAsset)	SteamAchievements/NEW_ACHIEVEMENT_44_10_DESC	Reach maximum level of irradiation
I2Languages (I2.Loc.LanguageSourceAsset)	SteamAchievements/NEW_ACHIEVEMENT_44_11_NAME	Uranium Mine
I2Languages (I2.Loc.LanguageSourceAsset)	SteamAchievements/NEW_ACHIEVEMENT_44_11_DESC	Enter the uranium mine
I2Languages (I2.Loc.LanguageSourceAsset)	SteamAchievements/NEW_ACHIEVEMENT_44_12_NAME	Prize Collector
I2Languages (I2.Loc.LanguageSourceAsset)	SteamAchievements/NEW_ACHIEVEMENT_44_12_DESC	Get 20 prize boxes using the crane machine
I2Languages (I2.Loc.LanguageSourceAsset)	SteamAchievements/NEW_ACHIEVEMENT_44_13_NAME	Peaceful Atom
I2Languages (I2.Loc.LanguageSourceAsset)	SteamAchievements/NEW_ACHIEVEMENT_44_13_DESC	Craft a nuclear generator
I2Languages (I2.Loc.LanguageSourceAsset)	SteamAchievements/NEW_ACHIEVEMENT_44_14_NAME	When Life Gives You Lemons
I2Languages (I2.Loc.LanguageSourceAsset)	SteamAchievements/NEW_ACHIEVEMENT_44_14_DESC	Buy 20 lemonades
I2Languages (I2.Loc.LanguageSourceAsset)	SteamAchievements/NEW_ACHIEVEMENT_44_15_NAME	Expedition 33
I2Languages (I2.Loc.LanguageSourceAsset)	SteamAchievements/NEW_ACHIEVEMENT_44_15_DESC	Complete expeditions to all locations at max level
I2Languages (I2.Loc.LanguageSourceAsset)	SteamAchievements/NEW_ACHIEVEMENT_44_16_NAME	The Gadget
I2Languages (I2.Loc.LanguageSourceAsset)	SteamAchievements/NEW_ACHIEVEMENT_44_16_DESC	Detonate Nuclear bomb
I2Languages (I2.Loc.LanguageSourceAsset)	SteamAchievements/NEW_ACHIEVEMENT_44_17_NAME	Crane Machine Veteran
I2Languages (I2.Loc.LanguageSourceAsset)	SteamAchievements/NEW_ACHIEVEMENT_44_17_DESC	Reach level 10 in the crane machine
I2Languages (I2.Loc.LanguageSourceAsset)	SteamAchievements/NEW_ACHIEVEMENT_44_18_NAME	Two Birds, One Claw
I2Languages (I2.Loc.LanguageSourceAsset)	SteamAchievements/NEW_ACHIEVEMENT_44_18_DESC	Win two prize boxes in a single crane machine move
I2Languages (I2.Loc.LanguageSourceAsset)	New Text	kolrotr\t
I2Languages (I2.Loc.LanguageSourceAsset)	afterDeath	You were unconscious for
I2Languages (I2.Loc.LanguageSourceAsset)	days	days
I2Languages (I2.Loc.LanguageSourceAsset)	day	day
I2Languages (I2.Loc.LanguageSourceAsset)	dead	dead
I2Languages (I2.Loc.LanguageSourceAsset)	fainted	fainted
I2Languages (I2.Loc.LanguageSourceAsset)	houres	hours
I2Languages (I2.Loc.LanguageSourceAsset)	houresUnder5	hours
I2Languages (I2.Loc.LanguageSourceAsset)	hour	hour
I2Languages (I2.Loc.LanguageSourceAsset)	minutes	minutes
I2Languages (I2.Loc.LanguageSourceAsset)	minutesUnder5	minutes
I2Languages (I2.Loc.LanguageSourceAsset)	minut	minute
I2Languages (I2.Loc.LanguageSourceAsset)	dayShort	d
I2Languages (I2.Loc.LanguageSourceAsset)	hourShort	h
I2Languages (I2.Loc.LanguageSourceAsset)	minutShort	m
I2Languages (I2.Loc.LanguageSourceAsset)	refresher	olin
I2Languages (I2.Loc.LanguageSourceAsset)	test	The electricity has been cut off!
I2Languages (I2.Loc.LanguageSourceAsset)	test2	force
I2Languages (I2.Loc.LanguageSourceAsset)	Bought	bought
I2Languages (I2.Loc.LanguageSourceAsset)	sold	SOLD
I2Languages (I2.Loc.LanguageSourceAsset)	soldSale	No, thanks
I2Languages (I2.Loc.LanguageSourceAsset)	inStock	in stock
I2Languages (I2.Loc.LanguageSourceAsset)	inStockSale	needed
I2Languages (I2.Loc.LanguageSourceAsset)	inspiration	Inspiration
I2Languages (I2.Loc.LanguageSourceAsset)	and	and
I2Languages (I2.Loc.LanguageSourceAsset)	Sell	Sell
I2Languages (I2.Loc.LanguageSourceAsset)	Give	Give
I2Languages (I2.Loc.LanguageSourceAsset)	total	total
I2Languages (I2.Loc.LanguageSourceAsset)	demoFinished	        \n<color=#FFC700FF><size=175%>CONGRATULATIONS!\n<line-height=59%><color=#FFFFFFFF><size=100%>You have finished the demo.\nWe really hope that you have enjoyed it. Please feel free to share your feedback so we can make this game better.\n<line-height=70%>\n<pos=4%>Wanna continue playing?
I2Languages (I2.Loc.LanguageSourceAsset)	yes	YES!
I2Languages (I2.Loc.LanguageSourceAsset)	No	No
I2Languages (I2.Loc.LanguageSourceAsset)	openAgent	Open the door, the Agent has come!
I2Languages (I2.Loc.LanguageSourceAsset)	tutorialQ	Do you want to play the tutorial?
I2Languages (I2.Loc.LanguageSourceAsset)	saveing	Saving
I2Languages (I2.Loc.LanguageSourceAsset)	myCash	My cash
I2Languages (I2.Loc.LanguageSourceAsset)	Buy	Buy
I2Languages (I2.Loc.LanguageSourceAsset)	Inspect	Inspect
I2Languages (I2.Loc.LanguageSourceAsset)	exitG	Exit
I2Languages (I2.Loc.LanguageSourceAsset)	exitW	Exit to windows
I2Languages (I2.Loc.LanguageSourceAsset)	Settings	Settings
I2Languages (I2.Loc.LanguageSourceAsset)	exitM	Exit to menu
I2Languages (I2.Loc.LanguageSourceAsset)	Hold	Hold
I2Languages (I2.Loc.LanguageSourceAsset)	Controls	Controls
I2Languages (I2.Loc.LanguageSourceAsset)	Audio	Audio
I2Languages (I2.Loc.LanguageSourceAsset)	Results	Results
I2Languages (I2.Loc.LanguageSourceAsset)	Volume	Volume
I2Languages (I2.Loc.LanguageSourceAsset)	Game	Game
I2Languages (I2.Loc.LanguageSourceAsset)	Graphics	Graphics
I2Languages (I2.Loc.LanguageSourceAsset)	Music	Music
I2Languages (I2.Loc.LanguageSourceAsset)	Ambient	Ambient
I2Languages (I2.Loc.LanguageSourceAsset)	Effects	Effects
I2Languages (I2.Loc.LanguageSourceAsset)	Always Run	Always Run
I2Languages (I2.Loc.LanguageSourceAsset)	Language	Language
I2Languages (I2.Loc.LanguageSourceAsset)	Keyboard Camera Speed	Keyboard Camera Speed
I2Languages (I2.Loc.LanguageSourceAsset)	Keyboard Camera SpeedPort	Camera Speed
I2Languages (I2.Loc.LanguageSourceAsset)	Screen Edge Camera Speed	Screen Edge Camera Speed
I2Languages (I2.Loc.LanguageSourceAsset)	Show Tips	Show Tips
I2Languages (I2.Loc.LanguageSourceAsset)	Resolution	Resolution
I2Languages (I2.Loc.LanguageSourceAsset)	Fullscreen	Fullscreen
I2Languages (I2.Loc.LanguageSourceAsset)	V-sync	V-sync
I2Languages (I2.Loc.LanguageSourceAsset)	Brightness	Brightness
I2Languages (I2.Loc.LanguageSourceAsset)	Antialiasing	Antialiasing
I2Languages (I2.Loc.LanguageSourceAsset)	Extra Antialiasing	Extra Antialiasing
I2Languages (I2.Loc.LanguageSourceAsset)	Depth Of Field	Depth Of Field
I2Languages (I2.Loc.LanguageSourceAsset)	Ambient Occlusion	Ambient Occlusion
I2Languages (I2.Loc.LanguageSourceAsset)	Ambient Obscurance	Ambient Obscurance
I2Languages (I2.Loc.LanguageSourceAsset)	Bloom	Bloom
I2Languages (I2.Loc.LanguageSourceAsset)	Shadow Quality	Shadow Quality
I2Languages (I2.Loc.LanguageSourceAsset)	Texture Quality	Texture Quality
I2Languages (I2.Loc.LanguageSourceAsset)	Detail Level	Detail Level
I2Languages (I2.Loc.LanguageSourceAsset)	Forward Rendering	Forward Rendering
I2Languages (I2.Loc.LanguageSourceAsset)	Attack Type	Attack Type
I2Languages (I2.Loc.LanguageSourceAsset)	Low	Low
I2Languages (I2.Loc.LanguageSourceAsset)	Medium	Medium
I2Languages (I2.Loc.LanguageSourceAsset)	High	High
I2Languages (I2.Loc.LanguageSourceAsset)	Framerate Limit	Framerate Limit
I2Languages (I2.Loc.LanguageSourceAsset)	No Limit	No Limit
I2Languages (I2.Loc.LanguageSourceAsset)	V-sync Limit	V-sync Limit
I2Languages (I2.Loc.LanguageSourceAsset)	deposite	Deposit All
I2Languages (I2.Loc.LanguageSourceAsset)	apply	Apply
I2Languages (I2.Loc.LanguageSourceAsset)	takeAll	Take All
I2Languages (I2.Loc.LanguageSourceAsset)	Journal	Journal
I2Languages (I2.Loc.LanguageSourceAsset)	Gear	Gear
I2Languages (I2.Loc.LanguageSourceAsset)	eatAll	Eat All
I2Languages (I2.Loc.LanguageSourceAsset)	reload	Reload?
I2Languages (I2.Loc.LanguageSourceAsset)	moreRocket	More of the rocket\nin the full version
I2Languages (I2.Loc.LanguageSourceAsset)	traded	TRADED
I2Languages (I2.Loc.LanguageSourceAsset)	Continue	Continue
I2Languages (I2.Loc.LanguageSourceAsset)	New Game	New Game
I2Languages (I2.Loc.LanguageSourceAsset)	Options	Options
I2Languages (I2.Loc.LanguageSourceAsset)	Exit	Exit
I2Languages (I2.Loc.LanguageSourceAsset)	Play	Play
I2Languages (I2.Loc.LanguageSourceAsset)	Remove	Remove
I2Languages (I2.Loc.LanguageSourceAsset)	TooHeavy	Too heavy
I2Languages (I2.Loc.LanguageSourceAsset)	SomeNews	maybe some news?
I2Languages (I2.Loc.LanguageSourceAsset)	NeedFuel	you need fuel
I2Languages (I2.Loc.LanguageSourceAsset)	NeedWater	You need water
I2Languages (I2.Loc.LanguageSourceAsset)	WrongContainer	not proper container
I2Languages (I2.Loc.LanguageSourceAsset)	NotReady	Not ready
I2Languages (I2.Loc.LanguageSourceAsset)	WayBlocked	Way is blocked
I2Languages (I2.Loc.LanguageSourceAsset)	CantGo	Can't go there
I2Languages (I2.Loc.LanguageSourceAsset)	saved	saved
I2Languages (I2.Loc.LanguageSourceAsset)	time	time
I2Languages (I2.Loc.LanguageSourceAsset)	NotPrepared	You were not prepared
I2Languages (I2.Loc.LanguageSourceAsset)	PrologueExitShowcase0	FULL GAME\nINCLUDES
I2Languages (I2.Loc.LanguageSourceAsset)	PrologueExitShowcase1	ROOM\nUPGRADES
I2Languages (I2.Loc.LanguageSourceAsset)	PrologueExitShowcase2	WATER SUPPLY\nSYSTEMS
I2Languages (I2.Loc.LanguageSourceAsset)	PrologueExitShowcase3	POWER SUPPLY\nSYSTEMS
I2Languages (I2.Loc.LanguageSourceAsset)	PrologueExitShowcase4	VARIOUS FARM\nTYPES
I2Languages (I2.Loc.LanguageSourceAsset)	PrologueExitShowcase5	MINING
I2Languages (I2.Loc.LanguageSourceAsset)	PrologueExitShowcase6	FULL STORY AND\nQUEST SYSTEM
I2Languages (I2.Loc.LanguageSourceAsset)	PrologueExitShowcase7	AND THAT IS ONLY\nTHE BEGINNING!
I2Languages (I2.Loc.LanguageSourceAsset)	PrologueExitShowcase8	VISIT MR. PREPPER\nSTEAM PAGE
I2Languages (I2.Loc.LanguageSourceAsset)	createDate	created
I2Languages (I2.Loc.LanguageSourceAsset)	saveDate	saved
I2Languages (I2.Loc.LanguageSourceAsset)	version	version
I2Languages (I2.Loc.LanguageSourceAsset)	VersionsInfographicsPrologue	<size=125%><color=#FFDA3EFF>What's the prologue?</color></size>\n+ Tutorial\n+ Basic Mechanics\n+ Extended Mechanics\n+ Beginning of the story
I2Languages (I2.Loc.LanguageSourceAsset)	VersionsInfographicsPrologueButton	<align="center"><size=125%><color=#FFDA3EFF>Wanna play prologue?</color></size>\n<size=125%><align="center"><cspace=1.4em>[click here]</cspace>
I2Languages (I2.Loc.LanguageSourceAsset)	VersionsInfographicsDemo	<size=125%><color=#FFDA3EFF>What's the demo?</color></size>\n+ Tutorial\n+ Basic Mechanics
I2Languages (I2.Loc.LanguageSourceAsset)	VersionsInfographicsDemoLabel	<size=125%><color=#FFDA3EFF>You're playing demo <align="center">right now</color></size>
I2Languages (I2.Loc.LanguageSourceAsset)	Keep Cursor Inside Window	Keep the cursor inside the window
I2Languages (I2.Loc.LanguageSourceAsset)	Display Mode	Display mode
I2Languages (I2.Loc.LanguageSourceAsset)	Windowed	Window
I2Languages (I2.Loc.LanguageSourceAsset)	Fullscreen Window	Borderless window
I2Languages (I2.Loc.LanguageSourceAsset)	Maximized Window	Maximized window
I2Languages (I2.Loc.LanguageSourceAsset)	Exclusive Mode	Fullscreen
I2Languages (I2.Loc.LanguageSourceAsset)	Buffering	Buffering
I2Languages (I2.Loc.LanguageSourceAsset)	Off	Off
I2Languages (I2.Loc.LanguageSourceAsset)	Grain	Film grain
I2Languages (I2.Loc.LanguageSourceAsset)	lightsMinigame	Lights On
I2Languages (I2.Loc.LanguageSourceAsset)	blocksMinigame	Block Out
I2Languages (I2.Loc.LanguageSourceAsset)	pushMe	Push me
I2Languages (I2.Loc.LanguageSourceAsset)	FBaitRunoutPopup	I've run out of fishing bait.
I2Languages (I2.Loc.LanguageSourceAsset)	FMissRodPopup	What...? Where is my fishing rod?
I2Languages (I2.Loc.LanguageSourceAsset)	FEndOfFishsesPopup	All fish have run away.
I2Languages (I2.Loc.LanguageSourceAsset)	mazeMinigameWin	You won!
I2Languages (I2.Loc.LanguageSourceAsset)	FUIOpenPopup	You can't continue fishing with the equipment open.
I2Languages (I2.Loc.LanguageSourceAsset)	mazeGranadesMinigameTitle	Throw Grenades
I2Languages (I2.Loc.LanguageSourceAsset)	mazeShootingMinigameTitle	Shoot the Target
I2Languages (I2.Loc.LanguageSourceAsset)	openingSoon	OPENING SOON
I2Languages (I2.Loc.LanguageSourceAsset)	cast	Cast
I2Languages (I2.Loc.LanguageSourceAsset)	quit	Quit
I2Languages (I2.Loc.LanguageSourceAsset)	cancel	Cancel
I2Languages (I2.Loc.LanguageSourceAsset)	toLake	To the lake
I2Languages (I2.Loc.LanguageSourceAsset)	toFarm	To the farm
I2Languages (I2.Loc.LanguageSourceAsset)	toWheat	To the Wheat Field
I2Languages (I2.Loc.LanguageSourceAsset)	rank1	Novice
I2Languages (I2.Loc.LanguageSourceAsset)	rank2	Apprentice
I2Languages (I2.Loc.LanguageSourceAsset)	rank3	Advanced
I2Languages (I2.Loc.LanguageSourceAsset)	rank4	Expert
I2Languages (I2.Loc.LanguageSourceAsset)	rank5	Master
I2Languages (I2.Loc.LanguageSourceAsset)	Change Combat Mode	Fight Mode
I2Languages (I2.Loc.LanguageSourceAsset)	Chop Mine	Chop/Mine
I2Languages (I2.Loc.LanguageSourceAsset)	Climb Down	Climb down
I2Languages (I2.Loc.LanguageSourceAsset)	Climb Up	Climb up
I2Languages (I2.Loc.LanguageSourceAsset)	Fast Forward TIme	Fast Forward Time
I2Languages (I2.Loc.LanguageSourceAsset)	HoldButton	Hold
I2Languages (I2.Loc.LanguageSourceAsset)	Swap	Transfer
I2Languages (I2.Loc.LanguageSourceAsset)	Vibrations	Vibration
I2Languages (I2.Loc.LanguageSourceAsset)	take	Take
I2Languages (I2.Loc.LanguageSourceAsset)	mountainZone	zone
I2Languages (I2.Loc.LanguageSourceAsset)	mountainZones	zones
I2Languages (I2.Loc.LanguageSourceAsset)	Test/aaaaa	gfffs
I2Languages (I2.Loc.LanguageSourceAsset)	UI/Blueprint	Blueprint
