# source	term	english
I2Languages (I2.Loc.LanguageSourceAsset)	Dialogues/prepScarecrow2	<voice type=laugh>\nOh look, it’s him again. Or her? Them? I don’t know how gender works in scarecrows.
I2Languages (I2.Loc.LanguageSourceAsset)	Dialogues/prepScarecrow3	<voice type=question>\nIs it another of the Agency's experiments? It looks they really went over the top with this one.
I2Languages (I2.Loc.LanguageSourceAsset)	Dialogues/prepScarecrow4	<voice type=greeting>\nOh hey, scarecrow person! It's the other way to Oz! \nA difficult case, this one.
I2Languages (I2.Loc.LanguageSourceAsset)	Dialogues/prepScarecrow5a	<voice type=greeting>\nHey, Veggiehead! Can we talk for a moment?
I2Languages (I2.Loc.LanguageSourceAsset)	Dialogues/prepScarecrow5b	<voice type=question>\nNo? That's a pity.
I2Languages (I2.Loc.LanguageSourceAsset)	Dialogues/prepScarecrow6	<voice type=laugh>\nOh, here you are, my spooky friend. I am very, very scared! Really! Are you satisfied now? Can we finish this nonsense?
I2Languages (I2.Loc.LanguageSourceAsset)	Dialogues/prepScarecrowFightBefore	<voice type=order>\nIt's a fight then. Is it because I called you Veggiehead? Doesn't matter now. Let's see if you're worth a straw!
I2Languages (I2.Loc.LanguageSourceAsset)	Dialogues/prepScarecrowFightAfter	And it's over. You've put up a good fight for someone made of straw and rags. 
I2Languages (I2.Loc.LanguageSourceAsset)	Dialogues/willProto1	text
I2Languages (I2.Loc.LanguageSourceAsset)	Dialogues/prepProto1	text
I2Languages (I2.Loc.LanguageSourceAsset)	Dialogues/agentProto1	text
I2Languages (I2.Loc.LanguageSourceAsset)	Dialogues/msagentFarmIntro1	<voice type=order>\nWe have spoken about this already. The condition of this farm is still unacceptable.\n<voice type=order>\nYou need to make improvements. This is the last warning, Mr. Will Corso.\n
I2Languages (I2.Loc.LanguageSourceAsset)	Dialogues/willFarmIntro2	<voice type=upset>\nThis is a lot of work, and I'm old. This is too much for me alone.
I2Languages (I2.Loc.LanguageSourceAsset)	Dialogues/msagentFarmIntro3	<voice type=disappointment>\nMr. Corso...
I2Languages (I2.Loc.LanguageSourceAsset)	Dialogues/msagentFarmIntro3.5	We are going to send you someone capable as an assistance.\n<voice type=order>\nPlease let him help you.
I2Languages (I2.Loc.LanguageSourceAsset)	Dialogues/willFarmIntro4	<voice type=disappointment>\nEeeh, fine.
I2Languages (I2.Loc.LanguageSourceAsset)	Dialogues/msagentToPrepperOnFarm1	<voice type=greeting>\nOh, he's already here. Bless the President, Mr. Prepper.
I2Languages (I2.Loc.LanguageSourceAsset)	Dialogues/prepToPrepperOnFarm2	<voice type=laugh>\nBless. I must admit I was surprised to learn that agriculture also lies within the competence of the Agency. 
I2Languages (I2.Loc.LanguageSourceAsset)	Dialogues/msagentToPrepperOnFarm3	<voice type=order>\nIf I were a citizen on probation like you, Mr. Prepper, I would tone down the snarkiness.\n<voice type=order>\nAnd be extra mindful about all procedures and regulations.\n
I2Languages (I2.Loc.LanguageSourceAsset)	Dialogues/prepToPrepperOnFarm4	<voice type=laugh>\nOh sure, procedures and regulations are some of my favourite things.\n<voice type=question>\nBut seriously, what's so special about this farm?\n
I2Languages (I2.Loc.LanguageSourceAsset)	Dialogues/msagentToPrepperOnFarm5	<voice type=order>\nI am not going to discuss such matters with you, Mr. Prepper. Take care.
I2Languages (I2.Loc.LanguageSourceAsset)	Dialogues/willFarm1	<voice type=anger>\nSo who the hell are you? Why are you on my turf?
I2Languages (I2.Loc.LanguageSourceAsset)	Dialogues/prepFarm2	<voice type=greeting>\nThey call me Mr. Prepper. \nI got a work order telling me to come to this place and help in the maintenance works.\n
I2Languages (I2.Loc.LanguageSourceAsset)	Dialogues/willFarm3	<voice type=disappointment>\nSo the Agency sends me a snitch now. Great, they are going to sack me. Or worse.
I2Languages (I2.Loc.LanguageSourceAsset)	Dialogues/prepFarm4	<voice type=order>\nTrust me, I'm not a snitch! I'm not thrilled about this work order either.\nBut let's play along for now, and maybe we'll make it beneficial for both of us.
I2Languages (I2.Loc.LanguageSourceAsset)	Dialogues/willFarm5	<voice type=disappointment>\nAh, to hell with all this. That whole Agency and this Agent in particular.\n<voice type=anger>\nIt's all their fault!\n<voice type=anger>\nThe state of the farm! And the condition of the animals!\n<voice type=anger>\nAll their fault!
I2Languages (I2.Loc.LanguageSourceAsset)	Dialogues/prepFarm6	<voice type=disappointment>\nUhm... Yes, right. I think I can help.\n<voice type=question>\nNow can I take a look around?
I2Languages (I2.Loc.LanguageSourceAsset)	Dialogues/willFarm7	<voice type=disappointment>\nAh sure, be my guest.\n<voice type=order>\nJust please, don't stray away too far. Me and Henry are watching you. 
I2Languages (I2.Loc.LanguageSourceAsset)	Dialogues/willFarm7.5	<voice type=order>\nJust to the barn and back, please. That's all you need for now.
I2Languages (I2.Loc.LanguageSourceAsset)	Dialogues/prepFarm8	<voice type=acceptance>\nOh. OK. Sure. I'll be respectful of your secrets.
I2Languages (I2.Loc.LanguageSourceAsset)	Dialogues/willCheckFarmIncomplite1	<voice type=question>\nDid you find out what's wrong with my animals?
I2Languages (I2.Loc.LanguageSourceAsset)	Dialogues/prepCheckFarmIncomplite2	<voice type=negation>\nNo, not yet. The case seems a bit tricky.
I2Languages (I2.Loc.LanguageSourceAsset)	Dialogues/prepAnimalFeeder	It's completely empty.
I2Languages (I2.Loc.LanguageSourceAsset)	Dialogues/prepBrokenFence1	It's broken.
I2Languages (I2.Loc.LanguageSourceAsset)	Dialogues/prepBrokenFence2	<voice type=acceptance>\nNot that I'm a detective or anything, but it looks like it's these goats' doing.\nThey seem irritated. I should fix this before these beasts inflict even more damage.\nBut hmm... I think the damage is too big to be fixed on the spot.\n<voice type=acceptance>\nI guess we need a new gate to keep the goats away.
I2Languages (I2.Loc.LanguageSourceAsset)	Dialogues/prepBrokenFence3	I'll ask Will about this.\n
I2Languages (I2.Loc.LanguageSourceAsset)	Dialogues/prepBrokenFenceTip	I have a new fence ready.\nI should place it here.
I2Languages (I2.Loc.LanguageSourceAsset)	Dialogues/prepBrokenChickenHouse1	<voice type=question>\nWhat happened here?\n<voice type=question>\nDid a fragment of the ceiling fall down? Could an animal do it?
I2Languages (I2.Loc.LanguageSourceAsset)	Dialogues/prepBrokenChickenHouse2	It seems that the chickens have way too little space.\n<voice type=acceptance>\nI could fix that. I know a thing or two about expanding living space, after all.
I2Languages (I2.Loc.LanguageSourceAsset)	Dialogues/prepBarnBackDoor	Closed. \n<voice type=laugh>\nWhat can this funny old man keep hidden away? An alien's corpse or what? 
I2Languages (I2.Loc.LanguageSourceAsset)	Dialogues/prepOddBand	They have some weird bands on them... Hm...\n<voice type=question>\nThey look like devices of some sort. Tracking devices, maybe?
I2Languages (I2.Loc.LanguageSourceAsset)	Dialogues/prepGoat	They seem really angry.
I2Languages (I2.Loc.LanguageSourceAsset)	Dialogues/prepRottenHey	It's rotten.
I2Languages (I2.Loc.LanguageSourceAsset)	Dialogues/prepFenceQ1	The fence is destroyed. I need to repair it before the goats make more damage everywhere.\n
I2Languages (I2.Loc.LanguageSourceAsset)	Dialogues/willFenceQ2	Mmm, a good point. I even made a sketch of a new gate, but never got around to make it.
I2Languages (I2.Loc.LanguageSourceAsset)	Dialogues/willFenceQ3	<voice type=order>\nThis is how it should look like. Hopefully you'll be able to make it more sturdy than the previous one.\n
I2Languages (I2.Loc.LanguageSourceAsset)	Dialogues/prepFenceQ4	<voice type=laugh>\nOh, you do have some design skills! I'll do my best.
I2Languages (I2.Loc.LanguageSourceAsset)	Dialogues/willFenceRepairIncomplite1	<voice type=question>\nHave you fixed the fence already?
I2Languages (I2.Loc.LanguageSourceAsset)	Dialogues/prepFenceRepairIncomplite2	<voice type=negation>\nNo, not yet.
I2Languages (I2.Loc.LanguageSourceAsset)	Dialogues/prepGoatEnclouser	<voice type=negation>\nI need to herd the goats into the pen.
I2Languages (I2.Loc.LanguageSourceAsset)	Dialogues/prepFenceRepaired1	<voice type=acceptance>\nAnd fixed. This should hold back the tireless monsters for some time.
I2Languages (I2.Loc.LanguageSourceAsset)	Dialogues/prepFenceRepaired2	The animals are hungry. No wonder they're irritated.
I2Languages (I2.Loc.LanguageSourceAsset)	Dialogues/prepFenceRepaired3	I'll ask Will what he's feeding them with.\n<voice type=disappointment>\nOr rather... What they are supposed to be fed with.
I2Languages (I2.Loc.LanguageSourceAsset)	Dialogues/prepWheat1	<voice type=order>\nThe fence is repaired.\n<voice type=disappointment>\nBut Will, I think we have a bigger problem at hand.\n<voice type=question>\nThe animals are hungry. What should I feed them with?
I2Languages (I2.Loc.LanguageSourceAsset)	Dialogues/willWheat2	<voice type=upset>\nAah... You know, I never asked for this post. I'm not good with lifestock. \n<voice type=upset>\nAnd every day I wake up tired. Like there's something happening in the night. 
I2Languages (I2.Loc.LanguageSourceAsset)	Dialogues/prepWheat3	<voice type=order>\nLook, I'm not judging you. We all have our problems with the Agency.\n<voice type=question>\nI just want to help. So, what about the food?\n
I2Languages (I2.Loc.LanguageSourceAsset)	Dialogues/willWheat4	<voice type=disappointment>\nRight... about the food.
I2Languages (I2.Loc.LanguageSourceAsset)	Dialogues/willWheat5	Some fresh grain is growing over there.
I2Languages (I2.Loc.LanguageSourceAsset)	Dialogues/willWheat6	<voice type=question>\nThe chickens love seeds the most. Right, Henry? 
I2Languages (I2.Loc.LanguageSourceAsset)	Dialogues/willWheat6.5	<voice type=order>\nAnd the goats are keen on hay.
I2Languages (I2.Loc.LanguageSourceAsset)	Dialogues/prepWheat7	<voice type=acceptance>\nOkay, got it.
I2Languages (I2.Loc.LanguageSourceAsset)	Dialogues/willWheatIncomplite1	<voice type=question>\nDid you feed my animals?
I2Languages (I2.Loc.LanguageSourceAsset)	Dialogues/prepWheatIncomplite2	<voice type=negation>\nNot yet, sorry.
I2Languages (I2.Loc.LanguageSourceAsset)	Dialogues/prepWheatSemiComplited2	<voice type=acceptance>\nYes, feeders are full.\nWe just need to wait for them to eat.\nThey are oddly shy, when I'm around.\nI will give them some space.
I2Languages (I2.Loc.LanguageSourceAsset)	Dialogues/prepWheatTimeToMilk1	<voice type=acceptance>\nYes, animals are fed.
I2Languages (I2.Loc.LanguageSourceAsset)	Dialogues/willWheatTimeToMilk2	Great! Try to get some milk out of one of those horned devils.\n<voice type=disappointment>\nI bet it will not work.
I2Languages (I2.Loc.LanguageSourceAsset)	Dialogues/prepChickenFed1	<voice type=laugh>\nNow we're talking! Cackling, rather. And pecking.
I2Languages (I2.Loc.LanguageSourceAsset)	Dialogues/prepChickenFed2	<voice type=order>\nI think it's time to clean their space a bit.
I2Languages (I2.Loc.LanguageSourceAsset)	Dialogues/prepChickenFed3	It's getting very crowded by the feeder. There's room for improvement here.\n\n
I2Languages (I2.Loc.LanguageSourceAsset)	Dialogues/prepGoatFed1	<voice type=thanks>\nNow, they instantly look better!
I2Languages (I2.Loc.LanguageSourceAsset)	Dialogues/prepGoatFed2	Now they are fed, they might be willing to let me closer.
I2Languages (I2.Loc.LanguageSourceAsset)	Dialogues/prepGoatFed3	<voice type=disappointment>\nNope. Still pretty angry.\n<voice type=question>\nMaybe it's the fur? Is it too hot for them?
I2Languages (I2.Loc.LanguageSourceAsset)	Dialogues/prepAnimalsFed1	<voice type=order>\nThe animals are not hungry anymore, but it's not the end of problems.
I2Languages (I2.Loc.LanguageSourceAsset)	Dialogues/prepAnimalsFed2	I need to talk it over with Will.
I2Languages (I2.Loc.LanguageSourceAsset)	Dialogues/prepScizzors1	<voice type=order>\nSo I have fed the animals. But I'm afraid we still have some problems to deal with.\n
I2Languages (I2.Loc.LanguageSourceAsset)	Dialogues/willScizzors2	<voice type=disappointment>\nI guess... But what do you mean exactly?
I2Languages (I2.Loc.LanguageSourceAsset)	Dialogues/prepScizzors3	<voice type=order>\nWell, the goats should be sheared. They are very unkempt and it's too hot for them.
I2Languages (I2.Loc.LanguageSourceAsset)	Dialogues/prepScizzors4	<voice type=order>\nAnd the chickens need more space.
I2Languages (I2.Loc.LanguageSourceAsset)	Dialogues/willScizzors5	<voice type=question>\nI believe you'll manage with the chicken coop. Right, Henry?
I2Languages (I2.Loc.LanguageSourceAsset)	Dialogues/willScizzors6	<voice type=disappointment>\nAnd as for the goats... Let me think...
I2Languages (I2.Loc.LanguageSourceAsset)	Dialogues/willScizzors7	I'm sure I had some proper shears somewhere around.\n<voice type=disappointment>\nI can't remember where I put them though...\n<voice type=question>\nCan you look for them?
I2Languages (I2.Loc.LanguageSourceAsset)	Dialogues/prepScizzors8	<voice type=acceptance>\nYeah, sure, why not.
I2Languages (I2.Loc.LanguageSourceAsset)	Dialogues/willScizzorsIncomplite1	<voice type=question>\nDid you find the shears?\n
I2Languages (I2.Loc.LanguageSourceAsset)	Dialogues/prepScizzorsIncomplite2	<voice type=negation>\nNo, so far it's like looking for a needle in a haystack. 
I2Languages (I2.Loc.LanguageSourceAsset)	Dialogues/prepDogWithScizzors1	<voice type=surprise>\nWas it a dog? Wait, did he have shears in his mouth?
I2Languages (I2.Loc.LanguageSourceAsset)	Dialogues/prepDogWithScizzors2	He must have gone through the back door in the barn.\n<voice type=laugh>\nWell... I have to look for the shears after all, right?
I2Languages (I2.Loc.LanguageSourceAsset)	Dialogues/prepChickenHouseRepaired	<voice type=thanks>\nNow! The times of being cramped in tight space are gone! Cackle away!
I2Languages (I2.Loc.LanguageSourceAsset)	Dialogues/prepNotEnoughFood	<voice type=disappointment>\nThey still need a bit more...
I2Languages (I2.Loc.LanguageSourceAsset)	Dialogues/prepMaze1	<voice type=question>\nWhy did Will want to hide this place from me? It's just a big field.\nBut I must say it looks like a perfect place to collect some <color=yellow>wheat</color> for chickens.
I2Languages (I2.Loc.LanguageSourceAsset)	Dialogues/prepMaze2	It's like a maze here. \n<voice type=question>\nWhich way do I go?
I2Languages (I2.Loc.LanguageSourceAsset)	Dialogues/prepFootPrints	<voice type=acceptance>\nThese are foot steps of a dog! Good.
I2Languages (I2.Loc.LanguageSourceAsset)	Dialogues/prepScarecrowMaze1	<voice type=question>\nUhm. Hello?
I2Languages (I2.Loc.LanguageSourceAsset)	Dialogues/prepScarecrowSign1	<voice type=order>\n'Turn around, it's not safe in here!'\n<voice type=disappointment>\nThanks for the warning, I guess?
I2Languages (I2.Loc.LanguageSourceAsset)	Dialogues/prepCollarMaze	<voice type=upset>\nThe dog's collar! I hope he's okay.
I2Languages (I2.Loc.LanguageSourceAsset)	Dialogues/prepLake1	<voice type=question>\nOh, a lake? Murricaville County never ceases to amaze me.
I2Languages (I2.Loc.LanguageSourceAsset)	Dialogues/prepLake2	<voice type=thanks>\nAnd here's the dog!
I2Languages (I2.Loc.LanguageSourceAsset)	Dialogues/prepWillDog1	<voice type=negation>\nHe won't let me get closer. \n<voice type=negation>\nAnd I don't want to fight him for those shears.
I2Languages (I2.Loc.LanguageSourceAsset)	Dialogues/prepWillDog2	<voice type=question>\nIs it Will's dog? \n<voice type=question>\nIt must be, right?
I2Languages (I2.Loc.LanguageSourceAsset)	Dialogues/prepWillDog3	<voice type=order>\nLet's ask him.
I2Languages (I2.Loc.LanguageSourceAsset)	Dialogues/prepFarmDog1	<voice type=greeting>\nHey, Will! So... I've found the shears.
I2Languages (I2.Loc.LanguageSourceAsset)	Dialogues/willFarmDog2	<voice type=question>\nGood! Have you shaven the goats already?
I2Languages (I2.Loc.LanguageSourceAsset)	Dialogues/prepFarmDog3	<voice type=negation>\nNot yet. A dog has stolen the shears.\n<voice type=question>\nCould it be that this is your dog?
I2Languages (I2.Loc.LanguageSourceAsset)	Dialogues/willFarmDog4	<voice type=negation>\nDog? I don't have a dog.
I2Languages (I2.Loc.LanguageSourceAsset)	Dialogues/prepFarmDog5	<voice type=question>\nAre you sure? \nIt's kind of white and gold, fluffy, with a pirate eyepatch. Gives a rather rogue-ish impression.
I2Languages (I2.Loc.LanguageSourceAsset)	Dialogues/willFarmDog6	<voice type=acceptance>\nAh, him, Xeno! Yes, he's a good friend of mine.
I2Languages (I2.Loc.LanguageSourceAsset)	Dialogues/prepFarmDog7	<voice type=disappointment>\nGreat. So your friend is keeping our shears captive.
I2Languages (I2.Loc.LanguageSourceAsset)	Dialogues/willFarmDog8	Oh, just give him some rat meat. \n<voice type=laugh>\nHe loves that stuff.
I2Languages (I2.Loc.LanguageSourceAsset)	Dialogues/prepFarmDog9	<voice type=acceptance>\nUhm, right. Rat meat.\n<voice type=acceptance>\nAn absolutely normal thing for a dog to eat. I'll remember.\nNow, one more thing...
I2Languages (I2.Loc.LanguageSourceAsset)	Dialogues/prepLakeCameras1	I've noticed some cameras all around the lake.\n
I2Languages (I2.Loc.LanguageSourceAsset)	Dialogues/willLakeCameras2	<voice type=anger>\nWhat? You've been at the lake? I told you not to go there!
I2Languages (I2.Loc.LanguageSourceAsset)	Dialogues/prepLakeCameras3	<voice type=order>\nWell, I got there chasing the dog. And the shears, remember.
I2Languages (I2.Loc.LanguageSourceAsset)	Dialogues/willLakeCameras4	<voice type=anger>\nAh, this damn lake is full of government's cameras.\n<voice type=anger>\nI don't know what are they doing there and why.\n<voice type=upset>\nBut I don't really want to know.\n<voice type=order>\nIf I were you, I'd also stay out of there.
I2Languages (I2.Loc.LanguageSourceAsset)	Dialogues/willFarmDogIncomplite1	<voice type=question>\nSo did Xeno like his rat meat?
I2Languages (I2.Loc.LanguageSourceAsset)	Dialogues/prepFarmDogIncomplite2	<voice type=negation>\nWeirdly, I haven't seen many rats around lately. I'll keep looking.
I2Languages (I2.Loc.LanguageSourceAsset)	Dialogues/prepNeedRatMeat	<voice type=negation>\nI need rat meat.
I2Languages (I2.Loc.LanguageSourceAsset)	Dialogues/prepRatMeat0	<voice type=greeting>\nShhh... Easy, easy.
I2Languages (I2.Loc.LanguageSourceAsset)	Dialogues/prepRatMeat1	<voice type=acceptance>\nHere you go, buddy.
I2Languages (I2.Loc.LanguageSourceAsset)	Dialogues/prepRatMeat2	<voice type=question>\nDo you like that, Xeno?
I2Languages (I2.Loc.LanguageSourceAsset)	Dialogues/prepRatMeat3	<voice type=order>\nGood.
I2Languages (I2.Loc.LanguageSourceAsset)	Dialogues/prepRatMeat4	<voice type=thanks>\nHere, don't lose it again, buddy.
I2Languages (I2.Loc.LanguageSourceAsset)	Dialogues/prepRatMeat5	<voice type=acceptance>\nNow, if you don't mind... I'll take back these shears. Other animals need it more than you!
I2Languages (I2.Loc.LanguageSourceAsset)	Dialogues/prepScizzorsGrabed1	<voice type=acceptance>\nPhew, it worked.
I2Languages (I2.Loc.LanguageSourceAsset)	Dialogues/prepScizzorsGrabed2	<voice type=thanks>\nNow I can shear the goats! Can't wait.
I2Languages (I2.Loc.LanguageSourceAsset)	Dialogues/prepGoatsShave1	<voice type=order>\nAaand... There you are.\n<voice type=order>\nLooking fresh, stylish, in shape.
I2Languages (I2.Loc.LanguageSourceAsset)	Dialogues/prepGoatsShave2	<voice type=order>\nI'm sure you'll be feeling better now.
I2Languages (I2.Loc.LanguageSourceAsset)	Dialogues/prepGoatsShave3	<voice type=thanks>\nFinally, milk! Surely that was quite a bit harder than I expected.
I2Languages (I2.Loc.LanguageSourceAsset)	Dialogues/prepGoatInspectChill	<voice type=laugh>\nNow looking properly chilled, just doing goat business. Ready to mayhem, but consciously choosing not to.
I2Languages (I2.Loc.LanguageSourceAsset)	Dialogues/prepTurnAroundLake1	<voice type=order>\n"Turn around! They're watching!"
I2Languages (I2.Loc.LanguageSourceAsset)	Dialogues/prepTurnAroundLake2	<voice type=question>\nUhm, who's watching exactly?
I2Languages (I2.Loc.LanguageSourceAsset)	Dialogues/prepCamera1	<voice type=question>\nWhat's this?
I2Languages (I2.Loc.LanguageSourceAsset)	Dialogues/prepCamera2	<voice type=order>\nA camera? Hm... I think it has a government sign on it.
I2Languages (I2.Loc.LanguageSourceAsset)	Dialogues/prepFarmInvitation	<voice type=disappointment>\nOh no, what nonsense is this? A farm? Do I really look like a farmer?\nI hope I'll manage to get something for myself from this.
I2Languages (I2.Loc.LanguageSourceAsset)	Dialogues/willFarmReward1	<voice type=question>\nMr. Prepper?
I2Languages (I2.Loc.LanguageSourceAsset)	Dialogues/prepFarmReward2	<voice type=question>\nYes?
I2Languages (I2.Loc.LanguageSourceAsset)	Dialogues/willFarmReward3	I've come to the conclusion you were quite useful around here.\nSorry for not giving you the warmest of welcomes. I've grown suspicious over the years.
I2Languages (I2.Loc.LanguageSourceAsset)	Dialogues/prepFarmReward4	<voice type=acceptance>\nNo offence taken.
I2Languages (I2.Loc.LanguageSourceAsset)	Dialogues/willFarmReward5	<voice type=order>\nGood. Here you are, take these chickens.
I2Languages (I2.Loc.LanguageSourceAsset)	Dialogues/willFarmReward6	You can eat them or keep them for eggs. Your choice.
I2Languages (I2.Loc.LanguageSourceAsset)	Dialogues/willFarmReward7	<voice type=acceptance>\nAnd in case that you want to keep them: here are some useful blueprints about animal husbandry. Good luck!
I2Languages (I2.Loc.LanguageSourceAsset)	Dialogues/prepFarmReward8	<voice type=thanks>\nThanks! I've been thinking of establishing my small animal farm for some time now.
I2Languages (I2.Loc.LanguageSourceAsset)	Dialogues/willMilkAndEggs1	<voice type=question>\nHey Prepper, how did it go?
I2Languages (I2.Loc.LanguageSourceAsset)	Dialogues/prepMilkAndEggs2	<voice type=thanks>\nI got the shears! And the dog is unharmed.
I2Languages (I2.Loc.LanguageSourceAsset)	Dialogues/willMilkAndEggs3	<voice type=order>\nGood. \nSo let's see how has your work paid off. \n<voice type=question>\nCan you bring me some milk and eggs from my animals?
I2Languages (I2.Loc.LanguageSourceAsset)	Dialogues/prepMilkAndEggs4	<voice type=order>\nI hope so.
I2Languages (I2.Loc.LanguageSourceAsset)	Dialogues/willMilkAndEggsIncomplite1	<voice type=question>\nDid you get milk and eggs?
I2Languages (I2.Loc.LanguageSourceAsset)	Dialogues/prepMilkAndEggsIncomplite2	<voice type=negation>\nWorking on it.
I2Languages (I2.Loc.LanguageSourceAsset)	Dialogues/prepMilkAndEggsFinished1	<voice type=order>\nHere's some milk and eggs
I2Languages (I2.Loc.LanguageSourceAsset)	Dialogues/willMilkAndEggsFinished2	<voice type=thanks>\nNow would you look at that.\n<voice type=question>\nIs this really from my animals?
I2Languages (I2.Loc.LanguageSourceAsset)	Dialogues/prepMilkAndEggsFinished3	Yes. All fresh and from our own farm. Well, state-owned farm. But you know what I mean.
I2Languages (I2.Loc.LanguageSourceAsset)	Dialogues/willMilkAndEggsFinished4	<voice type=thanks>\nGreat, thank you for all the help!\nI think that I may get through another inspection now.
I2Languages (I2.Loc.LanguageSourceAsset)	Dialogues/willMilkAndEggsFinished5	From now I will pay you for all eggs and milks you bring.\nIt's now your job after all, and I don't think agency is planning to pay you.
I2Languages (I2.Loc.LanguageSourceAsset)	Dialogues/willMilkAndEggsFinished6	And here, take this, those are some basic recipes from eggs and milk...
I2Languages (I2.Loc.LanguageSourceAsset)	Dialogues/henMilkAndEggsFinished7	Cluck!
I2Languages (I2.Loc.LanguageSourceAsset)	Dialogues/willMilkAndEggsFinished8	<voice type=thanks>\n...yes, and from fish, thank you, Henry.
I2Languages (I2.Loc.LanguageSourceAsset)	Dialogues/prepMilkAndEggsFinished9	<voice type=thanks>\nThank you!
I2Languages (I2.Loc.LanguageSourceAsset)	Dialogues/willMilkAndEggsFinished10	There is still a lot to do. Please come back tomorrow, it's enough work for today.
I2Languages (I2.Loc.LanguageSourceAsset)	Dialogues/willWaitIncomplite1	<voice type=negation>\nThere is nothing else to do today.\n<voice type=order>\nCome back tomorrow.
I2Languages (I2.Loc.LanguageSourceAsset)	Dialogues/prepWaitIncomplite2	<voice type=thanks>\nWe're on top of this thing! Who would've thought.
I2Languages (I2.Loc.LanguageSourceAsset)	Dialogues/prepMilkAndEggsWrongTIme1	I have some milk and eggs...
I2Languages (I2.Loc.LanguageSourceAsset)	Dialogues/willMilkAndEggsWrongTIme2	<voice type=anger>\nNot now, Mr. Prepper! There are more important matters at the moment.
I2Languages (I2.Loc.LanguageSourceAsset)	Dialogues/prepWheresWill	<voice type=question>\nWhere is Will?
I2Languages (I2.Loc.LanguageSourceAsset)	Dialogues/willAnimalsKidnaped1	<voice type=fear>\nMr. Prepper! Something terrible happened!
I2Languages (I2.Loc.LanguageSourceAsset)	Dialogues/prepAnimalsKidnaped2	<voice type=question>\nWhat? Did the goats destroy something again?
I2Languages (I2.Loc.LanguageSourceAsset)	Dialogues/willAnimalsKidnaped3	<voice type=fear>\nNo! Much worse! They're gone!\n<voice type=upset>\nA goat and two chickens.
I2Languages (I2.Loc.LanguageSourceAsset)	Dialogues/prepAnimalsKidnaped4	<voice type=upset>\nOh...
I2Languages (I2.Loc.LanguageSourceAsset)	Dialogues/willAnimalsKidnaped5	<voice type=disappointment>\nI haven't told you before, but it's not the first time it happens.
I2Languages (I2.Loc.LanguageSourceAsset)	Dialogues/willAnimalsKidnaped6	<voice type=anger>\nIt happens regularly! That's one of the reasons I have such low efficiency.\n<voice type=anger>\nThe Agency will give me a hard time again!
I2Languages (I2.Loc.LanguageSourceAsset)	Dialogues/prepAnimalsKidnaped7	Let me take a look around, okay? Maybe I can figure out what happened.
I2Languages (I2.Loc.LanguageSourceAsset)	Dialogues/willPlayerHasNoFish	You need to bring me a new fish to gain rewards!
I2Languages (I2.Loc.LanguageSourceAsset)	Dialogues/willAnimalsKidnapedIncomplite1	<voice type=upset>\nSo, do you know what happened to them?
I2Languages (I2.Loc.LanguageSourceAsset)	Dialogues/prepAnimalsKidnapedIncomplite2	<voice type=negation>\nNot yet, sorry.
I2Languages (I2.Loc.LanguageSourceAsset)	Dialogues/prepTrapsBarnDoor	<voice type=negation>\nOpen. Not good, Will should close this door every night.\n<voice type=question>\nMaybe he forgot? \n<voice type=disappointment>\nHe seems to forget many things...\n<voice type=question>\nBut then again, who in this town doesn't?
I2Languages (I2.Loc.LanguageSourceAsset)	Dialogues/prepTrapsHoles	<voice type=question>\nThere is a hole in a barn wall... Looks like it was made from the inside.\n<voice type=order>\nMost likely one of the goats has done it. \nIt's too small to be made by a wolf... but perhaps a fox could sneak through here.
I2Languages (I2.Loc.LanguageSourceAsset)	Dialogues/prepTrapsFootPrintsWolf1	There are some animal footprints on the ground.
I2Languages (I2.Loc.LanguageSourceAsset)	Dialogues/prepTrapsFootPrintsWolf2	<voice type=order>\nHmm. Not my area of expertise, but these look like wolf's footprints to me. 
I2Languages (I2.Loc.LanguageSourceAsset)	Dialogues/prepTrapsFootPrintsHuman1	<voice type=question>\nOkay, those are definitely human's...
I2Languages (I2.Loc.LanguageSourceAsset)	Dialogues/prepTrapsFootPrintsHuman2	<voice type=question>\nNot my shoe size. Could it be Will's though?
I2Languages (I2.Loc.LanguageSourceAsset)	Dialogues/prepFarmTraps1	<voice type=order>\nSo it seems that some wild animal is behind this.
I2Languages (I2.Loc.LanguageSourceAsset)	Dialogues/prepFarmTraps2	<voice type=acceptance>\nLet's set up traps in this area then and find out the culprit!
I2Languages (I2.Loc.LanguageSourceAsset)	Dialogues/prepFarmTrapsSet1	<voice type=order>\nDone. I should come back tomorrow and check up on those.
I2Languages (I2.Loc.LanguageSourceAsset)	Dialogues/prepFarmTrapsFirstCatch1	<voice type=acceptance>\nA wolf got caught in this!
I2Languages (I2.Loc.LanguageSourceAsset)	Dialogues/prepFarmTrapsFirstCatch2	Another wolf. Nothing out of ordinary.
I2Languages (I2.Loc.LanguageSourceAsset)	Dialogues/prepFarmTrapsFirstCatch3	<voice type=question>\nHmm...
I2Languages (I2.Loc.LanguageSourceAsset)	Dialogues/prepFarmTrapsFirstCatch4	<voice type=question>\nNow what's that?
I2Languages (I2.Loc.LanguageSourceAsset)	Dialogues/prepFarmTrapsFirstCatch5	<voice type=question>\nIs this a...
I2Languages (I2.Loc.LanguageSourceAsset)	Dialogues/prepFarmTrapsFirstCatch6	<voice type=acceptance>\nAh, no, it's just a fox tail.
I2Languages (I2.Loc.LanguageSourceAsset)	Dialogues/prepFarmTrapsFirstCatch7	Okay, looks like I was right, nothing suspicious here.
I2Languages (I2.Loc.LanguageSourceAsset)	Dialogues/prepFarmTrapsFirstCatch8	I'll better keep these traps up at all times.\n<voice type=order>\nI don't want any more cases of lost animals here.
I2Languages (I2.Loc.LanguageSourceAsset)	Dialogues/willTrapsTalk1	<voice type=question>\nSo? What was it?
I2Languages (I2.Loc.LanguageSourceAsset)	Dialogues/prepTrapsTalk2	Just some wild animals. \nIt's fine, Will. I will set up some traps and we should be done with the problem.\n<voice type=disappointment>\nJust mind your step, I don't want to find you caught in one of the traps.
I2Languages (I2.Loc.LanguageSourceAsset)	Dialogues/willTrapsTalk3	<voice type=anger>\nOh who do you think I am! I'll be careful, sure.
I2Languages (I2.Loc.LanguageSourceAsset)	Dialogues/willTrapsIncomplite1	<voice type=question>\nDid you set up those traps?
I2Languages (I2.Loc.LanguageSourceAsset)	Dialogues/prepTrapsIncomplite2	<voice type=negation>\nNot yet, sorry.
I2Languages (I2.Loc.LanguageSourceAsset)	Dialogues/prepTrapsComplite2	<voice type=acceptance>\nYes, now we just have to wait.
I2Languages (I2.Loc.LanguageSourceAsset)	Dialogues/willTrapsComplite3	<voice type=disappointment>\nHope you are right about those wild animals, Mr. Prepper.
I2Languages (I2.Loc.LanguageSourceAsset)	Dialogues/willMazeRun1	<voice type=question>\nSo how are these traps of yours working?
I2Languages (I2.Loc.LanguageSourceAsset)	Dialogues/prepMazeRun2	<voice type=acceptance>\nGood. I've caught some wolves and a fox so far.
I2Languages (I2.Loc.LanguageSourceAsset)	Dialogues/willMazeRun3	<voice type=order>\nGreat! I hope it's enough to stop those pesky predators.\n<voice type=thanks>\nThere is something I would like to show you.
I2Languages (I2.Loc.LanguageSourceAsset)	Dialogues/willMazeRun4	<voice type=disappointment>\nRemember the lake? The one that you were not supposed to see, but you did, being nosy as usual.
I2Languages (I2.Loc.LanguageSourceAsset)	Dialogues/prepMazeRun5	<voice type=question>\nRight. What about the lake?
I2Languages (I2.Loc.LanguageSourceAsset)	Dialogues/willMazeRun6	Next to it, you will find an entrance to the wheat maze.\n<voice type=laugh>\nIt's my little project. Designed as a kids' attraction. But maybe you'll like it too? \n<voice type=order>\nGive it a try and tell me what you think!
I2Languages (I2.Loc.LanguageSourceAsset)	Dialogues/prepMazeRun7	<voice type=disappointment>\nA maze. Sure, obviously.
I2Languages (I2.Loc.LanguageSourceAsset)	Dialogues/willMazeRun8	Once you enter the maze you have to beat it in one go.\nI mean you can leave whenever you want, but if you do you will miss out on some rewards.
I2Languages (I2.Loc.LanguageSourceAsset)	Dialogues/prepMazeRun9	I will keep it in mind, I guess.
I2Languages (I2.Loc.LanguageSourceAsset)	Dialogues/willMazeRunIncomplite1	<voice type=question>\nHave you checked out my crop maze?
I2Languages (I2.Loc.LanguageSourceAsset)	Dialogues/prepMazeRunIncomplite2	<voice type=negation>\nNo, not yet.
I2Languages (I2.Loc.LanguageSourceAsset)	Dialogues/prepFishingRodInspect	<voice type=question>\nAn old fishing rod. Maybe I could use it somehow? I'll ask Will.
I2Languages (I2.Loc.LanguageSourceAsset)	Dialogues/prepFishingRod1	<voice type=question>\nWill?
I2Languages (I2.Loc.LanguageSourceAsset)	Dialogues/willFishingRod2	<voice type=question>\nYes?
I2Languages (I2.Loc.LanguageSourceAsset)	Dialogues/prepFishingRod3	I've noticed this old fishing rod.
I2Languages (I2.Loc.LanguageSourceAsset)	Dialogues/willFishingRod4	<voice type=question>\nYes, what about it?
I2Languages (I2.Loc.LanguageSourceAsset)	Dialogues/prepFishingRod5	Well, there is a lake nearby. The one I wasn't supposed to see, but I'm nosy, as we established.
I2Languages (I2.Loc.LanguageSourceAsset)	Dialogues/willFishingRod6	<voice type=disappointment>\nGo on.
I2Languages (I2.Loc.LanguageSourceAsset)	Dialogues/prepFishingRod7	<voice type=question>\nCan I borrow the rod?
I2Languages (I2.Loc.LanguageSourceAsset)	Dialogues/willFishingRod8	<voice type=anger>\nThe lake is surrounded with government cameras, you remember?
I2Languages (I2.Loc.LanguageSourceAsset)	Dialogues/prepFishingRod9	<voice type=question>\nYes, and?
I2Languages (I2.Loc.LanguageSourceAsset)	Dialogues/willFishingRod10	<voice type=disappointment>\n...
I2Languages (I2.Loc.LanguageSourceAsset)	Dialogues/prepFishingRod11	...
I2Languages (I2.Loc.LanguageSourceAsset)	Dialogues/willFishingRod12	<voice type=disappointment>\nYou're unbelievable, Mr. Prepper. Sure, take it.
I2Languages (I2.Loc.LanguageSourceAsset)	Dialogues/willFishingRod13	Here, I have a few spare fishing baits.You will need them.
I2Languages (I2.Loc.LanguageSourceAsset)	Dialogues/prepFishingRod14	<voice type=thanks>\nThanks!
I2Languages (I2.Loc.LanguageSourceAsset)	Dialogues/willFishingRod15	And if you want to bother someone about fishing, bother Henry.\nHe is a specialist in that field.
I2Languages (I2.Loc.LanguageSourceAsset)	Dialogues/henFishingRod16	Cluck! Cluck!
I2Languages (I2.Loc.LanguageSourceAsset)	Dialogues/prepFishingRod17	...
I2Languages (I2.Loc.LanguageSourceAsset)	Dialogues/willAfterMaze1	<voice type=question>\nHave you visited the maze?
I2Languages (I2.Loc.LanguageSourceAsset)	Dialogues/prepAfterMaze2	<voice type=acceptance>\nActually, yes.
I2Languages (I2.Loc.LanguageSourceAsset)	Dialogues/willAfterMaze3	<voice type=question>\nHow did you like it?
I2Languages (I2.Loc.LanguageSourceAsset)	Dialogues/prepAfterMaze4	<voice type=question>\nYou said it is a kids' attraction?
I2Languages (I2.Loc.LanguageSourceAsset)	Dialogues/willAfterMaze5	<voice type=laugh>\nYes! It's a bit unconventional, I know, but I'm sure they'll love it.
I2Languages (I2.Loc.LanguageSourceAsset)	Dialogues/prepAfterMaze6	<voice type=negation>\nI don't know. But I almost died there.
I2Languages (I2.Loc.LanguageSourceAsset)	Dialogues/willAfterMaze7	<voice type=question>\nOh. But did you like it?
I2Languages (I2.Loc.LanguageSourceAsset)	Dialogues/prepAfterMaze8	<voice type=disappointment>\nUhm...\n<voice type=acceptance>\nYeah, kind of.
I2Languages (I2.Loc.LanguageSourceAsset)	Dialogues/prepAfterMaze9	<voice type=disappointment>\n<I>I'm glad the Agency gave him a farm to supervise and not a kindergarten.</I>
I2Languages (I2.Loc.LanguageSourceAsset)	Dialogues/willProtectFarmIncomplite1	<voice type=question>\nHow is it going with the traps? Everything fine?
I2Languages (I2.Loc.LanguageSourceAsset)	Dialogues/prepProtectFarmIncomplite2	Nothing new, just wolves and foxes from time to time.
I2Languages (I2.Loc.LanguageSourceAsset)	Dialogues/willAnimalsMissingSecond1	<voice type=fear>\nMr. Prepper! A tragedy! It happened again!\n<voice type=fear>\nThe animals are missing! Please help me!
I2Languages (I2.Loc.LanguageSourceAsset)	Dialogues/prepAnimalsMissingSecond2	<voice type=disappointment>\nAh, damn, I thought it was over. Don't worry too much, Will, I'll do my best to find them.
I2Languages (I2.Loc.LanguageSourceAsset)	Dialogues/prepAnimalsMissingSecond3	<voice type=order>\nI'll start with checking the traps.
I2Languages (I2.Loc.LanguageSourceAsset)	Dialogues/willAnimalsMissingSecondIncomplite1	<voice type=fear>\nWhat happened this time?
I2Languages (I2.Loc.LanguageSourceAsset)	Dialogues/prepAnimalsMissingSecondIncomplite2	<voice type=negation>\nDon't know yet, will investigate.
I2Languages (I2.Loc.LanguageSourceAsset)	Dialogues/prepAgentMaterial1	Hey, Will. I found this in one of the traps.
I2Languages (I2.Loc.LanguageSourceAsset)	Dialogues/prepAgentMaterial2	<voice type=question>\nAny idea how it could get there?
I2Languages (I2.Loc.LanguageSourceAsset)	Dialogues/willAgentMaterial3	<voice type=negation>\nNo... but it looks like... A fabric. A shred of a piece of clothing?
I2Languages (I2.Loc.LanguageSourceAsset)	Dialogues/prepAgentMaterial4	That's what I was thinking too. I'll ask around.
I2Languages (I2.Loc.LanguageSourceAsset)	Dialogues/willRand1	<voice type=anger>\nI don't know why Agency chose me to supervise the farm. I knew a thing or two about fishing, but I'd never been a farmer.
I2Languages (I2.Loc.LanguageSourceAsset)	Dialogues/willRand2	I once found a book. Judging by the title, it could have been a handbook of animal husbandry.\n<voice type=disappointment>\nBut no, it was some kind of a weird parable. Or, well, perhaps I just hadn't understood it.
I2Languages (I2.Loc.LanguageSourceAsset)	Dialogues/willRand3	<voice type=thanks>\nI used to subscribe some good magazines. American Angler, Angler's World, Super Carp... \n<voice type=anger>\nNow only Our Truth appears in the mail. Bless the President.
I2Languages (I2.Loc.LanguageSourceAsset)	Dialogues/willRand4	<voice type=order>\nMany mornings I say to myself: today I will put this farm back on its feet!\n<voice type=disappointment>\nBut it's just... too exhausting. And the Agency is not helping much.
I2Languages (I2.Loc.LanguageSourceAsset)	Dialogues/willRand5	<voice type=laugh>\nI used to be a bit of an explorer like you, but then a goat bit my knee. 
I2Languages (I2.Loc.LanguageSourceAsset)	Dialogues/willFindAnimals1	<voice type=upset>\nMr. Prepper...
I2Languages (I2.Loc.LanguageSourceAsset)	Dialogues/willFindAnimals2	<voice type=upset>\nIt may sound crazy, but...\nIf the traps are working correctly, it means that something or someone else than wild animals is behind this.\n<voice type=question>\nWhat if my animals are still alive and we can find them?
I2Languages (I2.Loc.LanguageSourceAsset)	Dialogues/prepFindAnimals3	Well... we can't rule it out, I guess.
I2Languages (I2.Loc.LanguageSourceAsset)	Dialogues/chupaFindAnimals4	Woof!
I2Languages (I2.Loc.LanguageSourceAsset)	Dialogues/prepFindAnimals5	<voice type=acceptance>\nI may have an idea.
I2Languages (I2.Loc.LanguageSourceAsset)	Dialogues/prepFindAnimals6	These ID bands... All our animals have them. \nAnd if I'm correct, these may be tracking devices of some sort.
I2Languages (I2.Loc.LanguageSourceAsset)	Dialogues/prepFindAnimals7a	And the only person who might know how to track them is Murricaville's technology expert, Joe.
I2Languages (I2.Loc.LanguageSourceAsset)	Dialogues/prepFindAnimals7b	<voice type=negation>\nI don't know how to track them, though. I need to find someone who knows a thing or two about such devices.
I2Languages (I2.Loc.LanguageSourceAsset)	Dialogues/prepAgentLegFound1	<voice type=question>\nNow this is odd...
I2Languages (I2.Loc.LanguageSourceAsset)	Dialogues/prepAgentLegFound2	<voice type=order>\nSome black fabric.
I2Languages (I2.Loc.LanguageSourceAsset)	Dialogues/prepAgentLegFound3	<voice type=question>\nIs this...?
I2Languages (I2.Loc.LanguageSourceAsset)	Dialogues/prepAgentLegFound4	<voice type=upset>\nYup, definitely there's some <color=red>blood</color> on it.
I2Languages (I2.Loc.LanguageSourceAsset)	Dialogues/prepAgentLegFound5	Where could it come from? Maybe Will has an idea.
I2Languages (I2.Loc.LanguageSourceAsset)	Dialogues/prepAnimalsBand1	Joe, I have a question for you.
I2Languages (I2.Loc.LanguageSourceAsset)	Dialogues/joeAnimalsBand2	<voice type=order>\nShoot!
I2Languages (I2.Loc.LanguageSourceAsset)	Dialogues/prepAnimalsBand3	Let's say I have a device that is used to track certain creatures.
I2Languages (I2.Loc.LanguageSourceAsset)	Dialogues/joeAnimalsBand4	<voice type=surprise>\nWhat kind of cryptid are we talking about? The Bigfoot? The Mothman? The Jersey Devil?
I2Languages (I2.Loc.LanguageSourceAsset)	Dialogues/prepAnimalsBand5	Any creature. Take a look at this.
I2Languages (I2.Loc.LanguageSourceAsset)	Dialogues/joeAnimalsBand6	Mhm... yes...
I2Languages (I2.Loc.LanguageSourceAsset)	Dialogues/joeAnimalsBand7	<voice type=acceptance>\nGovernment work, one hundred percent.
I2Languages (I2.Loc.LanguageSourceAsset)	Dialogues/prepAnimalsBand8	<voice type=question>\nDo you know how can I track these?
I2Languages (I2.Loc.LanguageSourceAsset)	Dialogues/joeAnimalsBand9	Won't be very easy...\n<voice type=acceptance>\nBut I may have an idea.
I2Languages (I2.Loc.LanguageSourceAsset)	Dialogues/joeAnimalsBand10	Come back tomorrow, I'll come up with something.
I2Languages (I2.Loc.LanguageSourceAsset)	Dialogues/prepAnimalsBand11	<voice type=thanks>\nOkay, Joe. I'm counting on you!
I2Languages (I2.Loc.LanguageSourceAsset)	Dialogues/joeTrackingDevice1	<voice type=laugh>\nAnd voila! State-of-the-art, homemade, copyleft, universal ID-band finder! \nYou'll track them all down in no time!
I2Languages (I2.Loc.LanguageSourceAsset)	Dialogues/prepTrackingDevice2	<voice type=thanks>\nThanks, man! I owe you.
I2Languages (I2.Loc.LanguageSourceAsset)	Dialogues/prepAskJoeMaterial1	<voice type=question>\nYou're the specialist on stuff that can be found around here, do you recognize this?
I2Languages (I2.Loc.LanguageSourceAsset)	Dialogues/joeAskJoeMaterial2	<voice type=negation>\nNo. Doesn't ring a bell.
I2Languages (I2.Loc.LanguageSourceAsset)	Dialogues/prepAskJoeMaterial3	<voice type=order>\nOK, thanks.
I2Languages (I2.Loc.LanguageSourceAsset)	Dialogues/prepAskBobMaterial1	<voice type=question>\nDo you recognize this piece of fabric?
I2Languages (I2.Loc.LanguageSourceAsset)	Dialogues/bobAskBobMaterial2	<voice type=negation>\nDo I look like a tailor? I might have a lot of books, but you seem to overestimate my knowledge.
I2Languages (I2.Loc.LanguageSourceAsset)	Dialogues/prepAskBobMaterial3	<voice type=order>\nThanks.
I2Languages (I2.Loc.LanguageSourceAsset)	Dialogues/prepAskHerbMaterial1	<voice type=question>\nDo you recognize this?
I2Languages (I2.Loc.LanguageSourceAsset)	Dialogues/herbAskHerbMaterial2	<voice type=disappointment>\nNo, it looks like an awful material, I wouldn't use it for anything.
I2Languages (I2.Loc.LanguageSourceAsset)	Dialogues/prepAskHerbMaterial3	Thanks.
I2Languages (I2.Loc.LanguageSourceAsset)	Dialogues/prepAskPostMaterial1	<voice type=question>\nDo you recognize this?
I2Languages (I2.Loc.LanguageSourceAsset)	Dialogues/postAskPostMaterial2	<voice type=negation>\nNo, no idea. Does it come from a piece of clothing? I don't think it's of anyone I deliver post to.
I2Languages (I2.Loc.LanguageSourceAsset)	Dialogues/prepAskPostMaterial3	<voice type=thanks>\nThis might be it, thanks!
I2Languages (I2.Loc.LanguageSourceAsset)	Dialogues/prepAskNeighMaterial1	<voice type=question>\nDo you recognize this?
I2Languages (I2.Loc.LanguageSourceAsset)	Dialogues/neighAskNeighMaterial2	<voice type=acceptance>\nMmm... Oh yes! I think the Agents' suits are made of such fabric! They always look so smart and sleek.
I2Languages (I2.Loc.LanguageSourceAsset)	Dialogues/prepAgentMaterialRecognize1	<voice type=question>\nIs the Agent limping?
I2Languages (I2.Loc.LanguageSourceAsset)	Dialogues/prepAgentMaterialRecognize2	<voice type=question>\nWait...
I2Languages (I2.Loc.LanguageSourceAsset)	Dialogues/prepAgentMaterialRecognize3	<voice type=surprise>\nIs this black fabric a fragment of his suit?!
I2Languages (I2.Loc.LanguageSourceAsset)	Dialogues/prepAgentMaterialConfront1	<voice type=greeting>\nBless the President!\n<voice type=question>\nDear Mr. Agent, can I ask you a question?
I2Languages (I2.Loc.LanguageSourceAsset)	Dialogues/agentAgentMaterialConfront2	<voice type=question>\nWhat is it, citizen?
I2Languages (I2.Loc.LanguageSourceAsset)	Dialogues/prepAgentMaterialConfront3	<voice type=question>\nCould you explain how this fragment of your suit ended up on the grounds of Murricaville State Farm?
I2Languages (I2.Loc.LanguageSourceAsset)	Dialogues/agentAgentMaterialConfront4.1	<voice type=question>\n?
I2Languages (I2.Loc.LanguageSourceAsset)	Dialogues/agentAgentMaterialConfront4.2	<voice type=surprise>\n?!?!
I2Languages (I2.Loc.LanguageSourceAsset)	Dialogues/agentAgentMaterialConfront5	<voice type=negation>\nThis is unacceptable, Citizen.\n<voice type=anger>\nFrom now on, you are banned from entering the farm!\n<voice type=order>\nEspecially on the next Sunday!
I2Languages (I2.Loc.LanguageSourceAsset)	Dialogues/agentAgentMaterialConfront6	<voice type=disappointment>\nUhm...
I2Languages (I2.Loc.LanguageSourceAsset)	Dialogues/agentAgentMaterialConfront7	<voice type=negation>\nNo, wait. I don't have anyone to replace you.\n<voice type=acceptance>\nWhat I meant is... you need to double your efforts on the farm, Citizen.\n<voice type=order>\nYou can expect a formal letter with updated requirements very soon.\nBless the President.
I2Languages (I2.Loc.LanguageSourceAsset)	Dialogues/prepAgentMaterialConfront8	<voice type=laugh>\nThat was... very interesting.\n<voice type=question>\nSunday, you say?
I2Languages (I2.Loc.LanguageSourceAsset)	Dialogues/prepPlayesSeeAgent1	<voice type=surprise>\nThe Agent?\n<voice type=question>\nWhat is he doing here at this time?\n<voice type=question>\nI thought he was gone for good.
I2Languages (I2.Loc.LanguageSourceAsset)	Dialogues/prepNightAgent1	<voice type=question>\nIs it a proper time for inspection?
I2Languages (I2.Loc.LanguageSourceAsset)	Dialogues/agentNightAgent2	<voice type=order>\nIt's always a proper time for inspection.
I2Languages (I2.Loc.LanguageSourceAsset)	Dialogues/agentNightAgent3	<voice type=order>\nMr. Prepper, let's be serious now.\nI know about your... investigation.
I2Languages (I2.Loc.LanguageSourceAsset)	Dialogues/prepNightAgent4	<voice type=question>\nOh, I'm always serious. What about it, Mr. Agent?
I2Languages (I2.Loc.LanguageSourceAsset)	Dialogues/agentNightAgent5	<voice type=order>\nMr. Prepper, please stop getting involved in this.\n<voice type=order>\nThis is an official order from the authorities.
I2Languages (I2.Loc.LanguageSourceAsset)	Dialogues/agentNightAgent6	<voice type=order>\nAnd stay out of the farm on Sunday. Take a well-deserved day off.
I2Languages (I2.Loc.LanguageSourceAsset)	Dialogues/prepNightAgent7	<voice type=question>\nSure thing. Who'd want to work on Sunday anyway?
I2Languages (I2.Loc.LanguageSourceAsset)	Dialogues/prepSundayOnFarm1	So it is a lovely sunday.\n<voice type=laugh>\nAnd I am on the farm. Don't tell the authorities.
I2Languages (I2.Loc.LanguageSourceAsset)	Dialogues/prepSundayOnFarm2	Everything looks normal so far... \nI must be missing something.
I2Languages (I2.Loc.LanguageSourceAsset)	Dialogues/prepSundayOnFarm3	No point in waiting.\nI'll better do something else.\nMaybe something will come up later. 
I2Languages (I2.Loc.LanguageSourceAsset)	Dialogues/prepStawQuest1	In the meantime, I'll investigate the mysterious lake.\n<voice type=question>\nWhat are all the cameras for?\nI'd better not draw too much attention.\n<voice type=question>\nMaybe I'll go fishing and look around?
I2Languages (I2.Loc.LanguageSourceAsset)	Dialogues/prepNeedFishingRod	<voice type=negation>\nI need a fishing rod. I won't be very believeable without one.
I2Languages (I2.Loc.LanguageSourceAsset)	Dialogues/prepBrokenCamera1	<voice type=question>\nWhat's that? \nA camera...\n<voice type=order>\nI should take it somewhere else for inspection.\n<voice type=order>\nI don't want the Agency to see this.
I2Languages (I2.Loc.LanguageSourceAsset)	Dialogues/prepBrokenCamera2	<voice type=negation>\nNo, not here.
I2Languages (I2.Loc.LanguageSourceAsset)	Dialogues/prepBrokenCamera3	Okay, let's take a look.
I2Languages (I2.Loc.LanguageSourceAsset)	Dialogues/prepBrokenCamera4	<voice type=disappointment>\nHmm, it's broken.\n<voice type=disappointment>\nIt won't turn on.\nI will need some help with this one. 
I2Languages (I2.Loc.LanguageSourceAsset)	Dialogues/prepBrokenCameraJoe5	<voice type=acceptance>\nI'm sure Joe can fix a camera.
I2Languages (I2.Loc.LanguageSourceAsset)	Dialogues/prepBrokenCameraNoJoe5	<voice type=acceptance>\nI'm sure someone in this town knows how to fix a camera.
I2Languages (I2.Loc.LanguageSourceAsset)	Dialogues/prepJoeBrokenCamera1	<voice type=question>\nHey Joe, do you think you can fix this?
I2Languages (I2.Loc.LanguageSourceAsset)	Dialogues/joeJoeBrokenCamera2	Another piece of government equipment, eh? Let's see.\n<voice type=negation>\nI'm not sure about fixing, but I might be able to recover some data from it.\n<voice type=question>\nWould that be helpful?
I2Languages (I2.Loc.LanguageSourceAsset)	Dialogues/prepJoeBrokenCamera3	<voice type=acceptance>\nYes! Very much!\nWell, I think so...\nIt's worth a try anyway.
I2Languages (I2.Loc.LanguageSourceAsset)	Dialogues/joeJoeBrokenCamera4	<voice type=acceptance>\nAlright then. I'll get around to it.
I2Languages (I2.Loc.LanguageSourceAsset)	Dialogues/joeJoeBrokenCamera5	Please come back tomorrow.
I2Languages (I2.Loc.LanguageSourceAsset)	Dialogues/joeUfoRecoding1	<voice type=surprise>\nHey, Mr. Prepper!\n<voice type=order>\nThis camera that you gave me.\n<voice type=question>\nWhere is it from?\n<voice type=thanks>\nIt's incredible! The recording, it's the proof, finally!
I2Languages (I2.Loc.LanguageSourceAsset)	Dialogues/prepUfoRecoding2	<voice type=question>\nHey, hey, Joe, calm down, the proof of what? What did you find out?
I2Languages (I2.Loc.LanguageSourceAsset)	Dialogues/joeUfoRecoding3	<voice type=laugh>\nJust look at it!
I2Languages (I2.Loc.LanguageSourceAsset)	Dialogues/joeUfoRecoding4	<voice type=thanks>\nIt's clearly a UFO! An unknown flying object! A flying saucer!
I2Languages (I2.Loc.LanguageSourceAsset)	Dialogues/prepUfoRecoding5	<voice type=disappointment>\nUhm... I don't know, Joe. It's very blurry. It can be anything.
I2Languages (I2.Loc.LanguageSourceAsset)	Dialogues/prepUfoRecoding6	Oh... the record freezes at 2:59 AM.\nInteresting...
I2Languages (I2.Loc.LanguageSourceAsset)	Dialogues/prepUfoRecoding7	I don't know what to do with that knowledge for now, but I'll think about it.\n<voice type=thanks>\nThanks, Joe! Good job.
I2Languages (I2.Loc.LanguageSourceAsset)	Dialogues/prepConnectTheDots1	<voice type=order>\nRecording from a government camera, frozen on 2:59 with a possible flying object in the frame.\n<voice type=order>\nThe Agent forbidding me from going to the farm on Sunday. \n<voice type=question>\nIs there a connection? I need to find out what all of this is about. \n<voice type=disappointment>\n(deep breath)\n<voice type=acceptance>\nLet's try to spend a night on the farm and see what happens at 3:00 AM on Sunday.\nWorst case scenario, I just don't get much sleep. 
I2Languages (I2.Loc.LanguageSourceAsset)	Dialogues/prepMazeClosed	OPENING SOON\n<voice type=question>\nWhat is this? It looks a bit out of place...
I2Languages (I2.Loc.LanguageSourceAsset)	Dialogues/prepMazeOpen	OPEN 
I2Languages (I2.Loc.LanguageSourceAsset)	Dialogues/prepMazeDay	"Day maze"
I2Languages (I2.Loc.LanguageSourceAsset)	Dialogues/prepMazeNight	"Night maze"
I2Languages (I2.Loc.LanguageSourceAsset)	Dialogues/prepMazeDiff1	<voice type=laugh>\n"Difficulty 1"
I2Languages (I2.Loc.LanguageSourceAsset)	Dialogues/prepMazeDiff2	"Difficulty 2"
I2Languages (I2.Loc.LanguageSourceAsset)	Dialogues/prepMazeDiff3	"Difficulty 3"
I2Languages (I2.Loc.LanguageSourceAsset)	Dialogues/prepMazeDiff4	<voice type=order>\n"Difficulty 4"
I2Languages (I2.Loc.LanguageSourceAsset)	Dialogues/prepMazeDiff5	<voice type=fear>\n"Difficulty 5"
I2Languages (I2.Loc.LanguageSourceAsset)	Dialogues/prepNeedAGun	<voice type=negation>\nI need a gun for that.
I2Languages (I2.Loc.LanguageSourceAsset)	Dialogues/prepUFOMazeEnter1	<voice type=question>\nWhat... Oh, wow. Where am I?
I2Languages (I2.Loc.LanguageSourceAsset)	Dialogues/prepUFOMazeEnter2	<voice type=disappointment>\nMy head... it's killing me.
I2Languages (I2.Loc.LanguageSourceAsset)	Dialogues/prepUFOMazeEnter3	<voice type=fear>\nDamn it! They are still after me!
I2Languages (I2.Loc.LanguageSourceAsset)	Dialogues/prepUFOMazeEnter4	<voice type=fear>\nI have to get out of here!
I2Languages (I2.Loc.LanguageSourceAsset)	Dialogues/prepUFOScarecrow1	<voice type=greeting>\nOh. Hello, Mr. Scarecrow. This is unexpected.
I2Languages (I2.Loc.LanguageSourceAsset)	Dialogues/crowUFOScarecrow2	<voice type=greeting>\nHello, Mr. Prepper.
I2Languages (I2.Loc.LanguageSourceAsset)	Dialogues/prepUFOScarecrow2.5	Hello. Not something I say very often.
I2Languages (I2.Loc.LanguageSourceAsset)	Dialogues/prepUFOScarecrow3	<voice type=disappointment>\nThis just keeps getting weirder. 
I2Languages (I2.Loc.LanguageSourceAsset)	Dialogues/crowUFOScarecrow4	Don't worry, Mr. Prepper. It's just a hallucination. Isn't it?
I2Languages (I2.Loc.LanguageSourceAsset)	Dialogues/crowUFOScarecrow5	Tomorrow you will not remember any of this. Any of this.
I2Languages (I2.Loc.LanguageSourceAsset)	Dialogues/crowUFOScarecrow6	Don't believe everything that you see. Seeing is believing, seeing is also not believing.
I2Languages (I2.Loc.LanguageSourceAsset)	Dialogues/prepUFOScarecrow7	Thank you for that.
I2Languages (I2.Loc.LanguageSourceAsset)	Dialogues/prepUFOFeet	<voice type=negation>\nThis... doesn't look right.
I2Languages (I2.Loc.LanguageSourceAsset)	Dialogues/prepUFORat	<voice type=disappointment>\nThis is concerning.
I2Languages (I2.Loc.LanguageSourceAsset)	Dialogues/prepNeedScizzors	<voice type=negation>\nI need proper shears for this.
I2Languages (I2.Loc.LanguageSourceAsset)	Dialogues/prepNeedGoatFood	<voice type=negation>\nI need goat food for this.\nHay is their favourite,\nbut goats can eat almost anything that's not meat.
I2Languages (I2.Loc.LanguageSourceAsset)	Dialogues/prepNeedDogFood	<voice type=negation>\nI need dog food for this.\nRat meat is his favorite.\nAny other meat will be fine too.
I2Languages (I2.Loc.LanguageSourceAsset)	Dialogues/prepNeedChickenFood	<voice type=negation>\nI need chicken food for this.\nWheat is their favorite.\nCorn, sunflower, or any other seed will be fine too.
I2Languages (I2.Loc.LanguageSourceAsset)	Dialogues/prepNeedCowFood	<voice type=negation>\nI need cow food for this.\nHay and Corn is their favourite.\nThey also enjoy some fruit as a little snack.
I2Languages (I2.Loc.LanguageSourceAsset)	Dialogues/crowUFOScarecrowBeforeBoss1	<voice type=question>\nDid you know that the aliens are scared of daylight?
I2Languages (I2.Loc.LanguageSourceAsset)	Dialogues/crowUFOScarecrowBeforeBoss2	It's true. They seem to be night creatures. Daylight, sweet sun, scares them.
I2Languages (I2.Loc.LanguageSourceAsset)	Dialogues/crowUFOScarecrowBeforeBoss3	<voice type=acceptance>\nGood luck! You are very close to the exit. You may see the sun again and again.
I2Languages (I2.Loc.LanguageSourceAsset)	Dialogues/prepUFOBoss1	<voice type=disappointment>\nThis is a dead end.
I2Languages (I2.Loc.LanguageSourceAsset)	Dialogues/prepUFOBoss2	<voice type=order>\nAlright, bring it on, extraterrestrials!
I2Languages (I2.Loc.LanguageSourceAsset)	Dialogues/prepUFOBoss3	<voice type=laugh>\nLet's kick you back to the outer space!
I2Languages (I2.Loc.LanguageSourceAsset)	Dialogues/prepUFOBoss4	I will tire them out. I won't be weaker than a bunch of saucer riders.
I2Languages (I2.Loc.LanguageSourceAsset)	Dialogues/prepUFOBoss5	And now to find the exit.
I2Languages (I2.Loc.LanguageSourceAsset)	Dialogues/prepUFOBossEnd1	<voice type=thanks>\nIt's gone...
I2Languages (I2.Loc.LanguageSourceAsset)	Dialogues/prepUFOBossEnd2	for now.
I2Languages (I2.Loc.LanguageSourceAsset)	Dialogues/prepUFOBossEnd3	<voice type=thanks>\nIt seems that my headache is gone too.
I2Languages (I2.Loc.LanguageSourceAsset)	Dialogues/prepUFOBossEnd4	<voice type=thanks>\nAnd this looks like an exit. Finally!
I2Languages (I2.Loc.LanguageSourceAsset)	Dialogues/old_willAfterConfrontation1	Mr. Prepper! You look like death itself! What happened?
I2Languages (I2.Loc.LanguageSourceAsset)	Dialogues/old_prepAfterConfrontation2	Oh, do I? \nI feel pretty good,\nbut I must say it was close. \nI just fought off a bunch of aliens, as one does.
I2Languages (I2.Loc.LanguageSourceAsset)	Dialogues/old_willAfterConfrontation3	You sound like a crazy person, Mr. Prepper.
I2Languages (I2.Loc.LanguageSourceAsset)	Dialogues/old_prepAfterConfrontation4	Oh? I don't know anymore what 'crazy' means in Murricaville.\nUFOs are real and they're here.\nThe aliens are real.\nAnd your animals have been abducted by the intruders from outer space.
I2Languages (I2.Loc.LanguageSourceAsset)	Dialogues/old_willAfterConfrontation5	Incredible! My animals! This is practically a declaration of war!
I2Languages (I2.Loc.LanguageSourceAsset)	Dialogues/old_prepAfterConfrontation6	...Right.\nSo what now?
I2Languages (I2.Loc.LanguageSourceAsset)	Dialogues/old_willAfterConfrontation7	Why do you ask me? \nYou are an ingenious inventor, engineer, constructor, prepper and gentleman, right? \nI'm sure you can figure something out.
I2Languages (I2.Loc.LanguageSourceAsset)	Dialogues/old_prepAfterConfrontation8	Figure out what exactly?
I2Languages (I2.Loc.LanguageSourceAsset)	Dialogues/old_willAfterConfrontation9	A way to destroy the aliens once and for all, of course!\nWhat else could we do?\nWe need to do this for this farm! And the humanity, possibly.
I2Languages (I2.Loc.LanguageSourceAsset)	Dialogues/old_prepAfterConfrontation10	Oh... Right. I'll just defeat the unknown, technologically superior civilization.
I2Languages (I2.Loc.LanguageSourceAsset)	Dialogues/old_prepAfterConfrontation11	How did I get myself into this mess?
I2Languages (I2.Loc.LanguageSourceAsset)	Dialogues/old_prepAfterConfrontation12	I... I guess I should talk to Joe. He might know what's to be done. 
I2Languages (I2.Loc.LanguageSourceAsset)	Dialogues/msagentPreAfterConfrontation1	<voice type=question>\nHello, Mr. Corso. Is Mr. Prepper here?
I2Languages (I2.Loc.LanguageSourceAsset)	Dialogues/willPreAfterConfrontation2	No, I don't think so. But he was here yesterday at night...
I2Languages (I2.Loc.LanguageSourceAsset)	Dialogues/willPreAfterConfrontation3	He was.. tending to animals.
I2Languages (I2.Loc.LanguageSourceAsset)	Dialogues/willPreAfterConfrontation4	One goat was.. ehm... Constipated... and needed some extra care.
I2Languages (I2.Loc.LanguageSourceAsset)	Dialogues/msagentPreAfterConfrontation5	<voice type=question>\nFine. And where is Mr. Prepper now?
I2Languages (I2.Loc.LanguageSourceAsset)	Dialogues/willPreAfterConfrontation6	I don't know.
I2Languages (I2.Loc.LanguageSourceAsset)	Dialogues/willPreAfterConfrontation7	I thought he was sleeping in the barn.
I2Languages (I2.Loc.LanguageSourceAsset)	Dialogues/willPreAfterConfrontation8	But now he is gone.
I2Languages (I2.Loc.LanguageSourceAsset)	Dialogues/willPreAfterConfrontation9	Do you think something bad might have happen to him?
I2Languages (I2.Loc.LanguageSourceAsset)	Dialogues/msagentPreAfterConfrontation10	I just want to know his whereabouts.
I2Languages (I2.Loc.LanguageSourceAsset)	Dialogues/msagentPreAfterConfrontation11	<voice type=question>\nDid you notice anything unusual last night?
I2Languages (I2.Loc.LanguageSourceAsset)	Dialogues/willPreAfterConfrontation12	Hmm... Now that you mention it... I remember a flash of green light.
I2Languages (I2.Loc.LanguageSourceAsset)	Dialogues/willPreAfterConfrontation13	I've seen it from inside my room, through the window.
I2Languages (I2.Loc.LanguageSourceAsset)	Dialogues/willPreAfterConfrontation14	In the morning I thought it was just a dream... But maybe it wasn't?
I2Languages (I2.Loc.LanguageSourceAsset)	Dialogues/msagentPreAfterConfrontation15	Interesting, thank you.
I2Languages (I2.Loc.LanguageSourceAsset)	Dialogues/willPreAfterConfrontation16	Ms Agent, could the Agency maybe send... a searching party to...
I2Languages (I2.Loc.LanguageSourceAsset)	Dialogues/msagentPreAfterConfrontation17	<voice type=question>\nTo?
I2Languages (I2.Loc.LanguageSourceAsset)	Dialogues/willPreAfterConfrontation18	<voice type=negation>\nAh, nevermind.
I2Languages (I2.Loc.LanguageSourceAsset)	Dialogues/willPreAfterConfrontation19	Mr. Prepper probably just couldn't sleep on hay and went back home.
I2Languages (I2.Loc.LanguageSourceAsset)	Dialogues/msagentPreAfterConfrontation20	I'm sure he can take care of himself. Thank you, citizen.
I2Languages (I2.Loc.LanguageSourceAsset)	Dialogues/willAfterConfrontation1	<voice type=surprise>\nMr. Prepper! You look like death itself! What happened?
I2Languages (I2.Loc.LanguageSourceAsset)	Dialogues/prepAfterConfrontation2	<voice type=question>\nOh, do I? \n<voice type=order>\nI feel pretty good,\nbut I must say it was close. \n<voice type=laugh>\nI just fought off a bunch of aliens, as one does.
I2Languages (I2.Loc.LanguageSourceAsset)	Dialogues/willAfterConfrontation3	<voice type=disappointment>\nYou sound like a crazy person, Mr. Prepper.
I2Languages (I2.Loc.LanguageSourceAsset)	Dialogues/prepAfterConfrontation4	<voice type=question>\nOh? I don't know anymore what 'crazy' means in Murricaville.
I2Languages (I2.Loc.LanguageSourceAsset)	Dialogues/willAfterConfrontation5	<voice type=anger>\nShhh, Mr. Prepper! Careful, can't you see who is here...?
I2Languages (I2.Loc.LanguageSourceAsset)	Dialogues/prepAfterConfrontation6	<voice type=order>\nYes, I see, Will. I'm not blind.\n<voice type=order>\nListen to me, Will.
I2Languages (I2.Loc.LanguageSourceAsset)	Dialogues/prepAfterConfrontation7	<voice type=order>\nAnd you too, Ms. Agent.
I2Languages (I2.Loc.LanguageSourceAsset)	Dialogues/msagentAfterConfrontation8	<voice type=question>\nDo you have something to report, Mr. Prepper?
I2Languages (I2.Loc.LanguageSourceAsset)	Dialogues/prepAfterConfrontation9	<voice type=acceptance>\nYes. UFOs are real and they're here.\n<voice type=anger>\nThe aliens are real!
I2Languages (I2.Loc.LanguageSourceAsset)	Dialogues/prepAfterConfrontation10	<voice type=anger>\nAnd your animals are being abducted by the intruders from outer space, Will.
I2Languages (I2.Loc.LanguageSourceAsset)	Dialogues/msagentAfterConfrontation11	<voice type=question>\nAliens, you say?
I2Languages (I2.Loc.LanguageSourceAsset)	Dialogues/prepAfterConfrontation12	<voice type=order>\nYes!\n<voice type=disappointment>\nI know you might not believe me, but...
I2Languages (I2.Loc.LanguageSourceAsset)	Dialogues/msagentAfterConfrontation13	Oh, I do believe you, Mr. Prepper.
I2Languages (I2.Loc.LanguageSourceAsset)	Dialogues/prepAfterConfrontation14	<voice type=question>\n...you do?
I2Languages (I2.Loc.LanguageSourceAsset)	Dialogues/msagentAfterConfrontation15	I have no reason not to. Please tell me about your experiences.
I2Languages (I2.Loc.LanguageSourceAsset)	Dialogues/prepAfterConfrontation16	<voice type=upset>\nI... I was abducted.\n<voice type=upset>\nTaken onto their ship by a beam of some sort, and examined. It was terrifying!
I2Languages (I2.Loc.LanguageSourceAsset)	Dialogues/willAfterConfrontation17	<voice type=anger>\nThis is outrageous!\n<voice type=anger>\nThis is practically a declaration of war!
I2Languages (I2.Loc.LanguageSourceAsset)	Dialogues/msagentAfterConfrontation18	<voice type=laugh>\nWar? Heh.\n<voice type=order>\nHold your horses, citizens.
I2Languages (I2.Loc.LanguageSourceAsset)	Dialogues/msagentAfterConfrontation19	We know about the extraterrestrials and the Agency closely monitors their activity.\nEverything is under control and there is no reason to worry.\nBesides, their saucers are covered in force field, and no human technology can penetrate them from the outside.\nThat was shown in our early attempts... I mean, our expert observational assessment.\nAnd our conclusions indicate they do not want to wage a war against us.
I2Languages (I2.Loc.LanguageSourceAsset)	Dialogues/msagentAfterConfrontation20	<voice type=surprise>\nOh, how late it is already!\nI still need to file some reports.\nBless the president.
I2Languages (I2.Loc.LanguageSourceAsset)	Dialogues/willAfterConfrontation21	<voice type=question>\nWow, what was that about? Is our Ms. Agent a big UFO nerd?
I2Languages (I2.Loc.LanguageSourceAsset)	Dialogues/prepAfterConfrontation22	Hm, maybe. But I'm sure she's not telling us the whole truth.
I2Languages (I2.Loc.LanguageSourceAsset)	Dialogues/prepAfterConfrontation23	<voice type=disappointment>\nAnd I didn't like being abducted at all.\n<voice type=question>\nSo what do we do now?
I2Languages (I2.Loc.LanguageSourceAsset)	Dialogues/willAfterConfrontation24	<voice type=question>\nWhy do you ask me? \n<voice type=question>\nYou are an ingenious inventor, engineer, constructor, prepper and gentleman, right? \nI'm sure you can figure something out.
I2Languages (I2.Loc.LanguageSourceAsset)	Dialogues/prepAfterConfrontation25	<voice type=question>\nFigure out what exactly?
I2Languages (I2.Loc.LanguageSourceAsset)	Dialogues/willAfterConfrontation26	<voice type=anger>\nA way to destroy the aliens once and for all, of course!\n<voice type=disappointment>\nWhat else could we do?\n<voice type=anger>\nWe need to do this for this farm! And the humanity, possibly.
I2Languages (I2.Loc.LanguageSourceAsset)	Dialogues/prepAfterConfrontation27	<voice type=disappointment>\nOh... Right. I'll just defeat the unknown, technologically superior civilization.
I2Languages (I2.Loc.LanguageSourceAsset)	Dialogues/prepAfterConfrontation28	<voice type=disappointment>\nHow did I get myself into this mess?
I2Languages (I2.Loc.LanguageSourceAsset)	Dialogues/prepAfterConfrontation29	I... I guess I should talk to Joe. He might know what's to be done. \nMs. Agent mentioned something about the UFOs being covered in unpenetrable force field.\nI should keep that information in mind.
I2Languages (I2.Loc.LanguageSourceAsset)	Dialogues/prepUFOJoe1	<voice type=greeting>\nHey, Joe.\nI need your advice.
I2Languages (I2.Loc.LanguageSourceAsset)	Dialogues/joeUFOJoe2	<voice type=surprise>\nPrepper! What is it?\n<voice type=question>\nDo you have more UFO evidence?
I2Languages (I2.Loc.LanguageSourceAsset)	Dialogues/prepUFOJoe3	More than that, in a sense. I had a close encounter of the third kind.\nWell, I don't really know how these kinds are counted, but it was pretty close and personal.
I2Languages (I2.Loc.LanguageSourceAsset)	Dialogues/joeUFOJoe4	<voice type=question>\nWhat do you mean...?\n<voice type=surprise>\nWere you... were you abducted?!
I2Languages (I2.Loc.LanguageSourceAsset)	Dialogues/prepUFOJoe5	<voice type=acceptance>\nYes, that's the best way to put it.\nI went to the farm at night, and a UFO appeared at 3:00 AM. \nThen a beam of green light pulled me through the roof... And then I passed out.
I2Languages (I2.Loc.LanguageSourceAsset)	Dialogues/joeUFOJoe6	<voice type=surprise>\nPrepper, this is incredible!\n<voice type=thanks>\nI dreamt of such an opportunity! I have so many questions!\n<voice type=question>\nDid you see them? How do you feel now?\n<voice type=surprise>\nWere they behind the celestial battle over Nuremberg in 1561?\n<voice type=question>\nHave you checked your body for any weird markings?
I2Languages (I2.Loc.LanguageSourceAsset)	Dialogues/prepUFOJoe7	<voice type=negation>\nSlow down, Joe. It's not like they briefed me on their agenda.
I2Languages (I2.Loc.LanguageSourceAsset)	Dialogues/joeUFOJoe8	<voice type=acceptance>\nOK, OK. I just got excited. So let's take it slow.\n<voice type=question>\nDoes the UFO always appear at the farm at the same time?
I2Languages (I2.Loc.LanguageSourceAsset)	Dialogues/prepUFOJoe9	Yes. And that's why...
I2Languages (I2.Loc.LanguageSourceAsset)	Dialogues/joeUFOJoe10	<voice type=surprise>\nPrepper, I need to see this! Take me there!\n<voice type=thanks>\nI will record the whole thing!\n<voice type=laugh>\nThe UFO mysteries will be exposed and I'll be rich and famous!
I2Languages (I2.Loc.LanguageSourceAsset)	Dialogues/prepUFOJoe11	<voice type=order>\nJoe, please focus. How can I destroy the UFO?
I2Languages (I2.Loc.LanguageSourceAsset)	Dialogues/joeUFOJoe12	<voice type=question>\n...what?\n<voice type=surprise>\nDestroy it?\n<voice type=laugh>\nMr. Prepper, you are crazier than I thought. It's an advanced technology...\nBut then we can observe and study it carefully. Damn, this could be exciting.
I2Languages (I2.Loc.LanguageSourceAsset)	Dialogues/prepUFOJoe13	<voice type=question>\nSo, any ideas?
I2Languages (I2.Loc.LanguageSourceAsset)	Dialogues/joeUFOJoe14	I need more information. Everything you know.\n<voice type=question>\nWhat did you learn about UFO?
I2Languages (I2.Loc.LanguageSourceAsset)	Dialogues/prepUFOJoe15	Hm... Ms. Agent claims that every UFO is protected by a powerful external force field.\nNo human technology can damage it.
I2Languages (I2.Loc.LanguageSourceAsset)	Dialogues/joeUFOJoe16	<voice type=surprise>\nForce field! Incredible! This is so exciting.\nOkay. Let's think. \n<voice type=question>\nWe know that the UFO comes to this farm and abducts animals, right?
I2Languages (I2.Loc.LanguageSourceAsset)	Dialogues/prepUFOJoe17	Yes, go on.
I2Languages (I2.Loc.LanguageSourceAsset)	Dialogues/joeUFOJoe18	So the UFOs must have a way to carry objects through their force fields.\nI know you can make some explosives... and you're in general good with some small arts & crafts. 
I2Languages (I2.Loc.LanguageSourceAsset)	Dialogues/joeUFOJoe19	<voice type=order>\nAnd here goes are perfect trap: you could build a fake goat and fill it with explosives!\n<voice type=order>\nThe UFO may be impenetrable from the outside, but they won't expect an attack from the inside. \n<voice type=order>\nIt's a surefire plan, I can tell you.
I2Languages (I2.Loc.LanguageSourceAsset)	Dialogues/prepUFOJoe20	I guess we could give it a try. What's the worst that can happen?
I2Languages (I2.Loc.LanguageSourceAsset)	Dialogues/joeUFOJoe21	<voice type=question>\nSo when are we doing it?
I2Languages (I2.Loc.LanguageSourceAsset)	Dialogues/prepUFOJoe22	Sunday.\n<voice type=order>\nBe ready.
I2Languages (I2.Loc.LanguageSourceAsset)	Dialogues/joeUFOJoe23	<voice type=thanks>\nOf course! I will be there.
I2Languages (I2.Loc.LanguageSourceAsset)	Dialogues/prepBombCreate1	Okay, it looks...\nconvincing enough. 
I2Languages (I2.Loc.LanguageSourceAsset)	Dialogues/prepBombCreate2	But this needs to wait for the next Sunday.
I2Languages (I2.Loc.LanguageSourceAsset)	Dialogues/prepBombStillStuffToDo	<voice type=negation>\nNah, I have some things to do before that.
I2Languages (I2.Loc.LanguageSourceAsset)	Dialogues/prepBombNotSunday	I have to wait until Sunday with this.
I2Languages (I2.Loc.LanguageSourceAsset)	Dialogues/joeJoeMeetWill1	...yes, there have been sightings since the ancient times, and in different cultures: China, Japan, Germany...
I2Languages (I2.Loc.LanguageSourceAsset)	Dialogues/willJoeMeetWill2	<voice type=question>\nWow. And do we know what actually brings them here?
I2Languages (I2.Loc.LanguageSourceAsset)	Dialogues/joeJoeMeetWill3	They probably want to study us and life on Earth in general.\nAnd there is a hypothesis they are VERY interested in nuclear weapons - many of the sightings occur close to nuclear bases.
I2Languages (I2.Loc.LanguageSourceAsset)	Dialogues/willJoeMeetWill4	<voice type=anger>\nI didn't know that! Those outworldly bastards surely want to steal our nukes!
I2Languages (I2.Loc.LanguageSourceAsset)	Dialogues/willJoeMeetWill5	<voice type=greeting>\nOh, hi, Mr. Prepper. \nJoe was interested in the incidents on our farm and came to say hello.
I2Languages (I2.Loc.LanguageSourceAsset)	Dialogues/joeJoeMeetWill6	<voice type=acceptance>\nThat's right.
I2Languages (I2.Loc.LanguageSourceAsset)	Dialogues/willJoeMeetWill7	Joe knows a lot about aliens! Why haven't you mentioned him to me before?
I2Languages (I2.Loc.LanguageSourceAsset)	Dialogues/prepJoeMeetWill8	<voice type=disappointment>\nEmm...
I2Languages (I2.Loc.LanguageSourceAsset)	Dialogues/willJoeMeetWill8	It's nice talking to someone who gets it, for a change.
I2Languages (I2.Loc.LanguageSourceAsset)	Dialogues/prepJoeMeetWill9	I'm glad you two are getting along.
I2Languages (I2.Loc.LanguageSourceAsset)	Dialogues/willFarmEnd1	<voice type=question>\nWill that work?
I2Languages (I2.Loc.LanguageSourceAsset)	Dialogues/joeFarmEnd2	Oh yes, surely.
I2Languages (I2.Loc.LanguageSourceAsset)	Dialogues/prepFarmEnd3	<voice type=disappointment>\nI want to believe.
I2Languages (I2.Loc.LanguageSourceAsset)	Dialogues/joeFarmEnd4	<voice type=thanks>\nThis is so exciting!
I2Languages (I2.Loc.LanguageSourceAsset)	Dialogues/willFarmEnd5	<voice type=question>\nYou think we are safe here?
I2Languages (I2.Loc.LanguageSourceAsset)	Dialogues/joeFarmEnd6	<voice type=negation>\nI don't know if 'safe' applies to the contact of civilizations.\n<voice type=question>\nBut what's the worst that could happen?
I2Languages (I2.Loc.LanguageSourceAsset)	Dialogues/prepFarmEnd7	<voice type=question>\nHmm. You could get abducted?
I2Languages (I2.Loc.LanguageSourceAsset)	Dialogues/joeFarmEnd8	<voice type=surprise>\nOh boy, when you say it like this, it makes me giddy to run in and let the green light take me!
I2Languages (I2.Loc.LanguageSourceAsset)	Dialogues/prepFarmEnd9	<voice type=negation>\nPlease don't.\n<voice type=question>\nWe want to plant a bomb, remember?
I2Languages (I2.Loc.LanguageSourceAsset)	Dialogues/joeFarmEnd10	<voice type=disappointment>\nRight, right.
I2Languages (I2.Loc.LanguageSourceAsset)	Dialogues/prepFarmEnd11	And don't worry, Will. \nThey only seem to be interested in animals.
I2Languages (I2.Loc.LanguageSourceAsset)	Dialogues/willFarmEnd12	<voice type=question>\nBut they have abducted you, right?
I2Languages (I2.Loc.LanguageSourceAsset)	Dialogues/joeFarmEnd13	<voice type=surprise>\nOh, look! It begins!
I2Languages (I2.Loc.LanguageSourceAsset)	Dialogues/joeFarmEndSecond1	<voice type=laugh>\n...wow.\n<voice type=question>\nHave you guys seen this?
I2Languages (I2.Loc.LanguageSourceAsset)	Dialogues/prepFarmEndSecond2	Yes, we have.
I2Languages (I2.Loc.LanguageSourceAsset)	Dialogues/joeFarmEndSecond3	<voice type=thanks>\nThis is amazing!\n<voice type=thanks>\nI've waited for something like this all my life! \n<voice type=thanks>\nAll the secret readings, theories, testimonies, gossips - and finally I saw them with my own eyes!
I2Languages (I2.Loc.LanguageSourceAsset)	Dialogues/prepFarmEndSecond4	<voice type=laugh>\nYou might be in for a few more treats, I seem to keep attracting weird stuff.
I2Languages (I2.Loc.LanguageSourceAsset)	Dialogues/willFarmEndSecond5	<voice type=question>\nPhew. So it's over? 
I2Languages (I2.Loc.LanguageSourceAsset)	Dialogues/msagentFarmEndSecond6	<voice type=negation>\nNo, I don't think so, citizens.
I2Languages (I2.Loc.LanguageSourceAsset)	Dialogues/willFarmEndSecond7	<voice type=surprise>\nMs. Agent?! Why are you here?
I2Languages (I2.Loc.LanguageSourceAsset)	Dialogues/msagentFarmEndSecond8	<voice type=anger>\nI think you've made a terrible mistake.
I2Languages (I2.Loc.LanguageSourceAsset)	Dialogues/prepFarmEndSecond9	<voice type=order>\nBut... I only did what I was supposed to do! To protect this farm!
I2Languages (I2.Loc.LanguageSourceAsset)	Dialogues/prepFarmEndSecond10	<voice type=question>\nThis is my job here, right?
I2Languages (I2.Loc.LanguageSourceAsset)	Dialogues/msagentFarmEndSecond11	<voice type=order>\nI'm afraid this will have consequences. Far-reaching ones, possibly.
I2Languages (I2.Loc.LanguageSourceAsset)	Dialogues/msagentFarmEndSecond12	<voice type=negation>\nBut no, don't be afraid, the Agency won't make you any trouble.\nYou didn't exactly follow all the regulations... but you were defending the farm indeed.\nAnd the Agency might be able to make use of the wreckage.
I2Languages (I2.Loc.LanguageSourceAsset)	Dialogues/willFarmEndSecond13	<voice type=question>\nSo... what consequences?\n<voice type=fear>\nWill I lose my farm?\n<voice type=disappointment>\nI didn't like it here at first, but... it kind of grew on me.\n<voice type=disappointment>\nThis is my home now.
I2Languages (I2.Loc.LanguageSourceAsset)	Dialogues/msagentFarmEndSecond14	<voice type=negation>\nNo, Mr. Corso, you won't lose your post.\nAnd everything will be back to normal from tomorrow. \nThis night just simply never happened.
I2Languages (I2.Loc.LanguageSourceAsset)	Dialogues/msagentFarmEndSecond15	Tomorrow morning you will not remember any of this,\nso I can as well say this.\n<voice type=order>\nThey will be back.\nAnd whether they'll start a war or not, it will be bad for us.
I2Languages (I2.Loc.LanguageSourceAsset)	Dialogues/msagentFarmEndSecond16	I believe they were protecting a fragile state of balance here on Earth...\nAnd now this balance is off, and the chain reaction might be starting just now.\n<voice type=laugh>\nOK, the show's over, gentlemen. Bzzzt!
I2Languages (I2.Loc.LanguageSourceAsset)	Dialogues/old-joeFarmEndSecond7	I bet it wasn't the only saucer flying around here.
I2Languages (I2.Loc.LanguageSourceAsset)	Dialogues/old-prepFarmEndSecond8	Yes, you might be right. We need more sustained protection.
I2Languages (I2.Loc.LanguageSourceAsset)	Dialogues/old-prepFarmEndSecond9	I will reinforce this barn. \nAfter I'm done with that, it should not be so easy to damage, like it was for this UFO. 
I2Languages (I2.Loc.LanguageSourceAsset)	Dialogues/old-willFarmEndSecond10	Thank you, Mr. Prepper. I don't know what I'd do without you!
I2Languages (I2.Loc.LanguageSourceAsset)	Dialogues/old-joeFarmEndSecond11	I'm happy you both let me experience that.\nIt was a blast.
I2Languages (I2.Loc.LanguageSourceAsset)	Dialogues/prepFarmWakeUp1	<voice type=question>\nMmm... where am I?
I2Languages (I2.Loc.LanguageSourceAsset)	Dialogues/prepFarmWakeUp2	<voice type=acceptance>\nOh, okay, the farm. The farm... It looks safe. The animals are safe.
I2Languages (I2.Loc.LanguageSourceAsset)	Dialogues/prepFarmWakeUp3	<voice type=question>\nAnd I...
I2Languages (I2.Loc.LanguageSourceAsset)	Dialogues/prepFarmWakeUp4	<voice type=surprise>\nWait! I have destroyed the UFO!
I2Languages (I2.Loc.LanguageSourceAsset)	Dialogues/prepFarmWakeUp5	Ms. Agent... She was there too.
I2Languages (I2.Loc.LanguageSourceAsset)	Dialogues/prepFarmWakeUp6	<voice type=disappointment>\nAh, things are blurry.\n<voice type=question>\nDid she say something... about a war? The world thrown off-balance? A chain reaction? Weird.
I2Languages (I2.Loc.LanguageSourceAsset)	Dialogues/prepFarmWakeUp7	<voice type=acceptance>\nAlright, I'll better get back to prepping.
I2Languages (I2.Loc.LanguageSourceAsset)	Dialogues/prepGoatDesert1	<voice type=question>\nIt was an Agency's car. What's going on here?
I2Languages (I2.Loc.LanguageSourceAsset)	Dialogues/prepGoatDesert2	<voice type=disappointment>\nI'm losing signal...
I2Languages (I2.Loc.LanguageSourceAsset)	Dialogues/prepGoatDesert3	<voice type=upset>\nThere is no way to save this one.
I2Languages (I2.Loc.LanguageSourceAsset)	Dialogues/prepGoatDesert4	<voice type=surprise>\nWhat the...?!
I2Languages (I2.Loc.LanguageSourceAsset)	Dialogues/prepGoatDesert5	<voice type=greeting>\nOh, hello. How did you manage to escape?
I2Languages (I2.Loc.LanguageSourceAsset)	Dialogues/prepGoatDesert6	I'd better grab it and get out of here quickly. They might come back.
I2Languages (I2.Loc.LanguageSourceAsset)	Dialogues/prepInUFOShip1	<voice type=surprise>\nOoooh--?!
I2Languages (I2.Loc.LanguageSourceAsset)	Dialogues/prepInUFOShip2	<voice type=question>\nWhat? What is this place?
I2Languages (I2.Loc.LanguageSourceAsset)	Dialogues/prepInUFOShip3	<voice type=anger>\nGet off me!
I2Languages (I2.Loc.LanguageSourceAsset)	Dialogues/prepUFOEscape	<voice type=thanks>\nYes! Here we go!
I2Languages (I2.Loc.LanguageSourceAsset)	Dialogues/alien1rand1	specimen awake and active
I2Languages (I2.Loc.LanguageSourceAsset)	Dialogues/alien1rand2	high intelligence and determination
I2Languages (I2.Loc.LanguageSourceAsset)	Dialogues/alien1rand3	specimen seeks to escape
I2Languages (I2.Loc.LanguageSourceAsset)	Dialogues/alien2rand1	i hate this planet
I2Languages (I2.Loc.LanguageSourceAsset)	Dialogues/alien2rand2	mission in danger
I2Languages (I2.Loc.LanguageSourceAsset)	Dialogues/alien2rand3	very intelligent for an earthling
I2Languages (I2.Loc.LanguageSourceAsset)	Dialogues/alien3rand1	i miss our last mission on alpha centauri
I2Languages (I2.Loc.LanguageSourceAsset)	Dialogues/alien3rand2	what is happening
I2Languages (I2.Loc.LanguageSourceAsset)	Dialogues/alien3rand3	earthling escaping
I2Languages (I2.Loc.LanguageSourceAsset)	Dialogues/prepNoticeAlien1	<voice type=question>\nWhat... what is this?
I2Languages (I2.Loc.LanguageSourceAsset)	Dialogues/prepNoticeAlien2	<voice type=disappointment>\nMy head hurts.\n<voice type=question>\nWhat did they do to me?
I2Languages (I2.Loc.LanguageSourceAsset)	Dialogues/prepNoticeAlien3	<voice type=order>\nOK, let's not think about it.\n<voice type=order>\nLet's just ignore it.\n<voice type=order>\nNeed to get out of here.\n<voice type=order>\nFast.
I2Languages (I2.Loc.LanguageSourceAsset)	Dialogues/willGoat1Name	<voice type=greeting>\nStevie!
I2Languages (I2.Loc.LanguageSourceAsset)	Dialogues/willGoat2Name	<voice type=greeting>\nAngelo!
I2Languages (I2.Loc.LanguageSourceAsset)	Dialogues/willChicken1Name	<voice type=greeting>\nEartha!
I2Languages (I2.Loc.LanguageSourceAsset)	Dialogues/willChicken2Name	<voice type=greeting>\nGloria!
I2Languages (I2.Loc.LanguageSourceAsset)	Dialogues/willChicken3Name	<voice type=greeting>\nAdele!
I2Languages (I2.Loc.LanguageSourceAsset)	Dialogues/willThxResqueRand1	<voice type=thanks>\nThank you!
I2Languages (I2.Loc.LanguageSourceAsset)	Dialogues/willThxResqueRand2	<voice type=thanks>\nI knew I can count on you, Mr. Prepper!
I2Languages (I2.Loc.LanguageSourceAsset)	Dialogues/willThxResqueRand3	<voice type=thanks>\nThanks a lot!
I2Languages (I2.Loc.LanguageSourceAsset)	Dialogues/willGoat1Talk1	Now you can get back to quarreling with your friends, you magnificent beast.
I2Languages (I2.Loc.LanguageSourceAsset)	Dialogues/willGoat2Talk1	<voice type=order>\nYour family missed you!
I2Languages (I2.Loc.LanguageSourceAsset)	Dialogues/willChicken1Talk1	<voice type=acceptance>\nGood to see you back! Stylish as always.
I2Languages (I2.Loc.LanguageSourceAsset)	Dialogues/willChicken2Talk1	<voice type=upset>\nI was afraid for you, I was petrified! Welcome back.
I2Languages (I2.Loc.LanguageSourceAsset)	Dialogues/willChicken3Talk1	<voice type=question>\nHello, how are you?
I2Languages (I2.Loc.LanguageSourceAsset)	Dialogues/willTakeThemBackSingle	I will take it back to the others.
I2Languages (I2.Loc.LanguageSourceAsset)	Dialogues/willTakeThemBackMultiple	I will take them back to the others.
I2Languages (I2.Loc.LanguageSourceAsset)	Dialogues/willDogeTreat1	Mr. Prepper, give Xeno those treats from me.
I2Languages (I2.Loc.LanguageSourceAsset)	Dialogues/willDogeTreat2	He loves that stuff even more than rat meat.\nIt's made according to my own secret recipe.
I2Languages (I2.Loc.LanguageSourceAsset)	Dialogues/prepGoatEscapeRand1	<voice type=order>\nWait!
I2Languages (I2.Loc.LanguageSourceAsset)	Dialogues/prepGoatEscapeRand2	<voice type=order>\nCome back here!
I2Languages (I2.Loc.LanguageSourceAsset)	Dialogues/prepGoatForest1	<voice type=surprise>\nHere it is! One of the goats from the farm.
I2Languages (I2.Loc.LanguageSourceAsset)	Dialogues/prepGoatForest2	<voice type=question>\nIt's acting weird.\n<voice type=question>\nIs it in pain?
I2Languages (I2.Loc.LanguageSourceAsset)	Dialogues/prepGoatForest3	Looks like it's fighting something.
I2Languages (I2.Loc.LanguageSourceAsset)	Dialogues/prepGoatForest4	<voice type=acceptance>\nOkay... Looks like it has finally calmed down.
I2Languages (I2.Loc.LanguageSourceAsset)	Dialogues/prepGoatForest5	Come on, buddy, I will take you back home.
I2Languages (I2.Loc.LanguageSourceAsset)	Dialogues/prepMineChicken1	<voice type=greeting>\nOh, hey, Bob.
I2Languages (I2.Loc.LanguageSourceAsset)	Dialogues/prepMineChicken2	<voice type=question>\nI see you got a situation here?
I2Languages (I2.Loc.LanguageSourceAsset)	Dialogues/bobMineChicken3	<voice type=upset>\nYes, this chicken is driving me crazy. \nIt just appeared out of nowhere a couple of days ago.\n<voice type=disappointment>\nAnd it is so nimble I can't catch it.
I2Languages (I2.Loc.LanguageSourceAsset)	Dialogues/bobMineChicken4	This band on its leg produces a weird sound.\n<voice type=negation>\nI've been worrying it was some sort of transmitter, and I don't want our hideout to be compromised.\n<voice type=fear>\nIs this chicken sent by the government?!
I2Languages (I2.Loc.LanguageSourceAsset)	Dialogues/bobMineChicken5	<voice type=question>\nHaha, no, that would be crazy, right?
I2Languages (I2.Loc.LanguageSourceAsset)	Dialogues/prepMineChicken6	Don't worry, Bob, I will handle this. \n<voice type=laugh>\nI'm suprisingly good with animals, as it turned out.
I2Languages (I2.Loc.LanguageSourceAsset)	Dialogues/prepGrabChicken1	That went well.
I2Languages (I2.Loc.LanguageSourceAsset)	Dialogues/prepGrabChicken2	I should bring it back to Will.
I2Languages (I2.Loc.LanguageSourceAsset)	Dialogues/bobMineChickenCought1	<voice type=thanks>\nThank you, Prepper, you made it look so easy.
I2Languages (I2.Loc.LanguageSourceAsset)	Dialogues/prepMineChickenCought2	I've gained some experience with animals thanks to a work order from our favorite Agency.\n<voice type=question>\nBy the way, how did this chicken get in here?
I2Languages (I2.Loc.LanguageSourceAsset)	Dialogues/bobMineChickenCought3	This is a great question.\nIt just suddenly appeared here, it seems.
I2Languages (I2.Loc.LanguageSourceAsset)	Dialogues/bobMineChickenCought4	<voice type=disappointment>\nAnd... I don't want to sound crazy, Prepper.\nBut shortly before, I saw something flying in the night sky. \nIt is producing green and blue lights, but didn't look like a plane. \n<voice type=question>\nIs the Agency up to something again?
I2Languages (I2.Loc.LanguageSourceAsset)	Dialogues/prepMineChickenCought5	Odd! I don't know what to make of it.
I2Languages (I2.Loc.LanguageSourceAsset)	Dialogues/prepMazeChickens1	<voice type=laugh>\nJackpot, 2 for one. 
I2Languages (I2.Loc.LanguageSourceAsset)	Dialogues/prepMazeChickens2	<voice type=question>\nAnd what's that? Doesn't really look like a kids' attraction.\n<voice type=disappointment>\nThis mark. Looks familiar...
I2Languages (I2.Loc.LanguageSourceAsset)	Dialogues/antenaSignalFromSpace1	YOU ARE IN GRAVE DANGER\nPLEASE COOPERATE\nLAY DOWN YOUR ARMS
I2Languages (I2.Loc.LanguageSourceAsset)	Dialogues/prepSignalFromSpace2	<voice type=anger>\nAh...! Terrible noise! And what is it, a threat?
I2Languages (I2.Loc.LanguageSourceAsset)	Dialogues/prepMazeChickens3	It's alright now, I will bring you two back to Will. 
I2Languages (I2.Loc.LanguageSourceAsset)	Dialogues/prepAllAnimalsFound1	<voice type=thanks>\nAll of them. The family is together again!
I2Languages (I2.Loc.LanguageSourceAsset)	Dialogues/prepAllAnimalsFound2	Now it's time to talk with Will.
I2Languages (I2.Loc.LanguageSourceAsset)	Dialogues/prepDogPetRand1	<voice type=question>\nWho's a good boy?
I2Languages (I2.Loc.LanguageSourceAsset)	Dialogues/prepDogPetRand2	<voice type=acceptance>\nYou're a good boy!
I2Languages (I2.Loc.LanguageSourceAsset)	Dialogues/prepDogPetRand3	You're very brave to put up with all the stuff that's going around here.
I2Languages (I2.Loc.LanguageSourceAsset)	Dialogues/prepAllAnimalsResqued1	<voice type=acceptance>\nSo all the missing animals are back. Mission completed!
I2Languages (I2.Loc.LanguageSourceAsset)	Dialogues/willAllAnimalsResqued2	<voice type=negation>\nHmm? Oh no, of course not. I had a lot more. 
I2Languages (I2.Loc.LanguageSourceAsset)	Dialogues/willAllAnimalsResqued3	<voice type=disappointment>\nBut they were disappearing back then, before you came here.\n<voice type=disappointment>\nIf you haven't encountered them... I think they are already gone.
I2Languages (I2.Loc.LanguageSourceAsset)	Dialogues/willAllAnimalsResqued4	<voice type=thanks>\nAnyway, thank you for bringing the animals back to me! \n<voice type=anger>\nI hope the problems are over. I'm fed up with both the Agency and the aliens or whatever.
I2Languages (I2.Loc.LanguageSourceAsset)	Dialogues/willAllAnimalsResqued5	<voice type=question>\nBy the way, how is Xeno doing? \n<voice type=question>\nDo you get along well?
I2Languages (I2.Loc.LanguageSourceAsset)	Dialogues/prepAllAnimalsResqued6	Yes, he's a good dog.
I2Languages (I2.Loc.LanguageSourceAsset)	Dialogues/willAllAnimalsResqued7	<voice type=thanks>\nGood, I'm glad.\nMr. Prepper. Here, take a look.\nThis is how I make his favorite treats.
I2Languages (I2.Loc.LanguageSourceAsset)	Dialogues/prepAllAnimalsResqued8	Mhm, the secret ingredient is rat meat.\n<voice type=disappointment>\nI should have guessed.
I2Languages (I2.Loc.LanguageSourceAsset)	Dialogues/willAllAnimalsResqued9	Just don't spoil him too much, Mr. Prepper.
I2Languages (I2.Loc.LanguageSourceAsset)	Dialogues/prepAllAnimalsResqued10	Sure thing.
I2Languages (I2.Loc.LanguageSourceAsset)	Dialogues/willDogeReward1	<voice type=question>\nUhm, Mr. Prepper?
I2Languages (I2.Loc.LanguageSourceAsset)	Dialogues/prepDogeReward2	I'm here.
I2Languages (I2.Loc.LanguageSourceAsset)	Dialogues/willDogeReward3	<voice type=order>\nI have made a decision.
I2Languages (I2.Loc.LanguageSourceAsset)	Dialogues/prepDogeReward4	<voice type=question>\nWhat decision?
I2Languages (I2.Loc.LanguageSourceAsset)	Dialogues/willDogeReward5	<voice type=disappointment>\nSee... you know, my dog Xeno is here illegally.\n<voice type=upset>\nYou know the Agency is weird about dogs.
I2Languages (I2.Loc.LanguageSourceAsset)	Dialogues/willDogeReward6	And I've heard from some folks that you have... \nA small illegal project on your own in your house.\n<voice type=question>\nSo you're more... used to this kind of stuff?
I2Languages (I2.Loc.LanguageSourceAsset)	Dialogues/prepDogeReward7	<voice type=surprise>\nWhat folks?!
I2Languages (I2.Loc.LanguageSourceAsset)	Dialogues/willDogeReward8	<voice type=negation>\nOh, don't think about that too much.
I2Languages (I2.Loc.LanguageSourceAsset)	Dialogues/prepDogeReward9	<voice type=disappointment>\n...
I2Languages (I2.Loc.LanguageSourceAsset)	Dialogues/willDogeReward10	<voice type=question>\nSo what do you think? Xeno would be a lot safer with you.
I2Languages (I2.Loc.LanguageSourceAsset)	Dialogues/willDogeReward11	<voice type=anger>\nI can't imagine him getting taken by the Agency one day.\n<voice type=upset>\nIt would break my heart.
I2Languages (I2.Loc.LanguageSourceAsset)	Dialogues/willDogeReward12	<voice type=question>\nMr. Prepper, can you take care of him for me? \nI see that he likes you.
I2Languages (I2.Loc.LanguageSourceAsset)	Dialogues/willDogeReward13	<voice type=upset>\nJust visit me from time to time, Xeno.
I2Languages (I2.Loc.LanguageSourceAsset)	Dialogues/willDogeReward14	In this book you will find everything you need to take care of him.
I2Languages (I2.Loc.LanguageSourceAsset)	Dialogues/prepDogeReward15	Xeno will be safe with me, I promise.\n<voice type=thanks>\nThank you for entrusting him to me.\n<voice type=acceptance>\nI'm sure he will be a great help.
I2Languages (I2.Loc.LanguageSourceAsset)	Dialogues/prepperFIdleRand1	What a quiet day.
I2Languages (I2.Loc.LanguageSourceAsset)	Dialogues/prepperFIdleRand2	<voice type=laugh>\nBaby shark, do do do...\n<voice type=disappointment>\nah, damn, it's the worst of earworms.
I2Languages (I2.Loc.LanguageSourceAsset)	Dialogues/prepperFIdleRand3	Give man a fish, you'll feed him for a day.\nTeach a man to fish, and he'll soon establish a fishing industry and destroy the ecosystem.
I2Languages (I2.Loc.LanguageSourceAsset)	Dialogues/prepperFIdleRand4	Not much happening. I guess those scoundrels from the Agency don't even stock fish in here.
I2Languages (I2.Loc.LanguageSourceAsset)	Dialogues/prepperFIdleRand5	<voice type=disappointment>\nNot the most exciting day of fishing.
I2Languages (I2.Loc.LanguageSourceAsset)	Dialogues/prepperFIdleRand6	<voice type=question>\nWhat's that smell...? Ah, nevermind, I'm sure this lake is very clean.
I2Languages (I2.Loc.LanguageSourceAsset)	Dialogues/prepperFCatchRand1	<voice type=surprise>\nOooh... I got something!
I2Languages (I2.Loc.LanguageSourceAsset)	Dialogues/prepperFCatchRand2	<voice type=surprise>\nGotcha!
I2Languages (I2.Loc.LanguageSourceAsset)	Dialogues/prepperFCatchRand3	<voice type=surprise>\nCome to me!
I2Languages (I2.Loc.LanguageSourceAsset)	Dialogues/prepperFCatchItemRand1	<voice type=disappointment>\nAww... Just trash.
I2Languages (I2.Loc.LanguageSourceAsset)	Dialogues/prepperFCatchItemRand2	<voice type=disappointment>\nNothing.
I2Languages (I2.Loc.LanguageSourceAsset)	Dialogues/prepperFCatchItemRand3	<voice type=disappointment>\nEhh... Come on!
I2Languages (I2.Loc.LanguageSourceAsset)	Dialogues/prepperFLoseMinigameRand1	<voice type=upset>\nAlmost!
I2Languages (I2.Loc.LanguageSourceAsset)	Dialogues/prepperFLoseMinigameRand2	<voice type=disappointment>\nShucks.
I2Languages (I2.Loc.LanguageSourceAsset)	Dialogues/prepperFLoseMinigameRand3	<voice type=upset>\nHey fish, come back.
I2Languages (I2.Loc.LanguageSourceAsset)	Dialogues/prepperFHeavyFishRand1	<voice type=laugh>\nWow, that's a big fish!
I2Languages (I2.Loc.LanguageSourceAsset)	Dialogues/prepperFHeavyFishRand2	Oh, I hope the rod will hold!
I2Languages (I2.Loc.LanguageSourceAsset)	Dialogues/prepperFMediumFishRand1	Here comes that boy!
I2Languages (I2.Loc.LanguageSourceAsset)	Dialogues/prepperFMediumFishRand2	<voice type=order>\nI'll make it! I'll make it!
I2Languages (I2.Loc.LanguageSourceAsset)	Dialogues/prepperFSmallFishRand1	<voice type=laugh>\nOh, so tiny!
I2Languages (I2.Loc.LanguageSourceAsset)	Dialogues/prepperFSmallFishRand2	Just taking it slow and casual.
I2Languages (I2.Loc.LanguageSourceAsset)	Dialogues/prepperFUncommonFishRand1	Aw yiss!
I2Languages (I2.Loc.LanguageSourceAsset)	Dialogues/prepperFUncommonFishRand2	<voice type=thanks>\nWow, catch of the day!
I2Languages (I2.Loc.LanguageSourceAsset)	Dialogues/prepperFRareFishRand1	Swim right to me!
I2Languages (I2.Loc.LanguageSourceAsset)	Dialogues/prepperFRareFishRand2	<voice type=thanks>\nShiny!
I2Languages (I2.Loc.LanguageSourceAsset)	Dialogues/prepperFEpicFishRand1	<voice type=thanks>\nWhat a happy day!
I2Languages (I2.Loc.LanguageSourceAsset)	Dialogues/prepperFEpicFishRand2	Jackpot!
I2Languages (I2.Loc.LanguageSourceAsset)	Dialogues/willFishRewardStarterRand1	How is your fishing going?
I2Languages (I2.Loc.LanguageSourceAsset)	Dialogues/willFishRewardStarterRand2	<voice type=question>\nHey, Prepper. Did you catch the fish that Henry wanted?
I2Languages (I2.Loc.LanguageSourceAsset)	Dialogues/willFishRewardStarterRand3	I see you really like fishing. \nWhat do you got there?
I2Languages (I2.Loc.LanguageSourceAsset)	Dialogues/prepFishRewardShowRand1	I got the fish you asked for.
I2Languages (I2.Loc.LanguageSourceAsset)	Dialogues/prepFishRewardShowRand2	I'm proud of this catch.
I2Languages (I2.Loc.LanguageSourceAsset)	Dialogues/prepFishRewardShowRand3	Check this out!
I2Languages (I2.Loc.LanguageSourceAsset)	Dialogues/prepFishRewardShowRand4	<voice type=question>\nWhat do you know about this fish?
I2Languages (I2.Loc.LanguageSourceAsset)	Dialogues/prepFishRewardShowRand5	<voice type=question>\nWhy did you ask for this fish anyway?
I2Languages (I2.Loc.LanguageSourceAsset)	Dialogues/willWhiteMinnowTalk1	A white minnow. Not the greatest of catches, but it's a good fish for beginners if you want to start an aquarium.
I2Languages (I2.Loc.LanguageSourceAsset)	Dialogues/willSilverMinnowTalk1	A silver minnow. They shine like coins in the sun. They make for good baits for bigger fish.
I2Languages (I2.Loc.LanguageSourceAsset)	Dialogues/willEmeraldMinnowTalk1	An emerald minnow! Either an effective live bait or a pretty aquarium fish.
I2Languages (I2.Loc.LanguageSourceAsset)	Dialogues/willGoldMinnowTalk1	A golden minnow! A nice, rare catch.
I2Languages (I2.Loc.LanguageSourceAsset)	Dialogues/willBlackBassTalk1	A black bass! A classic of American angling. Common, but can put up a good fight.
I2Languages (I2.Loc.LanguageSourceAsset)	Dialogues/willWhitePerchTalk1	A white perch. A decent catch. Tasty if cooked properly.
I2Languages (I2.Loc.LanguageSourceAsset)	Dialogues/willYellowPerchTalk1	A yellow perch! Vivid color and stripes. Very pretty, very tasty.
I2Languages (I2.Loc.LanguageSourceAsset)	Dialogues/willStripedBassTalk1	A striped bass! These are tough ones, fitted for long migration. A good catch.
I2Languages (I2.Loc.LanguageSourceAsset)	Dialogues/willPinkSalmonTalk1	You've caught a pink salmon. A popular fish, even if not my favorite.
I2Languages (I2.Loc.LanguageSourceAsset)	Dialogues/willRedSalmonTalk1	Ah, here's a red salmon. They just go headfirst into life and death and love sporting intense red.
I2Languages (I2.Loc.LanguageSourceAsset)	Dialogues/willRainbowTroutTalk1	It's a rainbow trout you have here. They're very energetic and require good skill to catch.
I2Languages (I2.Loc.LanguageSourceAsset)	Dialogues/willGoldTroutTalk1	A golden trout! Rare and beautiful fish. A great catch.
I2Languages (I2.Loc.LanguageSourceAsset)	Dialogues/willBlackCatfishTalk1	A black catfish. They're rather small and taste well only if they lived in clean water. 
I2Languages (I2.Loc.LanguageSourceAsset)	Dialogues/willBlueCatfishTalk1	Apparently a blue catfish. They're tough and long-living. But well, you outsmarted this one.
I2Languages (I2.Loc.LanguageSourceAsset)	Dialogues/willWhiteCatfishTalk1	A white catfish. Funny, I didn't know you can catch them in this area.
I2Languages (I2.Loc.LanguageSourceAsset)	Dialogues/willTigerfishTalk1	The stripes, the shape - it must be a tigerfish! They fight relentlessly.
I2Languages (I2.Loc.LanguageSourceAsset)	Dialogues/prepNoticeCrashedUFOInLake1	Oh, here it is. Thus passes the glory of the outer world.
I2Languages (I2.Loc.LanguageSourceAsset)	Dialogues/prepInspectCrashedUFOInLake1	A crashed UFO. I'm still not sure if it was the right thing to do, but they really were a hassle.
I2Languages (I2.Loc.LanguageSourceAsset)	Dialogues/prepCrashedUFOInLakeGone1	Oh, the UFO is gone now. Someone must have retrieved the wreckage.
I2Languages (I2.Loc.LanguageSourceAsset)	Dialogues/prepIncorrectFishOnAqua	<voice type=negation>\nOops... You're not gonna fit in here, buddy.
I2Languages (I2.Loc.LanguageSourceAsset)	Dialogues/prepEndFishes	That's all I got.
I2Languages (I2.Loc.LanguageSourceAsset)	Dialogues/willFishingRewardRand1	<voice type=acceptance>\nHere, take those gifts and make use of them!
I2Languages (I2.Loc.LanguageSourceAsset)	Dialogues/willFishingRewardRand2	<voice type=acceptance>\nThose are for you, thank me later.
I2Languages (I2.Loc.LanguageSourceAsset)	Dialogues/willFishingRewardRand3	<voice type=acceptance>\nI've got you some good gifts.
I2Languages (I2.Loc.LanguageSourceAsset)	Dialogues/willFishingRewardEnd1	Henry is satisfied for now. Come back later.
I2Languages (I2.Loc.LanguageSourceAsset)	Dialogues/prepFishingRewardEnd2	<voice type=thanks>\nThank you. I will.
I2Languages (I2.Loc.LanguageSourceAsset)	Dialogues/prepNeedFishingBait	<voice type=negation>\nI need a fishing bait.
I2Languages (I2.Loc.LanguageSourceAsset)	Dialogues/prepUFOShipHole	<voice type=negation>\nThere is a hole in the floor.
I2Languages (I2.Loc.LanguageSourceAsset)	Dialogues/prepUFOShipNeedClothes	This should work... \nI think.\nBut I should grab my clothes before I leave.
I2Languages (I2.Loc.LanguageSourceAsset)	Dialogues/prepPostGameUFO	<voice type=order>\nNow I am become Death, the destroyer of worlds.\nWell, outworldly vehicles at least.\n<voice type=negation>\nNo chance that saucer will fly again.
I2Languages (I2.Loc.LanguageSourceAsset)	Dialogues/prepPostGameUFOGone1	<voice type=question>\nSomething is missing...
I2Languages (I2.Loc.LanguageSourceAsset)	Dialogues/prepPostGameUFOGone2	<voice type=surprise>\nUFO! It's gone!
I2Languages (I2.Loc.LanguageSourceAsset)	Dialogues/prepPostGameUFOGone3	<voice type=question>\nDid it lift up somehow? \n<voice type=question>\nOr did someone take it?
I2Languages (I2.Loc.LanguageSourceAsset)	Dialogues/prepBeesTut	Bees need flowers to produce honey.\nI should plant some flowers in this room.
I2Languages (I2.Loc.LanguageSourceAsset)	Dialogues/prepBeesTutGrowing	Flowers are growing.\nNeed to wait a bit to get some honey.
I2Languages (I2.Loc.LanguageSourceAsset)	Dialogues/henIdle	Cluck!
I2Languages (I2.Loc.LanguageSourceAsset)	Dialogues/henReaction	Cluck!
I2Languages (I2.Loc.LanguageSourceAsset)	Dialogues/msagentMsAgentSecond1	<voice type=order>\nMr. Prepper.
I2Languages (I2.Loc.LanguageSourceAsset)	Dialogues/prepMsAgentSecond2	<voice type=question>\nOh, I... didn't see you there.. Ms...
I2Languages (I2.Loc.LanguageSourceAsset)	Dialogues/msagentMsAgentSecond3	<voice type=question>\nSo how are things going on the farm?
I2Languages (I2.Loc.LanguageSourceAsset)	Dialogues/prepMsAgentSecond4	<voice type=acceptance>\nFarm, right.\nIt's... getting better. The animals stopped acting up.\nI fixed a few things here and there.
I2Languages (I2.Loc.LanguageSourceAsset)	Dialogues/msagentMsAgentSecond5	<voice type=question>\nSo nothing bad had happened?
I2Languages (I2.Loc.LanguageSourceAsset)	Dialogues/prepMsAgentSecond6	Some animals went missing.\nIt happened last night, I think.\nI suspect it's because of some wild animals. I will take care of that.
I2Languages (I2.Loc.LanguageSourceAsset)	Dialogues/msagentMsAgentSecond7	<voice type=order>\nGood. I will keep checking the developments. Bless the president!
I2Languages (I2.Loc.LanguageSourceAsset)	Dialogues/prepMsAgentSecond8	<voice type=disappointment>\nWow, I should be more careful.\nShe really keeps an eye on this farm. Perhaps agriculture is not the only thing the Agency observes here...
I2Languages (I2.Loc.LanguageSourceAsset)	Dialogues/prepMsAgentThird1	<voice type=order>\nThe Agent is coming!
I2Languages (I2.Loc.LanguageSourceAsset)	Dialogues/willMsAgentThird2	<voice type=surprise>\n!?
I2Languages (I2.Loc.LanguageSourceAsset)	Dialogues/willMsAgentThird3	<voice type=order>\nXeno, hide! Quickly!
I2Languages (I2.Loc.LanguageSourceAsset)	Dialogues/prepMsAgentThird4	<voice type=question>\nWait, why does he have to hide?
I2Languages (I2.Loc.LanguageSourceAsset)	Dialogues/willMsAgentThird5	<voice type=anger>\nNot now!
I2Languages (I2.Loc.LanguageSourceAsset)	Dialogues/msagentMsAgentThird6	<voice type=order>\nCitizens.
I2Languages (I2.Loc.LanguageSourceAsset)	Dialogues/willMsAgentThird7	<voice type=greeting>\nOh, hello, Ms. Agent! What a lovely day we have here!\n<voice type=acceptance>\nEverything on the farm is going great. \nAnd Mr. Prepper's assistance has been very useful...
I2Languages (I2.Loc.LanguageSourceAsset)	Dialogues/msagentMsAgentThird8	<voice type=order>\nCitizen. The dog. Don't think I didn't see him.
I2Languages (I2.Loc.LanguageSourceAsset)	Dialogues/msagentMsAgentThird9	<voice type=order>\nThis issue must be dealt with.
I2Languages (I2.Loc.LanguageSourceAsset)	Dialogues/willMsAgentThird10	<voice type=anger>\nNo, you can't! You cruel, self-righteous...
I2Languages (I2.Loc.LanguageSourceAsset)	Dialogues/prepMsAgentThird11	<voice type=order>\nWill!
I2Languages (I2.Loc.LanguageSourceAsset)	Dialogues/willMsAgentThird12	<voice type=upset>\nI'm sorry, Ms. Agent.
I2Languages (I2.Loc.LanguageSourceAsset)	Dialogues/msagentMsAgentThird13	<voice type=question>\nAnimals are missing once more, correct?
I2Languages (I2.Loc.LanguageSourceAsset)	Dialogues/prepMsAgentThird14	<voice type=disappointment>\nUhm... yes.
I2Languages (I2.Loc.LanguageSourceAsset)	Dialogues/msagentMsAgentThird15	I wasn't really expecting anything else.\n<voice type=disappointment>\n(Why, oh why was I assigned here.)\nAlright, until next time. Bless the president.
I2Languages (I2.Loc.LanguageSourceAsset)	Dialogues/willMsAgentThirdAfter16	<voice type=anger>\nDamn Agency! May they rot in hell! 
I2Languages (I2.Loc.LanguageSourceAsset)	Dialogues/prepMsAgentThird17	I'm sorry, Will. But explain something to me.\n<voice type=question>\nIs Xeno some outlaw? Pirate on a run?\n<voice type=question>\nDid he bite an Agent or something?
I2Languages (I2.Loc.LanguageSourceAsset)	Dialogues/willMsAgentThirdAfter18	<voice type=disappointment>\nYou know the Agency is weird with dogs in general. They were taking dogs away from people under some feeble pretexts.\n<voice type=upset>\nAnd Ms. Agent... When she first saw Xeno, she told me she wants to confiscate him on behalf of the Agency.\n<voice type=upset>\nBut he felt that and ran away from her. Still avoids her whenever he can. And she regularly threatens to hunt him down. 
I2Languages (I2.Loc.LanguageSourceAsset)	Dialogues/prepMsAgentThird19	I see.\nBut Xeno is smart. \nSmartest dog I have ever met.\n<voice type=acceptance>\nThere is no way some Agency's dog catcher will win with him.
I2Languages (I2.Loc.LanguageSourceAsset)	Dialogues/willMsAgentThirdAfter20	<voice type=thanks>\nThank you, Mr. Prepper.\n<voice type=disappointment>\nAnd remember about my missing animals.\n<voice type=disappointment>\nI need to rest and think for a bit.
I2Languages (I2.Loc.LanguageSourceAsset)	Dialogues/prepNeedFishingRod2	<voice type=negation>\nI need a fishing rod.
I2Languages (I2.Loc.LanguageSourceAsset)	Dialogues/weatherRadioSunny	clear skies
I2Languages (I2.Loc.LanguageSourceAsset)	Dialogues/weatherRadioRain	rain
I2Languages (I2.Loc.LanguageSourceAsset)	Dialogues/weatherRadioHeavyRain	heavy rain
I2Languages (I2.Loc.LanguageSourceAsset)	Dialogues/weatherRadioFog	fog
I2Languages (I2.Loc.LanguageSourceAsset)	Dialogues/weatherRadioThunder	thunder
I2Languages (I2.Loc.LanguageSourceAsset)	Dialogues/prepNotEnoughGranades	<voice type=negation>\nI need grenades to play this.
I2Languages (I2.Loc.LanguageSourceAsset)	Dialogues/weatherRadioStartTime	from #0#
I2Languages (I2.Loc.LanguageSourceAsset)	Dialogues/weatherRadioStartMorning	from the morning
I2Languages (I2.Loc.LanguageSourceAsset)	Dialogues/weatherRadioEndTime	until #0#
I2Languages (I2.Loc.LanguageSourceAsset)	Dialogues/weatherRadioEndDay	until the end of the day
I2Languages (I2.Loc.LanguageSourceAsset)	Dialogues/weatherRadioStartSent	We can expect
I2Languages (I2.Loc.LanguageSourceAsset)	Dialogues/prepNotHaveWeapon	I need a range weapon to play this.
I2Languages (I2.Loc.LanguageSourceAsset)	Dialogues/prepNotHaveAmmo	I need more ammunition.
I2Languages (I2.Loc.LanguageSourceAsset)	Dialogues/weatherRadioConnector	and
I2Languages (I2.Loc.LanguageSourceAsset)	Dialogues/prepWillPostGame1	<voice type=greeting>\nHello, Will. I wanted to ask you something.
I2Languages (I2.Loc.LanguageSourceAsset)	Dialogues/willWillPostGame2	<voice type=question>\nHello, Mr. Prepper. Sure, what it is?
I2Languages (I2.Loc.LanguageSourceAsset)	Dialogues/prepWillPostGame3	<voice type=question>\nDo you remember what was the thing Ms. Agent mentioned last night?
I2Languages (I2.Loc.LanguageSourceAsset)	Dialogues/willWillPostGame4	<voice type=question>\nWhat? Ms. Agent was here last night?\n<voice type=question>\nWhy? What did she want?\n<voice type=fear>\nAm I in trouble?
I2Languages (I2.Loc.LanguageSourceAsset)	Dialogues/prepWillPostGame5	<voice type=disappointment>\nOh.\n<voice type=negation>\nNo, sorry, you misheard me.\n<voice type=question>\nI just wanted to ask your opinion: which fish is the king of all waters: the muskie or the largemouth bass?
I2Languages (I2.Loc.LanguageSourceAsset)	Dialogues/willWillPostGame6	Of course, the largemouth bass is the king of all waters like the lion is the king of the jungle.
I2Languages (I2.Loc.LanguageSourceAsset)	Dialogues/henWillPostGame7	Cluck!
I2Languages (I2.Loc.LanguageSourceAsset)	Dialogues/prepWillPostGame8	Thank you, Will.
I2Languages (I2.Loc.LanguageSourceAsset)	Dialogues/prepJoePostGame1	<voice type=disappointment>\nJoe, about the UFO wreckage...
I2Languages (I2.Loc.LanguageSourceAsset)	Dialogues/joeJoePostGame2	<voice type=question>\nUFO wreckage? Which one? The one from Roswell? \n<voice type=question>\nThe one from Shag Harbour? Or maybe this weird case from Aurora, Texas? \n<voice type=laugh>\nMr. Prepper, you keep suprising me!\n<voice type=acceptance>\nI didn't know you were interested in this stuff too!
I2Languages (I2.Loc.LanguageSourceAsset)	Dialogues/prepJoePostGame3	<voice type=disappointment>\nOh my...\nYou know what, I think I left something in the furnace back home.\nI'll be right back.
I2Languages (I2.Loc.LanguageSourceAsset)	Dialogues/prepTemplate	template
I2Languages (I2.Loc.LanguageSourceAsset)	Dialogues/prepToBigBoy	This fish is way too big!
I2Languages (I2.Loc.LanguageSourceAsset)	Dialogues/prepDogeUnderground	<voice type=disappointment>\nHm... \n<voice type=disappointment>\nHe doesn't look too happy in here.\n<voice type=question>\nMaybe I should keep him on the surface, in the house?
I2Languages (I2.Loc.LanguageSourceAsset)	Dialogues/prepDogeOverground	<voice type=acceptance>\nOh hey, this is a nice place for you.\nI will have to make sure to hide you from Agency before each inspection, though. You need to stay quiet and listen to me!
I2Languages (I2.Loc.LanguageSourceAsset)	Dialogues/prepDogGone	<voice type=surprise>\nWait... The dog is gone?! My good boy?\n<voice type=question>\nMaybe it wasn't good enough with me for him?\n<voice type=upset>\nI hope he will come back.
I2Languages (I2.Loc.LanguageSourceAsset)	Dialogues/prepDogExpedition	Aw... I see that the dog has just simply gone to do dog stuff.\nHope he doesn't get into trouble.
I2Languages (I2.Loc.LanguageSourceAsset)	Dialogues/prepAgressiveAnimal	<voice type=negation>\nI can see it's stressed out, better not to touch it now.
I2Languages (I2.Loc.LanguageSourceAsset)	Dialogues/agentDogDenNoticed	<random>\nDo you keep any pets here, Citizen?\nI'd like to remind you that keeping pets is against the regulations, Citizen.\nI hope you are aware, Citizen, that keeping pets is forbidden.\nI noticed a non-standard piece of furniture. I hope it is not intended for a pet.\nCitizen, I see an unusual object. I'd say it's intended for a pet, but you surely know it's forbidden.\nI see a non-standard piece of furniture, but I'll just assume it's a weird ornament, Citizen.\n</random>
I2Languages (I2.Loc.LanguageSourceAsset)	Dialogues/agentDogNoticed	<random>\nCitizen, keeping pets in the house is forbidden and can get you in trouble.\nOh, what do we have here. A dog. You know it's forbidden, Citizen?\nKeeping pets is against the regulations, I need to report this.\nWhat, a dog? This is obviously against the regulations, Citizen.\nMy employers will not be happy, Citizen.\nI see a dog. You must have known it is forbidden to keep a pet, Citizen.\n</random>
I2Languages (I2.Loc.LanguageSourceAsset)	Dialogues/willTamplate	
I2Languages (I2.Loc.LanguageSourceAsset)	Dialogues/willTamplate2	
I2Languages (I2.Loc.LanguageSourceAsset)	Dialogues/willFishingQuestBegin1	<voice type=question>\nHenry, what kind of fish would you like to have next?
I2Languages (I2.Loc.LanguageSourceAsset)	Dialogues/henFishingQuestBegin2	Cluck! Cluck!
I2Languages (I2.Loc.LanguageSourceAsset)	Dialogues/willFishingQuestBegin3	he said.
I2Languages (I2.Loc.LanguageSourceAsset)	Dialogues/willFishingQuestBegin4	<voice type=question>\nMr. Prepper, would you bring us such a fish?
I2Languages (I2.Loc.LanguageSourceAsset)	Dialogues/willFishingQuestBegin5	I will reward you!
I2Languages (I2.Loc.LanguageSourceAsset)	Dialogues/prepFishingQuestBeginRand1	<voice type=acceptance>\nSure.
I2Languages (I2.Loc.LanguageSourceAsset)	Dialogues/prepFishingQuestBeginRand2	<voice type=acceptance>\nAgreed.
I2Languages (I2.Loc.LanguageSourceAsset)	Dialogues/prepFishingQuestBeginRand3	<voice type=acceptance>\nWill do.
I2Languages (I2.Loc.LanguageSourceAsset)	Dialogues/prepAnimalsInvestigateToFarRand1	Let's stay close to the barn.
I2Languages (I2.Loc.LanguageSourceAsset)	Dialogues/prepAnimalsInvestigateToFarRand2	I don't think I will find any clues this far.
I2Languages (I2.Loc.LanguageSourceAsset)	Dialogues/prepAnimalsInvestigateToFarRand3	Maybe I can find more clues closer to the barn.
I2Languages (I2.Loc.LanguageSourceAsset)	Dialogues/prepAnimalsInvestigateHoleRand1	This hole in the barn looks suspicious.
I2Languages (I2.Loc.LanguageSourceAsset)	Dialogues/prepAnimalsInvestigateHoleRand2	What a mess... I should fix this hole later.
I2Languages (I2.Loc.LanguageSourceAsset)	Dialogues/prepAnimalsInvestigateHoleRand3	Something destroyed the wall of the barn...
I2Languages (I2.Loc.LanguageSourceAsset)	Dialogues/prepAnimalsInvestigateFootprintsRand1	I see some paw prints on the ground.
I2Languages (I2.Loc.LanguageSourceAsset)	Dialogues/prepAnimalsInvestigateFootprintsRand2	What are those paw prints on the ground?
I2Languages (I2.Loc.LanguageSourceAsset)	Dialogues/prepAnimalsInvestigateFootprintsRand3	Hm... Seems that an animal has left some traces...
I2Languages (I2.Loc.LanguageSourceAsset)	Dialogues/prepAnimalsInvestigateNothingRand1	I don't see anything interesting in this area.
I2Languages (I2.Loc.LanguageSourceAsset)	Dialogues/prepAnimalsInvestigateNothingRand2	No clues here.
I2Languages (I2.Loc.LanguageSourceAsset)	Dialogues/prepAnimalsInvestigateNothingRand3	I don't see anything suspicious in here, I'll better check somewhere else.
I2Languages (I2.Loc.LanguageSourceAsset)	Dialogues/prepSleeplessChickenHintRand1	The tracker points to this entrance.
I2Languages (I2.Loc.LanguageSourceAsset)	Dialogues/prepSleeplessChickenHintRand2	The entrance is blocked.
I2Languages (I2.Loc.LanguageSourceAsset)	Dialogues/prepSleeplessChickenHintRand3	Blocked. Maybe Bob can help me with that.
I2Languages (I2.Loc.LanguageSourceAsset)	Dialogues/prepSleeplessChickenHintRand4	The tracker points to here, but I can't go through now.
I2Languages (I2.Loc.LanguageSourceAsset)	Dialogues/prepNothingToCollect	Nothing to collect.
I2Languages (I2.Loc.LanguageSourceAsset)	Dialogues/willRankUp1.1	What? What is it, Henry?
I2Languages (I2.Loc.LanguageSourceAsset)	Dialogues/willRankUp1.2	Ah... He says that you are now an <color=yellow>Novice Fisherman</color>!\nCongratulations.
I2Languages (I2.Loc.LanguageSourceAsset)	Dialogues/willRankUp1.3	Mhm.. with each rank quests will be harder and rewards better.
I2Languages (I2.Loc.LanguageSourceAsset)	Dialogues/willRankUp2	You advanced to <color=yellow>Apprentice Fisherman</color>!
I2Languages (I2.Loc.LanguageSourceAsset)	Dialogues/willRankUp3	In Henry's eyes you are now an <color=yellow>Advanced Fisherman</color>!
I2Languages (I2.Loc.LanguageSourceAsset)	Dialogues/willRankUp4	Incredible! You can call yourself now an <color=yellow>Expert Fisherman</color>!
I2Languages (I2.Loc.LanguageSourceAsset)	Dialogues/willRankUp5.1	Mr. Prepper, you have reached the peak.\nAccording to Henry, you are an <color=yellow>Master Fisherman</color>!
I2Languages (I2.Loc.LanguageSourceAsset)	Dialogues/willRankUp5.2	You have learned everything you could from Henry. \nYou are both equals now in fishing mastery, incredible!
I2Languages (I2.Loc.LanguageSourceAsset)	Dialogues/willRank1	You are a <color=yellow>Novice Fisherman</color>.
I2Languages (I2.Loc.LanguageSourceAsset)	Dialogues/willRank2	You are a <color=yellow>Apprentice Fisherman</color>.
I2Languages (I2.Loc.LanguageSourceAsset)	Dialogues/willRank3	You are a <color=yellow>Advanced Fisherman</color>.
I2Languages (I2.Loc.LanguageSourceAsset)	Dialogues/willRank4	You are a <color=yellow>Expert Fisherman</color>.
I2Languages (I2.Loc.LanguageSourceAsset)	Dialogues/willRank5	You are a <color=yellow>Master Fisherman</color>.
I2Languages (I2.Loc.LanguageSourceAsset)	Dialogues/willFishCount1	You have completed... how many quests, Henry?
I2Languages (I2.Loc.LanguageSourceAsset)	Dialogues/willToRankUp	Complete <color=yellow>[count]</color> more fishing quests to rank up.
I2Languages (I2.Loc.LanguageSourceAsset)	Dialogues/willMaxRank	
I2Languages (I2.Loc.LanguageSourceAsset)	Dialogues/prepNotEnoughFishes	All fish are gone from here.
I2Languages (I2.Loc.LanguageSourceAsset)	Dialogues/prepLucky	I feel lucky.
I2Languages (I2.Loc.LanguageSourceAsset)	Dialogues/prepMazeMinigameFinished	I've already done what could be done.
I2Languages (I2.Loc.LanguageSourceAsset)	Dialogues/prepFriendshipLevel0	He still is distrustful.
I2Languages (I2.Loc.LanguageSourceAsset)	Dialogues/prepFriendshipLevel1	He begins to get used to me.
I2Languages (I2.Loc.LanguageSourceAsset)	Dialogues/prepFriendshipLevel2	It seems he likes me after all.
I2Languages (I2.Loc.LanguageSourceAsset)	Dialogues/prepFriendshipLevel3	He trusts me immensely.
I2Languages (I2.Loc.LanguageSourceAsset)	Dialogues/prepTreatIsNotHealthy	I shouldn't give my dog ​​these treats too often.\nOnce a day is enough.
I2Languages (I2.Loc.LanguageSourceAsset)	Dialogues/prepDogeDenAdventureTime	I'd better not disturb his lair.\nHe'll probably be back soon.
I2Languages (I2.Loc.LanguageSourceAsset)	Dialogues/prepCannotTakeUpgrade	Aquarium is not empty.\nI should empty aquarium before I install an upgrade.
I2Languages (I2.Loc.LanguageSourceAsset)	Dialogues/prepNoEnemys	<voice type=question>\nNo enemies?\nLucky me.
I2Languages (I2.Loc.LanguageSourceAsset)	Dialogues/prepDogeUpperFloor	<voice type=disappointment>\nHm... \n<voice type=disappointment>\nIt seems that Xeno wants to be free.\n<voice type=question>\nMaybe I should take him downstairs. He can go out into the yard.
I2Languages (I2.Loc.LanguageSourceAsset)	Dialogues/survNoWay	<voice type=negation>\nI can't get there!
I2Languages (I2.Loc.LanguageSourceAsset)	Dialogues/survBlockedWay	<voice type=negation>\nThe way is blocked!
I2Languages (I2.Loc.LanguageSourceAsset)	Dialogues/survIdleTalkingRand1	Hello There
I2Languages (I2.Loc.LanguageSourceAsset)	Dialogues/survIdleTalkingRand2	General Kenobi
I2Languages (I2.Loc.LanguageSourceAsset)	Dialogues/prepFinalePostApo	<voice type=negation>\nDamn...\n<voice type=question>\nMaybe running away is not the solution...\nSo many poor people suffer...\n<voice type=acceptance>\nNo more escapes, it's time to take matters into my own hands!\n<voice type=acceptance>\nI'm started this nightmare and i will end this!
I2Languages (I2.Loc.LanguageSourceAsset)	Dialogues/bobPostApoLaunch0	Prepper?\nCo ty tutaj robisz?
I2Languages (I2.Loc.LanguageSourceAsset)	Dialogues/bobPostApoLaunch0.5	W dodatku agent też jest tutaj?\nNie rozumiem.
I2Languages (I2.Loc.LanguageSourceAsset)	Dialogues/bobPostApoLaunch1	Ale jak to?\nCo zrobiłeś?\nGdzie poleciała rakieta?
I2Languages (I2.Loc.LanguageSourceAsset)	Dialogues/bobPostApoLaunch2	O rany...
I2Languages (I2.Loc.LanguageSourceAsset)	Dialogues/bobPostApoLaunch3	Co zamierzasz teraz zrobić?
I2Languages (I2.Loc.LanguageSourceAsset)	Dialogues/bobPostApoLaunch4	Oczywiście!\nTo będzie dla nas zaszcz....
I2Languages (I2.Loc.LanguageSourceAsset)	Dialogues/bobPostApoLaunch5	...
I2Languages (I2.Loc.LanguageSourceAsset)	Dialogues/joePostApoLaunch0	Chłopie, przecież miałeś uciekać!
I2Languages (I2.Loc.LanguageSourceAsset)	Dialogues/joePostApoLaunch1	A to ci checa...
I2Languages (I2.Loc.LanguageSourceAsset)	Dialogues/joePostApoLaunch2	...
I2Languages (I2.Loc.LanguageSourceAsset)	Dialogues/jennyPostApoLaunch0	Co się dzieje kwiatuszku?
I2Languages (I2.Loc.LanguageSourceAsset)	Dialogues/jennyPostApoLaunch1	O marmolatko...
I2Languages (I2.Loc.LanguageSourceAsset)	Dialogues/jennyPostApoLaunch2	Dobry Boże...
I2Languages (I2.Loc.LanguageSourceAsset)	Dialogues/willPostApoLaunch0	Kurza twarz\nAle niespodzianka
I2Languages (I2.Loc.LanguageSourceAsset)	Dialogues/willPostApoLaunch1	Święta krowa!
I2Languages (I2.Loc.LanguageSourceAsset)	Dialogues/willPostApoLaunch2	...
I2Languages (I2.Loc.LanguageSourceAsset)	Dialogues/agentPostApoLaunch0	Co tutaj się dzieje?\nPrepper?\nCzemu nie uciekłeś?
I2Languages (I2.Loc.LanguageSourceAsset)	Dialogues/agentPostApoLaunch1	Spokojnie\nNie przysporzę wam żadnych kłopotów.
I2Languages (I2.Loc.LanguageSourceAsset)	Dialogues/agentPostApoLaunch2	Nie mów mi że zrobiłeś to o czym myślę...
I2Languages (I2.Loc.LanguageSourceAsset)	Dialogues/agentPostApoLaunch3	O kurde...\nW zarządzie pospadają z krzeseł...
I2Languages (I2.Loc.LanguageSourceAsset)	Dialogues/agentPostApoLaunch4	Oczywiście...\nTylko że jestet jeden szkopuł...
I2Languages (I2.Loc.LanguageSourceAsset)	Dialogues/agentPostApoLaunch5	A no właśnie...\nTaki szkopół...\nNajgorsze jest to że to dopiero jedna z wielu bomb...
I2Languages (I2.Loc.LanguageSourceAsset)	Dialogues/agentPostApoLaunch6	...
I2Languages (I2.Loc.LanguageSourceAsset)	Dialogues/prepPostApoLaunch0	Wiesz co Bob?\nPostanowiłem przestać uciekać i stawić czoła koszmarowi który zapoczątkowałęm.
I2Languages (I2.Loc.LanguageSourceAsset)	Dialogues/prepPostApoLaunch0.5	"Wiecie co?\nPostanowiłem przestać uciekać i stawić czoła koszmarowi który zapoczątkowałęm."\t\t\t
I2Languages (I2.Loc.LanguageSourceAsset)	Dialogues/prepPostApoLaunch1	Moja praca nad satelitą przysporzyła wielu osobom wielką krzywdę\nUciekanie od tej odpowiedzialnośni byłoby niesamowitym tchórzostwem\nDlatego postanowiłem zniszczyć satelitę i uwolnić tych wszystkich ludzi których zniewoliła
I2Languages (I2.Loc.LanguageSourceAsset)	Dialogues/prepPostApoLaunch2	Jeżeli mi pozwolisz Bob, chciałbym dołączyć do ciebie w akcji "Przebudzenie"\nŻeby naprawić krzywdy które wyrządziłem
I2Languages (I2.Loc.LanguageSourceAsset)	Dialogues/prepPostApoLaunch2.5	Jeżeli mi pozwolicie, chciałbym dołączyć do was w akcji "Przebudzenie"\nŻeby naprawić krzywdy które wyrządziłem
I2Languages (I2.Loc.LanguageSourceAsset)	Dialogues/prepPostApoLaunch2.75	Wraz z agentem chcielibyśmy dołączyć do akcji "Przebudzenie"\nŻeby naprawić krzywdy które wyrządziliśmy\nPrawda Minutmenie?
I2Languages (I2.Loc.LanguageSourceAsset)	Dialogues/prepPostApoLaunch3	Jasna cholera...\nCo to ma być!
I2Languages (I2.Loc.LanguageSourceAsset)	Dialogues/prepPostApoLaunch4	Dobra słuchaj Bob\nNie ma czasu na oglądanie fajerwerków\nBiegnij Szybko do mojego bunkra\nNiewiadomo co zaraz się wydaży\nJa jeszcze postaram się pozbierać najpotrzebniejsze rzeczy!
I2Languages (I2.Loc.LanguageSourceAsset)	Dialogues/prepPostApoLaunch4.5	Dobra słuchajcie wszyscy\nNie ma czasu na oglądanie fajerwerków\nBiegnijcie Szybko do mojego bunkra\nNiewiadomo co zaraz się wydaży\nJa jeszcze postaram się pozbierać najpotrzebniejsze rzeczy!
I2Languages (I2.Loc.LanguageSourceAsset)	Dialogues/prepPostApoLaunch4.75	Jedna z wielu?!\nKiedy zamierzałeś nam o tym powiedzieć?!
I2Languages (I2.Loc.LanguageSourceAsset)	Dialogues/prepPostApoLaunch5	Dobra teraz nie jest to ważne Biegnijcie szybko do mojego bunkra Ja jeszcze postaram się pozbierać najpotrzebniejsze rzeczy!
I2Languages (I2.Loc.LanguageSourceAsset)	Dialogues/prepPostApoLaunch6	Nie na darmo nazywam się Mr. Prepper!
I2Languages (I2.Loc.LanguageSourceAsset)	Dialogues/prepPostApoLaunch7	Dobra mam nadzieję że zabrałem wszystko co może nam się przydać\nPora uciekać
I2Languages (I2.Loc.LanguageSourceAsset)	Dialogues/prepDrinkCoffee	This will definitely get me back on my feet.
I2Languages (I2.Loc.LanguageSourceAsset)	Dialogues/willFishingReward1	Incredible!\nYou caught every kind of fish that lives in this area.\nSuch a feat demands a special reward.\nLet's see... hmm...
I2Languages (I2.Loc.LanguageSourceAsset)	Dialogues/prepFishingReward2	It's fine, Will. I got enough rewards from you already.
I2Languages (I2.Loc.LanguageSourceAsset)	Dialogues/willFishingReward3	<voice type=negation>\nNo! You need to be rewarded. \nHere you go.
I2Languages (I2.Loc.LanguageSourceAsset)	Dialogues/willFishingReward4	It's my old fishing hat.
I2Languages (I2.Loc.LanguageSourceAsset)	Dialogues/prepFishingReward5	Ah... Thanks... It looks very...\n<voice type=question>\nUseful?
I2Languages (I2.Loc.LanguageSourceAsset)	Dialogues/willFishingReward6	It sure is! With this hat catching more fish will be a breeze.
I2Languages (I2.Loc.LanguageSourceAsset)	Dialogues/prepFishingReward7	I will give it a try.
I2Languages (I2.Loc.LanguageSourceAsset)	Dialogues/prepCoffeeMachineCoffeeBeans	I need coffee beans for that.
I2Languages (I2.Loc.LanguageSourceAsset)	Dialogues/prepReciveJoeUraniumLetter	<voice type=question>\nInteresting.\n<voice type=acceptance>\nI'd be very happy to take a look at this item, it might lead somewhere.
I2Languages (I2.Loc.LanguageSourceAsset)	Dialogues/prepGlowingGlass1	<voice type=greeting>\nHi, Joe. I received your letter. I'd love to take a look at this thing you found.
I2Languages (I2.Loc.LanguageSourceAsset)	Dialogues/joeGlowingGlass2	<voice type=laugh>\nRight! It's amazing! As I said, I was just walking around the yard with a UV lamp...
I2Languages (I2.Loc.LanguageSourceAsset)	Dialogues/prepGlowingGlass3	<voice type=acceptance>\nAs one does.
I2Languages (I2.Loc.LanguageSourceAsset)	Dialogues/joeGlowingGlass4	But of course! You should also try looking at your place in a different light sometimes.
I2Languages (I2.Loc.LanguageSourceAsset)	Dialogues/prepGlowingGlass5	<voice type=question>\nSure. So this piece glowed up?
I2Languages (I2.Loc.LanguageSourceAsset)	Dialogues/joeGlowingGlass6	<voice type=surprise>\nLike a neon light! \nI think it's uranium glass, they used to make those before they started using the material for... these other things.\nBut that's not everything. Take a look at this stamp at the bottom of the glass.
I2Languages (I2.Loc.LanguageSourceAsset)	Dialogues/prepGlowingGlass7	<voice type=question>\n"Murricaville Uranium Co." Oh wow, do you think it was made here?
I2Languages (I2.Loc.LanguageSourceAsset)	Dialogues/joeGlowingGlass8	<voice type=negation>\nNo idea. \n<voice type=question>\nBut Bob knows a lot of stuff about local history, right? Maybe you should ask him?
I2Languages (I2.Loc.LanguageSourceAsset)	Dialogues/prepGlowingGlass9	<voice type=thanks>\nThat's a good tip, thanks.
I2Languages (I2.Loc.LanguageSourceAsset)	Dialogues/joeGlowingGlass10	<voice type=order>\nAnd you should consider checking more stuff with your Geiger counter. Maybe you'll find some more!
I2Languages (I2.Loc.LanguageSourceAsset)	Dialogues/prepGlowingGlass11	<voice type=disappointment>\nUhm... Right... I think I lost the previous one. Do you maybe have another?
I2Languages (I2.Loc.LanguageSourceAsset)	Dialogues/joeGlowingGlass12	<voice type=laugh>\nHaha, Prepper, do you think I run a storage of old nuclear equipment?\n...I have another one, yes. You can take it. Good hunting!
I2Languages (I2.Loc.LanguageSourceAsset)	Dialogues/prepGlowingGlass13	<voice type=thanks>\nThanks, Joe, I can always count on you.
I2Languages (I2.Loc.LanguageSourceAsset)	Dialogues/prepUraniumMine1	<voice type=greeting>\nHey Bob, I need your expertise on local history, and perhaps your amazing book-searching skills.
I2Languages (I2.Loc.LanguageSourceAsset)	Dialogues/bobUraniumMine2	<voice type=thanks>\nOh, my favorite! Give me what you have.
I2Languages (I2.Loc.LanguageSourceAsset)	Dialogues/prepUraniumMine3	Take a look at the stamp on this glass piece.
I2Languages (I2.Loc.LanguageSourceAsset)	Dialogues/bobUraniumMine4	<voice type=negation>\n"Murricaville Uranium Co." Never heard of that! Where do you have it from?
I2Languages (I2.Loc.LanguageSourceAsset)	Dialogues/prepUraniumMine5	Joe found it in his junkyard. Looks genuine to me.
I2Languages (I2.Loc.LanguageSourceAsset)	Dialogues/bobUraniumMine6	I'll dive into the books and see what I can find. Ask me again about this later.
I2Languages (I2.Loc.LanguageSourceAsset)	Dialogues/prepUraniumMineAfterResearch1	<voice type=greeting>\nHi Bob! Found anything on the uranium thing?
I2Languages (I2.Loc.LanguageSourceAsset)	Dialogues/bobUraniumMineAfterResearch2	<voice type=acceptance>\nHa, you bet I did. And this quickly got surprising.
I2Languages (I2.Loc.LanguageSourceAsset)	Dialogues/prepUraniumMineAfterResearch3	Don't keep me waiting.
I2Languages (I2.Loc.LanguageSourceAsset)	Dialogues/bobUraniumMineAfterResearch4	There was indeed a Murricaville Uranium Co. here, founded some time before World War II, in the 1920s most probably.\nThey were manufacturing various products with uranium.
I2Languages (I2.Loc.LanguageSourceAsset)	Dialogues/prepUraniumMineAfterResearch5	<voice type=surprise>\nProducts with uranium...?!
I2Languages (I2.Loc.LanguageSourceAsset)	Dialogues/bobUraniumMineAfterResearch6	<voice type=acceptance>\nHa, yes. It was used to strengthen some kinds of steel. But also to color glass with pretty shades of green and yellow. And glowing in the UV light, too.\nThere were also some health products containing uranium and radium, did you know that?
I2Languages (I2.Loc.LanguageSourceAsset)	Dialogues/prepUraniumMineAfterResearch7	<voice type=surprise>\nHealth products?! So people didn't know radiation is dangerous?
I2Languages (I2.Loc.LanguageSourceAsset)	Dialogues/bobUraniumMineAfterResearch8	<voice type=acceptance>\nIt was not a common knowledge back then. I wouldn't recommend using a radium cream for your grooming routine, but uranium glass should be mostly harmless.\nEven mining uranium wasn't considered particularly dangerous back then, and nobody was interested in comparing cancer rates.
I2Languages (I2.Loc.LanguageSourceAsset)	Dialogues/prepUraniumMineAfterResearch9	<voice type=question>\nRight... And were there also mining operations in Murricaville?
I2Languages (I2.Loc.LanguageSourceAsset)	Dialogues/bobUraniumMineAfterResearch10	That's the fascinating part. There were, and the only logical option for this is... this mine.\nBut I don't really know where the uranium ore might be, perhaps you need to look for it.\nDuring Project Manhattan, when the military realized there are... those other uses for uranium than cool-looking glass, they seized the mine and unused uranium.\nBut the excavation here wasn't efficient enough, and the Oppenheimer guys used another mine eventually.
I2Languages (I2.Loc.LanguageSourceAsset)	Dialogues/prepUraniumMineAfterResearch11	<voice type=question>\nSo what happened to this one?
I2Languages (I2.Loc.LanguageSourceAsset)	Dialogues/bobUraniumMineAfterResearch12	Uranium excavation was discontinued. After inventing the atomic bomb, the government restricted civilian uses of uranium.\nBut you're a master explorer, maybe you'll still be able to find the parts of the mine that were used for it?
I2Languages (I2.Loc.LanguageSourceAsset)	Dialogues/prepUraniumMineAfterResearch13	<voice type=thanks>\nThanks for all the information. I'll try.
I2Languages (I2.Loc.LanguageSourceAsset)	Dialogues/prepSearchingForRadiatedPass1	Hmm, the instrument shows me there is some radiation in this spot.
I2Languages (I2.Loc.LanguageSourceAsset)	Dialogues/prepSearchingForRadiatedPass2	<voice type=question>\nOh! What's this?
I2Languages (I2.Loc.LanguageSourceAsset)	Dialogues/prepInspectDestroyedHazmat1	Protective clothing... I think it's some kind of an old hazmat suit. Way too damaged to use though.\nI will search the pockets.
I2Languages (I2.Loc.LanguageSourceAsset)	Dialogues/prepInspectDestroyedHazmat2	<voice type=thanks>\nAnother elevator pass! That must be the way to another level of the mine!
I2Languages (I2.Loc.LanguageSourceAsset)	Dialogues/prepRadiatedMushroomGrab1	<voice type=question>\nThis looks odd, even for mushroom standards.\n<voice type=order>\nThe counter shows it's radiated. I shouldn't keep it close to me for too long.
I2Languages (I2.Loc.LanguageSourceAsset)	Dialogues/prepRadiatedMushroomGrab2	I don't know if there's any meaningful use of those. But I'll show them to Jenny, maybe she'll find it interesting. 
I2Languages (I2.Loc.LanguageSourceAsset)	Dialogues/prepRadiatedMushroomTalk1	<voice type=greeting>\nHello, Jenny. I have some... curiosity for you to take a look at.
I2Languages (I2.Loc.LanguageSourceAsset)	Dialogues/herbRadiatedMushroomTalk2	<voice type=greeting>\nOh, it's so nice of you to think about the old lady! Show me.
I2Languages (I2.Loc.LanguageSourceAsset)	Dialogues/prepRadiatedMushroomTalk3	So I found this mushroom. I think it's mutated. Even more than that: currently radioactive.
I2Languages (I2.Loc.LanguageSourceAsset)	Dialogues/herbRadiatedMushroomTalk4	<voice type=question>\nOh Buttercup, it's never just cute flowers with you, right? But it does sound interesting, let me take a look.\n<voice type=acceptance>\nYou're right, these are surely mutated. I've seen such specimen once, a friend living close to Three Mile Island sent it to me.\nI have an idea for a small experiment with this one. Please visit me later and maybe you'll get a small treat.
I2Languages (I2.Loc.LanguageSourceAsset)	Dialogues/prepRadiatedMushroomTalk5	<voice type=acceptance>\nMysterious as always! I'll make sure to come back.
I2Languages (I2.Loc.LanguageSourceAsset)	Dialogues/prepAntiRadiation1	<voice type=greeting>\nHello, Jenny! Have you managed to do something interesting with the mutated, radioactive mushroom?
I2Languages (I2.Loc.LanguageSourceAsset)	Dialogues/herbAntiRadiation2	This might surprise you. I used it to make an extract that cleanses some of the radiation from your body.\nHere, take a sample.
I2Languages (I2.Loc.LanguageSourceAsset)	Dialogues/prepAntiRadiation3	<voice type=thanks>\nIncredible! How does that work?
I2Languages (I2.Loc.LanguageSourceAsset)	Dialogues/herbAntiRadiation4	<voice type=laugh>\nI can't tell you. But weird old ladies are also fit for the atomic age, Buttercup. \nAnyway, here's the recipe, if you need to make more.
I2Languages (I2.Loc.LanguageSourceAsset)	Dialogues/prepAntiRadiation5	<voice type=thanks>\nThank you. I'm sure it's going to be useful.
I2Languages (I2.Loc.LanguageSourceAsset)	Dialogues/prepOldGasMask1	This seems to be an old gas mask. \n<voice type=question>\nWere they trying to protect themselves with this?\nIt's a very incomplete radiation protection... But there's a good idea in it.\nIt would at least protect from inhaling radioactive particles.
I2Languages (I2.Loc.LanguageSourceAsset)	Dialogues/prepOldGasMask2	I think I could make my own mask, better than this one.
I2Languages (I2.Loc.LanguageSourceAsset)	Dialogues/prepUraniumMiningMachine1	<voice type=question>\nOh, and what's that? An excavator?\nIt sure would be great not to mine uranium by hand like its's 1930. Let's see if it's in working condition.
I2Languages (I2.Loc.LanguageSourceAsset)	Dialogues/prepUraniumMiningMachine2	<voice type=thanks>\nWow, it seems to be working!\nNow I will be able to get uranium ore fast. The nuclear future looks bright.
I2Languages (I2.Loc.LanguageSourceAsset)	Dialogues/prepUraniumMiningMachine3	Now I need to come up with a way of really using this resource.\n<voice type=question>\nMaybe I should ask Bob about a book on nuclear energy and engineering.
I2Languages (I2.Loc.LanguageSourceAsset)	Dialogues/prepNuclearEngineering1	<voice type=greeting>\nHi, Bob. Last time I asked you about history, and today I'm looking for something more practical.\n<voice type=question>\nDo you have anything on nuclear engineering? Ways of producing nuclear energy?
I2Languages (I2.Loc.LanguageSourceAsset)	Dialogues/bobNuclearEngineering2	<voice type=acceptance>\nI see your ambitions are increasing. Yes, I think I have something just for you.
I2Languages (I2.Loc.LanguageSourceAsset)	Dialogues/bobNuclearEngineering3	Here you go. This book covers small-scale devices as well. Just, listen, Prepper, I'll say it once again.
I2Languages (I2.Loc.LanguageSourceAsset)	Dialogues/prepNuclearEngineering4	<voice type=question>\nYes?
I2Languages (I2.Loc.LanguageSourceAsset)	Dialogues/bobNuclearEngineering5	<voice type=disappointment>\nPlease don't blow us all up.
I2Languages (I2.Loc.LanguageSourceAsset)	Dialogues/prepNeedNuclearRod	<voice type=negation>\nI need a nuclear rod for it.
I2Languages (I2.Loc.LanguageSourceAsset)	Dialogues/prepUraniumMineSign	<voice type=question>\nA radiation symbol.\n<voice type=order>\nI should be careful here. And also about the objects taken from here.
I2Languages (I2.Loc.LanguageSourceAsset)	Dialogues/prepElevatorShaftBlocked1	<voice type=negation>\nDoesn't work. 
I2Languages (I2.Loc.LanguageSourceAsset)	Dialogues/prepElevatorShaftBlocked2	Elevator shaft seems to be collapsed.\nLooks like it's the end of the mine and there's nothing more below.
I2Languages (I2.Loc.LanguageSourceAsset)	Dialogues/scientistGiveQuestStage1	TEMP TEXT GIVE QUEST 1
I2Languages (I2.Loc.LanguageSourceAsset)	Dialogues/scientistGiveQuestStage2	TEMP TEXT GIVE QUEST 2
I2Languages (I2.Loc.LanguageSourceAsset)	Dialogues/scientistGiveQuestStage3	TEMP TEXT GIVE QUEST 3
I2Languages (I2.Loc.LanguageSourceAsset)	Dialogues/scientistGiveQuestStage4	TEMP TEXT GIVE QUEST 4
I2Languages (I2.Loc.LanguageSourceAsset)	Dialogues/scientistNoItem1	TEMP TEXT NO ITEMS 1
I2Languages (I2.Loc.LanguageSourceAsset)	Dialogues/scientistNoItem2	TEMP TEXT NO ITEMS 2
I2Languages (I2.Loc.LanguageSourceAsset)	Dialogues/scientistNoItem3	TEMP TEXT NO ITEMS 3
I2Languages (I2.Loc.LanguageSourceAsset)	Dialogues/scientistNoItem4	TEMP TEXT NO ITEMS 4
I2Languages (I2.Loc.LanguageSourceAsset)	Dialogues/scientistCompleteQuestStage1	TEMP TEXT COMPLETE QUEST 1
I2Languages (I2.Loc.LanguageSourceAsset)	Dialogues/scientistCompleteQuestStage2	TEMP TEXT COMPLETE QUEST 2
I2Languages (I2.Loc.LanguageSourceAsset)	Dialogues/scientistCompleteQuestStage3	TEMP TEXT COMPLETE QUEST 3
I2Languages (I2.Loc.LanguageSourceAsset)	Dialogues/scientistCompleteQuestStage4	TEMP TEXT COMPLETE QUEST 4
I2Languages (I2.Loc.LanguageSourceAsset)	Dialogues/scientistRandomTalk1	TEMP TEXT RANDOM TALK 1
I2Languages (I2.Loc.LanguageSourceAsset)	Dialogues/scientistRandomTalk2	TEMP TEXT RANDOM TALK 2
I2Languages (I2.Loc.LanguageSourceAsset)	Dialogues/scientistRandomTalk3	TEMP TEXT RANDOM TALK 3
I2Languages (I2.Loc.LanguageSourceAsset)	Dialogues/scientistRandomTalk4	TEMP TEXT RANDOM TALK 4
I2Languages (I2.Loc.LanguageSourceAsset)	Dialogues/scientistRandomTalk5	TEMP TEXT RANDOM TALK 5
I2Languages (I2.Loc.LanguageSourceAsset)	Dialogues/prepGasMask1	<voice type=question>\nExcuse me, can I ask why are you wearing this gas mask?\nNo one else seems to be doing it here.
I2Languages (I2.Loc.LanguageSourceAsset)	Dialogues/sleep1GasMask2	<voice type=disappointment>\n...
I2Languages (I2.Loc.LanguageSourceAsset)	Dialogues/prepGasMask3	It's a very old design.\nI doubt it still works.\n<voice type=question>\nWhat exactly are you protecting yourself from?
I2Languages (I2.Loc.LanguageSourceAsset)	Dialogues/sleep1GasMask4	Uhm... It's harder to breathe in it... \nSo it helps me to stay awake.\nDifferent people have different methods, you know.
I2Languages (I2.Loc.LanguageSourceAsset)	Dialogues/prepGasMask5	<voice type=acceptance>\nOkay, I see.\n<voice type=question>\nAre you maybe willing to sell it?
I2Languages (I2.Loc.LanguageSourceAsset)	Dialogues/sleep1GasMask6	<voice type=disappointment>\n...
I2Languages (I2.Loc.LanguageSourceAsset)	Dialogues/prepGasMask7	<voice type=question>\nWhat about trading it for something else?
I2Languages (I2.Loc.LanguageSourceAsset)	Dialogues/sleep1GasMask8	Well... Come to think of it, it's not comforable to wear it all the time. \nIf you have something that would keep me awake better than this... Then maybe.
I2Languages (I2.Loc.LanguageSourceAsset)	Dialogues/prepGasMask9	<voice type=acceptance>\nI may have an idea. I'll get back to you.
I2Languages (I2.Loc.LanguageSourceAsset)	Dialogues/prepGasMaskRecive1	Here you are. Just take it from time to time.\nMuch more pleasant than the gas mask.
I2Languages (I2.Loc.LanguageSourceAsset)	Dialogues/sleep1GasMaskRecive2	<voice type=question>\nAnd it will help me to stay awake?
I2Languages (I2.Loc.LanguageSourceAsset)	Dialogues/prepGasMaskRecive3	Yes. It helps me just fine.
I2Languages (I2.Loc.LanguageSourceAsset)	Dialogues/sleep1GasMaskRecive4	<voice type=acceptance>\nDeal.
I2Languages (I2.Loc.LanguageSourceAsset)	Dialogues/lemonTest1	Test
I2Languages (I2.Loc.LanguageSourceAsset)	Dialogues/lemonRandomCall1	Lemonade for sale!
I2Languages (I2.Loc.LanguageSourceAsset)	Dialogues/lemonRandomCall2	Lemonade! Lemonade!
I2Languages (I2.Loc.LanguageSourceAsset)	Dialogues/lemonRandomCall3	Cheapest lemonade in town!
I2Languages (I2.Loc.LanguageSourceAsset)	Dialogues/lemonRandomCall4	Buy lemonade! Support local businesses!
I2Languages (I2.Loc.LanguageSourceAsset)	Dialogues/lemonRandomCall5	Buy lemonade, support your local girl scouts!
I2Languages (I2.Loc.LanguageSourceAsset)	Dialogues/lemonRandomCall6	Bless the President, buy the lemonade!
I2Languages (I2.Loc.LanguageSourceAsset)	Dialogues/lemonRandomCall7	Every good citizen buys lemonade! Buy lemonade!
I2Languages (I2.Loc.LanguageSourceAsset)	Dialogues/lemonRandomCall8	Lemonade!
I2Languages (I2.Loc.LanguageSourceAsset)	Dialogues/lemonRandomCall9	Buy the president, bless the lemonade! Uhh, wait...
I2Languages (I2.Loc.LanguageSourceAsset)	Dialogues/lemonRandomCall10	When life gives you mushrooms, drink lemonade!
I2Languages (I2.Loc.LanguageSourceAsset)	Dialogues/lemonRandomCall11	Lemonade, lemonade! Support the Girl Scouts of Murricaville!
I2Languages (I2.Loc.LanguageSourceAsset)	Dialogues/lemonRandomTalk1	<voice type=question>\nOh, how I miss summer camps with my fellow scouts in the wildernesses of Nevorado! Or was it Texizona? Wait...
I2Languages (I2.Loc.LanguageSourceAsset)	Dialogues/lemonRandomTalk2	<voice type=disappointment>\nThree, four, five... Gosh, not so much today. This won't help my dad much.
I2Languages (I2.Loc.LanguageSourceAsset)	Dialogues/lemonRandomTalk3	<voice type=question>\n"Should auld acquaintance be forgot, and never brought to mind?"
I2Languages (I2.Loc.LanguageSourceAsset)	Dialogues/lemonRandomTalk4	<voice type=question>\nThe people in the town used to be nicer, and the animals in the woods more friendly.\nOr is it just me growing up?
I2Languages (I2.Loc.LanguageSourceAsset)	Dialogues/lemonRandomTalk5	<voice type=question>\nMaybe I should sell different products. Would people want to buy origami atomic mushrooms?
I2Languages (I2.Loc.LanguageSourceAsset)	Dialogues/lemonRandomTalk6	<voice type=thanks>\nI miss campfires at summer camps. Singing, watching fireflies, stars, glowing oval things shooting through the night sky, eating marshmallows.
I2Languages (I2.Loc.LanguageSourceAsset)	Dialogues/lemonRandomTalk7	<voice type=upset>\nWe used to sing a lot of different songs with my troop. Somehow I remember only the ones about the President.
I2Languages (I2.Loc.LanguageSourceAsset)	Dialogues/lemonRandomTalk8	I'd like to have a pet wolf, but I'm afraid my father won't let me.
I2Languages (I2.Loc.LanguageSourceAsset)	Dialogues/lemonRandomTalk9	I hope the money from the stand really helps my dad.
I2Languages (I2.Loc.LanguageSourceAsset)	Dialogues/lemonRandomTalk10	<voice type=disappointment>\nGosh, I'm so bored here.
I2Languages (I2.Loc.LanguageSourceAsset)	Dialogues/lemonRandomTalk11	<voice type=laugh>\nI remember one time we were hiking up a mountain. Chloe from the Bears almost fell from a cliff! It was so much fun!
I2Languages (I2.Loc.LanguageSourceAsset)	Dialogues/lemonRandomTalk12	<voice type=disappointment>\nI wish there were more kids my age in Murricaville.
I2Languages (I2.Loc.LanguageSourceAsset)	Dialogues/lemonRandomTalk13	<voice type=question>\nOn the east there is: the Atlantic Ocean, the Carribean Sea, the Bay of... Bay of... gosh, what was that?
I2Languages (I2.Loc.LanguageSourceAsset)	Dialogues/lemonRandomTalk14	<voice type=laugh>\nI've found such a good place to hide for the hide and seek game! But who will play with me?
I2Languages (I2.Loc.LanguageSourceAsset)	Dialogues/lemonRandomTalk15	<voice type=laugh>\nWhat if we just all started blowing bubbles, and covered the whole street with bubbles? The whole town? 
I2Languages (I2.Loc.LanguageSourceAsset)	Dialogues/lemonFirstInteraction1	Hello, dear customer! I have delicious lemonade! Do you want a free sample?
I2Languages (I2.Loc.LanguageSourceAsset)	Dialogues/prepFirstInteraction2	Oh, an interesting business strategy! Sure, I'll have a sip.
I2Languages (I2.Loc.LanguageSourceAsset)	Dialogues/prepFirstInteraction3	It's very tasty!
I2Languages (I2.Loc.LanguageSourceAsset)	Dialogues/lemonFirstInteraction4	Cool! So you'll become a regular now! What's your name, dear customer?
I2Languages (I2.Loc.LanguageSourceAsset)	Dialogues/prepFirstInteraction5	I'm Mr. Prepper. Nice to meet you. Are you from around here?
I2Languages (I2.Loc.LanguageSourceAsset)	Dialogues/lemonFirstInteraction6	Yes! Proudly representing the Girl Scouts of Murricaville! \nEven if our group is not too active these days. But I hope we'll get back at our feet again!\nMaybe with the funds from the lemonade sale! After I support my struggling dad though.
I2Languages (I2.Loc.LanguageSourceAsset)	Dialogues/prepFirstInteraction7	So I wish you luck with the sale! I might stop by sometimes.
I2Languages (I2.Loc.LanguageSourceAsset)	Dialogues/lemonUnlockExpedition1	<voice type=greeting>\nHello, Mr. Prepper. I have noticed you roam around a lot.\n<voice type=question>\nBusy life? Or... you're looking for something?
I2Languages (I2.Loc.LanguageSourceAsset)	Dialogues/prepUnlockExpedition2	<voice type=order>\nHm... yes, I need to be on the move a lot because of my... because of my work.
I2Languages (I2.Loc.LanguageSourceAsset)	Dialogues/lemonUnlockExpedition3	Well, my lemonade business is going great, but I need to expand.\n<voice type=order>\nMaybe I can help? I know a lot about the area here!
I2Languages (I2.Loc.LanguageSourceAsset)	Dialogues/prepUnlockExpedition4	<voice type=negation>\nLook, kid, I think my line of work is too dangerous for you.
I2Languages (I2.Loc.LanguageSourceAsset)	Dialogues/lemonUnlockExpedition5	<voice type=question>\nBut please?
I2Languages (I2.Loc.LanguageSourceAsset)	Dialogues/prepUnlockExpedition6	<voice type=negation>\nNo.
I2Languages (I2.Loc.LanguageSourceAsset)	Dialogues/lemonUnlockExpedition7	<voice type=order>\nI'm a scout! I have earned Danger Detection and Predator Avoidance badges!
I2Languages (I2.Loc.LanguageSourceAsset)	Dialogues/prepUnlockExpedition8	<voice type=question>\nWhy would you have a Predator Avoidance badge in your... Ah, nevermind.
I2Languages (I2.Loc.LanguageSourceAsset)	Dialogues/lemonUnlockExpedition9	<voice type=disappointment>\nGive me a challenge, please! It's boring here in the lemonade stand.
I2Languages (I2.Loc.LanguageSourceAsset)	Dialogues/prepUnlockExpedition10	<voice type=order>\nEhrm, fine. Go to the forest and bring me some blueberries. Just don't go too deep!\nIn return, I'll... buy a big, big cup of lemonade from you!
I2Languages (I2.Loc.LanguageSourceAsset)	Dialogues/lemonUnlockExpedition11	<voice type=acceptance>\nYes, sir! Blueberries coming right up!\n<voice type=question>\nWhere exactly should I go then?
I2Languages (I2.Loc.LanguageSourceAsset)	Dialogues/lemonUnlockPowerPlant1	<voice type=greeting>\nPsst... Hey, Mr. Prepper! I have a special new offer! For my bestest VIP customers only!
I2Languages (I2.Loc.LanguageSourceAsset)	Dialogues/prepUnlockPowerPlant2	<voice type=question>\nAnd that would be me...?
I2Languages (I2.Loc.LanguageSourceAsset)	Dialogues/lemonUnlockPowerPlant3	Oh, Mr. Prepper! Of course I mean you! No other customer talks to me this much!
I2Languages (I2.Loc.LanguageSourceAsset)	Dialogues/prepUnlockPowerPlant4	Okay, let's see where this is going.\n<voice type=question>\nDo you have a new lemonade flavor or something?
I2Languages (I2.Loc.LanguageSourceAsset)	Dialogues/lemonUnlockPowerPlant5	<voice type=negation>\nNo!\nSomething veeery valuable, and what scouts are trained to gather.\n<voice type=order>\nR E C O N!\n<voice type=order>\nI N F O R M A T I O N!
I2Languages (I2.Loc.LanguageSourceAsset)	Dialogues/prepUnlockPowerPlant6	Right... I guess I have nothing to lose.
I2Languages (I2.Loc.LanguageSourceAsset)	Dialogues/lemonUnlockPowerPlant7	It will cost you only a thousand dollars!
I2Languages (I2.Loc.LanguageSourceAsset)	Dialogues/prepUnlockPowerPlant7	<voice type=negation>\nWhat? No.
I2Languages (I2.Loc.LanguageSourceAsset)	Dialogues/lemonUnlockPowerPlant8	<voice type=upset>\nOh, but Mr. Prepper, it's really a bargain!\nOkay, for the bestest VIP customer, I will give you my final offer!\nFor the next ten minutes, I give the information as a bonus to a cup of lemonade.\n<voice type=laugh>\nAre you accepting the deal, Mr. Prepper? Clock is ticking! Tick-tock!
I2Languages (I2.Loc.LanguageSourceAsset)	Dialogues/prepUnlockPowerPlant9	<voice type=question>\nYou just really, really want to tell me something, don't you?
I2Languages (I2.Loc.LanguageSourceAsset)	Dialogues/lemonUnlockPowerPlant10	...\n<voice type=surprise>\nJust listen! I found a BIG abandoned building! Concrete! Industrial! BIG chimneys! \nIt looks cool! But has a funny smell around.
I2Languages (I2.Loc.LanguageSourceAsset)	Dialogues/prepUnlockPowerPlant11	<voice type=thanks>\nThis is interesting indeed. Thank you, kid.
I2Languages (I2.Loc.LanguageSourceAsset)	Dialogues/lemonBuy1	<voice type=thanks>\nThank you for supporting girl scouts, Mr. Prepper!
I2Languages (I2.Loc.LanguageSourceAsset)	Dialogues/lemonBuy2	<voice type=thanks>\nThank you, Mr. Prepper! My dad... I mean, the girl scouts will be thankful!
I2Languages (I2.Loc.LanguageSourceAsset)	Dialogues/lemonBuy3	<voice type=thanks>\nGosh, thanks a lot! The money goes for a good cause!
I2Languages (I2.Loc.LanguageSourceAsset)	Dialogues/lemonBuy4	<voice type=thanks>\nThank you for supporting your local scouts!
I2Languages (I2.Loc.LanguageSourceAsset)	Dialogues/lemonBuy5	<voice type=thanks>\nThank you! And don't forget to come for more!
I2Languages (I2.Loc.LanguageSourceAsset)	Dialogues/lemonFreeSmaple	Enjoy your drink, Mr. Prepper!\nIt's on the house.
I2Languages (I2.Loc.LanguageSourceAsset)	Dialogues/scientistNextQuest1	I have another request for you, Mr. Prepper.
I2Languages (I2.Loc.LanguageSourceAsset)	Dialogues/scientistNextQuest2	Will you do me a favor, Mr. Prepper?
I2Languages (I2.Loc.LanguageSourceAsset)	Dialogues/scientistNextQuest3	<voice type=question>\nWould you help me again, Mr. Prepper?
I2Languages (I2.Loc.LanguageSourceAsset)	Dialogues/scientistFetchTemplate	
I2Languages (I2.Loc.LanguageSourceAsset)	Dialogues/scientistFetchItem1	Imma need $x$.
I2Languages (I2.Loc.LanguageSourceAsset)	Dialogues/scientistFetchItem2	My work demands $x$.
I2Languages (I2.Loc.LanguageSourceAsset)	Dialogues/scientistFetchItem3	Find $x$ for me.
I2Languages (I2.Loc.LanguageSourceAsset)	Dialogues/scientistFetchItem4	Bring me $x$, will ya?
I2Languages (I2.Loc.LanguageSourceAsset)	Dialogues/scientistPromiseReward1	Bring it to me and I'll tell you some of my scientific secrets. For real!
I2Languages (I2.Loc.LanguageSourceAsset)	Dialogues/scientistPromiseReward2	This will help us make progress.
I2Languages (I2.Loc.LanguageSourceAsset)	Dialogues/scientistPromiseReward3	This will be another step towards scientific excellence.
I2Languages (I2.Loc.LanguageSourceAsset)	Dialogues/scientistEndQuestThanks1	<voice type=thanks>\nThanks, man, that's exactly what I needed.
I2Languages (I2.Loc.LanguageSourceAsset)	Dialogues/scientistEndQuestThanks2	<voice type=thanks>\nGood job, Mr. Prepper, I will use it for the good of Murricaville.
I2Languages (I2.Loc.LanguageSourceAsset)	Dialogues/scientistEndQuestThanks3	<voice type=thanks>\nThank you, man! One step closer to making Murricaville prosperous.
I2Languages (I2.Loc.LanguageSourceAsset)	Dialogues/scientistEndQuestThanks4	<voice type=thanks>\nThank you for your service for scientific and engineering advancement! I'll try to keep it awesome.
I2Languages (I2.Loc.LanguageSourceAsset)	Dialogues/scientistEndQuestThanks5	<voice type=thanks>\nI am grateful for your contribution. Will do something cool with it.
I2Languages (I2.Loc.LanguageSourceAsset)	Dialogues/scientistEndQuestThanks6	<voice type=thanks>\nThanks for adding this small brick to the great edifice of science. You're the best.
I2Languages (I2.Loc.LanguageSourceAsset)	Dialogues/scientistEndQuestReward1	Catch your reward.
I2Languages (I2.Loc.LanguageSourceAsset)	Dialogues/scientistEndQuestReward2	Take a look at this blueprint. It might blow your mind.
I2Languages (I2.Loc.LanguageSourceAsset)	Dialogues/scientistEndQuestReward3	Take a look at this, it's dope.
I2Languages (I2.Loc.LanguageSourceAsset)	Dialogues/scientistEndQuestReward4	Here, accept this small reward for your efforts. Pretty sure you'll dig it.
I2Languages (I2.Loc.LanguageSourceAsset)	Dialogues/scientistEndQuestReward5	Take this as a sign of your participation in the steady march of progress. Keep up the good work y'all.
I2Languages (I2.Loc.LanguageSourceAsset)	Dialogues/scientistEndQuestReward6	Awesome, man. Here's a small thank you for taking part in this great work.
I2Languages (I2.Loc.LanguageSourceAsset)	Dialogues/prepNotEnoughtMoney	I don't have enough money.
I2Languages (I2.Loc.LanguageSourceAsset)	Dialogues/scientistFirstEncounter1	<voice type=surprise>\nWho's there?\n<voice type=order>\nYou better get out of here.\nThere are wicked snakes everywhere around!
I2Languages (I2.Loc.LanguageSourceAsset)	Dialogues/prepFirstEncounter2	Yes, I noticed!\n<voice type=negation>\nBut the snakes are no more.\n<voice type=greeting>\nAnd people call me Mr. Prepper.
I2Languages (I2.Loc.LanguageSourceAsset)	Dialogues/scientistFirstEncounter3	<voice type=question>\nMr. Prepper, huh? Sounds familiar.\nWait a sec.
I2Languages (I2.Loc.LanguageSourceAsset)	Dialogues/scientistFirstEncounter4	<voice type=thanks>\nThanks, man.\n<voice type=greeting>\nI am Dr. Edward.\n<voice type=thanks>\nBless the President, y'all.\nI've been stuck this place for a while and my rations have almost run out already.
I2Languages (I2.Loc.LanguageSourceAsset)	Dialogues/prepFirstEncounter5	<voice type=question>\nDid you just say...?
I2Languages (I2.Loc.LanguageSourceAsset)	Dialogues/scientistFirstEncounter6	<voice type=acceptance>\nThank you? Yeah, I've been trapped in here for a couple of weeks, happy to be out now.\nThe food issue was troubling, but what really blew was the fact I needed to interrupt my work.
I2Languages (I2.Loc.LanguageSourceAsset)	Dialogues/prepFirstEncounter7	I'm glad you're ok then.\n<voice type=question>\nThose snakes were... different that I'm used too.
I2Languages (I2.Loc.LanguageSourceAsset)	Dialogues/scientistFirstEncounter8	Ah, yes. It's because of elevated radiation in the area. They're just a bit mutated.\n<voice type=question>\nTo be expected around here, really. Did the bastards bite you, Mr. Prepper?\nThis species is not venomous, but the radiation might be an issue.\nI have something to fix you up with: a concoction made of irradiated mushrooms.\n<voice type=laugh>\nI almost started eating them raw when rations were running out! That would not be a good idea though.\nBut they're helpful when processed into an extract. Take this, it will be useful.
I2Languages (I2.Loc.LanguageSourceAsset)	Dialogues/prepFirstFetchQuest1	<voice type=question>\nWhat are you doing in here exactly?
I2Languages (I2.Loc.LanguageSourceAsset)	Dialogues/scientistFirstFetchQuest2	Ah, just working for the advancement of science and engineering. And for the good of our beautiful Murricaville.\n<voice type=thanks>\nBless the Murricaville and its people.
I2Languages (I2.Loc.LanguageSourceAsset)	Dialogues/prepFirstFetchQuest3	<voice type=question>\nRight. And the science and engineering you do is...?
I2Languages (I2.Loc.LanguageSourceAsset)	Dialogues/scientistFirstFetchQuest4	<voice type=question>\nOkay, did you notice the electricity going off randomly? \nOur town needs a better, more efficient and more stable source of energy. And I'm gonna provide it.
I2Languages (I2.Loc.LanguageSourceAsset)	Dialogues/prepFirstFetchQuest5	<voice type=question>\nSo I'm guessing this is a nuclear power plant?
I2Languages (I2.Loc.LanguageSourceAsset)	Dialogues/scientistFirstFetchQuest6	<voice type=thanks>\nBingo! \nNow that I can finally work again without worrying about food and predators, I just need a couple of days and the plant will be running as new.\nThere is just... one issue.
I2Languages (I2.Loc.LanguageSourceAsset)	Dialogues/prepFirstFetchQuest7	<voice type=question>\nI know. Radioactive pollution spilling over, influencing the local wildlife and throwing the whole ecosystem off balance?
I2Languages (I2.Loc.LanguageSourceAsset)	Dialogues/scientistFirstFetchQuest8	<voice type=negation>\nWhat? No.\nI'm running out of resources.\n<voice type=question>\nWould you lend me a hand, Mr. Prepper? \n<voice type=thanks>\nFor the good of our glorious town.
I2Languages (I2.Loc.LanguageSourceAsset)	Dialogues/prepFirstFetchQuest9	<voice type=disappointment>\nUmm, yeah, I guess...?
I2Languages (I2.Loc.LanguageSourceAsset)	Dialogues/scientistFirstFetchQuest10	<voice type=order>\nTake this.
I2Languages (I2.Loc.LanguageSourceAsset)	Dialogues/scientistFirstFetchQuest11	Look for anything radiated and bring it to me, I might be able to use it as nuclear fuel.\n<voice type=thanks>\nI won't rest until I make Murricaville a better place! Even better! 
I2Languages (I2.Loc.LanguageSourceAsset)	Dialogues/prepFirstFetchQuest12	<voice type=acceptance>\nOkay. I guess it won't hurt to see where this is going.
I2Languages (I2.Loc.LanguageSourceAsset)	Dialogues/scientistFirstFetchQuestComplited1	Ah, perfect.\n<voice type=thanks>\nThank you, Mr. Prepper, this will be very useful.
I2Languages (I2.Loc.LanguageSourceAsset)	Dialogues/scientistFirstFetchQuestComplited2	Alright! Next I'm going to need...
I2Languages (I2.Loc.LanguageSourceAsset)	Dialogues/prepFirstFetchQuestComplited3	<voice type=negation>\nWait a second.
I2Languages (I2.Loc.LanguageSourceAsset)	Dialogues/scientistFirstFetchQuestComplited4	<voice type=question>\nYes?
I2Languages (I2.Loc.LanguageSourceAsset)	Dialogues/prepFirstFetchQuestComplited5	<voice type=order>\nListen, Edward. You are working on activating a nuclear power plant.\n<voice type=order>\nIt's extremely dangerous if you don't have impeccable security systems.
I2Languages (I2.Loc.LanguageSourceAsset)	Dialogues/scientistFirstFetchQuestComplited6	<voice type=question>\nRelax, Mr. Prepper. \nThere is some risk. But what's a little risk in comparison to the greater good of the whole Murricaville?
I2Languages (I2.Loc.LanguageSourceAsset)	Dialogues/prepFirstFetchQuestComplited7	<voice type=question>\nAren't you afraid of harming the town accidentally instead?
I2Languages (I2.Loc.LanguageSourceAsset)	Dialogues/scientistFirstFetchQuestComplited8	<voice type=negation>\nNah, I got this, trust me.\nThe worst case scenario is that some local fauna and flora gets a bit spicy.
I2Languages (I2.Loc.LanguageSourceAsset)	Dialogues/prepFirstFetchQuestComplited9	<voice type=disappointment>\n...\nYou know what, I helped you out a bit, but I'm done.\nI have my own problems to take care of.
I2Languages (I2.Loc.LanguageSourceAsset)	Dialogues/scientistFirstFetchQuestComplited10	<voice type=acceptance>\nAlright.
I2Languages (I2.Loc.LanguageSourceAsset)	Dialogues/scientistFirstFetchQuestComplited11	It's a bummer though.\nI was about to share with you this blueprint for a hazmat backpack.
I2Languages (I2.Loc.LanguageSourceAsset)	Dialogues/scientistFirstFetchQuestComplited12	I happen to possess knowledge of all kinds of equipment and machinery that could prove essential to surviving a catastrophic scenario.
I2Languages (I2.Loc.LanguageSourceAsset)	Dialogues/prepFirstFetchQuestComplited13	<voice type=disappointment>\nEh...\n<voice type=acceptance>\nAlright, let's be clear - I still don't trust you, but you got my attention.
I2Languages (I2.Loc.LanguageSourceAsset)	Dialogues/scientistFirstFetchQuestComplited14	<voice type=thanks>\nSmart. Here, take a look at this blueprint. \n<voice type=thanks>\nYou'll do as you please, of course. But if you reconsider, I will have other requests for you, and more knowledge to share!
I2Languages (I2.Loc.LanguageSourceAsset)	Dialogues/scientistSecondFetchQuest1	<voice type=question>\nSo, Mr. Prepper, how do you like the Hazmat Backpack?
I2Languages (I2.Loc.LanguageSourceAsset)	Dialogues/prepSecondFetchQuest2	I'd prefer a hazmat suit.\nBut looks good anyway, should come in handy.
I2Languages (I2.Loc.LanguageSourceAsset)	Dialogues/scientistSecondFetchQuest3	<voice type=question>\nAwesome! Wanna take up another task? For progress and all?
I2Languages (I2.Loc.LanguageSourceAsset)	Dialogues/prepSecondFetchQuest4	<voice type=acceptance>\nYeah, I suppose I do.\nIt's just... I figured it's better to keep an eye on you, in case you're on track of getting us all blown up.\nThis seems to be a common danger here in the town, now that I think of it.
I2Languages (I2.Loc.LanguageSourceAsset)	Dialogues/scientistSecondFetchQuest5	<voice type=negation>\nI'd never! I have everything well in hand!\nAnd it's cool we can get our cooperation going again.
I2Languages (I2.Loc.LanguageSourceAsset)	Dialogues/scientist_NuclearMaterial	Look around just anywhere, Mr. Prepper.\nIt's not only me, Murricaville had more occasions to be exposed to radioactivity throughout its history.\nYou'd be surprised how many irradiated objects lie around EVERYWHERE.\nI'm pretty sure you will find some in no time.
I2Languages (I2.Loc.LanguageSourceAsset)	Dialogues/scientist_AlienIncubator	<voice type=question>\nTrouble with this one? Have you had any contact with the extraterrestrials?\nThey do exist, yes.\nI've even dissected some of them in the old days. I'm not much into xenobiology though, it bores me.\nBut their technology! A completely different, awesome thing.\nWe used some of their tech to shoot them from the sky, and then we'd retrieve more tech. \nAnyway, find a UFO wreckage, and if you get lucky, you may find an incubator in there.\nI need one. Whatever was growing inside, you can throw away, I just want an incubator.
I2Languages (I2.Loc.LanguageSourceAsset)	Dialogues/scientist_AtomicWaste	<voice type=question>\nNo more nuclear waste around here? Hm.\nThey used to dump it deep into the ground. I'd reckon an abandoned mine would be perfect for this.
I2Languages (I2.Loc.LanguageSourceAsset)	Dialogues/scientist_Mannequin	Here, I meant specifically a mannequin used in an atomic bomb test. Like a crash test dummy, but for nukes.\nA long time ago, some nuclear tests were performed in the desert, relatively far from here.
I2Languages (I2.Loc.LanguageSourceAsset)	Dialogues/scientist_OldGasMask2	<voice type=question>\nMaybe you'll find the masks in some place where dangerous materials were involved?\n<voice type=question>\nA mine, perhaps? And maybe someone uses them still?
I2Languages (I2.Loc.LanguageSourceAsset)	Dialogues/scientist_RadioactivePlant	A rare species of plant, with some special effects thanks to radioactivity. \nSome specimens are to be found deep in the forest.\nJust go as far as you can.
I2Languages (I2.Loc.LanguageSourceAsset)	Dialogues/scientist_RadioactiveClothes	A hazmat suit? Absolutely vital if you plan to walk through irradiated zones without melting. You won’t just find one lying around — you’ll have to craft it yourself.
I2Languages (I2.Loc.LanguageSourceAsset)	Dialogues/scientist_Tektite	<voice type=question>\nTrinitite? \nIt's this kind of rock that is being created during nuclear explosions in the desert.\nI'm sure some is still left from the earlier nuke-happy times.
I2Languages (I2.Loc.LanguageSourceAsset)	Dialogues/scientist_BlueberrieRadioactive	<voice type=question>\nBlueberries. Where might they be? Where do you find them usually?
I2Languages (I2.Loc.LanguageSourceAsset)	Dialogues/scientist_GuaranaRadioactive	<voice type=question>\nIt's a bit funny there's guarana to be found in Murricaville, ain't it? It must be an invasive species.\nThen again, I was never much into biology, too messy. For what it's worth, they might just be mutated strawberries.\nBut I have an inkling that radioactive guarana might be especially useful to me. 
I2Languages (I2.Loc.LanguageSourceAsset)	Dialogues/scientist_RadiatedRatMeat	Find a green glowing rat. Hard to mistake it for anything else really.\nJust kill it and bring it too me. \n<voice type=laugh>\nGood luck!
I2Languages (I2.Loc.LanguageSourceAsset)	Dialogues/scientist_RadiatedSnakeMeat	Some of the snakes are green and glowing. They would make for a great party accessory were they not so unwieldy. \nKill one and bring it to me. Not for fun, for science, of course.\n<voice type=laugh>\nGood luck!
I2Languages (I2.Loc.LanguageSourceAsset)	Dialogues/scientist_RadiatedWildMeat	You may find a green glowing wolf where other wolves appear as well.\nKill it and bring it too me, I have an idea what I might extract from it.\n<voice type=laugh>\nGood luck!
I2Languages (I2.Loc.LanguageSourceAsset)	Dialogues/scientist_UraniumGlass	<voice type=question>\nI think you might find some uranium glass in an uranium mine?\nBut you can also try the junkyard, some dumbass could have thrown it away not having recognized its value.
I2Languages (I2.Loc.LanguageSourceAsset)	Dialogues/scientist_Uranium	It used to be excavated in uranium mines, also here in the region.\nI bet there is one nearby, but I don't know where exactly.
I2Languages (I2.Loc.LanguageSourceAsset)	Dialogues/scientist_NuclearRod	A nuclear rods? Now we're talking serious power. It’s refined uranium, spun into purity by a centrifuge and shaped into a perfect little stick of energy. 
I2Languages (I2.Loc.LanguageSourceAsset)	Dialogues/scientist_UraniumMushroom	Irradiated mushrooms. Very important for my next scientific project. No other reason.\n<voice type=question>\nWhere to find them? I bet those that are underground could retain more radioactivity.\nThere are some in the overgrown cooling tower around here, but I doubt it will be enough. 
I2Languages (I2.Loc.LanguageSourceAsset)	Dialogues/scientistStage1Complited	<voice type=thanks>\nI am happy to announce I finally have enough resources to activate this power plant in its full power!\n<voice type=thanks>\nFrom tomorrow on, Murricaville would never have to worry about electricity!\n<voice type=thanks>\nBless the President, y'all! Glory to progress!
I2Languages (I2.Loc.LanguageSourceAsset)	Dialogues/scientistWait	I am in the middle of some calibrations.\nCome back tomorrow, will ya.
I2Languages (I2.Loc.LanguageSourceAsset)	Dialogues/prepNextDayOnPowerPlant1	<voice type=question>\nHmm, it's closed now?\nI wonder why...\nThe air feels odd.
I2Languages (I2.Loc.LanguageSourceAsset)	Dialogues/prepNextDayOnPowerPlant2	There is a lot of background radiation in the area.\n<voice type=question>\nWhat did he do?
I2Languages (I2.Loc.LanguageSourceAsset)	Dialogues/prepNextDayOnPowerPlant3	<voice type=surprise>\nOh, no...
I2Languages (I2.Loc.LanguageSourceAsset)	Dialogues/scientistStage2Start1	<voice type=greeting>\nOh, Mr. Prepper, you are finally here!
I2Languages (I2.Loc.LanguageSourceAsset)	Dialogues/prepStage2Start2	<voice type=upset>\nYes... And I almost got killed. Again. 
I2Languages (I2.Loc.LanguageSourceAsset)	Dialogues/scientistStage2Start3	I've heard animal noises outside, they sound agitated. \nI might have messed up a bit and a small amount of radiation got released during the stress test of a reactor.\nBut I don't think there is a causal connection between the two phenomena, the release of ionizing particles...
I2Languages (I2.Loc.LanguageSourceAsset)	Dialogues/prepStage2Start4	<voice type=question>\nWait, get back to the previous sentence. What do you mean "a small amount of radiation"?
I2Languages (I2.Loc.LanguageSourceAsset)	Dialogues/scientistStage2Start5	Umm... My estimate would be some... 400 petabecquerels... So far.
I2Languages (I2.Loc.LanguageSourceAsset)	Dialogues/prepStage2Start6	<voice type=negation>\nThat's bad.
I2Languages (I2.Loc.LanguageSourceAsset)	Dialogues/scientistStage2Start7.1	It's... quite high, yes.\n<voice type=thanks>\nBut Mr. Prepper, it's so awesome!
I2Languages (I2.Loc.LanguageSourceAsset)	Dialogues/scientistStage2Start7.2	<voice type=thanks>\nJust look at it!
I2Languages (I2.Loc.LanguageSourceAsset)	Dialogues/scientistStage2Start8.1	<voice type=thanks>\nWith this technological feat, Murricaville harnesses the power of atom!
I2Languages (I2.Loc.LanguageSourceAsset)	Dialogues/scientistStage2Start8.2	And on top of that, I have enough spare energy for my next project.
I2Languages (I2.Loc.LanguageSourceAsset)	Dialogues/prepStage2Start9	<voice type=disappointment>\n...I'm afraid to ask.
I2Languages (I2.Loc.LanguageSourceAsset)	Dialogues/scientistStage2Start10	<voice type=negation>\nOh, don't worry! It's completely harmless.
I2Languages (I2.Loc.LanguageSourceAsset)	Dialogues/scientistStage2Start11	I want to fix this electrical switchgear. 
I2Languages (I2.Loc.LanguageSourceAsset)	Dialogues/scientistStage2Start12	I can already redirect energy to residential areas of the town, but if I fix this, I'll have way more options.
I2Languages (I2.Loc.LanguageSourceAsset)	Dialogues/prepStage2Start13	<voice type=question>\nFor example?
I2Languages (I2.Loc.LanguageSourceAsset)	Dialogues/scientistStage2Start14	<voice type=thanks>\nThe local dam!\nIt's all messed up. But with a stable source of energy it will work like a charm.
I2Languages (I2.Loc.LanguageSourceAsset)	Dialogues/prepStage2Start15	Mhm. Surprising as it is, it actually does sound quite harmless.\n<voice type=question>\nBut can we do anything about the radiation that has already leaked?
I2Languages (I2.Loc.LanguageSourceAsset)	Dialogues/scientistStage2Start16	Oh, yes, here, suit yourself.
I2Languages (I2.Loc.LanguageSourceAsset)	Dialogues/prepStage2Start17	I think it'll be fine, personally. I mean the environment around.
I2Languages (I2.Loc.LanguageSourceAsset)	Dialogues/scientistStage2Start18	Oh, sure! I don't care that much.\n<voice type=acceptance>\nI'll deal with that eventually, don't you worry, Mr. Prepper!\n<voice type=thanks>\nBless the President, y'all! Glory to progress!
I2Languages (I2.Loc.LanguageSourceAsset)	Dialogues/prepStage2FirstQuest1	<voice type=question>\nI assume you have another request for me?
I2Languages (I2.Loc.LanguageSourceAsset)	Dialogues/scientistStage2FirstQuest2	Oh, sure, not a dull moment around here.\nThere might be something just for you.
I2Languages (I2.Loc.LanguageSourceAsset)	Dialogues/scientistStage2FirstQuest3	First of all, I have this Crane Machine all set.
I2Languages (I2.Loc.LanguageSourceAsset)	Dialogues/scientistStage2FirstQues4	There is a substantial amount of radioactive waste upstairs. And also some regular junk which is now radioactive.\nSome of it is... potentially dangerous. I intended to deal with it before, but something always got in the way.\nWith this Crane Machine you can safely... relatively safely extract the items from the room upstairs.
I2Languages (I2.Loc.LanguageSourceAsset)	Dialogues/prepStage2FirstQuest5	<voice type=question>\nI see. And why wouldn't you do it yourself?
I2Languages (I2.Loc.LanguageSourceAsset)	Dialogues/scientistStage2FirstQues6	<voice type=acceptance>\nAh, I don't have patience for this. Basic science? Sure. Engineering? Very cool.\n<voice type=negation>\nActual operation of machines? Nah, I should have lab assistants for this.\nBut I think it's the best job for you! Just be careful.\nSome of that stuff can cause a substantial leak when it falls. Or simply blow up.
I2Languages (I2.Loc.LanguageSourceAsset)	Dialogues/prepStage2FirstQuest7	<voice type=disappointment>\n...
I2Languages (I2.Loc.LanguageSourceAsset)	Dialogues/scientistStage2FirstQuest8	<voice type=thanks>\nBut if you don't want to do it, I will have to!\nI'd just need to find a way to do it really quickly so I can get back to other work. Perhaps if I disable some safety mechanisms in the crane...
I2Languages (I2.Loc.LanguageSourceAsset)	Dialogues/prepStage2FirstQues9	<voice type=negation>\nNo, no, wait. Don't. I will do it. 
I2Languages (I2.Loc.LanguageSourceAsset)	Dialogues/scientistStage2FirstQuest10	Great! I need $x$ from the Crane Machine.
I2Languages (I2.Loc.LanguageSourceAsset)	Dialogues/scientistStage2FirstQuest11	You can control it from here.
I2Languages (I2.Loc.LanguageSourceAsset)	Dialogues/scientistStage2FirstQuest12	<voice type=thanks>\nGood luck!
I2Languages (I2.Loc.LanguageSourceAsset)	Dialogues/scientist_MetalToilet	One should be in a box upstairs. I hope it's stylish.\nYou can get it with the Crane Machine.
I2Languages (I2.Loc.LanguageSourceAsset)	Dialogues/scientist_NuclearBomb	You can find this thing, probably still functional, among the junk upstairs.\nGet it with the crane machine. Just please don't drop it, this one is dangerous.
I2Languages (I2.Loc.LanguageSourceAsset)	Dialogues/scientist_OldComputer	One should be in one of the boxes upstairs.\nCrane machine is the best way to get it. Be careful, it's electronics after all.
I2Languages (I2.Loc.LanguageSourceAsset)	Dialogues/scientist_BigUraniumRod	I think I saw one big fat uranium rod upstairs.\nPlease bring the bad boy down.
I2Languages (I2.Loc.LanguageSourceAsset)	Dialogues/scientist_SeaBomb	I know one is packed into a box upstairs. Don't ask me how it got there.\nGet it with the Crane Machine. Careful! 
I2Languages (I2.Loc.LanguageSourceAsset)	Dialogues/scientist_Plastic	Plastic? Well, the usual procedure to obtain it would be: refinement, then cracking, and then either addition polymerization or condensation polymerization, and then compounding.\nBut if it sounds too complicated, you could just scavenge scraps from the desert.
I2Languages (I2.Loc.LanguageSourceAsset)	Dialogues/scientist_Electronics	Electronics? Ah, the delicate art of assembling semiconductors, resistors, and capacitors onto printed circuit boards using soldering and precision engineering. \nBut if you're not running a lab, just rip them out of old phones, radios, or computers. Or go dig through the desert — nature's scrapyard.\n
I2Languages (I2.Loc.LanguageSourceAsset)	Dialogues/scientist_Generator	A generator? You will need a pretty advanced workbench to build it.
I2Languages (I2.Loc.LanguageSourceAsset)	Dialogues/scientist_NuclearGenerator	It's basically a small nuclear reactor allowing you to produce electricity just like any other generator.\nYou have a blueprint for it, Mr. Prepper.\nI'm sure you'll figure it out, you're smart.
I2Languages (I2.Loc.LanguageSourceAsset)	Dialogues/scientist_TeslaCoilGun	That's a tricky one.\nI heard a legend about the mad scientist who once developed it.\nBut it was too dangerous - constantly overheating, volatile.\nNow his theories are a bit of a tinfoil hat area. But who knows, maybe he was onto something?
I2Languages (I2.Loc.LanguageSourceAsset)	Dialogues/scientist_Fuel	<voice type=question>\nFuel? Well, where do people around here get their fuel from?\nAnd I guess you might try the abandoned gas station on the desert.\nOr you can take crude oil from the abandoned mine and refine it in your own refinery, DIY style.\nAnd don't try to give me the Nuclear Fuel, i need pure gasoline for this.
I2Languages (I2.Loc.LanguageSourceAsset)	Dialogues/scientistStage2Complited1	This should be enough to fix the switchgear.
I2Languages (I2.Loc.LanguageSourceAsset)	Dialogues/prepBeforeStage3Start1	There is even more radiation in the area now.
I2Languages (I2.Loc.LanguageSourceAsset)	Dialogues/prepBeforeStage3Start2	I better watch out for the feral animals. Which are not causally connected to the whole thing, of course.
I2Languages (I2.Loc.LanguageSourceAsset)	Dialogues/scientistStage3Start1	<voice type=greeting>\nMr. Prepper, good to see you again, man!\nThe switchgear is complete.\nCome, take a look.
I2Languages (I2.Loc.LanguageSourceAsset)	Dialogues/prepStage3Start2	<voice type=question>\nNo packs of irradiated wolves or snakes this time?
I2Languages (I2.Loc.LanguageSourceAsset)	Dialogues/scientistStage3Start3	<voice type=negation>\nNo, they learned already to keep outta there.\nI bet they won't bother us any longer.
I2Languages (I2.Loc.LanguageSourceAsset)	Dialogues/prepStage3Start4	Good, but at this rate I think I'd better stay in a hazmat suit at all times just as you do. As a precaution.
I2Languages (I2.Loc.LanguageSourceAsset)	Dialogues/scientistStage3Start5	<voice type=acceptance>\nYeah. I had a little miscalculation.\nSeveral miscalculations, in fact.\nThe nuclear generator suffered a leak.\nBut it's all good now!\nWell, better.\nNothing to worry about.
I2Languages (I2.Loc.LanguageSourceAsset)	Dialogues/prepStage3Start6	<voice type=question>\nMhm, so what about electricity for the dam controls?
I2Languages (I2.Loc.LanguageSourceAsset)	Dialogues/scientistStage3Start7	<voice type=thanks>\nAll working already!\nWe won't hear about the dam malfunctioning again anytime soon.\nAccording to my calculations at least.
I2Languages (I2.Loc.LanguageSourceAsset)	Dialogues/prepStage3Start8	Yeah, about that... Can we discuss a thing?
I2Languages (I2.Loc.LanguageSourceAsset)	Dialogues/scientistStage3Start9	Shoot, Mr. Prepper.
I2Languages (I2.Loc.LanguageSourceAsset)	Dialogues/prepStage3Start10	I thought about what should become your next project.\nI believe you should focus now on stabilizing the reactor. \nIt doesn't look safe.
I2Languages (I2.Loc.LanguageSourceAsset)	Dialogues/scientistStage3Start11	<voice type=thanks>\nIt's a clever suggestion, Mr. Prepper!\nI will redirect my efforts to it right away.\nFor the safety of our beautiful town. \n<voice type=thanks>\nGlory to progress, y'all! Bless the Murricaville!
I2Languages (I2.Loc.LanguageSourceAsset)	Dialogues/prepStage3Start12	<voice type=negation>\nYeah, bless.
I2Languages (I2.Loc.LanguageSourceAsset)	Dialogues/scientistStage3Start13	But I could use your help again, Mr. Prepper.\nIn order to stabilize the generator, I need more reliable fuel.\nUsing this random irradiated junk won't cut it anymore. 
I2Languages (I2.Loc.LanguageSourceAsset)	Dialogues/scientistStage3Start14	Bring me $x$.
I2Languages (I2.Loc.LanguageSourceAsset)	Dialogues/scientistStage3Start15	I heard there once was an Uranium Mine somewhere in the region.\nI'm sure you will find it!
I2Languages (I2.Loc.LanguageSourceAsset)	Dialogues/prepStage3FirstQuestEnd1	<voice type=question>\nHow's stabilizing the reactor going? Are we close to being safer?
I2Languages (I2.Loc.LanguageSourceAsset)	Dialogues/scientistStage3FirstQuestEnd2	<voice type=question>\nWhat?\nAh, yes, the reactor. Of course. It's going well.\nI'm almost done with it.
I2Languages (I2.Loc.LanguageSourceAsset)	Dialogues/prepStage3FirstQuestEnd3	<voice type=question>\nAnd what's all of that...?
I2Languages (I2.Loc.LanguageSourceAsset)	Dialogues/scientistStage3FirstQuestEnd4	Ah, it's just a little side project.\nNothing major.\nYou know, just to unwind and clear my head.\nI will fix the generator issue shortly.
I2Languages (I2.Loc.LanguageSourceAsset)	Dialogues/prepIspectAdroidPostMan	Maybe I don't want to know.\nI will just act like I hadn't seen it.
I2Languages (I2.Loc.LanguageSourceAsset)	Dialogues/scientistStage3Complite1	I have enough resources now to finish fixing the generator.
I2Languages (I2.Loc.LanguageSourceAsset)	Dialogues/scientistStage4Start1	<voice type=greeting>\nMr. Prepper! You are finally here.\n<voice type=thanks>\nLook!\n<voice type=thanks>\nIt is finished!
I2Languages (I2.Loc.LanguageSourceAsset)	Dialogues/prepStage4Start2	<voice type=question>\nEhm... Mr. Postman?
I2Languages (I2.Loc.LanguageSourceAsset)	Dialogues/postdroidStage4Start3	<voice type=thanks>\nWhat a lovely weather today!
I2Languages (I2.Loc.LanguageSourceAsset)	Dialogues/scientistStage4Start4	<voice type=question>\nIsn't it perfect?
I2Languages (I2.Loc.LanguageSourceAsset)	Dialogues/postdroidStage4Start5	<voice type=greeting>\nYou've got mail!
I2Languages (I2.Loc.LanguageSourceAsset)	Dialogues/prepStage4Start6	<voice type=disappointment>\nThis is too much for me.
I2Languages (I2.Loc.LanguageSourceAsset)	Dialogues/scientistStage4Start7	<voice type=thanks>\nBut Mr. Prepper! This is a replacement of a fallible public service!\n<voice type=thanks>\nNow you can say goodbye to the days without the postman!
I2Languages (I2.Loc.LanguageSourceAsset)	Dialogues/scientistStage4Start8	<voice type=thanks>\nGo, go, onwards, into the world!
I2Languages (I2.Loc.LanguageSourceAsset)	Dialogues/prepStage4Start9	<voice type=question>\nWait, what is happening here? Why was he missing so often?\n<voice type=question>\nDid you have something to do with this?\n<voice type=anger>\nArgh, I guess it doesn't matter now.\n<voice type=order>\nNow let me remind you that you were supposed to work on stabilizing the generator.
I2Languages (I2.Loc.LanguageSourceAsset)	Dialogues/prepStage4Start10	<voice type=anger>\nThere is even more radiation in the area now!
I2Languages (I2.Loc.LanguageSourceAsset)	Dialogues/scientistStage4Start11	Yes, yes, I had a small delay, but it's almost done.\nJust trust me.\n<voice type=thanks>\nI swear on our beloved President!
I2Languages (I2.Loc.LanguageSourceAsset)	Dialogues/prepStage4Start12	<voice type=negation>\nI feel much more reassured now.
I2Languages (I2.Loc.LanguageSourceAsset)	Dialogues/scientistStage4Start13	I'm still gonna need your help, Mr. Prepper. \nThere is a bunch of other stuff missing on my road to engineering perfection.
I2Languages (I2.Loc.LanguageSourceAsset)	Dialogues/prepStage4Start14	<voice type=negation>\n...No, wait, enough is enough. He is not going to repair it.\n<voice type=order>\nI need to take it into my own hands or this whacko is going to turn the whole place into a nuclear wasteland.\n<voice type=order>\nI will keep working on my shelter. \nIt needs to be safe and reliable, just in case.\nI will keep an eye on him in the meantime.\nMaybe one of his blueprints will give me an idea how to fix the generator.\nAnd in case of trouble - shelter. It will be fine. I will be fine. 
I2Languages (I2.Loc.LanguageSourceAsset)	Dialogues/prepReciveRadiationStabilizer1	<voice type=thanks>\nFinally! \nNow I should try it out and install it in my shelter.\nMaybe this or something similar will let me fix the nuclear generator.
I2Languages (I2.Loc.LanguageSourceAsset)	Dialogues/prepInstallRadiationStabilizer1	There is no excessive radiation!\nIt works. Maybe if I work further on this, I could fix the nuclear generator.
I2Languages (I2.Loc.LanguageSourceAsset)	Dialogues/scientistStage4Complite1	<voice type=thanks>\nPerfect! The resources are sufficient. \n<voice type=thanks>\nFinally, we are on the verge of great breakthrough!
I2Languages (I2.Loc.LanguageSourceAsset)	Dialogues/prepNuclearPlantWithoutRadiationStabilizer	<voice type=negation>\nIt's closed.\nI guess he needs more time, whatever he is doing.
I2Languages (I2.Loc.LanguageSourceAsset)	Dialogues/prepNuclearPlantBombs	<voice type=surprise>\nOh shit, what's all of that?! Are these nuclear warheads?\n<voice type=anger>\nI know he was not the sanest, but this is batshit crazy.
I2Languages (I2.Loc.LanguageSourceAsset)	Dialogues/prepNuclearPlantGenerator	I better take care of this.\nI don't know how much more time is left.
I2Languages (I2.Loc.LanguageSourceAsset)	Dialogues/prepNuclearPlantGeneratorFixed	<voice type=thanks>\nPhew, looks good.\nI think we are safe for now.
I2Languages (I2.Loc.LanguageSourceAsset)	Dialogues/scientistNuclearConfrontation1	So you've come to behold my new achievement.\n<voice type=laugh>\nGreat timing, man!
I2Languages (I2.Loc.LanguageSourceAsset)	Dialogues/prepNuclearConfrontation2	<voice type=question>\nLet's talk. Could you explain me slowly what exactly have you done?\nI want to properly appreciate all the steps of the scientific reasoning.
I2Languages (I2.Loc.LanguageSourceAsset)	Dialogues/scientistNuclearConfrontation3	Hey, Prepper, please don't come closer, I don't need to whisper it to your ear.
I2Languages (I2.Loc.LanguageSourceAsset)	Dialogues/scientistNuclearConfrontation4	Delivering almost unlimited power to the town is a great achievement.\n<voice type=question>\nBut why stop there? Why harness the power of the atom only for lighting homes and streets?
I2Languages (I2.Loc.LanguageSourceAsset)	Dialogues/prepNuclearConfrontation5	<voice type=thanks>\nIt's an achievement to be truly proud of!\n<voice type=thanks>\nIt's relieving people of thinking about energy sources. They can use their own potential for greater things!
I2Languages (I2.Loc.LanguageSourceAsset)	Dialogues/scientistNuclearConfrontation6	<voice type=anger>\nStop spinning a yarn, Mr. Prepper, and don't come any closer!
I2Languages (I2.Loc.LanguageSourceAsset)	Dialogues/scientistNuclearConfrontation7	It's not enough to only achieve comfort and stability. No one will understand the power of science if it is only used for lightbulbs.\nThis is why more is needed. Display of force. Enlightenment through power.\n
I2Languages (I2.Loc.LanguageSourceAsset)	Dialogues/prepNuclearConfrontation8	<voice type=question>\nWhat are you gonna do, just throw some nukes around? \nYou surely don't have intercontintental missiles to shoot them far.
I2Languages (I2.Loc.LanguageSourceAsset)	Dialogues/scientistNuclearConfrontation9	I can shoot them for a shorter distance, create a ring of power around Murricaville. It will be enough.\n<voice type=laugh>\nWe will gain awe, admiration, respect!\n<voice type=thanks>\nBless the Pestilent!
I2Languages (I2.Loc.LanguageSourceAsset)	Dialogues/prepNuclearConfrontation10	<voice type=anger>\nThis isn't even science, this is just putting up big fireworks!\n<voice type=negation>\nIt benefits no one, it will just bring us clouds of fallout. And possibly a preventive attack from across the ocean.\n<voice type=order>\nJust stop it! It's not too late!
I2Languages (I2.Loc.LanguageSourceAsset)	Dialogues/scientistNuclearConfrontation11	<voice type=negation>\nNo, Mr. Prepper. You're just a simpleton, an obstacle on the road to progress.\n<voice type=laugh>\nPrepare to be blown away like dust. And don't try anything, I'm bulletproof. 
I2Languages (I2.Loc.LanguageSourceAsset)	Dialogues/scientistNuclearConfrontation12	<voice type=question>\nYou thought it's all I have? Try to get through my electron shell.\nDonate your body to science already.
I2Languages (I2.Loc.LanguageSourceAsset)	Dialogues/scientistNuclearConfrontation13	<voice type=laugh>\nI'm invincible. Sheltered. You don't have anything on me.
I2Languages (I2.Loc.LanguageSourceAsset)	Dialogues/scientistNuclearConfrontation14	<voice type=question>\nWhat are you even trying to do?\nYou won't beat my force field. Bite the dust.
I2Languages (I2.Loc.LanguageSourceAsset)	Dialogues/prepNuclearConfrontation15	<voice type=laugh>\nOh, science protects you, you see? Let's see if it protects you from the law of universal gravitation.\nMeaning: heavy things dropping on your head.
I2Languages (I2.Loc.LanguageSourceAsset)	Dialogues/scientistNuclearConfrontation16	<voice type=surprise>\nNo! Why must you ruin everything?!\n<voice type=anger>\nYou forced my hand. Come, ye poor and wretched!
I2Languages (I2.Loc.LanguageSourceAsset)	Dialogues/scientistNuclearConfrontation17	<voice type=upset>\nAh... Defeated... Suppressed... Fissured...\n<voice type=upset>\nDecompressed... Bless the Sediment.
I2Languages (I2.Loc.LanguageSourceAsset)	Dialogues/scientistNuclearConfrontation18	<voice type=disappointment>\nI can't believe you just trampled on my plans, you nitwit.
I2Languages (I2.Loc.LanguageSourceAsset)	Dialogues/prepNuclearConfrontation18	<voice type=question>\nWhat were you even trying to achieve?!\n<voice type=question>\nImpress the town population, who are numb and half-braindead anyway?
I2Languages (I2.Loc.LanguageSourceAsset)	Dialogues/scientistNuclearConfrontation19	<voice type=question>\nWhat do you mean? I remember it as a lively place!\nFrom before I locked myself down to focus on my research.
I2Languages (I2.Loc.LanguageSourceAsset)	Dialogues/prepNuclearConfrontation20	Look... Most inhabitants of the town are under the influence of some mind control technology.\nI think it's a government project.\nIt makes people complacent. Docile. Extremely dull, also.
I2Languages (I2.Loc.LanguageSourceAsset)	Dialogues/scientistNuclearConfrontation21	<voice type=question>\nBut... Why would the government do it?\n<voice type=upset>\nThis would just dampen people's wit, creativity and analytical skills! This is not the way to progress!
I2Languages (I2.Loc.LanguageSourceAsset)	Dialogues/prepNuclearConfrontation22	Well. This might be a lesson for you that the President is perhaps not to be blessed too much.
I2Languages (I2.Loc.LanguageSourceAsset)	Dialogues/scientistNuclearConfrontation23	<voice type=upset>\nAh, Mr. Prepper. I don't like shifting paradigms, it forces you to relearn so much stuff!\nBut tell me one thing - you say most of the people are under the influence of mind control.\n<voice type=question>\nWhy not all then? What about the others? Me? You?
I2Languages (I2.Loc.LanguageSourceAsset)	Dialogues/prepNuclearConfrontation24	I don't actually know. Some people seem to be immune, or at least partially resistant.\nThose who are awake seem to be... Passionate about something. Driven. Obsessive, one could say.\nI also know that stimulants help. Anyway, the thing surely influences me or you as well, just to a different extent.
I2Languages (I2.Loc.LanguageSourceAsset)	Dialogues/scientistNuclearConfrontation25	I haven't noticed anything. I've been completely sane and composed all the time.
I2Languages (I2.Loc.LanguageSourceAsset)	Dialogues/scientistNuclearConfrontation26	<voice type=question>\nHey, what's that sound?
I2Languages (I2.Loc.LanguageSourceAsset)	Dialogues/prepNuclearConfrontation27	<voice type=upset>\nOh, I'm afraid I know this.\nIt's the Agency. They must have noticed something.\n<voice type=order>\nWe need to get out of here!
I2Languages (I2.Loc.LanguageSourceAsset)	Dialogues/scientistNuclearConfrontation28	But...
I2Languages (I2.Loc.LanguageSourceAsset)	Dialogues/prepNuclearConfrontation29	<voice type=negation>\nNo time to talk! Let's find a calmer place first.\n<voice type=order>\nFollow me.
I2Languages (I2.Loc.LanguageSourceAsset)	Dialogues/prepAfterNuclearConfrontation1	<voice type=thanks> \nOkay, we should be safe now.
I2Languages (I2.Loc.LanguageSourceAsset)	Dialogues/scientistAfterNuclearConfrontation2	Thank you, Mr. Prepper. Why did you decide to help me? We had just fought.
I2Languages (I2.Loc.LanguageSourceAsset)	Dialogues/prepAfterNuclearConfrontation3	Look, I’ll assume you were under a lot of stress and didn’t even know what you were doing. Mind control stuff.
I2Languages (I2.Loc.LanguageSourceAsset)	Dialogues/scientistAfterNuclearConfrontation4	<voice type=disappointment> \nBut...
I2Languages (I2.Loc.LanguageSourceAsset)	Dialogues/prepAfterNuclearConfrontation5a	<voice type=acceptance> \nMind control, no doubt. Anyway, I know someone who runs a certain underground community. You could head there—just promise to keep it confidential. \n<voice type=order> \nAnd no 'bless the president' bullshit.
I2Languages (I2.Loc.LanguageSourceAsset)	Dialogues/prepAfterNuclearConfrontation5b	<voice type=acceptance> \nMind control, no doubt. Anyway, you should definitely find a place where you can lay low.\nI'd offer a place in my house, but you know how are the housing conditions in Murricaville, and the Agency controls...
I2Languages (I2.Loc.LanguageSourceAsset)	Dialogues/scientistAfterNuclearConfrontation6a	Alright, alright, I admit I've been... overworked. And hiding for a while sounds like a good idea.
I2Languages (I2.Loc.LanguageSourceAsset)	Dialogues/scientistAfterNuclearConfrontation6b	That's alright, it wouldn't be safe enough.\nBut don't you worry, I have a knack for sniffing out places away from the eyes of the Agency.\nI'll manage.
I2Languages (I2.Loc.LanguageSourceAsset)	Dialogues/prepAfterNuclearConfrontation7a	Head east and keep your eyes open for an abandoned mine. Hard to miss.\nThere are people dwelling inside. Friends. Tell them I sent you. But please, don't do anything stupid and work to earn their trust.
I2Languages (I2.Loc.LanguageSourceAsset)	Dialogues/prepAfterNuclearConfrontation7b	If you say so.\nJust don't let them get in you head again.
I2Languages (I2.Loc.LanguageSourceAsset)	Dialogues/scientistAfterNuclearConfrontation8a	Got it. I won't make any trouble, don't you worry.
I2Languages (I2.Loc.LanguageSourceAsset)	Dialogues/prepTalkWithBobAboutEdward1	So I send you this new tenant. He didn't have anywhere else to go. I hope he behaves.
I2Languages (I2.Loc.LanguageSourceAsset)	Dialogues/bobTalkWithBobAboutEdward2	Oh, Edward is lovely! He sometimes borrows my books and we have little chats.\nHe also keeps trying to mix materials he finds around and make something funny with them.
I2Languages (I2.Loc.LanguageSourceAsset)	Dialogues/prepTalkWithBobAboutEdward3	Damn! I need to talk him out of these shenanigans.
I2Languages (I2.Loc.LanguageSourceAsset)	Dialogues/bobTalkWithBobAboutEdward4	Nah, no worries, Mr. Prepper, I have a good eye on the situation.\nI've been herding the Sleepless for a while, I can handle an eccentric scientist.
I2Languages (I2.Loc.LanguageSourceAsset)	Dialogues/prepSleeplessBaseScientist0	Oh, Edward! You're here!
I2Languages (I2.Loc.LanguageSourceAsset)	Dialogues/scientistSleeplessBaseScientist0	Ha, surprise! I bet you thought you'd seen the last of me!\nSince the Agency raid, I was in search of a place that would be safe, but also cozy.\nThen I noticed the warning signs around the mine and thought - that's the spot.\n
I2Languages (I2.Loc.LanguageSourceAsset)	Dialogues/prepSleeplessBaseScientist1	<voice type=question>\nSo how are you doing down here?
I2Languages (I2.Loc.LanguageSourceAsset)	Dialogues/scientistSleeplessBaseScientist2	I miss all my equipment. It's a bit boring. But in general, I feel... calmer? \nI try not to get carried away with wanting to bring my ideas to life instantly.\nThere's something about the ambience here that is very chill.
I2Languages (I2.Loc.LanguageSourceAsset)	Dialogues/prepSleeplessBaseScientist3	<voice type=question>\nDid you have some time to think over the last events?
I2Languages (I2.Loc.LanguageSourceAsset)	Dialogues/scientistSleeplessBaseScientist4	Yes, I think I was a bit... too self-absorbed and wanting to get a big win quickly.\nThis thing with launching nuclear warheads around? Unhinged, now that I think of it.\nThe elevation angle for the missiles and the wind direction were such that...\n
I2Languages (I2.Loc.LanguageSourceAsset)	Dialogues/prepSleeplessBaseScientist5	Let me stop you right there. It was mind control, is that right?
I2Languages (I2.Loc.LanguageSourceAsset)	Dialogues/scientistSleeplessBaseScientist6	Uhm... Right. Of course. Otherwise, I guess, you would have to punish me instead of just sending to an underground spa.
I2Languages (I2.Loc.LanguageSourceAsset)	Dialogues/scientistSleeplessBaseScientist7	Oh, but one other thing - I still, in my free time, work on some blueprints.\n<voice type=question>\nAre you interested in getting some more?
I2Languages (I2.Loc.LanguageSourceAsset)	Dialogues/prepSleeplessBaseScientist8	<voice type=acceptance>\nSure, they've been very useful so far. Just don't pull off another power trip, please.
I2Languages (I2.Loc.LanguageSourceAsset)	Dialogues/scientistSleeplessRandom1	The experiments on stimulants they're doing here are quite interesting, I must say.\nI won't participate, but I gave them some advice on tweaking the research designs.
I2Languages (I2.Loc.LanguageSourceAsset)	Dialogues/scientistSleeplessRandom2	Now that the things got calmer, maybe I should wrap up the results from my last experiments in a scientific paper.\n<voice type=question>\nBut where should I submit it? Do we still have scientific journals around?
I2Languages (I2.Loc.LanguageSourceAsset)	Dialogues/scientistSleeplessRandom3	I don't know what's the deal with it, but I think the air down here in the mine serves me well.\n<voice type=question>\nIs it diminished influence of mind control? Or maybe there was some disadvantageous factor back in the power plant? Hard to say.
I2Languages (I2.Loc.LanguageSourceAsset)	Dialogues/scientistSleeplessRandom4	<voice type=question>\nMaybe I should install a small nuclear generator around here. You think it's not a good idea? No?\n<voice type=disappointment>\nEven a tiny one? Oh, a pity.
I2Languages (I2.Loc.LanguageSourceAsset)	Dialogues/scientistSleeplessRandom5	<voice type=thanks>\nMy grandfather was a miner somewhere in the region. Maybe even in this mine? It must had been fun!\nI never met him though, he died young. I wonder why.
I2Languages (I2.Loc.LanguageSourceAsset)	Dialogues/prepUraniumCompanySignInspect	"Murricaville Uranium Company."\nThis is the place.
I2Languages (I2.Loc.LanguageSourceAsset)	Dialogues/prepNuclearPowerPlantGeneratorNotActive	<voice type=question>\nWhat do we have here? It must be some kind of generator. And it's powered by...\nOh, it's nuclear. Interesting.
I2Languages (I2.Loc.LanguageSourceAsset)	Dialogues/prepNuclearPowerPlantGeneratorActive	So... The reaction is ongoing and the electricity is being generated. It works! I hope it stays stable.
I2Languages (I2.Loc.LanguageSourceAsset)	Dialogues/prepNuclearPowerPlantGeneratorUnStable1	<voice type=surprise>\nOh no. It's most definitely overheating. It seems the reactor is unstable! \nSomething must be done with it, and quickly.
I2Languages (I2.Loc.LanguageSourceAsset)	Dialogues/prepNuclearPowerPlantGeneratorUnStable2	From the looks of it, it needs a more stable way of delivering fuel, and also something to deal with leaking radiation.
I2Languages (I2.Loc.LanguageSourceAsset)	Dialogues/prepNuclearPowerPlantGeneratorStable	Wow, it looks it's stable and secure now. I can't believe it myself.
I2Languages (I2.Loc.LanguageSourceAsset)	Dialogues/prepNuclearPowerPlantSwitchGearBroken	Okay, I don't need to be an electrician to see that this switchgear is seriously messed up.
I2Languages (I2.Loc.LanguageSourceAsset)	Dialogues/prepNuclearPowerPlantSwitchGearFixed	Now it finally looks like a proper piece of technology. The electricity is flowing.
I2Languages (I2.Loc.LanguageSourceAsset)	Dialogues/prepNuclearPowerPlantScintistPlans1	It's a plan for fixing the nuclear generator. I really, really hope it makes sense.
I2Languages (I2.Loc.LanguageSourceAsset)	Dialogues/prepNuclearPowerPlantScintistPlans2	From what I can tell, this is a plan for fixing a broken electrical switchgear nearby. It looks professional.
I2Languages (I2.Loc.LanguageSourceAsset)	Dialogues/prepNuclearPowerPlantScintistPlans3	This looks pretty much like our postman. Post-man rather. He's artificial. Android. Why? Hell if I know.
I2Languages (I2.Loc.LanguageSourceAsset)	Dialogues/prepNuclearPowerPlantScintistPlans4	These are clearly plans for making simple nuclear bombs. I would really prefer not to see those in the flesh.
I2Languages (I2.Loc.LanguageSourceAsset)	Dialogues/prepRadiationPurgeBeaconDiscovered	<voice type=surprise>\nOh, this might come in handy. I have no idea how this could work, but... it apparently does?\nIt won't fix the damaged generator shell, but it will reduce radiation in the area, which is a good start.\nI still need a solution for the nuclear generator though. I need to keep looking.
I2Languages (I2.Loc.LanguageSourceAsset)	Dialogues/prepNuclearGeneratorRefuelerDiscovered	<voice type=thanks>\nOh, intriguing!\nMaybe if I extrapolate on this design, I will be provide a stable delivery of fuel to the generator.\nAnd this, with some tweaks on moderation, should fix the ustable core.\nI have to take a closer look at this design.
I2Languages (I2.Loc.LanguageSourceAsset)	Dialogues/prepReactorSafetySystemDiscovered	<voice type=acceptance>\nYes, I have an idea now. It's all coming together. \nIf I connect the water pump here for increased neutron moderation, this will decrease the fission energy and the reaction should be more stable.\n<voice type=thanks>\nThis might actually work!
I2Languages (I2.Loc.LanguageSourceAsset)	Dialogues/scientist_Diamond	It's not true that diamonds are forever, they surely burn.\nBut it's possible you will find some in the mines.
I2Languages (I2.Loc.LanguageSourceAsset)	Dialogues/scientist_AnimalPart5	<voice type=question>\nAntlers? Set a trap in the forest. Deers are rare around, I guess? \nUsing a correct bait will help you get them quicker.
I2Languages (I2.Loc.LanguageSourceAsset)	Dialogues/scientist_AntiRadiation	Antiradiation substance? You know the recipe, Mr. Prepper. Just cook a few for me.
I2Languages (I2.Loc.LanguageSourceAsset)	Dialogues/prepCraneMinigameRewards	I should check the floor hatch downstairs to claim the rewards.
I2Languages (I2.Loc.LanguageSourceAsset)	Dialogues/prepCraneMinigameRewardsShort	Time to collect the rewards downstairs.
I2Languages (I2.Loc.LanguageSourceAsset)	Dialogues/scientistScientistLaunch1	Hello, Prepper! Bob told me about the rocket while debriefing about the Operation Awakening.\nSo there was certainly more to your scientific skills than being my lab assistant.
I2Languages (I2.Loc.LanguageSourceAsset)	Dialogues/prepScientistLaunch2	Yeah, who would have thought?\nI needed to keep a low profile. You know what happens when the Agency gets too curious about your research.
I2Languages (I2.Loc.LanguageSourceAsset)	Dialogues/scientistScientistLaunch3	Right. A whole rocket? That's some serious engineering.\nI want to know how you did some of this stuff.\nWhat kind of fuel injection do you have? How did you solve exhaust containment? What happens to the house when...
I2Languages (I2.Loc.LanguageSourceAsset)	Dialogues/prepScientistLaunch4	Let me stop you right there. Launch schedule is tight and I don't have time to discuss the details.\nBut I want to know what are your plans.
I2Languages (I2.Loc.LanguageSourceAsset)	Dialogues/scientistScientistLaunch5	Well, first we'll be conducting this social experiment called Operation Awakening.\nCan't wait to see if it works on people.\nAfter that, I hope to get back to my own stuff.
I2Languages (I2.Loc.LanguageSourceAsset)	Dialogues/prepScientistLaunch6	I see. Don't make it too explosive.
I2Languages (I2.Loc.LanguageSourceAsset)	Dialogues/scientistScientistLaunch7	And that coming from you...
I2Languages (I2.Loc.LanguageSourceAsset)	Dialogues/prepScientistLaunch8	Point taken. So, happy road to progress, I guess.
I2Languages (I2.Loc.LanguageSourceAsset)	Dialogues/scientistScientistLaunch9	Thanks. And have a good launch!
I2Languages (I2.Loc.LanguageSourceAsset)	Dialogues/scientistHi	<voice type=greeting>\n<duration value=2>\nHi, mate!
I2Languages (I2.Loc.LanguageSourceAsset)	Dialogues/scientistGoodbyeEnd	Good flight!
I2Languages (I2.Loc.LanguageSourceAsset)	Dialogues/bobGasMask	A gas mask, huh?\nOne of the Sleepless wears one all the time.\nNever asked why, but I think it’s valuable to her.
I2Languages (I2.Loc.LanguageSourceAsset)	Dialogues/prepPlatformSupport	It needs platform support.
I2Languages (I2.Loc.LanguageSourceAsset)	Dialogues/prepCantClimb	I'm too tired to climb.
I2Languages (I2.Loc.LanguageSourceAsset)	Dialogues/prepUnlockMountainWorkbench	I have a lot of climbing ahead of me.\nI may need to adjust my workbench to better suit crafting mountain climbing equipment. 
I2Languages (I2.Loc.LanguageSourceAsset)	Dialogues/prepEmpty	It's empty
I2Languages (I2.Loc.LanguageSourceAsset)	Dialogues/prepMountainInitLetter	Maybe worth checking.
I2Languages (I2.Loc.LanguageSourceAsset)	Dialogues/prepWalkieTalkie1	Hello...?
I2Languages (I2.Loc.LanguageSourceAsset)	Dialogues/prepWalkieTalkie2	No answer.
I2Languages (I2.Loc.LanguageSourceAsset)	Dialogues/prepWalkieTalkie3	Still no answer.
I2Languages (I2.Loc.LanguageSourceAsset)	Dialogues/prepNeedWalkieTalkie	I should grab the Walkie Talkie in case [blank] wants to make a conntact.
I2Languages (I2.Loc.LanguageSourceAsset)	Dialogues/prepWalkieTalkieAudioLogActive	She doesn't seem to hear me.
I2Languages (I2.Loc.LanguageSourceAsset)	Dialogues/prepRepairRailWayTip	I should try to repair the railway before going further.\nWithout it i want be able to get back in here quickly.
I2Languages (I2.Loc.LanguageSourceAsset)	Dialogues/prepRepairRailWayTip2	I should try to repair the railway before heading back.\nWithout it i want be able to get back in here quickly.
I2Languages (I2.Loc.LanguageSourceAsset)	Dialogues/prepLineBrake	<voice type=anger>\nMy rope broke!
I2Languages (I2.Loc.LanguageSourceAsset)	Dialogues/prepPlatformBrake	<voice type=anger>\nMy platform broke!
I2Languages (I2.Loc.LanguageSourceAsset)	Dialogues/prepPlatformSupportBrake	<voice type=anger>\nMy platform support broke!
I2Languages (I2.Loc.LanguageSourceAsset)	Dialogues/prepGrassSnowPeaksView	It's getting cold.
I2Languages (I2.Loc.LanguageSourceAsset)	Dialogues/prepSnowPeaksView	It's freezing here.
I2Languages (I2.Loc.LanguageSourceAsset)	Dialogues/prepSleepPodBlock	I can't sleep in there tonight. \nMy body would not be able to handle that.\nI need to wait few days.
I2Languages (I2.Loc.LanguageSourceAsset)	Dialogues/prepSleepPodUnlock	Alright, I think I'm starting to get the hang of this cryo-tech. \nLet's give this design a try.
I2Languages (I2.Loc.LanguageSourceAsset)	Dialogues/prepSleepPodFirstNight1	I feel horrible.\nWorst night of my life.
I2Languages (I2.Loc.LanguageSourceAsset)	Dialogues/prepSleepPodFirstNight2	This thing is broken.\nMay us well sleep in my freezer.
I2Languages (I2.Loc.LanguageSourceAsset)	Dialogues/prepSleepPodFirstNight3	Something must be wrong with orginal design.\nMaybe I can find a way to fix it.
I2Languages (I2.Loc.LanguageSourceAsset)	Dialogues/prepSleepPodRepair1	Okay.\nI think i pinned down the issue.\nThis machine need to by spacificly calibrated for the user.
I2Languages (I2.Loc.LanguageSourceAsset)	Dialogues/prepSleepPodRepair2	Alright, now it should work properly.\nLet's give it another try.
I2Languages (I2.Loc.LanguageSourceAsset)	Dialogues/prepSleepPodWorking1	I feel...\nGood.
I2Languages (I2.Loc.LanguageSourceAsset)	Dialogues/prepSleepPodWorking2	Still I would freeze myslef for longer only in case of emergancy.\nBut spending a night in it from time to time can be beneficial.
I2Languages (I2.Loc.LanguageSourceAsset)	Dialogues/prepSaveBlankQuestStart1	Wait...\nBlank wants to use the cryo sleep pod on top of the mountain.\nI dont think she nows it requires callibration.
I2Languages (I2.Loc.LanguageSourceAsset)	Dialogues/prepSaveBlankQuestStart2	Damn broken walkie talkie.\nI have no way to tell her about it.
I2Languages (I2.Loc.LanguageSourceAsset)	Dialogues/prepSaveBlankQuestStart3	I set my cryo sleep pod to just couple hours for testing.\nShe said she will freeze herself for full week.\nThis will be deadly. If I don't do anything, she will die.
I2Languages (I2.Loc.LanguageSourceAsset)	Dialogues/prepSaveBlankQuestStart4	I need to get to the top before her.\nOr...\nEven if she enters the cryo sleep pod, I can still calibrate it with her inside.\nBut for that to work I need to know her height, age, something, something...
I2Languages (I2.Loc.LanguageSourceAsset)	Dialogues/prepSaveBlankQuestStart5	I should listen more carefully to her talking from now on.\nAny information about her, may help in calibrating the cryo sleep pod.
I2Languages (I2.Loc.LanguageSourceAsset)	Dialogues/prepBlankInfo1	prepBlankInfo1
I2Languages (I2.Loc.LanguageSourceAsset)	Dialogues/prepBlankInfo2	prepBlankInfo2
I2Languages (I2.Loc.LanguageSourceAsset)	Dialogues/prepBlankInfo3	prepBlankInfo3
I2Languages (I2.Loc.LanguageSourceAsset)	Dialogues/prepBlankInfo4	prepBlankInfo4
I2Languages (I2.Loc.LanguageSourceAsset)	Dialogues/prepBlankInfo5	prepBlankInfo5
I2Languages (I2.Loc.LanguageSourceAsset)	Dialogues/prepAllBlankInfo	Alright, I think I know enought about her to properly calibrate the cryo sleep pod.\nOnly thing left is to reach the top.
I2Languages (I2.Loc.LanguageSourceAsset)	Dialogues/prepNoticeCryoSleepPod	There she is.
I2Languages (I2.Loc.LanguageSourceAsset)	Dialogues/prepInspectBlankCryoSleepPod	Blank is in there.\nTime is set to one weak.\nAnd all the parameters are... set to default as expected.\nShe will not survive this.\nAnd its too dangerous to force it off. It would shock her system.\nI must properly calibrate the machine for her. I hope I can do its active.
I2Languages (I2.Loc.LanguageSourceAsset)	Dialogues/prepCalibratedBlankCryoSleepPod1	Okay, all done, she should be okay now.
I2Languages (I2.Loc.LanguageSourceAsset)	Dialogues/prepCalibratedBlankCryoSleepPod2	I should come back in couple of days to check on her again.
I2Languages (I2.Loc.LanguageSourceAsset)	Dialogues/dianaCalibratedBlankCryoSleepPod3	Hello...?
I2Languages (I2.Loc.LanguageSourceAsset)	Dialogues/dianaCalibratedBlankCryoSleepPod4	Someone there...?
I2Languages (I2.Loc.LanguageSourceAsset)	Dialogues/prepCalibratedBlankCryoSleepPod5	You shoudn't be awake.\nJust relax, everything is okay. \nWell, now it is. 
I2Languages (I2.Loc.LanguageSourceAsset)	Dialogues/dianaCalibratedBlankCryoSleepPod6	Is that you Mr. Prepper?
I2Languages (I2.Loc.LanguageSourceAsset)	Dialogues/prepCalibratedBlankCryoSleepPod7	prepCalibratedBlankCryoSleepPod8
I2Languages (I2.Loc.LanguageSourceAsset)	Dialogues/dianaCalibratedBlankCryoSleepPod8	dianaCalibratedBlankCryoSleepPod9
I2Languages (I2.Loc.LanguageSourceAsset)	Dialogues/prepCalibratedBlankCryoSleepPod9	prepCalibratedBlankCryoSleepPod10
I2Languages (I2.Loc.LanguageSourceAsset)	Dialogues/dianaCalibratedBlankCryoSleepPod10	dianaCalibratedBlankCryoSleepPod11
I2Languages (I2.Loc.LanguageSourceAsset)	Dialogues/prepCalibratedBlankCryoSleepPod11	prepCalibratedBlankCryoSleepPod12
I2Languages (I2.Loc.LanguageSourceAsset)	Dialogues/dianaCalibratedBlankCryoSleepPod12	dianaCalibratedBlankCryoSleepPod13
I2Languages (I2.Loc.LanguageSourceAsset)	Dialogues/prepCalibratedBlankCryoSleepPod13	prepCalibratedBlankCryoSleepPod14
I2Languages (I2.Loc.LanguageSourceAsset)	Dialogues/prepCalibratedBlankCryoSleepPod14	Diana?
I2Languages (I2.Loc.LanguageSourceAsset)	Dialogues/prepCalibratedBlankCryoSleepPod15	Okay, I think she is back to sleep.\nCryogenic sleep, but still.\nSweet dreams. I will be back.
I2Languages (I2.Loc.LanguageSourceAsset)	Dialogues/prepInspectBlankCryoSleepPodRandom	<random>\nShe is still in there.\nShe looks alright.\nI need to give her time.\n</random>
I2Languages (I2.Loc.LanguageSourceAsset)	Dialogues/prepNoticeCryoSleepPodAfterBlankHealed	She is gone?!
I2Languages (I2.Loc.LanguageSourceAsset)	Dialogues/prepCryoSleepPodAfterBlankHealed1	She is gone.\nShe must have walked out on her own already.\nWhich is a good thing.
I2Languages (I2.Loc.LanguageSourceAsset)	Dialogues/prepCryoSleepPodAfterBlankHealed2	Wonder if I will ever hear from her again.
I2Languages (I2.Loc.LanguageSourceAsset)	Dialogues/prepCryoSleepPodAfterBlankHealed3	Thats her!
I2Languages (I2.Loc.LanguageSourceAsset)	Dialogues/prepOutOfIce	It's out of Ice.
I2Languages (I2.Loc.LanguageSourceAsset)	Dialogues/prepThermosEmpty	It's empty.
I2Languages (I2.Loc.LanguageSourceAsset)	Dialogues/prepRailwayInspect1	It looks funtional.\nWhy not just use it to catch up with Diane?
I2Languages (I2.Loc.LanguageSourceAsset)	Dialogues/prepRailwayInspect2	Doesn't work.
I2Languages (I2.Loc.LanguageSourceAsset)	Dialogues/prepRailwayInspect3	I see. Only first station is currently operational.
I2Languages (I2.Loc.LanguageSourceAsset)	Dialogues/prepRailwayInspect4	I will have to take a long way up.
I2Languages (I2.Loc.LanguageSourceAsset)	Dialogues/prepRailwayInspect5	I could reactivating next station when I reach it.\nIt could at least serve as a quick way to get back, if it will work.
I2Languages (I2.Loc.LanguageSourceAsset)	Dialogues/prepRailwayInspectAlt5	I could try to reactivating this station.\nIt could at least serve as a quick way to get back, if it will work.
I2Languages (I2.Loc.LanguageSourceAsset)	Dialogues/prepRepairFirstRailway	Looks like it works.\nThe power lines still reach this place. It just needed a little kick to get started again.
I2Languages (I2.Loc.LanguageSourceAsset)	Dialogues/prepPeak	That's the top.
I2Languages (I2.Loc.LanguageSourceAsset)	Dialogues/prepLastStation	...and the last Station.
I2Languages (I2.Loc.LanguageSourceAsset)	Dialogues/prepPeakRandom1	Another peak.\nNo way to go further from here.
I2Languages (I2.Loc.LanguageSourceAsset)	Dialogues/prepPeakRandom2	Another peak.
I2Languages (I2.Loc.LanguageSourceAsset)	Dialogues/prepInfinitLevelNote	"I cleared a path to some of surrounding peaks.\nIf you want to climb some more mountain tops, follow this path.\n~Diane"
I2Languages (I2.Loc.LanguageSourceAsset)	Dialogues/prepMountainTraderNote	This looks old, wonder if he still is in buisness. \nCan't imagine thoes mountains getting much traffic now a days.
I2Languages (I2.Loc.LanguageSourceAsset)	Dialogues/prepYetiFootMark1	prepYetiFootMark2
I2Languages (I2.Loc.LanguageSourceAsset)	Dialogues/prepYetiHandMark1	prepYetiHandMark2
I2Languages (I2.Loc.LanguageSourceAsset)	Dialogues/prepYetiRock	prepYetiRock
I2Languages (I2.Loc.LanguageSourceAsset)	Dialogues/prepHeadHurt	My head hurts
I2Languages (I2.Loc.LanguageSourceAsset)	Items/Apple	Apple
I2Languages (I2.Loc.LanguageSourceAsset)	Items/Axe	Axe
I2Languages (I2.Loc.LanguageSourceAsset)	Items/Backpack	Backpack
I2Languages (I2.Loc.LanguageSourceAsset)	Items/BaseballBat	Baseball Bat
I2Languages (I2.Loc.LanguageSourceAsset)	Items/Bed	Bed
I2Languages (I2.Loc.LanguageSourceAsset)	Items/Bin	Bin
I2Languages (I2.Loc.LanguageSourceAsset)	Items/BinMountain	Bin
I2Languages (I2.Loc.LanguageSourceAsset)	Items/BiodieselBarrel1	Fuel Barrel
I2Languages (I2.Loc.LanguageSourceAsset)	Items/Blueberrie	Blueberries
I2Languages (I2.Loc.LanguageSourceAsset)	Items/BlueberryTest	BlueberryTest
I2Languages (I2.Loc.LanguageSourceAsset)	Items/Book	Book
I2Languages (I2.Loc.LanguageSourceAsset)	Items/Book1	Book
I2Languages (I2.Loc.LanguageSourceAsset)	Items/Book2	Book
I2Languages (I2.Loc.LanguageSourceAsset)	Items/Book3	Book
I2Languages (I2.Loc.LanguageSourceAsset)	Items/Book4	Book
I2Languages (I2.Loc.LanguageSourceAsset)	Items/BookSet1	Book Set
I2Languages (I2.Loc.LanguageSourceAsset)	Items/BookSet2	Book Set
I2Languages (I2.Loc.LanguageSourceAsset)	Items/Bowl1	Bowl
I2Languages (I2.Loc.LanguageSourceAsset)	Items/Box Square Large Blue	Large Square Blue Box
I2Languages (I2.Loc.LanguageSourceAsset)	Items/Box Square Large Green	Large Square Green Box
I2Languages (I2.Loc.LanguageSourceAsset)	Items/Box Square Large Red	Large Square Red Box
I2Languages (I2.Loc.LanguageSourceAsset)	Items/Box Square Small Blue	Small Square Blue Box
I2Languages (I2.Loc.LanguageSourceAsset)	Items/Box Square Small Green	Small Square Green Box
I2Languages (I2.Loc.LanguageSourceAsset)	Items/Box Square Small Red	Small Square Red Box
I2Languages (I2.Loc.LanguageSourceAsset)	Items/BoxCookies	Cookies Box
I2Languages (I2.Loc.LanguageSourceAsset)	Items/BoxRoundBlue	Round Blue Box 
I2Languages (I2.Loc.LanguageSourceAsset)	Items/BoxRoundGreen	Round Green Box 
I2Languages (I2.Loc.LanguageSourceAsset)	Items/BoxRoundRed	Round Red Box 
I2Languages (I2.Loc.LanguageSourceAsset)	Items/BreadBox	Bread Box
I2Languages (I2.Loc.LanguageSourceAsset)	Items/Can	Can
I2Languages (I2.Loc.LanguageSourceAsset)	Items/Can_long	Can
I2Languages (I2.Loc.LanguageSourceAsset)	Items/Can_puszka_long	Can
I2Languages (I2.Loc.LanguageSourceAsset)	Items/Can_square	Can
I2Languages (I2.Loc.LanguageSourceAsset)	Items/Canvas	Canvas
I2Languages (I2.Loc.LanguageSourceAsset)	Items/Canvas2	Canvas
I2Languages (I2.Loc.LanguageSourceAsset)	Items/Carpet	Carpet
I2Languages (I2.Loc.LanguageSourceAsset)	Items/Carrot	Carrot
I2Languages (I2.Loc.LanguageSourceAsset)	Items/Chair	Chair
I2Languages (I2.Loc.LanguageSourceAsset)	Items/Chair Wood	Wood Chair
I2Languages (I2.Loc.LanguageSourceAsset)	Items/Chandelier	Ceiling Lamp
I2Languages (I2.Loc.LanguageSourceAsset)	Items/Chandelier2	Ceiling Lamp
I2Languages (I2.Loc.LanguageSourceAsset)	Items/Chandelier3	Ceiling Lamp
I2Languages (I2.Loc.LanguageSourceAsset)	Items/Chandelier5	Ceiling Lamp
I2Languages (I2.Loc.LanguageSourceAsset)	Items/Computer	Computer
I2Languages (I2.Loc.LanguageSourceAsset)	Items/Corn	Corn
I2Languages (I2.Loc.LanguageSourceAsset)	Items/CrateBox1	Crate
I2Languages (I2.Loc.LanguageSourceAsset)	Items/Cup Green	Green Cup
I2Languages (I2.Loc.LanguageSourceAsset)	Items/Cup Purple	Purple Cup
I2Languages (I2.Loc.LanguageSourceAsset)	Items/Cup Red	Red Cup
I2Languages (I2.Loc.LanguageSourceAsset)	Items/Cup White	White Cup
I2Languages (I2.Loc.LanguageSourceAsset)	Items/DesKeyApple	An apple a day keeps the doctor away.
I2Languages (I2.Loc.LanguageSourceAsset)	Items/DesKeyAxe	You know what they say about axes. \nExactly, they are good at chopping. 
I2Languages (I2.Loc.LanguageSourceAsset)	Items/DesKeyBackpack	Gives you ability to carry more.
I2Languages (I2.Loc.LanguageSourceAsset)	Items/DesKeyBaseballBat	Take a swing and hit. (You didn't expect any baseball teams in Murricaville, did you?)
I2Languages (I2.Loc.LanguageSourceAsset)	Items/DesKeyBed	Ah, sweet sleep. Sleeping is useful for recovering energy.
I2Languages (I2.Loc.LanguageSourceAsset)	Items/DesKeyBin	An entry to a bottomless void that can devour any matter. \nTry not to fall in there.
I2Languages (I2.Loc.LanguageSourceAsset)	Items/DesKeyBiodieselBarrel1	You can store fuel here.
I2Languages (I2.Loc.LanguageSourceAsset)	Items/DesKeyBlueberrie	Forest fruits. You can eat them or cook them.
I2Languages (I2.Loc.LanguageSourceAsset)	Items/DesKeyBlueberryTest	Gifts of the forest. \nAlso you can eat or cook them.
I2Languages (I2.Loc.LanguageSourceAsset)	Items/DesKeyBook	They say reading books broadens your horizons and increases your cultural and social capital.\nBut you can also scrap them for materials.\n
I2Languages (I2.Loc.LanguageSourceAsset)	Items/DesKeyBook1	They say reading books broadens your horizons and increases your cultural and social capital.\nBut you can also scrap them for materials.\n
I2Languages (I2.Loc.LanguageSourceAsset)	Items/DesKeyBook2	They say reading books broadens your horizons and increases your cultural and social capital.\nBut you can also scrap them for materials.\n
I2Languages (I2.Loc.LanguageSourceAsset)	Items/DesKeyBook3	They say reading books broadens your horizons and increases your cultural and social capital.\nBut you can also scrap them for materials.\n
I2Languages (I2.Loc.LanguageSourceAsset)	Items/DesKeyBook4	They say reading books broadens your horizons and increases your cultural and social capital.\nBut you can also scrap them for materials.\n
I2Languages (I2.Loc.LanguageSourceAsset)	Items/DesKeyBookSet1	They say reading books broadens your horizons and increases your cultural and social capital.\nBut you can also scrap them for materials.\n
I2Languages (I2.Loc.LanguageSourceAsset)	Items/DesKeyBookSet2	They say reading books broadens your horizons and increases your cultural and social capital.\nBut you can also scrap them for materials.\n
I2Languages (I2.Loc.LanguageSourceAsset)	Items/DesKeyBowl1	You can eat from it or scrap it for materials.
I2Languages (I2.Loc.LanguageSourceAsset)	Items/DesKeyBox Square Large Blue	A blue box. Can be disassembled.
I2Languages (I2.Loc.LanguageSourceAsset)	Items/DesKeyBox Square Large Green	A green box. Can be disassembled.
I2Languages (I2.Loc.LanguageSourceAsset)	Items/DesKeyBox Square Large Red	Some people keep cookies in those. Others transform them into weapons.
I2Languages (I2.Loc.LanguageSourceAsset)	Items/DesKeyBox Square Small Blue	Where did all these cookies go?
I2Languages (I2.Loc.LanguageSourceAsset)	Items/DesKeyBox Square Small Green	Can be disassembled. A good source of materials.
I2Languages (I2.Loc.LanguageSourceAsset)	Items/DesKeyBox Square Small Red	Can be disassembled. A good source of materials.
I2Languages (I2.Loc.LanguageSourceAsset)	Items/DesKeyBoxCookies	Can be disassembled. A good source of materials.
I2Languages (I2.Loc.LanguageSourceAsset)	Items/DesKeyBoxRoundBlue	Can be disassembled. A good source of materials.
I2Languages (I2.Loc.LanguageSourceAsset)	Items/DesKeyBoxRoundGreen	Can be disassembled. A good source of materials.
I2Languages (I2.Loc.LanguageSourceAsset)	Items/DesKeyBoxRoundRed	Can be disassembled. A good source of materials.
I2Languages (I2.Loc.LanguageSourceAsset)	Items/DesKeyBreadBox	Preppers don't use breadboxes, but they still be used for materials.
I2Languages (I2.Loc.LanguageSourceAsset)	Items/DesKeyCan	This is the basic unit of food. Gonna save you in difficult situations.
I2Languages (I2.Loc.LanguageSourceAsset)	Items/DesKeyCan_long	This is the basic unit of food. Gonna save you in difficult situations.
I2Languages (I2.Loc.LanguageSourceAsset)	Items/DesKeyCan_puszka_long	This is the basic unit of food. Gonna save you in difficult situations.
I2Languages (I2.Loc.LanguageSourceAsset)	Items/DesKeyCan_square	This is the basic unit of food. Gonna save you in difficult situations.
I2Languages (I2.Loc.LanguageSourceAsset)	Items/DesKeyCanvas	One of your priceless paintings.
I2Languages (I2.Loc.LanguageSourceAsset)	Items/DesKeyCanvas2	One of your priceless paintings.
I2Languages (I2.Loc.LanguageSourceAsset)	Items/DesKeyCarpet	Don't let ANYBODY look under the carpet.
I2Languages (I2.Loc.LanguageSourceAsset)	Items/DesKeyCarrot	You can eat it raw or cook it. Such a versatile veggie.
I2Languages (I2.Loc.LanguageSourceAsset)	Items/DesKeyChair	You can not only sit on it, but also disassemble it!
I2Languages (I2.Loc.LanguageSourceAsset)	Items/DesKeyChair Wood	You can not only sit on it, but also disassemble it!
I2Languages (I2.Loc.LanguageSourceAsset)	Items/DesKeyChandelier	Let there be a light! But you can also sell or disassemble it.
I2Languages (I2.Loc.LanguageSourceAsset)	Items/DesKeyChandelier2	Let there be a light! But you can also sell or disassemble it.
I2Languages (I2.Loc.LanguageSourceAsset)	Items/DesKeyChandelier3	Let there be a light! But you can also sell or disassemble it.
I2Languages (I2.Loc.LanguageSourceAsset)	Items/DesKeyChandelier5	Let there be a light! But you can also sell or disassemble it.
I2Languages (I2.Loc.LanguageSourceAsset)	Items/DesKeyComputer	A miracle of modern technology. It can be a source of materials, too.
I2Languages (I2.Loc.LanguageSourceAsset)	Items/DesKeyCorn	Tastes best when cooked. Also, you can make flour of it.
I2Languages (I2.Loc.LanguageSourceAsset)	Items/DesKeyCrateBox1	Just a basic wooden box. Easy to disassemble.
I2Languages (I2.Loc.LanguageSourceAsset)	Items/DesKeyCup Green	Useful for holding liquids. Can be dissassembled. A good source of materials.
I2Languages (I2.Loc.LanguageSourceAsset)	Items/DesKeyCup Purple	Useful for holding liquids. Can be dissassembled. A good source of materials.
I2Languages (I2.Loc.LanguageSourceAsset)	Items/DesKeyCup Red	Useful for holding liquids. Can be dissassembled. A good source of materials.
I2Languages (I2.Loc.LanguageSourceAsset)	Items/DesKeyCup White	Useful for holding liquids. Can be dissassembled. A good source of materials.
I2Languages (I2.Loc.LanguageSourceAsset)	Items/DesKeyDieselBarrel1	Store fuel here.
I2Languages (I2.Loc.LanguageSourceAsset)	Items/DesKeyElectronics	Rare basic material. 
I2Languages (I2.Loc.LanguageSourceAsset)	Items/DesKeyField Ration	This is the basic unit of food. Gonna save you in difficult situations.
I2Languages (I2.Loc.LanguageSourceAsset)	Items/DesKeyField Ration Big	This is the bigger unit of food. Gonna save you in difficult situations.
I2Languages (I2.Loc.LanguageSourceAsset)	Items/DesKeyFlower	A house plant. Purely decorative. Doesn't even have a name.
I2Languages (I2.Loc.LanguageSourceAsset)	Items/DesKeyFlower2	A house plant. Purely decorative. Doesn't even have a name.
I2Languages (I2.Loc.LanguageSourceAsset)	Items/DesKeyFreezer	Food stored in this container will never go off.\n
I2Languages (I2.Loc.LanguageSourceAsset)	Items/DesKeyFridge	Use it to store your food and protect it from going off.
I2Languages (I2.Loc.LanguageSourceAsset)	Items/DesKeyFuel	The basic unit of energy. Can be used in a generator.
I2Languages (I2.Loc.LanguageSourceAsset)	Items/DesKeyGasolineBarrel	Store some fuel to be able to power your generator in the future.
I2Languages (I2.Loc.LanguageSourceAsset)	Items/DesKeyGenerator	It will allow you to become independent of your energy supplier. Devours fuel like a monster.
I2Languages (I2.Loc.LanguageSourceAsset)	Items/DesKeyGlass	Basic material. You can get it by transforming stone in a furnace.
I2Languages (I2.Loc.LanguageSourceAsset)	Items/DesKeyGreenHouse	Makes your plants feel cozy by providing them with light. Tomatoes and oranges can grow in there.
I2Languages (I2.Loc.LanguageSourceAsset)	Items/DesKeyGround	Basic material. Allows you to make patches of soil for gardening.
I2Languages (I2.Loc.LanguageSourceAsset)	Items/DesKeyHuntingClothes	Allows you to be a better hunter. Use it in the woods.
I2Languages (I2.Loc.LanguageSourceAsset)	Items/DesKeyKettle	Perhaps it can make tea?
I2Languages (I2.Loc.LanguageSourceAsset)	Items/DesKeyKitchenHood	A kitchen hood. Saves you from fumes or gives you materials.
I2Languages (I2.Loc.LanguageSourceAsset)	Items/Kitchen Cupboard	A simple kitchen cupboard. Disassemble it. Just do it!
I2Languages (I2.Loc.LanguageSourceAsset)	Items/DesKeyKitchenWardrobe3	A simple kitchen cupboard. Disassemble it. Just do it!
I2Languages (I2.Loc.LanguageSourceAsset)	Items/DesKeyKitchenWardrobe4	A simple kitchen cupboard. Disassemble it. Just do it!
I2Languages (I2.Loc.LanguageSourceAsset)	Items/DesKeyKitchenWardrobe5	A simple kitchen cupboard. Disassemble it. Just do it!
I2Languages (I2.Loc.LanguageSourceAsset)	Items/DesKeyKitchenWardrobe_M	A simple kitchen cupboard. Disassemble it. Just do it!
I2Languages (I2.Loc.LanguageSourceAsset)	Items/DesKeyLadder	Use it to move between levels in your bunker.
I2Languages (I2.Loc.LanguageSourceAsset)	Items/DesKeyLamp	This kind of lamp is supposedly perfect for use in underground shelters.
I2Languages (I2.Loc.LanguageSourceAsset)	Items/DesKeyLettuce	Good for making pickled foods or fresh salads.
I2Languages (I2.Loc.LanguageSourceAsset)	Items/DesKeyLever	A relatively simple lever. Maybe it will be useful in fixing the ropeway?
I2Languages (I2.Loc.LanguageSourceAsset)	Items/DesKeyLog	Chunky and heavy, but worth taking home.
I2Languages (I2.Loc.LanguageSourceAsset)	Items/DesKeyLoona Tuna	Food is food, even if it smells fishy.
I2Languages (I2.Loc.LanguageSourceAsset)	Items/DesKeyMailBox	Your window to the world. Brings you good and bad news. Also used for trading.
I2Languages (I2.Loc.LanguageSourceAsset)	Items/DesKeyManhole	Use it to move around in your bunker.
I2Languages (I2.Loc.LanguageSourceAsset)	Items/DesKeyMeat	A basis for a hearty meal.\nIt can be cooked, dried, or done however you want.
I2Languages (I2.Loc.LanguageSourceAsset)	Items/DesKeyMetal	Basic material. Metal will be useful for plenty of things you build.
I2Languages (I2.Loc.LanguageSourceAsset)	Items/DesKeyMinerHelmet	Protects your head and has a light attached. Useful underground, perhaps?
I2Languages (I2.Loc.LanguageSourceAsset)	Items/DesKeyMoney	The basic means of payment in your beautiful country: an apocalyptic dollar.
I2Languages (I2.Loc.LanguageSourceAsset)	Items/DesKeyNewspaper	Only the truest and most relevant information. \nDon't miss the next weeks of OUR TRUTH!
I2Languages (I2.Loc.LanguageSourceAsset)	Items/DesKeyOilBarrel1	You can store the surplus of oil in here.
I2Languages (I2.Loc.LanguageSourceAsset)	Items/DesKeyOrange	Maybe it can be transformed to something delicious.
I2Languages (I2.Loc.LanguageSourceAsset)	Items/DesKeyPan	Just a frying pan. You will receive some materials after disassembling. 
I2Languages (I2.Loc.LanguageSourceAsset)	Items/DesKeyPhone	Hello? Is it me you're looking for? 
I2Languages (I2.Loc.LanguageSourceAsset)	Items/DesKeyPicture1	One of your priceless paintings.
I2Languages (I2.Loc.LanguageSourceAsset)	Items/DesKeyPlastic	Basic material. 
I2Languages (I2.Loc.LanguageSourceAsset)	Items/DesKeyPlate Green	You don't need all these plates. You will receive glass after disassembling them.
I2Languages (I2.Loc.LanguageSourceAsset)	Items/DesKeyPlate Red	You don't need all these plates. You will receive glass after disassembling them.
I2Languages (I2.Loc.LanguageSourceAsset)	Items/DesKeyPlate White	You don't need all these plates. You will receive glass after disassembling them.
I2Languages (I2.Loc.LanguageSourceAsset)	Items/DesKeyPot Green	Just a pot for cooking. You will receive some materials after disassembling it.
I2Languages (I2.Loc.LanguageSourceAsset)	Items/DesKeyPot Main	Just a pot for cooking. You will receive some materials after disassembling it.
I2Languages (I2.Loc.LanguageSourceAsset)	Items/DesKeyPot Red	Just a pot for cooking. You will receive some materials after disassembling it.
I2Languages (I2.Loc.LanguageSourceAsset)	Items/DesKeyRadio	Nobody killed the radio star in this timeline.
I2Languages (I2.Loc.LanguageSourceAsset)	Items/	
I2Languages (I2.Loc.LanguageSourceAsset)	Items/DesKeyRafinery	Converts oil from the mines into proper, refined fuel.
I2Languages (I2.Loc.LanguageSourceAsset)	Items/DesKeyRevolver	Can be helpful in difficult situations. You need bullets to use it.
I2Languages (I2.Loc.LanguageSourceAsset)	Items/DesKeyRifle	Stronger, but slower than a revolver. Can be useful against large enemies.
I2Languages (I2.Loc.LanguageSourceAsset)	Items/DesKeyRocketPlan	Your precious ULTIMATE PLAN. It's gonna help you build a rocket.
I2Languages (I2.Loc.LanguageSourceAsset)	Items/DesKeySaltPepper	Adds new properties to your food.
I2Languages (I2.Loc.LanguageSourceAsset)	Items/DesKeySeed Apple	Put into a patch of soil to grow an apple tree. You need a high room for that.
