# source	term	english
I2Languages (I2.Loc.LanguageSourceAsset)	Items/DesKeySeed Carrot	Put into a patch of soil to grow some carrots.
I2Languages (I2.Loc.LanguageSourceAsset)	Items/DesKeySeed Corn	Put into a planter to grow corn.
I2Languages (I2.Loc.LanguageSourceAsset)	Items/DesKeySeed Lettuce	Put into a patch of soil to grow cabbage.
I2Languages (I2.Loc.LanguageSourceAsset)	Items/DesKeySeed Orange	Put into a greenhouse to grow an orange tree.
I2Languages (I2.Loc.LanguageSourceAsset)	Items/DesKeySeed Tomato	Put into a greenhouse to grow a tomato bush.
I2Languages (I2.Loc.LanguageSourceAsset)	Items/DesKeySeed Turnip	Put into a patch of soil to grow beetroot.
I2Languages (I2.Loc.LanguageSourceAsset)	Items/DesKeyShelf	A piece of furniture, useful for storage.
I2Languages (I2.Loc.LanguageSourceAsset)	Items/DesKeySink	Your main source of water. 
I2Languages (I2.Loc.LanguageSourceAsset)	Items/DesKeySofa	Another piece of furniture. Sell it or disassemble it.
I2Languages (I2.Loc.LanguageSourceAsset)	Items/DesKeySoup	A basic portion of food. Gonna save you in difficult situations.
I2Languages (I2.Loc.LanguageSourceAsset)	Items/DesKeyStone	Basic material. You can get it from a mine. You can transform it into glass in a furnace.
I2Languages (I2.Loc.LanguageSourceAsset)	Items/DesKeyStove	It's a bit like workbench, but for cooking! Cutting edge technology.
I2Languages (I2.Loc.LanguageSourceAsset)	Items/DesKeyTEST	test
I2Languages (I2.Loc.LanguageSourceAsset)	Items/DesKeyTable	Another piece of furniture. Sell it or disassemble it.
I2Languages (I2.Loc.LanguageSourceAsset)	Items/DesKeyTestSeed	test
I2Languages (I2.Loc.LanguageSourceAsset)	Items/DesKeyTextile	Basic material. Use it to craft some clothes.
I2Languages (I2.Loc.LanguageSourceAsset)	Items/DesKeyTomato	A well-known vegetable. Try cooking it! A good base for soups and sauces.
I2Languages (I2.Loc.LanguageSourceAsset)	Items/DesKeyTowel1	Do you really want to clean right now? You can always disassemble it.
I2Languages (I2.Loc.LanguageSourceAsset)	Items/DesKeyTrashpaper	Some used newspapers.\nYou won't get much information from them anymore.
I2Languages (I2.Loc.LanguageSourceAsset)	Items/DesKeyTree Patch	A place where every seed can grow.
I2Languages (I2.Loc.LanguageSourceAsset)	Items/DesKeyTreePatch	Perfect for planting. You can increase your food supply thanks to it. 
I2Languages (I2.Loc.LanguageSourceAsset)	Items/DesKeyTurnip	It's okay, you can eat that. You can also use it to make some sugar.
I2Languages (I2.Loc.LanguageSourceAsset)	Items/DesKeyWall Lamp	This kind of lamp is supposedly perfect for use in underground shelters.
I2Languages (I2.Loc.LanguageSourceAsset)	Items/DesKeyWallLamp	This kind of lamp is supposedly perfect for use in underground shelters.
I2Languages (I2.Loc.LanguageSourceAsset)	Items/DesKeyWardrobe	Hide something in it or turn it into wood.
I2Languages (I2.Loc.LanguageSourceAsset)	Items/DesKeyWardrobe2	Hide something in it or turn it into wood.
I2Languages (I2.Loc.LanguageSourceAsset)	Items/DesKeyWardrobe3	Hide something in it or turn it into wood.
I2Languages (I2.Loc.LanguageSourceAsset)	Items/DesKeyWater	This is the basic unit of water. It will make your plants happy.
I2Languages (I2.Loc.LanguageSourceAsset)	Items/DesKeyWaterMachine	This wonder of modern technology will collect water for you.\n
I2Languages (I2.Loc.LanguageSourceAsset)	Items/DesKeyWatertank	You can put it wherever you like and fill it with plenty of water.\nWhen a drought comes, it can be your main source of water.
I2Languages (I2.Loc.LanguageSourceAsset)	Items/DesKeyWinterClothes	This clothing will keep you warm in difficult conditions.
I2Languages (I2.Loc.LanguageSourceAsset)	Items/DesKeyWolf Skin	Now you can be a sheep in wolf's skin! Use the pelt to craft warm clothes.
I2Languages (I2.Loc.LanguageSourceAsset)	Items/DesKeyWood	Basic material. There is plenty of it in the forest.
I2Languages (I2.Loc.LanguageSourceAsset)	Items/DesKeyWooden Chest	Designed to hide your treasures.
I2Languages (I2.Loc.LanguageSourceAsset)	Items/DesKeyWoodenChest	Designed to hide your treasures.
I2Languages (I2.Loc.LanguageSourceAsset)	Items/DesKeyWoodenPallet	Another source of wood. 
I2Languages (I2.Loc.LanguageSourceAsset)	Items/DesKeyWorkbench	Lets you create and disassemble items.
I2Languages (I2.Loc.LanguageSourceAsset)	Items/DesKeyWorkbench level 1	Lets you create and disassemble items.
I2Languages (I2.Loc.LanguageSourceAsset)	Items/DesKeyWorkbench level 2	Lets you create and disassemble items.
I2Languages (I2.Loc.LanguageSourceAsset)	Items/DesKeyWorkbench level 3	Lets you create and disassemble items.
I2Languages (I2.Loc.LanguageSourceAsset)	Items/DesKeyWorkbench level 4	Lets you create and disassemble items.
I2Languages (I2.Loc.LanguageSourceAsset)	Items/DesKeyWorkshop shelf large	Perfect for stacking all your stuff in the bunker.
I2Languages (I2.Loc.LanguageSourceAsset)	Items/DesKeyWorkshop shelf small	Perfect for stacking all your stuff in the bunker.
I2Languages (I2.Loc.LanguageSourceAsset)	Items/DesKeyZielarka	--
I2Languages (I2.Loc.LanguageSourceAsset)	Items/DesKeyZielarkaProto	--
I2Languages (I2.Loc.LanguageSourceAsset)	Items/DesKeybeartrap	Set them in the forest to get fresh meat.
I2Languages (I2.Loc.LanguageSourceAsset)	Items/DesKeyelectricity box	The electricity meter shows current power levels in your home and in the bunker.
I2Languages (I2.Loc.LanguageSourceAsset)	Items/DesKeypillarHolder	Used for traveling between forest areas. Needs to be repaired first.
I2Languages (I2.Loc.LanguageSourceAsset)	Items/DieselBarrel1	Fuel Barrel
I2Languages (I2.Loc.LanguageSourceAsset)	Items/Electronics	Electronics
I2Languages (I2.Loc.LanguageSourceAsset)	Items/Field Ration	Field Ration
I2Languages (I2.Loc.LanguageSourceAsset)	Items/Field Ration Big	Big Field Ration
I2Languages (I2.Loc.LanguageSourceAsset)	Items/Flower	Plant
I2Languages (I2.Loc.LanguageSourceAsset)	Items/Flower2	Plant
I2Languages (I2.Loc.LanguageSourceAsset)	Items/Freezer	Freezer
I2Languages (I2.Loc.LanguageSourceAsset)	Items/Fridge	Fridge
I2Languages (I2.Loc.LanguageSourceAsset)	Items/Fuel	Fuel
I2Languages (I2.Loc.LanguageSourceAsset)	Items/GasolineBarrel	Fuel Barrel
I2Languages (I2.Loc.LanguageSourceAsset)	Items/Generator	Generator
I2Languages (I2.Loc.LanguageSourceAsset)	Items/Glass	Glass
I2Languages (I2.Loc.LanguageSourceAsset)	Items/GreenHouse	Greenhouse
I2Languages (I2.Loc.LanguageSourceAsset)	Items/Ground	Ground
I2Languages (I2.Loc.LanguageSourceAsset)	Items/HuntingClothes	Hunting Clothes
I2Languages (I2.Loc.LanguageSourceAsset)	Items/Kettle	Kettle
I2Languages (I2.Loc.LanguageSourceAsset)	Items/KitchenHood	Kitchen Hood
I2Languages (I2.Loc.LanguageSourceAsset)	Items/KitchenWardrobe2	Kitchen Cupboard
I2Languages (I2.Loc.LanguageSourceAsset)	Items/KitchenWardrobe3	Kitchen Cupboard
I2Languages (I2.Loc.LanguageSourceAsset)	Items/KitchenWardrobe4	Kitchen Cupboard
I2Languages (I2.Loc.LanguageSourceAsset)	Items/KitchenWardrobe5	Kitchen Cupboard
I2Languages (I2.Loc.LanguageSourceAsset)	Items/KitchenWardrobe_M	Kitchen Cupboard
I2Languages (I2.Loc.LanguageSourceAsset)	Items/Ladder	Ladder
I2Languages (I2.Loc.LanguageSourceAsset)	Items/Lamp	Lamp
I2Languages (I2.Loc.LanguageSourceAsset)	Items/Lettuce	Cabbage
I2Languages (I2.Loc.LanguageSourceAsset)	Items/Lever	Lever
I2Languages (I2.Loc.LanguageSourceAsset)	Items/Log	Log
I2Languages (I2.Loc.LanguageSourceAsset)	Items/Loona Tuna	Loona Tuna
I2Languages (I2.Loc.LanguageSourceAsset)	Items/MailBox	Mailbox
I2Languages (I2.Loc.LanguageSourceAsset)	Items/Manhole	Manhole
I2Languages (I2.Loc.LanguageSourceAsset)	Items/Meat	Meat
I2Languages (I2.Loc.LanguageSourceAsset)	Items/Metal	Metal
I2Languages (I2.Loc.LanguageSourceAsset)	Items/MinerHelmet	Miner Helmet
I2Languages (I2.Loc.LanguageSourceAsset)	Items/Money	Money
I2Languages (I2.Loc.LanguageSourceAsset)	Items/Newspaper	Newspaper
I2Languages (I2.Loc.LanguageSourceAsset)	Items/OilBarrel1	Oil Barrel
I2Languages (I2.Loc.LanguageSourceAsset)	Items/Orange	Orange
I2Languages (I2.Loc.LanguageSourceAsset)	Items/Pan	Pan
I2Languages (I2.Loc.LanguageSourceAsset)	Items/Phone	Phone
I2Languages (I2.Loc.LanguageSourceAsset)	Items/Picture1	Canvas
I2Languages (I2.Loc.LanguageSourceAsset)	Items/Plastic	Plastic
I2Languages (I2.Loc.LanguageSourceAsset)	Items/Plate Green	Green Plate
I2Languages (I2.Loc.LanguageSourceAsset)	Items/Plate Red	Red Plate
I2Languages (I2.Loc.LanguageSourceAsset)	Items/Plate White	White Plate
I2Languages (I2.Loc.LanguageSourceAsset)	Items/Pot Green	Green Pot
I2Languages (I2.Loc.LanguageSourceAsset)	Items/Pot Main	Blue Pot
I2Languages (I2.Loc.LanguageSourceAsset)	Items/Pot Red	Red Pot
I2Languages (I2.Loc.LanguageSourceAsset)	Items/Radio	Radio
I2Languages (I2.Loc.LanguageSourceAsset)	Items/Rafinery	Refinery
I2Languages (I2.Loc.LanguageSourceAsset)	Items/Revolver	Revolver
I2Languages (I2.Loc.LanguageSourceAsset)	Items/Rifle	Rifle
I2Languages (I2.Loc.LanguageSourceAsset)	Items/RocketPlan	Rocket Plan
I2Languages (I2.Loc.LanguageSourceAsset)	Items/SaltPepper	Salt
I2Languages (I2.Loc.LanguageSourceAsset)	Items/Seed Apple	Apple Seed
I2Languages (I2.Loc.LanguageSourceAsset)	Items/Seed Carrot	Carrot Seed 
I2Languages (I2.Loc.LanguageSourceAsset)	Items/Seed Corn	Corn Seed 
I2Languages (I2.Loc.LanguageSourceAsset)	Items/Seed Lettuce	Cabbage Seed 
I2Languages (I2.Loc.LanguageSourceAsset)	Items/Seed Orange	Orange Seed 
I2Languages (I2.Loc.LanguageSourceAsset)	Items/Seed Tomato	Tomato Seed 
I2Languages (I2.Loc.LanguageSourceAsset)	Items/Seed Turnip	Beet Seed 
I2Languages (I2.Loc.LanguageSourceAsset)	Items/Shelf	Shelf
I2Languages (I2.Loc.LanguageSourceAsset)	Items/Sink	Sink
I2Languages (I2.Loc.LanguageSourceAsset)	Items/Sofa	Sofa
I2Languages (I2.Loc.LanguageSourceAsset)	Items/Soup	Soup
I2Languages (I2.Loc.LanguageSourceAsset)	Items/Stone	Stone
I2Languages (I2.Loc.LanguageSourceAsset)	Items/Stove	Stove
I2Languages (I2.Loc.LanguageSourceAsset)	Items/TEST	TEST
I2Languages (I2.Loc.LanguageSourceAsset)	Items/Table	Table
I2Languages (I2.Loc.LanguageSourceAsset)	Items/TestSeed	TestSeed
I2Languages (I2.Loc.LanguageSourceAsset)	Items/Textile	Textile
I2Languages (I2.Loc.LanguageSourceAsset)	Items/Tomato	Tomato
I2Languages (I2.Loc.LanguageSourceAsset)	Items/Towel1	Towel
I2Languages (I2.Loc.LanguageSourceAsset)	Items/Trashpaper	Waste Paper
I2Languages (I2.Loc.LanguageSourceAsset)	Items/Tree Patch	Tree Patch
I2Languages (I2.Loc.LanguageSourceAsset)	Items/TreePatch	Planter
I2Languages (I2.Loc.LanguageSourceAsset)	Items/Turnip	Beet
I2Languages (I2.Loc.LanguageSourceAsset)	Items/Wall Lamp	Wall Lamp
I2Languages (I2.Loc.LanguageSourceAsset)	Items/WallLamp	Wall Lamp
I2Languages (I2.Loc.LanguageSourceAsset)	Items/Wardrobe	Wardrobe
I2Languages (I2.Loc.LanguageSourceAsset)	Items/Wardrobe2	Wardrobe
I2Languages (I2.Loc.LanguageSourceAsset)	Items/Wardrobe3	Wardrobe
I2Languages (I2.Loc.LanguageSourceAsset)	Items/Water	Water
I2Languages (I2.Loc.LanguageSourceAsset)	Items/WaterMachine	Waterloo 1815
I2Languages (I2.Loc.LanguageSourceAsset)	Items/Watertank	Water Tank
I2Languages (I2.Loc.LanguageSourceAsset)	Items/WinterClothes	Warm Clothes
I2Languages (I2.Loc.LanguageSourceAsset)	Items/Wolf Skin	Wolf Skin
I2Languages (I2.Loc.LanguageSourceAsset)	Items/Wood	Wood
I2Languages (I2.Loc.LanguageSourceAsset)	Items/Wooden Chest	Wooden Chest
I2Languages (I2.Loc.LanguageSourceAsset)	Items/WoodenChest	Wooden Chest
I2Languages (I2.Loc.LanguageSourceAsset)	Items/WoodenPallet	Wooden Pallet
I2Languages (I2.Loc.LanguageSourceAsset)	Items/Workbench	Workbench
I2Languages (I2.Loc.LanguageSourceAsset)	Items/Workbench level 1	Workbench level 1
I2Languages (I2.Loc.LanguageSourceAsset)	Items/Workbench level 2	Workbench level 2
I2Languages (I2.Loc.LanguageSourceAsset)	Items/Workbench level 3	Workbench level 3
I2Languages (I2.Loc.LanguageSourceAsset)	Items/Workbench level 4	Workbench level 4
I2Languages (I2.Loc.LanguageSourceAsset)	Items/Workshop shelf large	Workshop shelf - large
I2Languages (I2.Loc.LanguageSourceAsset)	Items/Workshop shelf small	Workshop shelf - small
I2Languages (I2.Loc.LanguageSourceAsset)	Items/Zielarka	Zielarka
I2Languages (I2.Loc.LanguageSourceAsset)	Items/ZielarkaProto	ZielarkaProto
I2Languages (I2.Loc.LanguageSourceAsset)	Items/beartrap	Bear Trap
I2Languages (I2.Loc.LanguageSourceAsset)	Items/electricity box	Electric Box
I2Languages (I2.Loc.LanguageSourceAsset)	Items/pillarHolder	Ropeway Pillar
I2Languages (I2.Loc.LanguageSourceAsset)	Items/DesKeyRoomUpgradeBox	Place an upgrade module in it to upgrade a room.
I2Languages (I2.Loc.LanguageSourceAsset)	Items/RoomUpgradeBox	Room Upgrade Box
I2Languages (I2.Loc.LanguageSourceAsset)	Items/SignHome	Sign
I2Languages (I2.Loc.LanguageSourceAsset)	Items/DesKeySignHome	Use it to travel to other locations.
I2Languages (I2.Loc.LanguageSourceAsset)	Items/Sign	Sign
I2Languages (I2.Loc.LanguageSourceAsset)	Items/DesKeySign	Use it to travel.
I2Languages (I2.Loc.LanguageSourceAsset)	Items/MiningMachine	Mining Machine
I2Languages (I2.Loc.LanguageSourceAsset)	Items/UraniumMiningMachine	Mining Machine
I2Languages (I2.Loc.LanguageSourceAsset)	Items/DesKeyMiningMachine	Fill it with fuel and it will mine for you.\nCome back later to collect the spoil.
I2Languages (I2.Loc.LanguageSourceAsset)	Items/MiningTrolley	Mining Trolley
I2Languages (I2.Loc.LanguageSourceAsset)	Items/DesKeyMiningTrolley	Used to store items from the Mining Machine
I2Languages (I2.Loc.LanguageSourceAsset)	Items/Amo	Ammo
I2Languages (I2.Loc.LanguageSourceAsset)	Items/AnimalPart1	Feathers
I2Languages (I2.Loc.LanguageSourceAsset)	Items/AnimalPart2	Tusk
I2Languages (I2.Loc.LanguageSourceAsset)	Items/AnimalPart3	Racoon Tail
I2Languages (I2.Loc.LanguageSourceAsset)	Items/AnimalPart4	Fox Tail
I2Languages (I2.Loc.LanguageSourceAsset)	Items/AnimalPart5	Antlers
I2Languages (I2.Loc.LanguageSourceAsset)	Items/BasicBait	Basic Bait
I2Languages (I2.Loc.LanguageSourceAsset)	Items/BigGameBait	Big Game Bait
I2Languages (I2.Loc.LanguageSourceAsset)	Items/BlueberryJam	Blueberry Jam
I2Languages (I2.Loc.LanguageSourceAsset)	Items/Cactus	Cactus
I2Languages (I2.Loc.LanguageSourceAsset)	Items/CactusJam	Cactus Jam
I2Languages (I2.Loc.LanguageSourceAsset)	Items/Cake	Pie
I2Languages (I2.Loc.LanguageSourceAsset)	Items/CannedSoup	Canned Soup
I2Languages (I2.Loc.LanguageSourceAsset)	Items/CannedStaw	Canned Stew
I2Languages (I2.Loc.LanguageSourceAsset)	Items/CarrotJam	Carrot Jam
I2Languages (I2.Loc.LanguageSourceAsset)	Items/Chicken	Chicken
I2Languages (I2.Loc.LanguageSourceAsset)	Items/ChineseSoup	Instant Ramen
I2Languages (I2.Loc.LanguageSourceAsset)	Items/CookBook1	Cook Book I
I2Languages (I2.Loc.LanguageSourceAsset)	Items/CookBook2	Cook Book II
I2Languages (I2.Loc.LanguageSourceAsset)	Items/CookBook3	Cook Book III
I2Languages (I2.Loc.LanguageSourceAsset)	Items/Cucumber	Cucumber
I2Languages (I2.Loc.LanguageSourceAsset)	Items/CucumberSoup	Cucumber Soup
I2Languages (I2.Loc.LanguageSourceAsset)	Items/DearMeat	Haunch of meat
I2Languages (I2.Loc.LanguageSourceAsset)	Items/DesKeyBlueberryJam	Blueberry jam, just like from grandma. It will satisfy your hunger and provide you with energy at the same time.
I2Languages (I2.Loc.LanguageSourceAsset)	Items/DesKeyCactus	Prickly but tasty - if done properly.
I2Languages (I2.Loc.LanguageSourceAsset)	Items/DesKeyCactusJam	A delicious jam made of cactuses. Or is it cacti? It will satisfy your hunger and provide you with energy at the same time.
I2Languages (I2.Loc.LanguageSourceAsset)	Items/DesKeyCake	Maybe you'd be happy for a while. It will satisfy your hunger and provide you with energy at the same time.
I2Languages (I2.Loc.LanguageSourceAsset)	Items/DesKeyCannedSoup	A can so beautiful you want to paint it. And the soup will last longer in it.
I2Languages (I2.Loc.LanguageSourceAsset)	Items/DesKeyCannedStaw	The stew will last longer in a can.
I2Languages (I2.Loc.LanguageSourceAsset)	Items/DesKeyCarrotJam	Give carrot jam a chance, it's not only baby food. It will satisfy your hunger and provide you with energy at the same time.
I2Languages (I2.Loc.LanguageSourceAsset)	Items/DesKeyChicken	Tastes like chicken!
I2Languages (I2.Loc.LanguageSourceAsset)	Items/DesKeyChineseSoup	An international classic. It can last long and is very filling.
I2Languages (I2.Loc.LanguageSourceAsset)	Items/DesKeyCucumber	A cucumber. Don't underestimate it.
I2Languages (I2.Loc.LanguageSourceAsset)	Items/DesKeyCucumberSoup	Cucumber soup. Try it and you'll never go back.
I2Languages (I2.Loc.LanguageSourceAsset)	Items/DesKeyDearMeat	Would you eat Bambi if he was seasoned really well?
I2Languages (I2.Loc.LanguageSourceAsset)	Items/DesKeyDriedApple	Keeps the doctor away even after season. Dried food lasts longer.
I2Languages (I2.Loc.LanguageSourceAsset)	Items/DesKeyDriedBerries	Dried berries from the local forest. Dried food lasts longer.
I2Languages (I2.Loc.LanguageSourceAsset)	Items/DesKeyDriedMeat	Dried meat. Dried food lasts longer.
I2Languages (I2.Loc.LanguageSourceAsset)	Items/DesKeyDriedOrange	Dried orange, not only for winter holidays. Dried food lasts longer.
I2Languages (I2.Loc.LanguageSourceAsset)	Items/DesKeyDriedTomatos	Dried tomatoes, an Italian classic. Dried food lasts longer.
I2Languages (I2.Loc.LanguageSourceAsset)	Items/DesKeyEgg	A symbol of life. Nutritional value is off the charts!
I2Languages (I2.Loc.LanguageSourceAsset)	Items/DesKeyEggInSalt	A classic preppers' food. It can last a long time.
I2Languages (I2.Loc.LanguageSourceAsset)	Items/DesKeyEnergyBar	Condensed energy in a bar. A temporary sleep replacement.
I2Languages (I2.Loc.LanguageSourceAsset)	Items/DesKeyFarmingWallLamp	Provides better light for growing plants underground.
I2Languages (I2.Loc.LanguageSourceAsset)	Items/DesKeyFlour	An essential cooking ingredient.
I2Languages (I2.Loc.LanguageSourceAsset)	Items/DesKeyFurnace	Can be used for melting certain materials. Put some stone or iron ore into it and see what happens.
I2Languages (I2.Loc.LanguageSourceAsset)	Items/DesKeyGondola	It has probably dropped from the ropeway. Maybe there's still something interesting inside?
I2Languages (I2.Loc.LanguageSourceAsset)	Items/DesKeyKimchi	Korean fermented cabbage. A touch of Orient in your shelter.
I2Languages (I2.Loc.LanguageSourceAsset)	Items/DesKeyMarinatedCorn	Marinated corn. A snack that can also serve as a proper meal.
I2Languages (I2.Loc.LanguageSourceAsset)	Items/DesKeyMarinatedMushroom	Magic from the forest put in a jar. Enjoy all year long.
I2Languages (I2.Loc.LanguageSourceAsset)	Items/DesKeyMeatPie	Emulate the atmosphere of an English pub in your shelter. A hearty meal.
I2Languages (I2.Loc.LanguageSourceAsset)	Items/DesKeyMeatStew	A hearty meat stew. Heavy, but very high caloric.
I2Languages (I2.Loc.LanguageSourceAsset)	Items/DesKeyMushroom	You're sure it's an edible kind of mushroom, are you?
I2Languages (I2.Loc.LanguageSourceAsset)	Items/DesKeyMushroomSoup	A mushroom soup. Sour with a hint of damp basement.
I2Languages (I2.Loc.LanguageSourceAsset)	Items/DesKeyNopales	A meal made of cactuses. Cacti. Anyway: delicious.
I2Languages (I2.Loc.LanguageSourceAsset)	Items/DesKeyOil	Put it in a refinery to convert it into fuel.
I2Languages (I2.Loc.LanguageSourceAsset)	Items/DesKeyOmelette	They say you can't unscramble it, so why not eat it?
I2Languages (I2.Loc.LanguageSourceAsset)	Items/DesKeyOrangeJam	Orange jam, reminding you of all the tropical travels you never had. It will satisfy your hunger and provide you with energy at the same time.
I2Languages (I2.Loc.LanguageSourceAsset)	Items/DesKeyPasta	Delicious. Don't forget to kiss your fingers before serving.
I2Languages (I2.Loc.LanguageSourceAsset)	Items/DesKeyPate	A simple but tasty pate.
I2Languages (I2.Loc.LanguageSourceAsset)	Items/DesKeyPemmican	A highly nutritious meal made of dried meat and berries. Invented by Native Americans, loved also by preppers.
I2Languages (I2.Loc.LanguageSourceAsset)	Items/DesKeyPickaxe	May be useful for opening some blocked pathways in the mines.
I2Languages (I2.Loc.LanguageSourceAsset)	Items/DesKeyPickles	Can't go wrong with pickles, right?
I2Languages (I2.Loc.LanguageSourceAsset)	Items/DesKeyRainWaterCollector	It's a bucket. Place it outside during rain to collect extra water.
I2Languages (I2.Loc.LanguageSourceAsset)	Items/DesKeyRaport	A report from the Agent. Hope it's positive.
I2Languages (I2.Loc.LanguageSourceAsset)	Items/DesKeyRatMeat	Not exactly a delicacy, but it doesn't deserve the bad reputation.
I2Languages (I2.Loc.LanguageSourceAsset)	Items/DesKeyRoastedRat	Quite good. Goes well with white wine and sour sides.
I2Languages (I2.Loc.LanguageSourceAsset)	Items/DesKeyRoastedTurkey	A big bird, supposedly perfect for celebrating colonization.
I2Languages (I2.Loc.LanguageSourceAsset)	Items/DesKeyRoomSoil	Quality soil for growing plants in your bunker.
I2Languages (I2.Loc.LanguageSourceAsset)	Items/DesKeyRoomUpgradeFactory	Crafting things is faster thanks to this upgrade.
I2Languages (I2.Loc.LanguageSourceAsset)	Items/DesKeyRoomUpgradeFreezer	This upgrade will make the room perfect for storing food.
I2Languages (I2.Loc.LanguageSourceAsset)	Items/DesKeyRoomUpgradeGreenHouse	With this room upgrade, your plants will grow faster. Place it in a room upgrade box.
I2Languages (I2.Loc.LanguageSourceAsset)	Items/DesKeyRoomUpgradePowerhouse	With this upgrade, the generator will work better in this room.
I2Languages (I2.Loc.LanguageSourceAsset)	Items/DesKeyRoomUpgradePumphouse	Installs an extended water supply in a room. Can be used for collecting water more effectively (with buckets or Waterloo).
I2Languages (I2.Loc.LanguageSourceAsset)	Items/DesKeySeed Sunflower	Put into a planter to grow sunflowers.
I2Languages (I2.Loc.LanguageSourceAsset)	Items/DesKeySimpleTrap	A simple trap for catching some innocent critters.
I2Languages (I2.Loc.LanguageSourceAsset)	Items/DesKeySnakeMeat	Someone not only treaded on this one, but also chopped it to pieces.
I2Languages (I2.Loc.LanguageSourceAsset)	Items/DesKeyRoastedSnakeMeat	Someone not only treaded on this one, but also ROASTED it! [MUST-EAT] 
I2Languages (I2.Loc.LanguageSourceAsset)	Items/DesKeySnakeStew	It's not venomous anymore, but it doesn't mean it's easy on the stomach.
I2Languages (I2.Loc.LanguageSourceAsset)	Items/DesKeySpaghetii	Pasta with sauce. Essential for long isolation, be sure to stack up properly.
I2Languages (I2.Loc.LanguageSourceAsset)	Items/DesKeySpices	These make your life in the shelter a bit more diverse.
I2Languages (I2.Loc.LanguageSourceAsset)	Items/DesKeySteamGenerator	Great source of electricity. Uses wood as fuel.
I2Languages (I2.Loc.LanguageSourceAsset)	Items/DesKeySugar	To sweeten your life full of hardship.
I2Languages (I2.Loc.LanguageSourceAsset)	Items/DesKeySunflower	Delicious, but not very nourishing. Maybe it could sell well?
I2Languages (I2.Loc.LanguageSourceAsset)	Items/DesKeyTomatoSoup	Something makes you want to put it in a can and paint it.
I2Languages (I2.Loc.LanguageSourceAsset)	Items/DesKeyVegetableSoup	A classic. Not exciting, but hearty.
I2Languages (I2.Loc.LanguageSourceAsset)	Items/DesKeyWildMeat	Free-range meat. Don't eat it raw.
I2Languages (I2.Loc.LanguageSourceAsset)	Items/DriedApple	Dried Apple
I2Languages (I2.Loc.LanguageSourceAsset)	Items/DriedBerries	Dried Berries
I2Languages (I2.Loc.LanguageSourceAsset)	Items/DriedMeat	Dried Meat
I2Languages (I2.Loc.LanguageSourceAsset)	Items/DriedOrange	Dried Orange
I2Languages (I2.Loc.LanguageSourceAsset)	Items/DriedTomatos	Dried Tomatoes
I2Languages (I2.Loc.LanguageSourceAsset)	Items/Dryier	Dryer
I2Languages (I2.Loc.LanguageSourceAsset)	Items/Egg	Egg
I2Languages (I2.Loc.LanguageSourceAsset)	Items/EggInSalt	Eggs In Salt
I2Languages (I2.Loc.LanguageSourceAsset)	Items/EnergyBar	Energy Bar
I2Languages (I2.Loc.LanguageSourceAsset)	Items/ExoticBait	Exotic Bait
I2Languages (I2.Loc.LanguageSourceAsset)	Items/FarmingWallLamp	Farming Wall Lamp
I2Languages (I2.Loc.LanguageSourceAsset)	Items/FastBait	Fast Bait
I2Languages (I2.Loc.LanguageSourceAsset)	Items/Flour	Flour
I2Languages (I2.Loc.LanguageSourceAsset)	Items/Furnace	Furnace
I2Languages (I2.Loc.LanguageSourceAsset)	Items/Gondola	Gondola
I2Languages (I2.Loc.LanguageSourceAsset)	Items/Gondola2	Gondola
I2Languages (I2.Loc.LanguageSourceAsset)	Items/Kimchi	Kimchi
I2Languages (I2.Loc.LanguageSourceAsset)	Items/MarinatedCorn	Marinated Corn
I2Languages (I2.Loc.LanguageSourceAsset)	Items/MarinatedMushroom	Marinated Mushroom
I2Languages (I2.Loc.LanguageSourceAsset)	Items/Meat1	Meat1
I2Languages (I2.Loc.LanguageSourceAsset)	Items/Meat2	Meat2
I2Languages (I2.Loc.LanguageSourceAsset)	Items/Meat3	Meat3
I2Languages (I2.Loc.LanguageSourceAsset)	Items/Meat4	Meat4
I2Languages (I2.Loc.LanguageSourceAsset)	Items/Meat5	Meat5
I2Languages (I2.Loc.LanguageSourceAsset)	Items/MeatPie	Meat Pie
I2Languages (I2.Loc.LanguageSourceAsset)	Items/MeatStew	Meat Stew
I2Languages (I2.Loc.LanguageSourceAsset)	Items/MiningPassOne	Mining Pass -2
I2Languages (I2.Loc.LanguageSourceAsset)	Items/Mushroom	Mushroom
I2Languages (I2.Loc.LanguageSourceAsset)	Items/MushroomSoup	Mushroom Soup
I2Languages (I2.Loc.LanguageSourceAsset)	Items/Nopales	Nopales
I2Languages (I2.Loc.LanguageSourceAsset)	Items/Oil	Oil
I2Languages (I2.Loc.LanguageSourceAsset)	Items/Omelette	Omelette
I2Languages (I2.Loc.LanguageSourceAsset)	Items/OrangeJam	Orange Jam
I2Languages (I2.Loc.LanguageSourceAsset)	Items/Pasta	Pasta
I2Languages (I2.Loc.LanguageSourceAsset)	Items/Pate	Pate
I2Languages (I2.Loc.LanguageSourceAsset)	Items/Pemmican	Pemmican
I2Languages (I2.Loc.LanguageSourceAsset)	Items/Pickaxe	Pickaxe
I2Languages (I2.Loc.LanguageSourceAsset)	Items/Pickles	Pickles
I2Languages (I2.Loc.LanguageSourceAsset)	Items/RainWaterCollector	Bucket
I2Languages (I2.Loc.LanguageSourceAsset)	Items/Raport	Agent's Report
I2Languages (I2.Loc.LanguageSourceAsset)	Items/RatMeat	Rat Meat
I2Languages (I2.Loc.LanguageSourceAsset)	Items/RoastedRat	Roasted Rat
I2Languages (I2.Loc.LanguageSourceAsset)	Items/RoastedTurkey	Roasted Chicken
I2Languages (I2.Loc.LanguageSourceAsset)	Items/RoastedTurkey2	Roasted Chicken
I2Languages (I2.Loc.LanguageSourceAsset)	Items/RoomSoil	Soil patch
I2Languages (I2.Loc.LanguageSourceAsset)	Items/RoomUpgradeFactory	Room Upgrade - Factory
I2Languages (I2.Loc.LanguageSourceAsset)	Items/RoomUpgradeFreezer	Room Upgrade - Freezer
I2Languages (I2.Loc.LanguageSourceAsset)	Items/RoomUpgradeGreenHouse	Room Upgrade - Greenhouse
I2Languages (I2.Loc.LanguageSourceAsset)	Items/RoomUpgradePowerhouse	Room Upgrade - Powerhouse
I2Languages (I2.Loc.LanguageSourceAsset)	Items/RoomUpgradePumphouse	Room Upgrade - Pumphouse
I2Languages (I2.Loc.LanguageSourceAsset)	Items/Seed Cucumber	Cucumber Seed
I2Languages (I2.Loc.LanguageSourceAsset)	Items/Seed Sunflower	Sunflower Seed 
I2Languages (I2.Loc.LanguageSourceAsset)	Items/SimpleTrap	Simple Trap
I2Languages (I2.Loc.LanguageSourceAsset)	Items/SnakeMeat	Snake Meat
I2Languages (I2.Loc.LanguageSourceAsset)	Items/RoastedSnakeMeat	Roasted Snake Meat
I2Languages (I2.Loc.LanguageSourceAsset)	Items/SnakeStew	Snake Stew
I2Languages (I2.Loc.LanguageSourceAsset)	Items/Spaghetii	Spaghetti
I2Languages (I2.Loc.LanguageSourceAsset)	Items/Spices	Spices
I2Languages (I2.Loc.LanguageSourceAsset)	Items/SteamGenerator	Steam Generator
I2Languages (I2.Loc.LanguageSourceAsset)	Items/Sugar	Sugar
I2Languages (I2.Loc.LanguageSourceAsset)	Items/Sunflower	Sunflower
I2Languages (I2.Loc.LanguageSourceAsset)	Items/TomatoSoup	Tomato Soup
I2Languages (I2.Loc.LanguageSourceAsset)	Items/VegetableSoup	Vegetable Soup
I2Languages (I2.Loc.LanguageSourceAsset)	Items/WildMeat	Slice of meat
I2Languages (I2.Loc.LanguageSourceAsset)	Items/Amethyst	Amethyst
I2Languages (I2.Loc.LanguageSourceAsset)	Items/ArtOfNegotiationBook1	Art of Negotiation
I2Languages (I2.Loc.LanguageSourceAsset)	Items/ArtOfNegotiationBook2	Art of Negotiation II
I2Languages (I2.Loc.LanguageSourceAsset)	Items/BlessPresident	Bless the President
I2Languages (I2.Loc.LanguageSourceAsset)	Items/Bob	Bob
I2Languages (I2.Loc.LanguageSourceAsset)	Items/BobBook	Book about nuclear warfare
I2Languages (I2.Loc.LanguageSourceAsset)	Items/BobJacket	Bob's Jacket
I2Languages (I2.Loc.LanguageSourceAsset)	Items/BobGlasses	Bob's Glasses
I2Languages (I2.Loc.LanguageSourceAsset)	Items/BuilderBook	Builder Book
I2Languages (I2.Loc.LanguageSourceAsset)	Items/Canvas1	Painting
I2Languages (I2.Loc.LanguageSourceAsset)	Items/DesKeyAmethyst	Can be sold for a good price.
I2Languages (I2.Loc.LanguageSourceAsset)	Items/DesKeyAnimalPart1	A bird's feather. 
I2Languages (I2.Loc.LanguageSourceAsset)	Items/DesKeyAnimalPart2	An impressive tusk. Do we have marine mammals here?
I2Languages (I2.Loc.LanguageSourceAsset)	Items/DesKeyAnimalPart3	A racoon tail. For those craving The Junior Woodchuck style.
I2Languages (I2.Loc.LanguageSourceAsset)	Items/DesKeyAnimalPart4	A fox tail. Could fetch a good price.
I2Languages (I2.Loc.LanguageSourceAsset)	Items/DesKeyAnimalPart5	Antlers, a universally loved pretentious decoration.
I2Languages (I2.Loc.LanguageSourceAsset)	Items/DesKeyArtOfNegotiationBook1	Discover your inner haggler and learn how to negotiate better prices.
I2Languages (I2.Loc.LanguageSourceAsset)	Items/DesKeyArtOfNegotiationBook2	Master the art of negotiation and achieve even better prices.
I2Languages (I2.Loc.LanguageSourceAsset)	Items/DesKeyBasicBait	Basic bait for traps.
I2Languages (I2.Loc.LanguageSourceAsset)	Items/DesKeyBigGameBait	Works slower, but allows for catching something bigger.
I2Languages (I2.Loc.LanguageSourceAsset)	Items/DesKeyBlessPresident	Caricature of the President
I2Languages (I2.Loc.LanguageSourceAsset)	Items/DesKeyBobJacket	Bob's beloved jacket. A bit dirty. Not clear what the fuss is all about.
I2Languages (I2.Loc.LanguageSourceAsset)	Items/DesKeyBobBook	Fallout Protection: What To Know And Do About Nuclear Attack. An informative booklet from one of the pre-Plague governments.
I2Languages (I2.Loc.LanguageSourceAsset)	Items/DesKeyBobGlasses	Stylish corrective glasses. Deemed to look good on every Bob regardless of their species.
I2Languages (I2.Loc.LanguageSourceAsset)	Items/DesKeyBuilderBook	Extreme Shelter Makeover! Learn how to build rooms faster.
I2Languages (I2.Loc.LanguageSourceAsset)	Items/DesKeyCanvas1	Just that you don't have many guests doesn't mean you shouldn't have some quality decoration.
I2Languages (I2.Loc.LanguageSourceAsset)	Items/DesKeyCookBook1	Cooking for One: A simple cuisine for when you don't have to care about anyone else's taste. Teaches you some new cooking recipes.
I2Languages (I2.Loc.LanguageSourceAsset)	Items/DesKeyCookBook2	Nuclear Fusion Cuisine: Ideas to spice up your shelter life! Teaches you some new cooking recipes.
I2Languages (I2.Loc.LanguageSourceAsset)	Items/DesKeyCookBook3	Eating from the Trash Can All the Time: Best dishes from leftovers. Teaches you some new cooking recipes.
I2Languages (I2.Loc.LanguageSourceAsset)	Items/DesKeyDiamond	Coal that's been through a lot of pressure. A rare and valuable gem.
I2Languages (I2.Loc.LanguageSourceAsset)	Items/DesKeyDoItYourselfBook1	Handyperson's Handbook. Learn to craft faster.
I2Languages (I2.Loc.LanguageSourceAsset)	Items/DesKeyDoItYourselfBook2	Handyperson's Handbook, Vol. II. Learn to craft even faster.
I2Languages (I2.Loc.LanguageSourceAsset)	Items/DesKeyDriedGuarana	Dried guarana. Energy with a longer expiration date.
I2Languages (I2.Loc.LanguageSourceAsset)	Items/DesKeyEmerald	No need for green-tinted glasses here. Can be sold for a good price.
I2Languages (I2.Loc.LanguageSourceAsset)	Items/DesKeyEnergyDrink	Delays the need for sleep. Just don't rely on it as your main source of nutrition.
I2Languages (I2.Loc.LanguageSourceAsset)	Items/DesKeyEpicBait	A bait that might let you catch very rare creatures.
I2Languages (I2.Loc.LanguageSourceAsset)	Items/DesKeyExoticBait	A bait for rarer animals.
I2Languages (I2.Loc.LanguageSourceAsset)	Items/DesKeyFastBait	Fast bait for fast effects.
I2Languages (I2.Loc.LanguageSourceAsset)	Items/DesKeyGaiger	Not great, not terrible. A bit rusty, but should show levels of radiation properly.
I2Languages (I2.Loc.LanguageSourceAsset)	Items/DesKeyGardeningBook1	Hortus Conclusus: Learn how to grow plants faster.
I2Languages (I2.Loc.LanguageSourceAsset)	Items/DesKeyGardeningBook2	The Secret Gardening: Learn how to grow plants even faster.
I2Languages (I2.Loc.LanguageSourceAsset)	Items/DesKeyGold	It does glitter and can be sold for good price.
I2Languages (I2.Loc.LanguageSourceAsset)	Items/DesKeyGuarana	A climbing plant and a stimulant rich in caffeine.
I2Languages (I2.Loc.LanguageSourceAsset)	Items/DesKeyGuaranaWild	A wild guarana plant appears. It's super effective! (Due to its high caffeine concentration.)
I2Languages (I2.Loc.LanguageSourceAsset)	Items/DesKeyHealthyEatingBook	Eat, Nuke, Love: Healthy kitchen for the citizen of the world. Learn to make the most of your food.
I2Languages (I2.Loc.LanguageSourceAsset)	Items/DesKeyIronOre	Melt it in a furnace to get some metal.
I2Languages (I2.Loc.LanguageSourceAsset)	Items/DesKeyKnife	A basic tool of every prepper.
I2Languages (I2.Loc.LanguageSourceAsset)	Items/DesKeyLogs block	The logs are blocking your way!
I2Languages (I2.Loc.LanguageSourceAsset)	Items/DesKeyLucille	An upgraded baseball bat. Could probably take on zombies. (Hope we haven't those around...?)
I2Languages (I2.Loc.LanguageSourceAsset)	Items/DesKeyMachet	DesKeyMachet
I2Languages (I2.Loc.LanguageSourceAsset)	Items/DesKeyMartialArtsBook1	Deterrence and Retaliation: Learn how to be more effective in combat. It will let you move and attack simultaneously.
I2Languages (I2.Loc.LanguageSourceAsset)	Items/DesKeyMartialArtsBook2	Assured Destruction: Learn how to be even more effective in combat. It will unlock critical hits.
I2Languages (I2.Loc.LanguageSourceAsset)	Items/DesKeyMiningPassFour	Pass card to level -5 in the mine.
I2Languages (I2.Loc.LanguageSourceAsset)	Items/DesKeyMiningPassOne	Pass card to level -2 in the mine.
I2Languages (I2.Loc.LanguageSourceAsset)	Items/DesKeyMiningPassThree	Pass card to level -4 in the mine.
I2Languages (I2.Loc.LanguageSourceAsset)	Items/DesKeyMiningPassTwo	Pass card to level -3 in the mine.
I2Languages (I2.Loc.LanguageSourceAsset)	Items/DesKeyMiningPassZero	Pass card to level -1 in the mine.
I2Languages (I2.Loc.LanguageSourceAsset)	Items/DesKeyMiningPassFive	Pass card to the mysterious, variable lowest level of the mine.
I2Languages (I2.Loc.LanguageSourceAsset)	Items/DesKeyMinutManLetter1	A letter from a stranger who calls himself "The Minuteman".
I2Languages (I2.Loc.LanguageSourceAsset)	Items/DesKeyMinutManLetter2	A letter from a stranger who calls himself "The Minuteman".
I2Languages (I2.Loc.LanguageSourceAsset)	Items/DesKeyMinutManLetter3	A letter from a stranger who calls himself "The Minuteman".
I2Languages (I2.Loc.LanguageSourceAsset)	Items/DesKeyMinutManLetter4	A letter from a stranger who calls himself "The Minuteman".
I2Languages (I2.Loc.LanguageSourceAsset)	Items/DesKeyMinutManLetter5	A letter from a stranger who calls himself "The Minuteman".
I2Languages (I2.Loc.LanguageSourceAsset)	Items/DesKeyMinutManLetter6	A letter from a stranger who calls himself "The Minuteman".
I2Languages (I2.Loc.LanguageSourceAsset)	Items/DesKeyMinutManLetter7	A letter from a stranger who calls himself "The Minuteman".
I2Languages (I2.Loc.LanguageSourceAsset)	Items/DesKeyMinutManLetter8	A letter from a stranger who calls himself "The Minuteman".
I2Languages (I2.Loc.LanguageSourceAsset)	Items/DesKeyNoSleepBook	Sleeper Agent: Learn how to sleep and nap more efficiently.
I2Languages (I2.Loc.LanguageSourceAsset)	Items/DesKeyPetrolheadBook	Hit the Fury Road: Learn how to use fuel more efficiently.
I2Languages (I2.Loc.LanguageSourceAsset)	Items/DesKeyPhoto	A photo from the plane wreck. Depicts a pilot in an airplane. Wait, is it... Mr. Prepper?
I2Languages (I2.Loc.LanguageSourceAsset)	Items/DesKeyPill	This drug will keep you awake through the night.
I2Languages (I2.Loc.LanguageSourceAsset)	Items/DesKeyPipe	DesKeyPipe
I2Languages (I2.Loc.LanguageSourceAsset)	Items/DesKeyPlanObject	Your precious ULTIMATE PLAN. It will help you escape.
I2Languages (I2.Loc.LanguageSourceAsset)	Items/DesKeyPostMan	
I2Languages (I2.Loc.LanguageSourceAsset)	Items/DesKeyPreppersGuideBook	The Preppy Guide to Prepping: Learn how to be more Prepared.
I2Languages (I2.Loc.LanguageSourceAsset)	Items/DesKeyRocketPhoto	A picture of a magnificent rocket. Very inspiring.
I2Languages (I2.Loc.LanguageSourceAsset)	Items/DesKeyRoomUpgradeProto	
I2Languages (I2.Loc.LanguageSourceAsset)	Items/DesKeyRottenFood	Oops... it's spoiled. Keeping food in a fridge makes it last longer.
I2Languages (I2.Loc.LanguageSourceAsset)	Items/DesKeyRuby	A gemstone red-tinted thanks to chromium. Can be sold for good price.
I2Languages (I2.Loc.LanguageSourceAsset)	Items/DesKeySeed Cucumber	Put them into a planter to grow cucumber.
I2Languages (I2.Loc.LanguageSourceAsset)	Items/DesKeySeed Guarana	Put them into a planter to grow guarana.
I2Languages (I2.Loc.LanguageSourceAsset)	Items/DesKeyShroomsWild	Wild mushrooms. Come back where you found them sometime, they may regrow from the mycelium.
I2Languages (I2.Loc.LanguageSourceAsset)	Items/DesKeySladgeHammer	
I2Languages (I2.Loc.LanguageSourceAsset)	Items/DesKeySpear	DesKeySpear
I2Languages (I2.Loc.LanguageSourceAsset)	Items/DesKeyStrengthTrainingBook1	Atlas Jacked: Learn how to carry more weight.
I2Languages (I2.Loc.LanguageSourceAsset)	Items/DesKeyStrengthTrainingBook2	Atlas More Jacked: Learn how to carry even more weight.
I2Languages (I2.Loc.LanguageSourceAsset)	Items/DesKeyStuff	DesKeyStuff
I2Languages (I2.Loc.LanguageSourceAsset)	Items/DesKeySupremeBait	A bait that's both fast and effective.
I2Languages (I2.Loc.LanguageSourceAsset)	Items/DesKeySuspiciousBush	DesKeySuspiciousBush
I2Languages (I2.Loc.LanguageSourceAsset)	Items/DesKeyTestW2	DesKeyTestW2
I2Languages (I2.Loc.LanguageSourceAsset)	Items/DesKeyTomahawk	DesKeyTomahawk
I2Languages (I2.Loc.LanguageSourceAsset)	Items/DesKeyWalrusBook	Project Iceworm: Learn how to deal with very low temperatures
I2Languages (I2.Loc.LanguageSourceAsset)	Items/DesKeybasePref	
I2Languages (I2.Loc.LanguageSourceAsset)	Items/DesKeyherbFirstLetter	A letter in a beautiful, flowery handwriting.
I2Languages (I2.Loc.LanguageSourceAsset)	Items/Diamond	Diamond
I2Languages (I2.Loc.LanguageSourceAsset)	Items/DoItYourselfBook1	Handyperson's Handbook
I2Languages (I2.Loc.LanguageSourceAsset)	Items/DoItYourselfBook2	Handyperson's Handbook II
I2Languages (I2.Loc.LanguageSourceAsset)	Items/DriedGuarana	Dried Guarana
I2Languages (I2.Loc.LanguageSourceAsset)	Items/Emerald	Emerald
I2Languages (I2.Loc.LanguageSourceAsset)	Items/EnergyDrink	Energy Drink
I2Languages (I2.Loc.LanguageSourceAsset)	Items/EpicBait	Epic Bait
I2Languages (I2.Loc.LanguageSourceAsset)	Items/Gaiger	Geiger Counter
I2Languages (I2.Loc.LanguageSourceAsset)	Items/GardeningBook1	Hortus Conclusus
I2Languages (I2.Loc.LanguageSourceAsset)	Items/GardeningBook2	The Secret Gardener (Gardening II)
I2Languages (I2.Loc.LanguageSourceAsset)	Items/Gold	Gold
I2Languages (I2.Loc.LanguageSourceAsset)	Items/Guarana	Guarana
I2Languages (I2.Loc.LanguageSourceAsset)	Items/GuaranaWild	Wild Guarana
I2Languages (I2.Loc.LanguageSourceAsset)	Items/HealthyEatingBook	Eat, Nuke, Love: Healthy kitchen
I2Languages (I2.Loc.LanguageSourceAsset)	Items/IronOre	Iron Ore
I2Languages (I2.Loc.LanguageSourceAsset)	Items/Knife	Knife
I2Languages (I2.Loc.LanguageSourceAsset)	Items/KolejkaLesna	KolejkaLesna
I2Languages (I2.Loc.LanguageSourceAsset)	Items/Logs block	Logs block
I2Languages (I2.Loc.LanguageSourceAsset)	Items/LootBoxMine	Wooden mine box
I2Languages (I2.Loc.LanguageSourceAsset)	Items/LootBoxMine2	Wooden mine box
I2Languages (I2.Loc.LanguageSourceAsset)	Items/LootBoxMineUranium	Wooden mine box
I2Languages (I2.Loc.LanguageSourceAsset)	Items/Lucille	Lucille
I2Languages (I2.Loc.LanguageSourceAsset)	Items/Machet	Machet
I2Languages (I2.Loc.LanguageSourceAsset)	Items/MartialArtsBook1	Deterrence and Retaliation
I2Languages (I2.Loc.LanguageSourceAsset)	Items/MartialArtsBook2	Assured Destruction
I2Languages (I2.Loc.LanguageSourceAsset)	Items/MiningPassFive	Mining Pass - Mysterious level
I2Languages (I2.Loc.LanguageSourceAsset)	Items/MiningPassFour	Mining Pass -5
I2Languages (I2.Loc.LanguageSourceAsset)	Items/MiningPassThree	Mining Pass -4
I2Languages (I2.Loc.LanguageSourceAsset)	Items/MiningPassTwo	Mining Pass -3
I2Languages (I2.Loc.LanguageSourceAsset)	Items/MiningPassZero	Mining Pass -1
I2Languages (I2.Loc.LanguageSourceAsset)	Items/MiningRock	Big Rock
I2Languages (I2.Loc.LanguageSourceAsset)	Items/MinutManLetter1	Minuteman's Letter
I2Languages (I2.Loc.LanguageSourceAsset)	Items/MinutManLetter2	Minuteman's Letter
I2Languages (I2.Loc.LanguageSourceAsset)	Items/MinutManLetter3	Minuteman's Letter
I2Languages (I2.Loc.LanguageSourceAsset)	Items/MinutManLetter4	Minuteman's Letter
I2Languages (I2.Loc.LanguageSourceAsset)	Items/MinutManLetter5	Minuteman's Letter
I2Languages (I2.Loc.LanguageSourceAsset)	Items/MinutManLetter6	Minuteman's Letter
I2Languages (I2.Loc.LanguageSourceAsset)	Items/MinutManLetter7	Minuteman's Letter
I2Languages (I2.Loc.LanguageSourceAsset)	Items/MinutManLetter8	Minuteman's Letter
I2Languages (I2.Loc.LanguageSourceAsset)	Items/NoSleepBook	Sleeper Agent
I2Languages (I2.Loc.LanguageSourceAsset)	Items/PetrolheadBook	Hit the Fury Road
I2Languages (I2.Loc.LanguageSourceAsset)	Items/Photo	Photo
I2Languages (I2.Loc.LanguageSourceAsset)	Items/PickRock	Rock
I2Languages (I2.Loc.LanguageSourceAsset)	Items/Pill	Pill
I2Languages (I2.Loc.LanguageSourceAsset)	Items/Pipe	Pipe
I2Languages (I2.Loc.LanguageSourceAsset)	Items/PlanObject	Escape Plan
I2Languages (I2.Loc.LanguageSourceAsset)	Items/PostMan	Postman
I2Languages (I2.Loc.LanguageSourceAsset)	Items/PreppersGuideBook	The Preppy Guide to Prepping
I2Languages (I2.Loc.LanguageSourceAsset)	Items/RocketPhoto	Rocket Photo
I2Languages (I2.Loc.LanguageSourceAsset)	Items/RoomUpgradeProto	RoomUpgradeProto
I2Languages (I2.Loc.LanguageSourceAsset)	Items/RottenFood	Rotten Food
I2Languages (I2.Loc.LanguageSourceAsset)	Items/Ruby	Ruby
I2Languages (I2.Loc.LanguageSourceAsset)	Items/Seed Guarana	Guarana Seed
I2Languages (I2.Loc.LanguageSourceAsset)	Items/ShroomsWild	Wild Mushrooms
I2Languages (I2.Loc.LanguageSourceAsset)	Items/SladgeHammer	Sledgehammer
I2Languages (I2.Loc.LanguageSourceAsset)	Items/Spear	Spear
I2Languages (I2.Loc.LanguageSourceAsset)	Items/StrengthTrainingBook1	Atlas Jacked
I2Languages (I2.Loc.LanguageSourceAsset)	Items/StrengthTrainingBook2	Atlas More Jacked
I2Languages (I2.Loc.LanguageSourceAsset)	Items/Stuff	Stuff
I2Languages (I2.Loc.LanguageSourceAsset)	Items/SupremeBait	Supreme Bait
I2Languages (I2.Loc.LanguageSourceAsset)	Items/SuspiciousBush	Suspicious Bush
I2Languages (I2.Loc.LanguageSourceAsset)	Items/TestW2	TestW2
I2Languages (I2.Loc.LanguageSourceAsset)	Items/Tomahawk	Tomahawk
I2Languages (I2.Loc.LanguageSourceAsset)	Items/WalrusBook	Project Iceworm
I2Languages (I2.Loc.LanguageSourceAsset)	Items/basePref	basePref
I2Languages (I2.Loc.LanguageSourceAsset)	Items/des kfu guliga holi gaba raba rada wada wosumano i oli kabo do salinano uso do	des kfu guliga holi gaba raba rada wada wosumano i oli kabo do salinano uso do
I2Languages (I2.Loc.LanguageSourceAsset)	Items/herbFirstLetter	Letter
I2Languages (I2.Loc.LanguageSourceAsset)	Items/HerbPill	Letter
I2Languages (I2.Loc.LanguageSourceAsset)	Items/RoastedDeerMeat	Roasted haunch of meat
I2Languages (I2.Loc.LanguageSourceAsset)	Items/DesRoastedDeerMeat	Okay, now I know I'm not above eating Bambi.
I2Languages (I2.Loc.LanguageSourceAsset)	Items/RoastedBoarMeat	Steak
I2Languages (I2.Loc.LanguageSourceAsset)	Items/DesRoastedBoarMeat	Well roasted, Obelix would be proud.
I2Languages (I2.Loc.LanguageSourceAsset)	Items/herbBed	Jenny's Bed
I2Languages (I2.Loc.LanguageSourceAsset)	Items/herbBedDes	But grandmother! What small cabin do you have, said Little Prepp Riding Hood.
I2Languages (I2.Loc.LanguageSourceAsset)	Items/herbDeerTrophy	Jenny's Deer Trophy
I2Languages (I2.Loc.LanguageSourceAsset)	Items/herbDeerTrophyDes	A hunter's trophy? Perhaps there is more to the Herbalist than meets the eye.\nAnd what's the deal with these antlers?
I2Languages (I2.Loc.LanguageSourceAsset)	Items/herbGrowingBox	Jenny's Growing Box
I2Languages (I2.Loc.LanguageSourceAsset)	Items/herbGrowingBoxDes	A growing box. Somehow I have a feeling these are not only decorative plants.
I2Languages (I2.Loc.LanguageSourceAsset)	Items/herbTV	Jenny's TV
I2Languages (I2.Loc.LanguageSourceAsset)	Items/herbTVDes	There's nothing worthwhile on TV since the Plague, only news about successes of government, outdated educational programs, and old westerns.
I2Languages (I2.Loc.LanguageSourceAsset)	Items/herbWeedHook	Weed hook
I2Languages (I2.Loc.LanguageSourceAsset)	Items/herbWeedHookDes	This is probably a weeding tool. But it could definitely kill you.
I2Languages (I2.Loc.LanguageSourceAsset)	Items/herbDaisyGrubber	Daisy Grubber
I2Languages (I2.Loc.LanguageSourceAsset)	Items/herbDaisyGrubberDes	A gardening tool or a torture device? I don't trust the cute daisy painted on it. 
I2Languages (I2.Loc.LanguageSourceAsset)	Items/Calendar	Calendar
I2Languages (I2.Loc.LanguageSourceAsset)	Items/CalendarDes	Helps to keep track of important events
I2Languages (I2.Loc.LanguageSourceAsset)	Items/Foil	Foil
I2Languages (I2.Loc.LanguageSourceAsset)	Items/DesFoil	Best protection from mind-controlling waves.
I2Languages (I2.Loc.LanguageSourceAsset)	Items/RadioReciver	Joe's Radio
I2Languages (I2.Loc.LanguageSourceAsset)	Items/DesRadioReciver	This is surely an old device, but it looks like it could pick up transmissions from afar.
I2Languages (I2.Loc.LanguageSourceAsset)	Items/RoomUpgradeBook1	Underground Gardening
I2Languages (I2.Loc.LanguageSourceAsset)	Items/DesRoomUpgradeBook1	Is this book about gardening below the ground level or about hiding from the authorities? Yes.
I2Languages (I2.Loc.LanguageSourceAsset)	Items/BrokenRevolwer	Broken Revolver
I2Languages (I2.Loc.LanguageSourceAsset)	Items/DesBrokenRevolwer	It's broken.
I2Languages (I2.Loc.LanguageSourceAsset)	Items/Path	Path
I2Languages (I2.Loc.LanguageSourceAsset)	Items/SignTraps	Traps Sign
I2Languages (I2.Loc.LanguageSourceAsset)	Items/HunterNote	Huntress's note
I2Languages (I2.Loc.LanguageSourceAsset)	Items/Bunk	Bunk
I2Languages (I2.Loc.LanguageSourceAsset)	Items/DescBunk	An austere bed. Sleep is obviously not the priority here.
I2Languages (I2.Loc.LanguageSourceAsset)	Items/FortObserverMonitor	Monitor
I2Languages (I2.Loc.LanguageSourceAsset)	Items/FortObserverMonitorStorage	Monitor
I2Languages (I2.Loc.LanguageSourceAsset)	Items/DescFortObserverMonitor	One of the monitors of the Fort Observer base. Who observes the observers?
I2Languages (I2.Loc.LanguageSourceAsset)	Items/FortObserverPass	Access card
I2Languages (I2.Loc.LanguageSourceAsset)	Items/DescFortObserverPass	An access card to somewhere. Found in the plane wreckage.
I2Languages (I2.Loc.LanguageSourceAsset)	Items/AICore	AI core
I2Languages (I2.Loc.LanguageSourceAsset)	Items/DescAICore	The core of Fort Observer's security AI.
I2Languages (I2.Loc.LanguageSourceAsset)	Items/AICoreCase	AI core case
I2Languages (I2.Loc.LanguageSourceAsset)	Items/DescAICoreCase	A casing of security AI core. Maybe something could be put inside?
I2Languages (I2.Loc.LanguageSourceAsset)	Items/FakeAICore	Fake AI core
I2Languages (I2.Loc.LanguageSourceAsset)	Items/DescFakeAICore	A fake AI core with a custom inside
I2Languages (I2.Loc.LanguageSourceAsset)	Items/RocketPartCore	Rocket control module
I2Languages (I2.Loc.LanguageSourceAsset)	Items/DescRocketPartCore	An AI-based rocket control module. Crucial for your escape plan.
I2Languages (I2.Loc.LanguageSourceAsset)	Items/Bigos	Bigos
I2Languages (I2.Loc.LanguageSourceAsset)	Items/DesKeyBigos	A hearty, aromatic cabbage and meat stew. A recipe from Grandma Marianna.
I2Languages (I2.Loc.LanguageSourceAsset)	Items/BlueberrySmoothie	Blueberry smoothie
I2Languages (I2.Loc.LanguageSourceAsset)	Items/DesKeyBlueberrySmoothie	Condensed taste of the forest. You can't go wrong with this one.
I2Languages (I2.Loc.LanguageSourceAsset)	Items/CarrotSoup	Carrot soup
I2Languages (I2.Loc.LanguageSourceAsset)	Items/DesKeyCarrotSoup	Loved by babies and preppers worldwide.
I2Languages (I2.Loc.LanguageSourceAsset)	Items/BeetSoup	Beet soup
I2Languages (I2.Loc.LanguageSourceAsset)	Items/DesKeyBeetSoup	A delicious sour beet soup.
I2Languages (I2.Loc.LanguageSourceAsset)	Items/bobPlant	Bob the Plant
I2Languages (I2.Loc.LanguageSourceAsset)	Items/KitchenCupboard	Kitchen Cupboard
I2Languages (I2.Loc.LanguageSourceAsset)	Items/Food	Food
I2Languages (I2.Loc.LanguageSourceAsset)	Items/BookSet	Book Set
I2Languages (I2.Loc.LanguageSourceAsset)	Items/Barrel	Barrel
I2Languages (I2.Loc.LanguageSourceAsset)	Items/WorkshopShelf	Workshop Shelf
I2Languages (I2.Loc.LanguageSourceAsset)	Items/Material	Material
I2Languages (I2.Loc.LanguageSourceAsset)	Items/Keycard	Keycard
I2Languages (I2.Loc.LanguageSourceAsset)	Items/Gem	Gem
I2Languages (I2.Loc.LanguageSourceAsset)	Items/BoxSmall	Small Box
I2Languages (I2.Loc.LanguageSourceAsset)	Items/BoxLarge	Large Box
I2Languages (I2.Loc.LanguageSourceAsset)	Items/Plant	Plant
I2Languages (I2.Loc.LanguageSourceAsset)	Items/Ammo	Ammo
I2Languages (I2.Loc.LanguageSourceAsset)	Items/Chest	Chest
I2Languages (I2.Loc.LanguageSourceAsset)	Items/Scraps	Scraps
I2Languages (I2.Loc.LanguageSourceAsset)	Items/Seed	Seed
I2Languages (I2.Loc.LanguageSourceAsset)	Items/Bait	Bait
I2Languages (I2.Loc.LanguageSourceAsset)	Items/Plate	Plate
I2Languages (I2.Loc.LanguageSourceAsset)	Items/Trap	Trap
I2Languages (I2.Loc.LanguageSourceAsset)	Items/Trophy	Trophy
I2Languages (I2.Loc.LanguageSourceAsset)	Items/MinutemanLetter	Minuteman's letter
I2Languages (I2.Loc.LanguageSourceAsset)	Items/Cup	Cup
I2Languages (I2.Loc.LanguageSourceAsset)	Items/ChickenLeg	Chicken leg
I2Languages (I2.Loc.LanguageSourceAsset)	Items/DesKeyChickenLeg	Very tasty, and you can throw a bone to a local dog. If you see one.
I2Languages (I2.Loc.LanguageSourceAsset)	Items/MinesElevatorController	Elevator Controller
I2Languages (I2.Loc.LanguageSourceAsset)	Items/MinesElevator	Elevator
I2Languages (I2.Loc.LanguageSourceAsset)	Items/PlaneFortObserver	Airplane
I2Languages (I2.Loc.LanguageSourceAsset)	Items/DesPlaneFortObserver	These fighter aircrafts are a bit outdated, but still fit for basic surveillance and control tasks. 
I2Languages (I2.Loc.LanguageSourceAsset)	Items/AntenaForObserver	Antenna
I2Languages (I2.Loc.LanguageSourceAsset)	Items/DesAntenaForObserver	Allows for picking up radio transmissions from great distances.
I2Languages (I2.Loc.LanguageSourceAsset)	Items/ArtificialHorizon	Artificial Horizon
I2Languages (I2.Loc.LanguageSourceAsset)	Items/DesArtificialHorizon	An advanced gyroscopic flight instrument. An essential component for building a rocket.
I2Languages (I2.Loc.LanguageSourceAsset)	Items/DesKeyDryier	Useful for drying certain fruits and vegetables.
I2Languages (I2.Loc.LanguageSourceAsset)	Items/Granade	Grenade
I2Languages (I2.Loc.LanguageSourceAsset)	Items/DesKeyGranade	A basic grenade. Deals some damage and stuns enemies. You can also disassemble it to get its recipe.
I2Languages (I2.Loc.LanguageSourceAsset)	Items/SmokeBomb	Smoke Bomb
I2Languages (I2.Loc.LanguageSourceAsset)	Items/DesKeySmokeBomb	Great for getting out of tough situations. Stuns and pushes back enemies around you. You can also disassemble it to get its a recipe.
I2Languages (I2.Loc.LanguageSourceAsset)	Items/Dynamit	Dynamite
I2Languages (I2.Loc.LanguageSourceAsset)	Items/DesKeyDynamit	Causes a powerful explosion that deals a lot of damage. You can also disassemble it to get its recipe.
I2Languages (I2.Loc.LanguageSourceAsset)	Items/ComicsSet	A collection of comics
I2Languages (I2.Loc.LanguageSourceAsset)	Items/DesComicsSet	A remarkable collection of comics, from pulp superhero stuff to some whacky zines.
I2Languages (I2.Loc.LanguageSourceAsset)	Items/RocketLauncher	Rocket Launcher
I2Languages (I2.Loc.LanguageSourceAsset)	Items/BrazenSerpentModel	Brazen Serpent satellite model
I2Languages (I2.Loc.LanguageSourceAsset)	Items/DesKeyBrazenSerpentModel	This is the small metal thing that causes all our problems. A satellite making us numb, docile, or violent.
I2Languages (I2.Loc.LanguageSourceAsset)	Items/MindControlTool	Mind control tool
I2Languages (I2.Loc.LanguageSourceAsset)	Items/DesKeyMindControlTool	A prototype of a simple mind control tool. Later the method of sending waves from great distances was devised.
I2Languages (I2.Loc.LanguageSourceAsset)	Items/Scans	Brain scans and X-rays
I2Languages (I2.Loc.LanguageSourceAsset)	Items/DesKeyScans	Brain scans and X-rays of dogs that were test subjects. Poor animals.
I2Languages (I2.Loc.LanguageSourceAsset)	Items/MushroomSoupCan	Canned Mushroom Soup
I2Languages (I2.Loc.LanguageSourceAsset)	Items/DesKeyMushroomSoupCan	Canned mushroom soup. It should last long.
I2Languages (I2.Loc.LanguageSourceAsset)	Items/CucumberSoupCan	Canned Cucumber Soup
I2Languages (I2.Loc.LanguageSourceAsset)	Items/DesKeyCucumberSoupCan	Canned cucumber soup. It should last long.
I2Languages (I2.Loc.LanguageSourceAsset)	Items/TomatoSoupCan	Canned Tomato Soup
I2Languages (I2.Loc.LanguageSourceAsset)	Items/DesKeyTomatoSoupCan	Canned tomato soup. It should last long.
I2Languages (I2.Loc.LanguageSourceAsset)	Items/BeetSoupCan	Canned Beet Soup
I2Languages (I2.Loc.LanguageSourceAsset)	Items/DesKeyBeetSoupCan	Canned beet soup. It should last long.
I2Languages (I2.Loc.LanguageSourceAsset)	Items/CarrotSoupCan	Canned Carrot Soup
I2Languages (I2.Loc.LanguageSourceAsset)	Items/DesKeyCarrotSoupCan	Canned carrot soup. It should last long.
I2Languages (I2.Loc.LanguageSourceAsset)	Items/VegetableSoupCan	Canned Vegetable Soup
I2Languages (I2.Loc.LanguageSourceAsset)	Items/DesKeyVegetableSoupCan	Canned vegetable soup. It should last long.
I2Languages (I2.Loc.LanguageSourceAsset)	Items/ControlInstruction	Inspection Protocol
I2Languages (I2.Loc.LanguageSourceAsset)	Items/DesKeyControlInstruction	A secret protocol for the house inspection used by the Agency.
I2Languages (I2.Loc.LanguageSourceAsset)	Items/MinutLetterWaterControl	Minuteman's Letter: Water Control Warning
I2Languages (I2.Loc.LanguageSourceAsset)	Items/DesKeyMinutLetterWaterControl	A letter from a stranger who calls himself "The Minuteman".
I2Languages (I2.Loc.LanguageSourceAsset)	Items/MinutLetterElectricityControl	Minuteman's Letter: Electricity Control Warning
I2Languages (I2.Loc.LanguageSourceAsset)	Items/DesKeyMinutLetterElectricityControl	A letter from a stranger who calls himself "The Minuteman".
I2Languages (I2.Loc.LanguageSourceAsset)	Items/MinutLetterCupboardControl	Minuteman's Letter: Cupboard Control Warning
I2Languages (I2.Loc.LanguageSourceAsset)	Items/DesKeyMinutLetterCupboardControl	A letter from a stranger who calls himself "The Minuteman".
I2Languages (I2.Loc.LanguageSourceAsset)	Items/MinutLetterCupboardControl2	Minuteman's Letter: Cupboard Control Warning 2
I2Languages (I2.Loc.LanguageSourceAsset)	Items/DesKeyMinutLetterCupboardControl2	A letter from a stranger who calls himself "The Minuteman".
I2Languages (I2.Loc.LanguageSourceAsset)	Items/PlaneWreck	Crashed Plane
I2Languages (I2.Loc.LanguageSourceAsset)	Items/DesKeyPlaneWreck	Military plane. Crashed. Looks oddly familiar.
I2Languages (I2.Loc.LanguageSourceAsset)	Items/AlarmSwitch	Signal Switch
I2Languages (I2.Loc.LanguageSourceAsset)	Items/DescAlarmSwitch	Activate it on the first floor to give the Sleepless the final signal. There is no turning back after that.
I2Languages (I2.Loc.LanguageSourceAsset)	Items/DiscoSwitch	Disco Switch
I2Languages (I2.Loc.LanguageSourceAsset)	Items/DescDiscoSwitch	Just for fun. Disco's not dead.
I2Languages (I2.Loc.LanguageSourceAsset)	Items/Switch	Switch
I2Languages (I2.Loc.LanguageSourceAsset)	Items/DescSwitch	Place it in a room to be able to turn everything inside it on or off. Great for power management.
I2Languages (I2.Loc.LanguageSourceAsset)	Items/DesKeyCalendar	Keep track of days and important events.
I2Languages (I2.Loc.LanguageSourceAsset)	Items/ArmyChest	Army Chest
I2Languages (I2.Loc.LanguageSourceAsset)	Items/DesKeyArmyChest	It's a basic wooden chest stamped 'ARMY'. 
I2Languages (I2.Loc.LanguageSourceAsset)	Items/Fabrics	Fabrics
I2Languages (I2.Loc.LanguageSourceAsset)	Items/DesKeyFabrics	A good source of textiles.
I2Languages (I2.Loc.LanguageSourceAsset)	Items/FortBox	Box
I2Languages (I2.Loc.LanguageSourceAsset)	Items/DesKeyScraps	Scraps. Use them for crafting or sell to Joe.
I2Languages (I2.Loc.LanguageSourceAsset)	Items/VendingMachine	Vending Machine
I2Languages (I2.Loc.LanguageSourceAsset)	Items/RoomUpgradeBook2	Pump It Up: Useful Room Upgrades
I2Languages (I2.Loc.LanguageSourceAsset)	Items/DesRoomUpgradeBook2	Learn how to make specific room upgrades: a pumphouse and a workshop.
I2Languages (I2.Loc.LanguageSourceAsset)	Items/RoomUpgradeBook3	Mr. Freeze: More Useful Room Upgrades
I2Languages (I2.Loc.LanguageSourceAsset)	Items/DesRoomUpgradeBook3	Learn how to make specific room upgrades: a powerhouse and a freezer.
I2Languages (I2.Loc.LanguageSourceAsset)	Items/DescRocketLauncher	The final button to push.
I2Languages (I2.Loc.LanguageSourceAsset)	Items/Hydrogen	Hydrogen
I2Languages (I2.Loc.LanguageSourceAsset)	Items/DesKeyRocketPartHydrogen	Also known as rocket fuel. Depends who you ask.
I2Languages (I2.Loc.LanguageSourceAsset)	Items/DesKeyAmo	Basic ammo. Good for revolvers and rifles.
I2Languages (I2.Loc.LanguageSourceAsset)	Items/Irrigator	Irrigator
I2Languages (I2.Loc.LanguageSourceAsset)	Items/DesKeyIrrigator	Fill it with water and it will automatically water all the plants in the room.
I2Languages (I2.Loc.LanguageSourceAsset)	Items/Refueler	Refueler
I2Languages (I2.Loc.LanguageSourceAsset)	Items/DesKeyRefueler	Fill it with fuel and it will automatically refuel all the generators in the room.
I2Languages (I2.Loc.LanguageSourceAsset)	Items/bobHideoutPC	Bob's Computer
I2Languages (I2.Loc.LanguageSourceAsset)	Items/bobHideoutPCDes	A top-notch information technology. Too bad nobody had invented a wider network for these things.
I2Languages (I2.Loc.LanguageSourceAsset)	Items/bobHideoutBoard	Bob's Plan
I2Languages (I2.Loc.LanguageSourceAsset)	Items/bobHideoutBoardDes	Post-it notes always make the interior look professional.
I2Languages (I2.Loc.LanguageSourceAsset)	Items/bobHideoutSupPosters	Posters
I2Languages (I2.Loc.LanguageSourceAsset)	Items/bobHideoutSupPostersDes	Apart from his books and comics, Bob has a collection of posters. It might be the most colorful place in whole Murricaville.
I2Languages (I2.Loc.LanguageSourceAsset)	Items/bobHideoutBless	Bless the President
I2Languages (I2.Loc.LanguageSourceAsset)	Items/bobSleeplessBasePosters	Posters
I2Languages (I2.Loc.LanguageSourceAsset)	Items/bobSleeplessBasePillows	Mattresses
I2Languages (I2.Loc.LanguageSourceAsset)	Items/bobSleeplessBaseContainers	Military chests
I2Languages (I2.Loc.LanguageSourceAsset)	Items/bobSleeplessBaseChairs	Chairs
I2Languages (I2.Loc.LanguageSourceAsset)	Items/SleeplessMember	Member of The Sleepless
I2Languages (I2.Loc.LanguageSourceAsset)	Items/Jenny	Jenny
I2Languages (I2.Loc.LanguageSourceAsset)	Items/Joe	Joe
I2Languages (I2.Loc.LanguageSourceAsset)	Items/Jim	Jim
I2Languages (I2.Loc.LanguageSourceAsset)	Items/Karen	Karen
I2Languages (I2.Loc.LanguageSourceAsset)	Items/Kate	Kate
I2Languages (I2.Loc.LanguageSourceAsset)	Items/Krystal	Crystal
I2Languages (I2.Loc.LanguageSourceAsset)	Items/CowSkull	Cow Skull
I2Languages (I2.Loc.LanguageSourceAsset)	Items/DescCowSkull	Horrific decorative piece.
I2Languages (I2.Loc.LanguageSourceAsset)	Items/DeerSkull	Deer Skull
I2Languages (I2.Loc.LanguageSourceAsset)	Items/DescDeerSkull	One of many trophies from Jenny's collection. Looks great on the wall.
I2Languages (I2.Loc.LanguageSourceAsset)	Items/EradicatorPoster	Eradicator Poster
I2Languages (I2.Loc.LanguageSourceAsset)	Items/DescEradicatorPoster	Electronic killer from future
I2Languages (I2.Loc.LanguageSourceAsset)	Items/SheMamaPoster	She Mama Poster
I2Languages (I2.Loc.LanguageSourceAsset)	Items/DescSheMamaPoster	A touch of fantasy world in your home
I2Languages (I2.Loc.LanguageSourceAsset)	Items/SleeplessPoster	Sleepless Poster
I2Languages (I2.Loc.LanguageSourceAsset)	Items/DescSleeplessPoster	They say that walls can have ears, but no one ever mentioned the eyes
I2Languages (I2.Loc.LanguageSourceAsset)	Items/WallShelf	Wall Shelf
I2Languages (I2.Loc.LanguageSourceAsset)	Items/DescWallShelf	Perfect shelf for displaying items
I2Languages (I2.Loc.LanguageSourceAsset)	Items/RussianCarpet	Jenny's Vintage Carpet
I2Languages (I2.Loc.LanguageSourceAsset)	Items/DescRussianCarpet	Special decorative carpet from Jenny's collection
I2Languages (I2.Loc.LanguageSourceAsset)	Items/Chupakabra	Chupacabra
I2Languages (I2.Loc.LanguageSourceAsset)	Items/JennyPhoto	Jenny's Photo
I2Languages (I2.Loc.LanguageSourceAsset)	Items/Door	Passage
I2Languages (I2.Loc.LanguageSourceAsset)	Items/RussianWallCarpet	Jenny's Wall Carpet
I2Languages (I2.Loc.LanguageSourceAsset)	Items/DescRussianWallCarpet	Who said you can't put them on the wall?
I2Languages (I2.Loc.LanguageSourceAsset)	Items/Dog	Dog
I2Languages (I2.Loc.LanguageSourceAsset)	Items/DescDog	Domesticated canine, also known as "man's best friend". Surprisingly rare around Murricaville lately.\n
I2Languages (I2.Loc.LanguageSourceAsset)	Items/DogDen	Dog's lair
I2Languages (I2.Loc.LanguageSourceAsset)	Items/DescDogDen	A place to rest for your dog. The dog will use it no matter where you place it. Magic!
I2Languages (I2.Loc.LanguageSourceAsset)	Items/DogFeederBowl	Dog bowl
I2Languages (I2.Loc.LanguageSourceAsset)	Items/DesDogFeederBowl	A basic bowl for your dog.
I2Languages (I2.Loc.LanguageSourceAsset)	Items/Milk1	Milk
I2Languages (I2.Loc.LanguageSourceAsset)	Items/DescMilk1	Fresh organic milk. Tasty and nutritious.
I2Languages (I2.Loc.LanguageSourceAsset)	Items/ChickenDen	Chicken coop
I2Languages (I2.Loc.LanguageSourceAsset)	Items/DescChickenDen	A home for your chickens! Cozy, but gets loud sometimes.
I2Languages (I2.Loc.LanguageSourceAsset)	Items/GoatDen	Goats shed
I2Languages (I2.Loc.LanguageSourceAsset)	Items/DescGoatDen	A home for your goats! They can throw some wicked parties.
I2Languages (I2.Loc.LanguageSourceAsset)	Items/CowDen	Cow stall
I2Languages (I2.Loc.LanguageSourceAsset)	Items/DesCowDen	A small living quarter for a cow.
I2Languages (I2.Loc.LanguageSourceAsset)	Items/CowFeeder	Cow feeder
I2Languages (I2.Loc.LanguageSourceAsset)	Items/DesCowFeeder	Your cow can feed directly from it.
I2Languages (I2.Loc.LanguageSourceAsset)	Items/BatDecoration	Bat decoration
I2Languages (I2.Loc.LanguageSourceAsset)	Items/DescBatDecoration	Watch out, they can get entangled in your hair!
I2Languages (I2.Loc.LanguageSourceAsset)	Items/AlienSkull	Alien skull
I2Languages (I2.Loc.LanguageSourceAsset)	Items/DescAlienSkull	A depiction of a slightly scary, completely fictional extraterrestrial creature.
I2Languages (I2.Loc.LanguageSourceAsset)	Items/PumpkinItem	Pumpkin
I2Languages (I2.Loc.LanguageSourceAsset)	Items/DescPumpkinItem	The staple of the harvest/Halloween period. Coziness and metaphysical dread go very well together.
I2Languages (I2.Loc.LanguageSourceAsset)	Items/Scarecrow	Spooky scarecrow
I2Languages (I2.Loc.LanguageSourceAsset)	Items/DescScarecrow	Probably works better on you than on the birds.
I2Languages (I2.Loc.LanguageSourceAsset)	Items/JackOLantern	Jack O'Lantern
I2Languages (I2.Loc.LanguageSourceAsset)	Items/DescJackOLantern	A navigation aid for tormented souls and a perfect house decoration.
I2Languages (I2.Loc.LanguageSourceAsset)	Items/SeedPumpkin	Pumpkin seeds
I2Languages (I2.Loc.LanguageSourceAsset)	Items/DesSeedPumpkin	Use them to grow more of the nutritious vegetable.
I2Languages (I2.Loc.LanguageSourceAsset)	Items/PumpkinSoup	Pumpkin Soup
I2Languages (I2.Loc.LanguageSourceAsset)	Items/DesPumpkinSoup	Tasty, aromatic pumpkin soup.
I2Languages (I2.Loc.LanguageSourceAsset)	Items/PumpkinSoupCan	Canned pumpkin soup 
I2Languages (I2.Loc.LanguageSourceAsset)	Items/DesKeyPumpkinSoupCan	Canned pumpkin soup. It should last long.
I2Languages (I2.Loc.LanguageSourceAsset)	Items/HalloweenFlyer	Halloween flyer
I2Languages (I2.Loc.LanguageSourceAsset)	Items/DescHalloweenFlyer	Flyer with the info on the upcoming Halloween. Tacky, but somehow thrilling.
I2Languages (I2.Loc.LanguageSourceAsset)	Items/CandyBlue	Candy
I2Languages (I2.Loc.LanguageSourceAsset)	Items/DesCandyBlue	Yay, Halloween sweets! But do you remember where you got them from?
I2Languages (I2.Loc.LanguageSourceAsset)	Items/CandyRed	Candy
I2Languages (I2.Loc.LanguageSourceAsset)	Items/DesCandyRed	Yay, Halloween sweets! But do you remember where you got them from?
I2Languages (I2.Loc.LanguageSourceAsset)	Items/GoatAnimal	Goat
I2Languages (I2.Loc.LanguageSourceAsset)	Items/DesGoatAnimal	A basic goat breed. Can give you wool and milk.
I2Languages (I2.Loc.LanguageSourceAsset)	Items/GoatBrown	Brown goat
I2Languages (I2.Loc.LanguageSourceAsset)	Items/DesGoatBrown	This breed can give you much wool and much milk. Whatever floats your goat!
I2Languages (I2.Loc.LanguageSourceAsset)	Items/GoatWhite	White goat
I2Languages (I2.Loc.LanguageSourceAsset)	Items/DesGoatWhite	A goat breed popular in this region. It can give you much wool, but doesn't produce that much milk.
I2Languages (I2.Loc.LanguageSourceAsset)	Items/ChickenAnimal	Chicken
I2Languages (I2.Loc.LanguageSourceAsset)	Items/DesChickenAnimal	A basic kind of chicken, a farm animal widespread around the world, with a well-known brown plumage. Lays eggs.
I2Languages (I2.Loc.LanguageSourceAsset)	Items/ChickenAnimalWhite	White chicken
I2Languages (I2.Loc.LanguageSourceAsset)	Items/DesChickenAnimalWhite	A white breed of chicken. Lays eggs like a regular chicken. Its feathers can be gathered and sold.
I2Languages (I2.Loc.LanguageSourceAsset)	Items/ChickenAnimalGray	Gray chicken
I2Languages (I2.Loc.LanguageSourceAsset)	Items/DesChickenAnimalGray	A chicken breed with white feathers and a black pattern on them. It produces feathers quicker, but eggs slower than the regular breed.
I2Languages (I2.Loc.LanguageSourceAsset)	Items/ChickenAnimalBlack	Black chicken
I2Languages (I2.Loc.LanguageSourceAsset)	Items/DesChickenAnimalBlack	A black chicken, classy and meaning business. Quickest in laying eggs and reproducing. Can fetch a good price.
I2Languages (I2.Loc.LanguageSourceAsset)	Items/RottenHey	Rotten hay
I2Languages (I2.Loc.LanguageSourceAsset)	Items/BrokenFance	Broken fence
I2Languages (I2.Loc.LanguageSourceAsset)	Items/FenceItem	Animals' Fence
I2Languages (I2.Loc.LanguageSourceAsset)	Items/DesFenceItem	A fence with a gate, simple but stylish. It allows you to border a space dedicated to animals. They cannot go through. 
I2Languages (I2.Loc.LanguageSourceAsset)	Items/BarnBackDoor	Barn door
I2Languages (I2.Loc.LanguageSourceAsset)	Items/Will	Will
I2Languages (I2.Loc.LanguageSourceAsset)	Items/WheatToCollect	Wild Wheat
I2Languages (I2.Loc.LanguageSourceAsset)	Items/ChickenFeeder	Chickens' feeder
I2Languages (I2.Loc.LanguageSourceAsset)	Items/DesChickenFeeder	A feeder to provide proper nutrition to your chickens. You can give them grain, corn, sunflower, and other seeds.
I2Languages (I2.Loc.LanguageSourceAsset)	Items/GoatFeeder	Goats' feeder
I2Languages (I2.Loc.LanguageSourceAsset)	Items/DesGoatFeeder	A feeder for goats. They can be fed with hay or any kind of vegetables.
I2Languages (I2.Loc.LanguageSourceAsset)	Items/BrokenChickenHouse	Broken chicken coop
I2Languages (I2.Loc.LanguageSourceAsset)	Items/DogeAnimal	Xeno
I2Languages (I2.Loc.LanguageSourceAsset)	Items/DesDogeAnimal	Xeno, a good boy that found his home at Will's farm, but can also get attached to a different caretaker. He is versatile and very intelligent, and can show you a variety of useful skills as you befriend him more and more.
I2Languages (I2.Loc.LanguageSourceAsset)	Items/CowBrown	Brown cow
I2Languages (I2.Loc.LanguageSourceAsset)	Items/DesCowBrown	A brown cow breed. It's not as good in producing milk as other cow species, but it reproduces quicker than other breeds and can be used for high-quality meat. 
I2Languages (I2.Loc.LanguageSourceAsset)	Items/CowSpotted	Spotted cow
I2Languages (I2.Loc.LanguageSourceAsset)	Items/DesCowSpotted	A spotted cow. Makes you think of idyllic landscapes and also produces lots of milk.
I2Languages (I2.Loc.LanguageSourceAsset)	Items/CowWhite	White cow
I2Languages (I2.Loc.LanguageSourceAsset)	Items/DesCowWhite	A white cow breed, a basic, all-purpose breed.
I2Languages (I2.Loc.LanguageSourceAsset)	Items/Hamster	Golden hamster
I2Languages (I2.Loc.LanguageSourceAsset)	Items/DesHamster	A small hamster with a standard, golden coloration. Can produce a small amount of electricity in its hamster wheel.
I2Languages (I2.Loc.LanguageSourceAsset)	Items/Hamster2	Golden-white-grey hamster
I2Languages (I2.Loc.LanguageSourceAsset)	Items/DesHamster2	A medium-sized hamster with a mixed, golden-white-grey coloration. Can produce a medium amount of electricity in its hamster wheel.
I2Languages (I2.Loc.LanguageSourceAsset)	Items/Hamster3	Grey hamster
I2Languages (I2.Loc.LanguageSourceAsset)	Items/DesHamster3	A big, grey hamster. It's strong and can produce a big amount of electricity.
I2Languages (I2.Loc.LanguageSourceAsset)	Items/HamsterCage	Basic hamster cage
I2Languages (I2.Loc.LanguageSourceAsset)	Items/DesHamsterCage	A basic, plastic cage with a small house. Good place to live for up to three hamsters.
I2Languages (I2.Loc.LanguageSourceAsset)	Items/HamsterCageBig	Large hamster cage
I2Languages (I2.Loc.LanguageSourceAsset)	Items/DesHamsterCageBig	A big cage with two separate small houses. Decent living quarters for up to six hamsters.
I2Languages (I2.Loc.LanguageSourceAsset)	Items/HamsterFeeder	Hamster cage with feeder
I2Languages (I2.Loc.LanguageSourceAsset)	Items/DesHamsterFeeder	A hamster cage with a feeder included. The cute rodents can be fed with grain, vegetables, and seeds.
I2Languages (I2.Loc.LanguageSourceAsset)	Items/HamsterGenerator	Hamster wheel generator
I2Languages (I2.Loc.LanguageSourceAsset)	Items/DesHamsterGenerator	A hamster wheel plugged into a small electricity generator. An entertainment for your small pet and a clean source of energy for you. Don't forget to feed the hamsters!
I2Languages (I2.Loc.LanguageSourceAsset)	Items/HamsterPipe	Hamster tubes
I2Languages (I2.Loc.LanguageSourceAsset)	Items/DesHamsterPipe	A way to connect all hamster cages.
I2Languages (I2.Loc.LanguageSourceAsset)	Items/ChickenBabyBlack	Black chick
I2Languages (I2.Loc.LanguageSourceAsset)	Items/DesChickenBabyBlack	A baby form of a black chicken. Will turn adult several days after hatching.
I2Languages (I2.Loc.LanguageSourceAsset)	Items/ChickenBabyGray	Grey chick
I2Languages (I2.Loc.LanguageSourceAsset)	Items/DesChickenBabyGray	A baby form of a grey chicken. Will turn adult several days after hatching.
I2Languages (I2.Loc.LanguageSourceAsset)	Items/ChickenBabyWhite	White chick
I2Languages (I2.Loc.LanguageSourceAsset)	Items/DesChickenBabyWhite	A baby form of a white chicken. Will turn adult several days after hatching.
I2Languages (I2.Loc.LanguageSourceAsset)	Items/ChickenBaby	Chick
I2Languages (I2.Loc.LanguageSourceAsset)	Items/DesChickenBaby	A baby form of a chicken. Will turn adult several days after hatching.
I2Languages (I2.Loc.LanguageSourceAsset)	Items/CowBabyBrown	Brown calf
I2Languages (I2.Loc.LanguageSourceAsset)	Items/DesCowBabyBrown	A baby form of a brown cow. Will turn adult several days after being born.
I2Languages (I2.Loc.LanguageSourceAsset)	Items/CowBabySpotted	Spotted calf
I2Languages (I2.Loc.LanguageSourceAsset)	Items/DesCowBabySpotted	A baby form of a spotted cow. Will turn adult several days after being born.
I2Languages (I2.Loc.LanguageSourceAsset)	Items/CowBabyWhite	White calf
I2Languages (I2.Loc.LanguageSourceAsset)	Items/DesCowBabyWhite	A baby form of a white cow. Will turn adult several days after being born.
I2Languages (I2.Loc.LanguageSourceAsset)	Items/GoatBaby	Goat kid
I2Languages (I2.Loc.LanguageSourceAsset)	Items/DesGoatBaby	A baby form of a goat. Will turn adult several days after being born. Watch out! Kids run around more than adult goats.
I2Languages (I2.Loc.LanguageSourceAsset)	Items/GoatBabyBrown	Brown goat kid
I2Languages (I2.Loc.LanguageSourceAsset)	Items/DesGoatBabyBrown	A baby form of a brown goat. Will turn adult several days after being born. Watch out! Kids run around more than adult goats.
I2Languages (I2.Loc.LanguageSourceAsset)	Items/GoatBabyWhite	White goat kid
I2Languages (I2.Loc.LanguageSourceAsset)	Items/DesGoatBabyWhite	A baby form of a white goat. Will turn adult several days after being born. Watch out! Kids run around more than adult goats.
I2Languages (I2.Loc.LanguageSourceAsset)	Items/Globe	Globe
I2Languages (I2.Loc.LanguageSourceAsset)	Items/DesGlobe	An accurate model of our planet Earth. Shows you how much there is to see beyond Murricaville and our beloved country (bless the President).
I2Languages (I2.Loc.LanguageSourceAsset)	Items/EarthDayFlatEarth	Square Earth poster
I2Languages (I2.Loc.LanguageSourceAsset)	Items/DesEarthDayFlatEarth	Flat-earthers intend to show how the globularist propaganda fabricates data to ridicule the truth about the Flat Earth. This is, of course, a preposterous belief: the Earth is actually a cube. Embrace the truth and don't lose your edge!
I2Languages (I2.Loc.LanguageSourceAsset)	Items/EarthDayHearth	Earth Day – heart poster
I2Languages (I2.Loc.LanguageSourceAsset)	Items/DesEarthDayHearth	Show your love for the environment with this beautiful design. Printed on sustainable, recycled paper.
I2Languages (I2.Loc.LanguageSourceAsset)	Items/EarthDayLeaf	Earth Day – leaf poster
I2Languages (I2.Loc.LanguageSourceAsset)	Items/DesEarthDayLeaf	Go green with this minimalistic design celebrating Earth Day. Take a breath and feel thankful to the plants.
I2Languages (I2.Loc.LanguageSourceAsset)	Items/EarthDayTurtle	Earth Day – turtle poster
I2Languages (I2.Loc.LanguageSourceAsset)	Items/DesEarthDayTurtle	For this year's Earth Day, contemplate how our planet is like a giant turtle floating through space, carrying us all on its back... Wait, it's supposed to be a metaphor? Right?
I2Languages (I2.Loc.LanguageSourceAsset)	Items/SuitJacketBlack	Suit Jacket - Black
I2Languages (I2.Loc.LanguageSourceAsset)	Items/DesSuitJacketBlack	A timeless classic of men's fashion. Will give you a touch of professionalism and formality.
I2Languages (I2.Loc.LanguageSourceAsset)	Items/SuitJacketBrown	Suit Jacket - Brown
I2Languages (I2.Loc.LanguageSourceAsset)	Items/DesSuitJacketBrown	An idealistic literature teacher or a disgruntled detective? Perhaps simply a fashion-conscious prepper.
I2Languages (I2.Loc.LanguageSourceAsset)	Items/SuitJacketYellow	Suit Jacket - Yellow
I2Languages (I2.Loc.LanguageSourceAsset)	Items/DesSuitJacketYellow	A yellow suit jacket - because elegant doesn't have to mean dull.
I2Languages (I2.Loc.LanguageSourceAsset)	Items/SuitPantsBlack	Suit Pants - Black
I2Languages (I2.Loc.LanguageSourceAsset)	Items/DesSuitPantsBlack	Pants to go with a black suit jacket. But the Agency won't arrest you for mixing and matching.
I2Languages (I2.Loc.LanguageSourceAsset)	Items/SuitPantsBrown	Suit Pants - Brown
I2Languages (I2.Loc.LanguageSourceAsset)	Items/DesSuitPantsBrown	Pants to go with a brown suit jacket. But the Agency won't arrest you for mixing and matching.
I2Languages (I2.Loc.LanguageSourceAsset)	Items/SuitPantsYellow	Suit Pants - Yellow
I2Languages (I2.Loc.LanguageSourceAsset)	Items/DesSuitPantsYellow	Pants to go with a yellow suit jacket. But the Agency won't arrest you for mixing and matching.
I2Languages (I2.Loc.LanguageSourceAsset)	Items/ElegantBootsBlack	Dress Shoes
I2Languages (I2.Loc.LanguageSourceAsset)	Items/DesElegantBootsBlack	Dress shoes for a suit. A surefire style choice.
I2Languages (I2.Loc.LanguageSourceAsset)	Items/TShirtSleepless	Sleepless T-shirt
I2Languages (I2.Loc.LanguageSourceAsset)	Items/DesTShirtSleepless	Your secret organization is too secret for your liking? Deconspire it with style!
I2Languages (I2.Loc.LanguageSourceAsset)	Items/TShirtUFO	UFO T-shirt
I2Languages (I2.Loc.LanguageSourceAsset)	Items/DesTShirtUFO	Wanna be your victim, ready for abduction.
I2Languages (I2.Loc.LanguageSourceAsset)	Items/TShirtBobPlant	Bob the Plant T-shirt
I2Languages (I2.Loc.LanguageSourceAsset)	Items/DesTShirtBobPlant	Celebrating Bob, the coolest plant in Murricaville.
I2Languages (I2.Loc.LanguageSourceAsset)	Items/TShirtPreppared	Prepared T-shirt
I2Languages (I2.Loc.LanguageSourceAsset)	Items/DesTShirtPreppared	Sometimes you just see a piece of clothing that looks like designed specifically to you.
I2Languages (I2.Loc.LanguageSourceAsset)	Items/TShirtNASARocket	FARSA T-shirt
I2Languages (I2.Loc.LanguageSourceAsset)	Items/DesTShirtNASARocket	The Federal Aeronautics, Robotics & Space Administration doesn't have great achievements yet, but let's keep dreaming big.
I2Languages (I2.Loc.LanguageSourceAsset)	Items/PilotJacketBrown	Pilot Jacket - Brown
I2Languages (I2.Loc.LanguageSourceAsset)	Items/DesPilotJacketBrown	A stylish pilot jacket. Takes the breath away from your admirers. 
I2Languages (I2.Loc.LanguageSourceAsset)	Items/PilotJacketBlack	Pilot Jacket - Black
I2Languages (I2.Loc.LanguageSourceAsset)	Items/DesPilotJacketBlack	A stylish pilot jacket. Takes the breath away from your admirers. 
I2Languages (I2.Loc.LanguageSourceAsset)	Items/RegularJacketBlack	Regular Jacket - Black
I2Languages (I2.Loc.LanguageSourceAsset)	Items/DesRegularJacketBlack	Casual yet stylish. A safe fashion choice.
I2Languages (I2.Loc.LanguageSourceAsset)	Items/HikingBootsBrown	Hiking Boots - Brown
I2Languages (I2.Loc.LanguageSourceAsset)	Items/DesHikingBootsBrown	Sturdy boots for all the diverse climates of Murricaville County.
I2Languages (I2.Loc.LanguageSourceAsset)	Items/HikingBootsBlack	Hiking Boots - Black
I2Languages (I2.Loc.LanguageSourceAsset)	Items/DesHikingBootsBlack	Sturdy boots for all the diverse climates of Murricaville County.
I2Languages (I2.Loc.LanguageSourceAsset)	Items/SneakersWhite	Sneakers - White
I2Languages (I2.Loc.LanguageSourceAsset)	Items/DesSneakersWhite	Comfortable and youthful.
I2Languages (I2.Loc.LanguageSourceAsset)	Items/SneakersBlack	Sneakers - Black
I2Languages (I2.Loc.LanguageSourceAsset)	Items/DesSneakersBlack	Comfortable and youthful.
I2Languages (I2.Loc.LanguageSourceAsset)	Items/SweatpantsBlack	Sweatpants - Black
I2Languages (I2.Loc.LanguageSourceAsset)	Items/DesSweatpantsBlack	For when you need comfort, but also don't shy away from the striking, modern look.
I2Languages (I2.Loc.LanguageSourceAsset)	Items/SweatpantsBlue	Sweatpants - Blue
I2Languages (I2.Loc.LanguageSourceAsset)	Items/DesSweatpantsBlue	For when you need comfort, but also don't shy away from the striking, modern look.
I2Languages (I2.Loc.LanguageSourceAsset)	Items/SweatpantsRed	Sweatpants - Red
I2Languages (I2.Loc.LanguageSourceAsset)	Items/DesSweatpantsRed	For when you need comfort, but also don't shy away from the striking, modern look.
I2Languages (I2.Loc.LanguageSourceAsset)	Items/CargoPantsBlack	Cargo Pants - Black
I2Languages (I2.Loc.LanguageSourceAsset)	Items/DesCargoPantsBlack	Pants for practical, down-to-earth-preppers.
I2Languages (I2.Loc.LanguageSourceAsset)	Items/CargoPantsRottenGreen	Cargo Pants - Olive Green
I2Languages (I2.Loc.LanguageSourceAsset)	Items/DesCargoPantsRottenGreen	Pants for practical, down-to-earth-preppers.
I2Languages (I2.Loc.LanguageSourceAsset)	Items/CargoPantsMoroKhaki	Cargo Pants - Camo
I2Languages (I2.Loc.LanguageSourceAsset)	Items/DesCargoPantsMoroKhaki	Pants for practical, down-to-earth-preppers.
I2Languages (I2.Loc.LanguageSourceAsset)	Items/RegularBlackJeans	Regular Black Jeans
I2Languages (I2.Loc.LanguageSourceAsset)	Items/DesRegularBlackJeans	A slight modification of the tried and tested Mr. Prepper's attire.
I2Languages (I2.Loc.LanguageSourceAsset)	Items/CapBob	Blue Baseball Cap
I2Languages (I2.Loc.LanguageSourceAsset)	Items/DesCapBob	Inspired by the rebellious look of a certain mine keeper.
I2Languages (I2.Loc.LanguageSourceAsset)	Items/CapBlackPrepper	Black Baseball Cap
I2Languages (I2.Loc.LanguageSourceAsset)	Items/DesCapBlackPrepper	For people doing mindblowing things.
I2Languages (I2.Loc.LanguageSourceAsset)	Items/CapAsh	Red Baseball Cap
I2Languages (I2.Loc.LanguageSourceAsset)	Items/DesCapAsh	Tracking and hunting animals just somehow feels better in this cap.
I2Languages (I2.Loc.LanguageSourceAsset)	Items/CowboyHatJoe	Brown Cowboy Hat
I2Languages (I2.Loc.LanguageSourceAsset)	Items/DesCowboyHatJoe	Sometimes you just gotta channel your local conspiracy theorist.
I2Languages (I2.Loc.LanguageSourceAsset)	Items/CowboyHatWhite	White Cowboy Hat
I2Languages (I2.Loc.LanguageSourceAsset)	Items/DesCowboyHatWhite	Don't be shy, the world is probably ending anyway.
I2Languages (I2.Loc.LanguageSourceAsset)	Items/BlackGlasses	Black Shades
I2Languages (I2.Loc.LanguageSourceAsset)	Items/DesBlackGlasses	Mysterious.
I2Languages (I2.Loc.LanguageSourceAsset)	Items/Glasses	Grey Shades
I2Languages (I2.Loc.LanguageSourceAsset)	Items/DesGlasses	When you want to be mysterious, but you also want to see something.
I2Languages (I2.Loc.LanguageSourceAsset)	Items/FishTemptationTechniques	Fish Luring Companion Guide
I2Languages (I2.Loc.LanguageSourceAsset)	Items/DesFishTemptationTechniques	Get to know the intricacies of fish luring! With the help of knowledge from this book, the fish will come swarming to you.\n
I2Languages (I2.Loc.LanguageSourceAsset)	Items/GroundbaitVirtuoso	Baits of Excellent Quality 
I2Languages (I2.Loc.LanguageSourceAsset)	Items/DesGroundbaitVirtuoso	Learn the expert tips to catch the rarest of fish.
I2Languages (I2.Loc.LanguageSourceAsset)	Items/MaintenanceOfTheFishermansEquipment	Fisherperson's Guide to Equipment Maintenance
I2Languages (I2.Loc.LanguageSourceAsset)	Items/DesMaintenanceOfTheFishermansEquipment	Untangle all the lines, hooks, tackles and rods with this handy guide! It will surely help to keep your equipment in shape.
I2Languages (I2.Loc.LanguageSourceAsset)	Items/CarAutopilotChip1	Car Autopilot AI Chip
I2Languages (I2.Loc.LanguageSourceAsset)	Items/DesCarAutopilotChip1	Sit back and enjoy! Allows to upgrade the car with an autopilot function. Consumes a bit more fuel.
I2Languages (I2.Loc.LanguageSourceAsset)	Items/CarAutopilotChip2	Solar Panels for Cars with AI Chip
I2Languages (I2.Loc.LanguageSourceAsset)	Items/DesCarAutopilotChip2	Solar power! Adds solar panels to your car. With this upgrade, your autopilot will no longer use extra fuel.
I2Languages (I2.Loc.LanguageSourceAsset)	Items/Reoiler	Oil Refiller
I2Languages (I2.Loc.LanguageSourceAsset)	Items/DesReoiler	Automatically refills oil in the refinery.
I2Languages (I2.Loc.LanguageSourceAsset)	Items/WolfFootprints	Animal pawprints
I2Languages (I2.Loc.LanguageSourceAsset)	Items/Hole	Hole in the barn
I2Languages (I2.Loc.LanguageSourceAsset)	Items/HumanFootprints	Human footprints
I2Languages (I2.Loc.LanguageSourceAsset)	Items/MazeCube	A hay cube you can shoot at, color-coded. Is it used for a game of sorts?
I2Languages (I2.Loc.LanguageSourceAsset)	Items/FishingBridge	Fishing pier
I2Languages (I2.Loc.LanguageSourceAsset)	Items/Castle	Castle decoration
I2Languages (I2.Loc.LanguageSourceAsset)	Items/DesCastle	Aquarium decoration item in the shape of castle. For when you want to achieve militant yet romantic style of your fish tank.
I2Languages (I2.Loc.LanguageSourceAsset)	Items/Rocket	Rocket decoration
I2Languages (I2.Loc.LanguageSourceAsset)	Items/DesRocket	Rocket decoration for your aquarium. Perhaps it will inspire one of your fish to dream of a world without rules and regulations.
I2Languages (I2.Loc.LanguageSourceAsset)	Items/SmallRocks	Small rocks
I2Languages (I2.Loc.LanguageSourceAsset)	Items/DesSmallRocks	Small decorative rocks for your aquarium. Fish love that stuff.
I2Languages (I2.Loc.LanguageSourceAsset)	Items/Seaweed	Seaweed decoration
I2Languages (I2.Loc.LanguageSourceAsset)	Items/DesSeaweed	Decorative seaweed for your aquarium. A timeless classic.
I2Languages (I2.Loc.LanguageSourceAsset)	Items/Shell	Shell decoration
I2Languages (I2.Loc.LanguageSourceAsset)	Items/DesShell	Decorative shell for your aquarium.
I2Languages (I2.Loc.LanguageSourceAsset)	Items/Ship	Ship decoration
I2Languages (I2.Loc.LanguageSourceAsset)	Items/DesShip	Decorative ship for your aquarium. Evokes feelings of greatness long lost.
I2Languages (I2.Loc.LanguageSourceAsset)	Items/Starfish	Starfish decoration
I2Languages (I2.Loc.LanguageSourceAsset)	Items/DesStarfish	Starfish-shaped aquarium decoration. Please don't break the arms, they probably won't grow back.
I2Languages (I2.Loc.LanguageSourceAsset)	Items/AquaStick	Stick decoration
I2Languages (I2.Loc.LanguageSourceAsset)	Items/DesAquaStick	A stick for your aquarium. Contributes to a more natural look.
I2Languages (I2.Loc.LanguageSourceAsset)	Items/Volcano	Volcano decoration
I2Languages (I2.Loc.LanguageSourceAsset)	Items/DesVolcano	Volcano decoration for your aquarium. For if you think your basement still lacks explosive things.
I2Languages (I2.Loc.LanguageSourceAsset)	Items/BeesCareBook	Bees Care Book - To Bee or not to Bee
I2Languages (I2.Loc.LanguageSourceAsset)	Items/DesBeesCareBook	This beginner's guide to beekeping will teach you how to build beehives and start your first apiary.
I2Languages (I2.Loc.LanguageSourceAsset)	Items/ChickenCareBook	Chickens Care Book - How to Win the Game of Chicken
I2Languages (I2.Loc.LanguageSourceAsset)	Items/DesChickenCareBook	Thanks to stellar advice contained in this book, you will be able to build top-notch chicken coops and feeders.
I2Languages (I2.Loc.LanguageSourceAsset)	Items/CowCareBook	Cows Care Book - How to Become a Cowboy (or Cowgirl, or Cowperson)
I2Languages (I2.Loc.LanguageSourceAsset)	Items/DesCowCareBook	This book will help you fulfill your dream about cattle farming, starting from preparing stalls and feeders for your herd.
I2Languages (I2.Loc.LanguageSourceAsset)	Items/DogCareBook	Dogs Care Book - Making Your Dog Happy: A DIY Edition
I2Languages (I2.Loc.LanguageSourceAsset)	Items/DesDogCareBook	Learn quickly and painlessly how to prepare a bowl and a lair for your best friend.
I2Languages (I2.Loc.LanguageSourceAsset)	Items/GoatCareBook	Goats Care Book - Goat Luxury: Starter's Guide
I2Languages (I2.Loc.LanguageSourceAsset)	Items/DesGoatCareBook	This book will instruct you on how to give your goats what they deserve, starting with their living quarters and feeders.
I2Languages (I2.Loc.LanguageSourceAsset)	Items/HamsterCareBook	Hamsters Care Book - Hamster High Life
I2Languages (I2.Loc.LanguageSourceAsset)	Items/DesHamsterCareBook	Learn how to raise the living standard of your favorite fluffy rodents! After reading, you will be able to make their cages and equip them with hamster wheels and systems of pipes.
I2Languages (I2.Loc.LanguageSourceAsset)	Items/BlackBass	Black bass
I2Languages (I2.Loc.LanguageSourceAsset)	Items/DesBlackBass	A classic American bass. You can keep it in your shelter if you have an aquarium room upgrade. Can be turned into fish fillets.
I2Languages (I2.Loc.LanguageSourceAsset)	Items/StripedBass	Striped bass
I2Languages (I2.Loc.LanguageSourceAsset)	Items/DesStripedBass	A stripped bass, a very tough fish. You can keep it in your shelter if you have an aquarium room upgrade. Can be turned into fish fillets.
I2Languages (I2.Loc.LanguageSourceAsset)	Items/WhitePerch	White perch
I2Languages (I2.Loc.LanguageSourceAsset)	Items/DesWhitePerch	White perch, a brave little fish. You can keep it in your shelter if you have an aquarium room upgrade. Can be turned into fish fillets.
I2Languages (I2.Loc.LanguageSourceAsset)	Items/YellowPerch	Yellow perch
I2Languages (I2.Loc.LanguageSourceAsset)	Items/DesYellowPerch	A pretty, colorful perch. You can keep it in your shelter if you have an aquarium room upgrade. Can be turned into fish fillets.
I2Languages (I2.Loc.LanguageSourceAsset)	Items/BlackCatfish	Black catfish
I2Languages (I2.Loc.LanguageSourceAsset)	Items/DesBlackCatfish	A common catfish, somewhat difficult to cook properly. You can keep it in your shelter if you have an aquarium room upgrade. Can be turned into fish fillets.
I2Languages (I2.Loc.LanguageSourceAsset)	Items/BlueCatfish	Blue catfish
I2Languages (I2.Loc.LanguageSourceAsset)	Items/DesBlueCatfish	A tough fish, you can feel proud of having it in your collection. You can keep it in your shelter if you have an aquarium room upgrade. Can be turned into fish fillets.
I2Languages (I2.Loc.LanguageSourceAsset)	Items/Tigerfish	Tigerfish
I2Languages (I2.Loc.LanguageSourceAsset)	Items/DesTigerfish	A true fighter, but it still can land in your aquarium. You can keep it in your shelter if you have an aquarium room upgrade. Can be turned into fish fillets.
I2Languages (I2.Loc.LanguageSourceAsset)	Items/WhiteCatfish	White catfish
I2Languages (I2.Loc.LanguageSourceAsset)	Items/DesWhiteCatfish	White catfish, a rare catch. You can keep it in your shelter if you have an aquarium room upgrade. Can be turned into fish fillets.
I2Languages (I2.Loc.LanguageSourceAsset)	Items/EmeraldMinnow	Emerald minnow
I2Languages (I2.Loc.LanguageSourceAsset)	Items/DesEmeraldMinnow	A very pretty, shiny fish. It can be held in an aquarium of any size. Filleting this fish will give you a great bait.
I2Languages (I2.Loc.LanguageSourceAsset)	Items/GoldMinnow	Gold minnow
I2Languages (I2.Loc.LanguageSourceAsset)	Items/DesGoldMinnow	A rare decorative fish. It can be held in an aquarium of any size. Filleting this fish will give you an excellent bait.
I2Languages (I2.Loc.LanguageSourceAsset)	Items/SilverMinnow	Silver minnow
I2Languages (I2.Loc.LanguageSourceAsset)	Items/DesSilverMinnow	A shiny, shimmering small fish. It can be held in an aquarium of any size. Filleting this fish will give you a good bait.
I2Languages (I2.Loc.LanguageSourceAsset)	Items/WhiteMinnow	White minnow
I2Languages (I2.Loc.LanguageSourceAsset)	Items/DesWhiteMinnow	White minnow, a common fish, popular in aquariums. It can be held in an aquarium of any size. Filleting this fish will give you a basic bait.
I2Languages (I2.Loc.LanguageSourceAsset)	Items/PinkSalmon	Pink salmon
I2Languages (I2.Loc.LanguageSourceAsset)	Items/DesPinkSalmon	A popular kind of salmon. You can keep it in your shelter if you have an aquarium room upgrade. Can be turned into fish fillets.
I2Languages (I2.Loc.LanguageSourceAsset)	Items/RedSalmon	Red salmon
I2Languages (I2.Loc.LanguageSourceAsset)	Items/DesRedSalmon	A red salmon, very intense both in looks and behavior. You can keep it in your shelter if you have an aquarium room upgrade. Can be turned into fish fillets.
I2Languages (I2.Loc.LanguageSourceAsset)	Items/GoldTrout	Gold trout
I2Languages (I2.Loc.LanguageSourceAsset)	Items/DesGoldTrout	A gold trout, very sought-after in the fishing community. You can keep it in your shelter if you have an aquarium room upgrade. Can be turned into fish fillets.
I2Languages (I2.Loc.LanguageSourceAsset)	Items/RainbowTrout	Rainbow trout
I2Languages (I2.Loc.LanguageSourceAsset)	Items/DesRainbowTrout	A very energetic and pretty fish.  You can keep it in your shelter if you have an aquarium room upgrade. Can be turned into fish fillets.
I2Languages (I2.Loc.LanguageSourceAsset)	Items/Expert rod	Expert fishing rod
I2Languages (I2.Loc.LanguageSourceAsset)	Items/DesExpert rod	A superb fishing rod. Allows you to catch any type of fish and is especially effective with salmons and trouts.
I2Languages (I2.Loc.LanguageSourceAsset)	Items/Good rod	Good fishing rod
I2Languages (I2.Loc.LanguageSourceAsset)	Items/DesGood rod	A decent fishing rod. It will allow you to catch pretty much anything, but it's best suitable for catching the middle-range fish.
I2Languages (I2.Loc.LanguageSourceAsset)	Items/Old rod	Old fishing rod
I2Languages (I2.Loc.LanguageSourceAsset)	Items/DesOld rod	It's not a cutting-edge fishing technology, but it's better than nothing. You'll be able to catch smaller fish with this, but don't get your hopes high for bigger and stronger ones.
I2Languages (I2.Loc.LanguageSourceAsset)	Items/FBasicBait	Basic bait
I2Languages (I2.Loc.LanguageSourceAsset)	Items/DesFBasicBait	A basic fish bait. It's a way to catch some unsophisticated fish, sure, but don't be surprised if you only pull out some trash.  
I2Languages (I2.Loc.LanguageSourceAsset)	Items/FExelentBait	Excellent bait. 
I2Languages (I2.Loc.LanguageSourceAsset)	Items/DesFExelentBait	A bait of excellent quality, the best around. It increases your chance for catching the rarest types of fish.
I2Languages (I2.Loc.LanguageSourceAsset)	Items/FGoodBait	Good bait
I2Languages (I2.Loc.LanguageSourceAsset)	Items/DesFGoodBait	A decent bait. It increases your chance for catching uncommon fish, like silver minnow, black bass, red salmon or white catfish.
I2Languages (I2.Loc.LanguageSourceAsset)	Items/FGreatBait	Great bait
I2Languages (I2.Loc.LanguageSourceAsset)	Items/DesFGreatBait	This great achievement of baiting technology will increase your chance of catching some rare types of fish, like emerald minnow, yellow perch, rainbow trout, or blue catfish.
I2Languages (I2.Loc.LanguageSourceAsset)	Items/Anchois	Anchovies
I2Languages (I2.Loc.LanguageSourceAsset)	Items/DesAnchois	A can of unorthodox anchovies (made of minnows). A snack with a strong and unusual taste.
I2Languages (I2.Loc.LanguageSourceAsset)	Items/Bread	Bread
I2Languages (I2.Loc.LanguageSourceAsset)	Items/DesBread	It's always good to learn how to bake your own bread when facing a long isolation. You can make it from flour and water.
I2Languages (I2.Loc.LanguageSourceAsset)	Items/Cheese	Cheese
I2Languages (I2.Loc.LanguageSourceAsset)	Items/DesCheese	No cheesy description here, just know you can make it out of milk.
I2Languages (I2.Loc.LanguageSourceAsset)	Items/CheeseCake	Cheese cake
I2Languages (I2.Loc.LanguageSourceAsset)	Items/DesCheeseCake	Just like the grannies of Murricaville used to bake.
I2Languages (I2.Loc.LanguageSourceAsset)	Items/FarmBasicRecipies	How to Survive on a Farm: Beginner's Guide
I2Languages (I2.Loc.LanguageSourceAsset)	Items/DesFarmBasicRecipies	This book will help teach how to make the most basic food out of farm products. Fried egg, cheese, grilled fish - this will all come easy.
I2Languages (I2.Loc.LanguageSourceAsset)	Items/FarmCookBook	Seasoned Farmer's Cookbook
I2Languages (I2.Loc.LanguageSourceAsset)	Items/DesFarmCookBook	Make the most of your farming life with this book of advanced recipes.
I2Languages (I2.Loc.LanguageSourceAsset)	Items/FishSoup	Fish soup
I2Languages (I2.Loc.LanguageSourceAsset)	Items/DesFishSoup	It is said that a fish likes to swim! In this case, cooked with an addition of carrots.
I2Languages (I2.Loc.LanguageSourceAsset)	Items/FishSoupCan	Canned Fish Soup 
I2Languages (I2.Loc.LanguageSourceAsset)	Items/DesFishSoupCan	Fish soup that will last very long.
I2Languages (I2.Loc.LanguageSourceAsset)	Items/FriedEgg	Fried egg
I2Languages (I2.Loc.LanguageSourceAsset)	Items/DesFriedEgg	A classic choice for a quick breakfast.
I2Languages (I2.Loc.LanguageSourceAsset)	Items/Oatmeal	Oatmeal
I2Languages (I2.Loc.LanguageSourceAsset)	Items/DesOatmeal	A simple but very nourishing meal out of milk and grains.
I2Languages (I2.Loc.LanguageSourceAsset)	Items/PowderMilk	Powdered milk
I2Languages (I2.Loc.LanguageSourceAsset)	Items/DesPowderMilk	Milk, but in a solid form! You can make it with a dryer.
I2Languages (I2.Loc.LanguageSourceAsset)	Items/PreppersMilkShake	Prepper's Milkshake
I2Languages (I2.Loc.LanguageSourceAsset)	Items/DesPreppersMilkShake	Your milkshake brings all the agents to the yard. This mix of powdered milk, water and dried berries will help you regenerate your preparedness.
I2Languages (I2.Loc.LanguageSourceAsset)	Items/RoastedFish	Grilled fish
I2Languages (I2.Loc.LanguageSourceAsset)	Items/DesRoastedFish	Grilled fish fillet, very tasty.
I2Languages (I2.Loc.LanguageSourceAsset)	Items/QuestChicken1	Eartha the Chicken
I2Languages (I2.Loc.LanguageSourceAsset)	Items/DesQuestChicken1	This is her life, what can you do?
I2Languages (I2.Loc.LanguageSourceAsset)	Items/QuestChicken2	Gloria the Chicken
I2Languages (I2.Loc.LanguageSourceAsset)	Items/DesQuestChicken2	She's got all her life to live.
I2Languages (I2.Loc.LanguageSourceAsset)	Items/QuestChicken3	Adele the Chicken
I2Languages (I2.Loc.LanguageSourceAsset)	Items/DesQuestChicken3	She was hatched and raised in a summer haze.
I2Languages (I2.Loc.LanguageSourceAsset)	Items/QuestChicken4	Fiona the Chicken
I2Languages (I2.Loc.LanguageSourceAsset)	Items/DesQuestChicken4	Fiona the Chicken is just there, every single night.
I2Languages (I2.Loc.LanguageSourceAsset)	Items/QuestChicken5	Florence the Chicken
I2Languages (I2.Loc.LanguageSourceAsset)	Items/DesQuestChicken5	She's just happy to be on the farm. Never let her go!
I2Languages (I2.Loc.LanguageSourceAsset)	Items/QuestGoatAnimal1	Stevie the Goat
I2Languages (I2.Loc.LanguageSourceAsset)	Items/DesQuestGoatAnimal1	She goes her own way
I2Languages (I2.Loc.LanguageSourceAsset)	Items/QuestGoatAnimal2	Angelo the Goat
I2Languages (I2.Loc.LanguageSourceAsset)	Items/DesQuestGoatAnimal2	Did he fall in love with an alien?
I2Languages (I2.Loc.LanguageSourceAsset)	Items/QuestGoatAnimal3	Tom the Goat
I2Languages (I2.Loc.LanguageSourceAsset)	Items/DesQuestGoatAnimal3	Can you hear me, Goat Tom? Sure he can.
I2Languages (I2.Loc.LanguageSourceAsset)	Items/AgentLeg	Black piece of fabric
I2Languages (I2.Loc.LanguageSourceAsset)	Items/DesAgentLeg	Black piece of fabric found stained with blood, found on the farm. Whom might it belong to?
I2Languages (I2.Loc.LanguageSourceAsset)	Items/AnimalBand	Tracking band
I2Languages (I2.Loc.LanguageSourceAsset)	Items/DesAnimalBand	A tracking band worn by goats and chickens from the farm.
I2Languages (I2.Loc.LanguageSourceAsset)	Items/Beehive	Beehive
I2Languages (I2.Loc.LanguageSourceAsset)	Items/DesBeehive	Housing and workplace for your bees. They will gather pollen from the flowers held in the same space as the beehive and produce honey.
I2Languages (I2.Loc.LanguageSourceAsset)	Items/BeehiveBig	Big beehive
I2Languages (I2.Loc.LanguageSourceAsset)	Items/DesBeehiveBig	Bigger beehive for more insects. The bees will produce more honey in shorter time.
I2Languages (I2.Loc.LanguageSourceAsset)	Items/BrokenCamera	Broken camera
I2Languages (I2.Loc.LanguageSourceAsset)	Items/DesBrokenCamera	Government surveillance camera taken out from the lake. Why would this area be observed?
I2Languages (I2.Loc.LanguageSourceAsset)	Items/Collar	Dog's collar
I2Languages (I2.Loc.LanguageSourceAsset)	Items/DesCollar	Dog's collar found in the wheat maze. Maybe it wants it back?
I2Languages (I2.Loc.LanguageSourceAsset)	Items/DogCollar	Xeno's collar
I2Languages (I2.Loc.LanguageSourceAsset)	Items/DesDogCollar	Xeno's collar, apparently left by him as he ran away. Was he unhappy here? Was he lacking anything? Will he return?
I2Languages (I2.Loc.LanguageSourceAsset)	Items/FishFilet	Fish fillet
I2Languages (I2.Loc.LanguageSourceAsset)	Items/DesFishFilet	Fish fillet. The bigger the fish, the more fillets you can make out of it.
I2Languages (I2.Loc.LanguageSourceAsset)	Items/Flowers	Flowers
I2Languages (I2.Loc.LanguageSourceAsset)	Items/DesFlowers	Can be sold or placed close to bees. Bees will produce honey out of them.
I2Languages (I2.Loc.LanguageSourceAsset)	Items/GoatBomb	Goat bomb
I2Languages (I2.Loc.LanguageSourceAsset)	Items/DesGoatBomb	Goat carcass with a bomb inside, an incredibly clever trap.
I2Languages (I2.Loc.LanguageSourceAsset)	Items/Hey	Hay
I2Languages (I2.Loc.LanguageSourceAsset)	Items/DesHey	An organic material that can serve both as food for some animals and a lining for their living quarters.
I2Languages (I2.Loc.LanguageSourceAsset)	Items/Honey	Honey
I2Languages (I2.Loc.LanguageSourceAsset)	Items/DesHoney	A sweet and tasty substance produced by bees. Provides some nutrition and regenerates you a bit. Can last for a very long time.
I2Languages (I2.Loc.LanguageSourceAsset)	Items/LakeSign	Fish info board
I2Languages (I2.Loc.LanguageSourceAsset)	Items/DesLakeSign	Educational info board about all the species of fish you can find and catch in the Murricaville area. Handy!
I2Languages (I2.Loc.LanguageSourceAsset)	Items/DesMilk1	Fresh milk. Mildly nutritional and regenerates some preparedness. An important part of many recipes.
I2Languages (I2.Loc.LanguageSourceAsset)	Items/QweenBee	Queen bee
I2Languages (I2.Loc.LanguageSourceAsset)	Items/DesQweenBee	A queen is neccessary to establish a new beehive.
I2Languages (I2.Loc.LanguageSourceAsset)	Items/RoomUpgradeAquarium	Room Upgrade -  Aquarium
I2Languages (I2.Loc.LanguageSourceAsset)	Items/DesRoomUpgradeAquarium	Turn one of the rooms in your shelter into an aquarium. You can use your fish for food, but you can also add decorative items to the aquarium and give your underground shelter some underwater charm.
I2Languages (I2.Loc.LanguageSourceAsset)	Items/Scizzors	Shears
I2Languages (I2.Loc.LanguageSourceAsset)	Items/DesScizzors	Shears for shearing goats. Can be also used as a weapon.
I2Languages (I2.Loc.LanguageSourceAsset)	Items/Seed Flower	Flower seeds
I2Languages (I2.Loc.LanguageSourceAsset)	Items/DesSeed Flower	Plant those to grow flowers; they look pretty. They are also used by bees to produce honey.
I2Languages (I2.Loc.LanguageSourceAsset)	Items/Seed Wheat	Wheat seeds
I2Languages (I2.Loc.LanguageSourceAsset)	Items/DesSeed Wheat	The most popular grain in the world coming also to your shelter! You just need to plant it.
I2Languages (I2.Loc.LanguageSourceAsset)	Items/TrackingDevice	Tracking device
I2Languages (I2.Loc.LanguageSourceAsset)	Items/DesTrackingDevice	Tracking device from Joe. This will help you in finding missing animals.
I2Languages (I2.Loc.LanguageSourceAsset)	Items/Wheat	Wheat
I2Languages (I2.Loc.LanguageSourceAsset)	Items/DesWheat	Grain with many uses. The main food for some animals, such as goats and hamsters.
I2Languages (I2.Loc.LanguageSourceAsset)	Items/MazeEntranceClosed	Closed
I2Languages (I2.Loc.LanguageSourceAsset)	Items/RewardBox	Maze reward box
I2Languages (I2.Loc.LanguageSourceAsset)	Items/MazeScreen	Maze Display
I2Languages (I2.Loc.LanguageSourceAsset)	Items/LootBoxMaze	Maze Chest
I2Languages (I2.Loc.LanguageSourceAsset)	Items/MazeCrateBox	Maze Crate
I2Languages (I2.Loc.LanguageSourceAsset)	Items/WoodenWheel	Wooden Wheel
I2Languages (I2.Loc.LanguageSourceAsset)	Items/DesWoodenWheel	Decorative wooden wheel that will bring cosy, rustic mood to your shelter.
I2Languages (I2.Loc.LanguageSourceAsset)	Items/Horseshoe	Horseshoe
I2Languages (I2.Loc.LanguageSourceAsset)	Items/DesHorseshoe	Decorative item, traditionally considered to bring luck. True or not, it helps to bring a bit of rustic mood to your shelter.
I2Languages (I2.Loc.LanguageSourceAsset)	Items/DogTreat	Dog Treat
I2Languages (I2.Loc.LanguageSourceAsset)	Items/DesDogTreat	A little treat for your dog. It will make him happy.
I2Languages (I2.Loc.LanguageSourceAsset)	Items/AnimalsWhispererBook	Animal Charm
I2Languages (I2.Loc.LanguageSourceAsset)	Items/DesAnimalsWhispererBook	This book will instruct you how to approach various kinds of animals safely so you will be able to pet them. It will also help you strenghten your friendship with your dog.
I2Languages (I2.Loc.LanguageSourceAsset)	Items/AnimalExtractionBook	Effective Farming: How to Maximize Benefits from your Animals
I2Languages (I2.Loc.LanguageSourceAsset)	Items/DesAnimalExtractionBook	This book is an instruction on getting bigger amounts of animal-origin products, such as milk and fur.
I2Languages (I2.Loc.LanguageSourceAsset)	Items/FarmInvitation	Work Order - Farm
I2Languages (I2.Loc.LanguageSourceAsset)	Items/DescFarmInvitation	Work order from Agency. Frightening to open.
I2Languages (I2.Loc.LanguageSourceAsset)	Items/LargeRoomAquarium1	Room Aquarium
I2Languages (I2.Loc.LanguageSourceAsset)	Items/LargeRoomAquarium1x2	Room Aquarium
I2Languages (I2.Loc.LanguageSourceAsset)	Items/LargeRoomAquarium2	Room Aquarium
I2Languages (I2.Loc.LanguageSourceAsset)	Items/LargeRoomAquarium2x2	Room Aquarium
I2Languages (I2.Loc.LanguageSourceAsset)	Items/LargeRoomAquarium3	Room Aquarium
I2Languages (I2.Loc.LanguageSourceAsset)	Items/LargeRoomAquarium3x2	Room Aquarium
I2Languages (I2.Loc.LanguageSourceAsset)	Items/LargeRoomAquarium4	Room Aquarium
I2Languages (I2.Loc.LanguageSourceAsset)	Items/LargeRoomAquarium4x2	Room Aquarium
I2Languages (I2.Loc.LanguageSourceAsset)	Items/SmallAquarium	Small aquarium
I2Languages (I2.Loc.LanguageSourceAsset)	Items/DesSmallAquarium	Small round aquarium. You can keep fish of a minnow type in it. 
I2Languages (I2.Loc.LanguageSourceAsset)	Items/LargeAquarium	Medium aquarium
I2Languages (I2.Loc.LanguageSourceAsset)	Items/DesLargeAquarium	Perfect fit for a table. You can keep minnows, basses and perches in it. 
I2Languages (I2.Loc.LanguageSourceAsset)	Items/RoomUpgradeFarm	Room Upgrade - Animal Farm
I2Languages (I2.Loc.LanguageSourceAsset)	Items/DesRoomUpgradeFarm	Turn a room into perfect space for keeping farm animals. Your animals thank you for that and be more productive in return.
I2Languages (I2.Loc.LanguageSourceAsset)	Items/WheelLamp	Wheel lamp
I2Languages (I2.Loc.LanguageSourceAsset)	Items/DesWheelLamp	This retro lamp will add a touch of a medieval dungeon to your shelter room. It doesn't use any electricity, but its light is very weak.
I2Languages (I2.Loc.LanguageSourceAsset)	Items/SunLamp	Sun lamp
I2Languages (I2.Loc.LanguageSourceAsset)	Items/DesSunLamp	This lamp switches between day mode and night mode to help you keep track of natural cycles when you stay underground.
I2Languages (I2.Loc.LanguageSourceAsset)	Items/PlankCabinetWhite	White plank cabinet
I2Languages (I2.Loc.LanguageSourceAsset)	Items/DesPlankCabinetWhite	Simply designed cabinet made of planks. A white variant.
I2Languages (I2.Loc.LanguageSourceAsset)	Items/PlankCabinetRed	Red plank cabinet
I2Languages (I2.Loc.LanguageSourceAsset)	Items/DesPlankCabinetRed	Simply designed cabinet made of planks. A red variant.
I2Languages (I2.Loc.LanguageSourceAsset)	Items/PlankCabinetWhiteSmall	Small white plank cabinet
I2Languages (I2.Loc.LanguageSourceAsset)	Items/DesPlankCabinetWhiteSmall	Small, simple cabinet made of planks. A white variant.
I2Languages (I2.Loc.LanguageSourceAsset)	Items/PlankCabinetRedSmall	Small red plank cabinet
I2Languages (I2.Loc.LanguageSourceAsset)	Items/DesPlankCabinetRedSmall	Small, simple cabinet made of planks. A red variant.
I2Languages (I2.Loc.LanguageSourceAsset)	Items/UfoLamp	Ufo lamp
I2Languages (I2.Loc.LanguageSourceAsset)	Items/DesUfoLamp	A stylish lamp to help you remember your otherworldly adventures. Zeta Reticuli-approved.
I2Languages (I2.Loc.LanguageSourceAsset)	Items/SpottedSofaBlackWhite	Spotted sofa - black-white
I2Languages (I2.Loc.LanguageSourceAsset)	Items/DesSpottedSofaBlackWhite	Relaxing sofa with a rustic feel. Sit back and long for greener pastures. A black-white variant.
I2Languages (I2.Loc.LanguageSourceAsset)	Items/SpottedSofaBrownWhite	Spotted sofa - brown-white
I2Languages (I2.Loc.LanguageSourceAsset)	Items/DesSpottedSofaBrownWhite	Relaxing sofa with a rustic feel. Sit back and long for greener pastures. A brown-white variant.
I2Languages (I2.Loc.LanguageSourceAsset)	Items/WillAndHenPortrait	American Dystopic
I2Languages (I2.Loc.LanguageSourceAsset)	Items/DesWillAndHenPortrait	A working man, his loyal rooster, and a caring government supervisor; contemplate on the traditional American countryside lifestyle with this skillful painting.
I2Languages (I2.Loc.LanguageSourceAsset)	Items/BeeWaxCandle	Beeswax candle
I2Languages (I2.Loc.LanguageSourceAsset)	Items/DesBeeWaxCandle	Beeswax candle, for when you want some light without electricity or you just want to set up a mood.
I2Languages (I2.Loc.LanguageSourceAsset)	Items/Dungarees	Dungarees
I2Languages (I2.Loc.LanguageSourceAsset)	Items/DesDungarees	Embody the hands-on, farming spirit with these heavy-duty dungarees.
I2Languages (I2.Loc.LanguageSourceAsset)	Items/CheckeredShirt	Plaid shirt
I2Languages (I2.Loc.LanguageSourceAsset)	Items/DesCheckeredShirt	For those devoted to hard work or those in their cottagecore arc. Either way, it will look great on you.
I2Languages (I2.Loc.LanguageSourceAsset)	Items/FishermanHat	Fisherman hat
I2Languages (I2.Loc.LanguageSourceAsset)	Items/DesFishermanHat	This beautiful fisherman hat is a trophy proving your mastery of the art of fishing. It also allows you to catch common fish automatically. Wear it with pride!
I2Languages (I2.Loc.LanguageSourceAsset)	Items/CoffeeMachine	Coffee Machine
I2Languages (I2.Loc.LanguageSourceAsset)	Items/DesKeyCoffeeMachine	Bring the aroma and taste of coffee to your shelter and let this machine serve you. 
I2Languages (I2.Loc.LanguageSourceAsset)	Items/Halabard	Halberd
I2Languages (I2.Loc.LanguageSourceAsset)	Items/DesHalabard	This staple of medieval warfare is rather slow, but deals significant damage, has long range and lets you hit multiple enemies at a time. Also, its sheer awesomeness will sow terror in the hearts of your opponents.
I2Languages (I2.Loc.LanguageSourceAsset)	Items/Shotgun	Shotgun
I2Languages (I2.Loc.LanguageSourceAsset)	Items/DesShotgun	An effective weapon for decimating Murricaville County's wildlife at short range. 
I2Languages (I2.Loc.LanguageSourceAsset)	Items/TeslaCoilGun	Tesla Coil Gun
I2Languages (I2.Loc.LanguageSourceAsset)	Items/DesTeslaCoilGun	Ever thought your weapons are just somehow not cool enough? Tesla Coil Gun, hitting your enemies with thunders, will suit you well. Don't worry about ammo, just be careful not to overheat it.
I2Languages (I2.Loc.LanguageSourceAsset)	Items/ShotgunShell	Shotgun Shell
I2Languages (I2.Loc.LanguageSourceAsset)	Items/DesShotgunShell	A shell for your shotgun.
I2Languages (I2.Loc.LanguageSourceAsset)	Items/MysteryBlueprint	Mystery Blueprint
I2Languages (I2.Loc.LanguageSourceAsset)	Items/DesMysteryBlueprint	Joe says this blueprint is beyond his expertise, but he says it describes a very valuable device. Maybe if you could try to construct it...?
I2Languages (I2.Loc.LanguageSourceAsset)	Items/CoffeeBeans	Coffee bag
I2Languages (I2.Loc.LanguageSourceAsset)	Items/DesCoffeeBeans	A bag of coffee with fresh beans from your own produce. Tasty and energizing.
I2Languages (I2.Loc.LanguageSourceAsset)	Items/SeedCoffeaBeans	Coffee seeds
I2Languages (I2.Loc.LanguageSourceAsset)	Items/DesSeedCoffeaBeans	Seeds you can use to grow more coffee plants.
I2Languages (I2.Loc.LanguageSourceAsset)	Items/MinigameUndeadHell	Undead Hell
I2Languages (I2.Loc.LanguageSourceAsset)	Items/DesMinigameUndeadHell	Find out how well can you prep against the zombie invasion in this exciting tower defence game.  Move around the map and set up towers to shoot the incoming zombies. But watch out, you are not immune to the rockets from your towers! 
I2Languages (I2.Loc.LanguageSourceAsset)	Items/MinigameFreedomRoad	Freedom Road
I2Languages (I2.Loc.LanguageSourceAsset)	Items/DesMinigameFreedomRoad	Show off your evasive manoeuvres in this desert-ride arcade game. Drive away from the obstacles and security forces, collect fuel, and go towards freedom.
I2Languages (I2.Loc.LanguageSourceAsset)	Items/MinigameEventFlyer	Game Competition Event Flyer
I2Languages (I2.Loc.LanguageSourceAsset)	Items/DesMinigameEventFlyer	The advert for a game competition. Apparently, you can play a game and win prizes. What's not to like?
I2Languages (I2.Loc.LanguageSourceAsset)	Items/MinigameEventRewardInfo	Game Competition Reward
I2Languages (I2.Loc.LanguageSourceAsset)	Items/DesMinigameEventRewardInfo	This flyer proudly confirms your score and winnings in a game competition.
I2Languages (I2.Loc.LanguageSourceAsset)	Items/NuclearMaterial	Nuclear Material
I2Languages (I2.Loc.LanguageSourceAsset)	Items/DesNuclearMaterial	Nuclear material. May have some uses in manufacturing advanced items.
I2Languages (I2.Loc.LanguageSourceAsset)	Items/Uranium	Uranium Ore
I2Languages (I2.Loc.LanguageSourceAsset)	Items/DesUranium	Ore with a radioactive element uranium. Can be processed into nuclear material and nuclear fuel.
I2Languages (I2.Loc.LanguageSourceAsset)	Items/NuclearRod	Nuclear rod
I2Languages (I2.Loc.LanguageSourceAsset)	Items/DesNuclearRod	A portion of nuclear fuel. A very efficient source of energy.
I2Languages (I2.Loc.LanguageSourceAsset)	Items/JoeUraniumLetter	Letter from Joe - A Curious Find
I2Languages (I2.Loc.LanguageSourceAsset)	Items/DesJoeUraniumLetter	A letter from Joe, scribbled with his wobbly, enthusiastic handwriting.
I2Languages (I2.Loc.LanguageSourceAsset)	Items/UraniumGlass	Uranium Glass Bottle
I2Languages (I2.Loc.LanguageSourceAsset)	Items/UraniumGlassRespawn	Uranium Glass Bottle
I2Languages (I2.Loc.LanguageSourceAsset)	Items/DesUraniumGlass	A decorative glass made with the addition of uranium. It has a distinctive color and glows in UV light.\nIt has a Murricaville Uranium Co. stamp on it.
I2Languages (I2.Loc.LanguageSourceAsset)	Items/AntiRadiation	Anti-radiation extract
I2Languages (I2.Loc.LanguageSourceAsset)	Items/DesAntiRadiation	Anti-radiation extract made of radiated mushrooms. Herbalism truly adapted to atomic age.
I2Languages (I2.Loc.LanguageSourceAsset)	Items/UraniumMushroom	Radiated Mushroom
I2Languages (I2.Loc.LanguageSourceAsset)	Items/DesUraniumMushroom	Mushroom taken from the uranium mine, a product of many generations of growing in a radioactive environment. Looks even tasty, but this temptation should be resisted.
I2Languages (I2.Loc.LanguageSourceAsset)	Items/UraniumCentrifuge	Uranium Centrifuge
I2Languages (I2.Loc.LanguageSourceAsset)	Items/DesUraniumCentrifuge	An advanced piece of nuclear engineering — essentially a washing machine for radioactive isotopes. It enriches uranium into nuclear fuel and can also decontaminate certain irradiated items.
I2Languages (I2.Loc.LanguageSourceAsset)	Items/DestroyedHazmatSuit	Destroyed hazmat suit
I2Languages (I2.Loc.LanguageSourceAsset)	Items/GeigerCounter	Geiger Counter
I2Languages (I2.Loc.LanguageSourceAsset)	Items/HazmatBackpack	Hazmat Backpack
I2Languages (I2.Loc.LanguageSourceAsset)	Items/HazmatBackpackV2	Hazmat Backpack
I2Languages (I2.Loc.LanguageSourceAsset)	Items/HazmatBackpackV3	Hazmat Backpack
I2Languages (I2.Loc.LanguageSourceAsset)	Items/DesHazmatBackpack	This backpack is specifically designed to shield the user from alpha, beta and gamma radiation. You can safely carry radioactive items in it.
I2Languages (I2.Loc.LanguageSourceAsset)	Items/OldGasMask	Old Gas Mask
I2Languages (I2.Loc.LanguageSourceAsset)	Items/NuclearEngineeringBook	Harnessing the Fabric of Reality: Nuclear Engineering in Your House and Backyard
I2Languages (I2.Loc.LanguageSourceAsset)	Items/DesNuclearEngineeringBook	Nuclear physic doesn't have to be rocket science! Advice from this book will help you store and enrich uranium, build nuclear generators, and bring the power of atom to your household!
I2Languages (I2.Loc.LanguageSourceAsset)	Items/NuclearGenerator	Nuclear Generator
I2Languages (I2.Loc.LanguageSourceAsset)	Items/DesNuclearGenerator	A small, modular nuclear fission reactor. Chain reaction releases immense amount of energy.
I2Languages (I2.Loc.LanguageSourceAsset)	Items/UraniumPickRock	Uranium-rich rock
I2Languages (I2.Loc.LanguageSourceAsset)	Items/RadiatedRatMeat	Radiated rat meat
I2Languages (I2.Loc.LanguageSourceAsset)	Items/DesRadiatedRatMeat	This radiated rat meat would surely be a great delicacy in a post-nuclear wasteland. Maybe bombarding with radioactive isotopes brings out rich, intense flavors? In the meantime, it's inadvisable to eat it. If it spoils, it turns into Nuclear Material. You can clear its radiation in a Centrifuge.
I2Languages (I2.Loc.LanguageSourceAsset)	Items/MiningPassSix	Deeper Mine Pass -1
I2Languages (I2.Loc.LanguageSourceAsset)	Items/DesMiningPassSix	Pass card to the level -1 in the deeper mine.
I2Languages (I2.Loc.LanguageSourceAsset)	Items/MiningPassSeven	Deeper Mine Pass -2
I2Languages (I2.Loc.LanguageSourceAsset)	Items/DesMiningPassSeven	Pass card to the level -2 in the deeper mine.
I2Languages (I2.Loc.LanguageSourceAsset)	Items/MiningPassEight	Deeper Mine Pass -3
I2Languages (I2.Loc.LanguageSourceAsset)	Items/DesMiningPassEight	Pass card to level -3 in the deeper mine.
I2Languages (I2.Loc.LanguageSourceAsset)	Items/MiningPassNine	Deeper Mine Pass -4
I2Languages (I2.Loc.LanguageSourceAsset)	Items/DesMiningPassNine	Pass card to the level -4 in the deeper mine.
I2Languages (I2.Loc.LanguageSourceAsset)	Items/RadioactiveClothes	Hazmat Suit
I2Languages (I2.Loc.LanguageSourceAsset)	Items/DesKeyRadioactiveClothes	There are places that require more protection.\nUse it in radioactive areas – it will protect you from most sources of radiation.
I2Languages (I2.Loc.LanguageSourceAsset)	Items/Lemonade	Lemonade
I2Languages (I2.Loc.LanguageSourceAsset)	Items/DesLemonade	Lemonade from a local girl scout. The taste could be better, but it's full of good intentions.
I2Languages (I2.Loc.LanguageSourceAsset)	Items/AlienIncubator	Alien Incubator
I2Languages (I2.Loc.LanguageSourceAsset)	Items/DesAlienIncubator	A piece of life-supporting alien technology. There is some kind of organism inside. Alive or not, hard to say.
I2Languages (I2.Loc.LanguageSourceAsset)	Items/AtomicWaste	Atomic waste
I2Languages (I2.Loc.LanguageSourceAsset)	Items/AtomicWasteRespawning	Atomic waste
I2Languages (I2.Loc.LanguageSourceAsset)	Items/DesAtomicWaste	Spent nuclear fuel. Should be kept in a safe and remote place. Ideally.
I2Languages (I2.Loc.LanguageSourceAsset)	Items/BlueberryWildRadioactive	Radioactive blueberry
I2Languages (I2.Loc.LanguageSourceAsset)	Items/GuaranaWildRadioactive	Radioactive guarana
I2Languages (I2.Loc.LanguageSourceAsset)	Items/Mannequin	Mannequin
I2Languages (I2.Loc.LanguageSourceAsset)	Items/DesMannequin	A dummy designed specifically for testing the effects of nuclear explosion.
I2Languages (I2.Loc.LanguageSourceAsset)	Items/OldGasMask2	Old gas mask
I2Languages (I2.Loc.LanguageSourceAsset)	Items/DesOldGasMask2	An old gas mask that was used in the mine. Provides weak protection from radiation.
I2Languages (I2.Loc.LanguageSourceAsset)	Items/RadioactivePlant	Ludus reiectus
I2Languages (I2.Loc.LanguageSourceAsset)	Items/DesRadioactivePlant	Rare plant species, producing unusual biochemical effects when irradiated. To be found only deep in the forest.
I2Languages (I2.Loc.LanguageSourceAsset)	Items/Tektite	Trinitite
I2Languages (I2.Loc.LanguageSourceAsset)	Items/DesTektite	Rare glassy material found in the desert after nuclear explosions. 
I2Languages (I2.Loc.LanguageSourceAsset)	Items/BlueberrieRadioactive	Irradiated blueberries
I2Languages (I2.Loc.LanguageSourceAsset)	Items/BlueberrieRadioactiveBowl	Irradiated blueberries
I2Languages (I2.Loc.LanguageSourceAsset)	Items/DesBlueberrieRadioactive	Blueberries that got irradiated. If it spoils, it turns into Nuclear Material. Radiation dose can be cleared in the centrifuge.
I2Languages (I2.Loc.LanguageSourceAsset)	Items/GuaranaRadioactive	Irradiated guarana
I2Languages (I2.Loc.LanguageSourceAsset)	Items/GuaranaRadioactiveBowl	Irradiated guarana
I2Languages (I2.Loc.LanguageSourceAsset)	Items/DesGuaranaRadioactive	Guarana that was subject to radiation. If it spoils, it turns into Nuclear Material. Radiation dose can be cleared in the centrifuge.
I2Languages (I2.Loc.LanguageSourceAsset)	Items/RadiatedSnakeMeat	Irradiated snake meat
I2Languages (I2.Loc.LanguageSourceAsset)	Items/DesRadiatedSnakeMeat	Meat of snakes that got irradiated. If it spoils, it turns into Nuclear Material. Radiation dose can be cleared in the centrifuge.
I2Languages (I2.Loc.LanguageSourceAsset)	Items/RadiatedWildMeat	Irradiated slice of meat
I2Languages (I2.Loc.LanguageSourceAsset)	Items/DesRadiatedWildMeat	Meat from an irradiated wild animal. If it spoils, it turns into Nuclear Material. Radiation dose can be cleared in the centrifuge.
I2Languages (I2.Loc.LanguageSourceAsset)	Items/MetalToilet	Metal toilet
I2Languages (I2.Loc.LanguageSourceAsset)	Items/DesMetalToilet	A metal toilet, for this stern, rough, industrial vibe to your interior.
I2Languages (I2.Loc.LanguageSourceAsset)	Items/NuclearBomb	Nuclear bomb
I2Languages (I2.Loc.LanguageSourceAsset)	Items/DesNuclearBomb	A nuke. An ultimate tech gadget. If you're too close to it going off, it will kill you and everything you love.
I2Languages (I2.Loc.LanguageSourceAsset)	Items/OldComputer	Old computer
I2Languages (I2.Loc.LanguageSourceAsset)	Items/DesOldComputer	An old computer, probably requiring some obscure skills to operate.
I2Languages (I2.Loc.LanguageSourceAsset)	Items/SeaBomb	Sea mine
I2Languages (I2.Loc.LanguageSourceAsset)	Items/DesSeaBomb	Hard to say how did it end up here, hundreds of miles away from the sea. Just better be careful with this.
I2Languages (I2.Loc.LanguageSourceAsset)	Items/UraniumCompanySign	Murricaville Uranium Company
I2Languages (I2.Loc.LanguageSourceAsset)	Items/PostmanAndroid	Postman Android
I2Languages (I2.Loc.LanguageSourceAsset)	Items/NuclearGeneratorPowerPlant	Nuclear generator
I2Languages (I2.Loc.LanguageSourceAsset)	Items/SwitchGearPowerPlant	Electric switchgear
I2Languages (I2.Loc.LanguageSourceAsset)	Items/ScientistPlansPowerPlant	Scientist's plans
I2Languages (I2.Loc.LanguageSourceAsset)	Items/RadiationPurgeBeacon	Deionizing Beacon
I2Languages (I2.Loc.LanguageSourceAsset)	Items/DesRadiationPurgeBeacon	This mysterious device neutralizes radiation in its vicinity.
I2Languages (I2.Loc.LanguageSourceAsset)	Items/ReactorSafetySystem	Reactor safety system
I2Languages (I2.Loc.LanguageSourceAsset)	Items/DesReactorSafetySystem	A device that provides stabilization and containment for the reactor.
I2Languages (I2.Loc.LanguageSourceAsset)	Items/CraneMinigameActivator	Crane controller
I2Languages (I2.Loc.LanguageSourceAsset)	Items/SeedsMaker	Pitter
I2Languages (I2.Loc.LanguageSourceAsset)	Items/DesSeedsMaker	Quickly and effectively takes out seeds from fruits and vegetables.
I2Languages (I2.Loc.LanguageSourceAsset)	Items/MannequinDeco1	Decorative Mannequin
I2Languages (I2.Loc.LanguageSourceAsset)	Items/DesMannequinDeco1	A nuclear test dummy. Used, apparently. For an interior that's cozy, but also reminds you of impending doom. 
I2Languages (I2.Loc.LanguageSourceAsset)	Items/MannequinDeco2	Decorative Mannequin
I2Languages (I2.Loc.LanguageSourceAsset)	Items/DesMannequinDeco2	A nuclear test dummy which hasn't seen action yet. Or maybe survived in a sheltered place.
I2Languages (I2.Loc.LanguageSourceAsset)	Items/RailGun	Pulse Gun
I2Languages (I2.Loc.LanguageSourceAsset)	Items/DesRailGun	High-power, high-precision, high-impact firearm.
I2Languages (I2.Loc.LanguageSourceAsset)	Items/AtomicGranade	Atomic grenade
I2Languages (I2.Loc.LanguageSourceAsset)	Items/DesAtomicGranade	A grenade with enriched uranium for extra flavor.
I2Languages (I2.Loc.LanguageSourceAsset)	Items/DepletedUraniumAmo	Depleted uranium ammunition
I2Languages (I2.Loc.LanguageSourceAsset)	Items/DesDepletedUraniumAmo	Ammo rounds made of depleted uranium, with armor-penetrating and incendiary qualities.
I2Languages (I2.Loc.LanguageSourceAsset)	Items/DepletedUraniumShotgunShell	Depleted uranium shotgun shell
I2Languages (I2.Loc.LanguageSourceAsset)	Items/DesDepletedUraniumShotgunShell	Shotgun shell with depleted uranium, for better target penetration.
I2Languages (I2.Loc.LanguageSourceAsset)	Items/DangerSign	Danger Sign
I2Languages (I2.Loc.LanguageSourceAsset)	Items/DesDangerSign	Interior decoration for when you just miss your cortysol while at home.
I2Languages (I2.Loc.LanguageSourceAsset)	Items/CautionSign	Caution Sign
I2Languages (I2.Loc.LanguageSourceAsset)	Items/DesCautionSign	Reminds you to always be prepared.
I2Languages (I2.Loc.LanguageSourceAsset)	Items/EmergancyStopLever	Emergency stop lever
I2Languages (I2.Loc.LanguageSourceAsset)	Items/DesEmergancyStopLever	Just pull in case of emergency. Or is it push?
I2Languages (I2.Loc.LanguageSourceAsset)	Items/LedLavaLamp	LED lava lamp
I2Languages (I2.Loc.LanguageSourceAsset)	Items/DesLedLavaLamp	Energy-saving and modern-looking lava lamp.
I2Languages (I2.Loc.LanguageSourceAsset)	Items/RocketLavaLamp	Rocket Lava Lamp
I2Languages (I2.Loc.LanguageSourceAsset)	Items/DesRocketLavaLamp	A beautiful decoration piece. For feeling cozy, but also dreaming of escape.
I2Languages (I2.Loc.LanguageSourceAsset)	Items/RadioactiveFridge	Atomic Age Fridge
I2Languages (I2.Loc.LanguageSourceAsset)	Items/DesRadioactiveFridge	A fridge designed to remind you of the dangers and possibilities of atomic age. Also, irradiated food can be safely kept there.
I2Languages (I2.Loc.LanguageSourceAsset)	Items/UraniumClock	Uranium clock
I2Languages (I2.Loc.LanguageSourceAsset)	Items/DesUraniumClock	A clock with fluerescent elements, with this unmistakable uranium glow.
I2Languages (I2.Loc.LanguageSourceAsset)	Items/UraniumTable	Uranium table
I2Languages (I2.Loc.LanguageSourceAsset)	Items/DesUraniumTable	An elaborate wooden table with a tabletop of uranium glass. It radiates luxury. 
I2Languages (I2.Loc.LanguageSourceAsset)	Items/UraniumWardrobe	Uranium wardrobe
I2Languages (I2.Loc.LanguageSourceAsset)	Items/DesUraniumWardrobe	An oldschool wooden wardrobe, with uranium glass in the doors. Your clothes will glow not only on you.
I2Languages (I2.Loc.LanguageSourceAsset)	Items/Goggles	Goggles
I2Languages (I2.Loc.LanguageSourceAsset)	Items/DesGoggles	Protective goggles, for rounding up your industrial look. And also for protection.
I2Languages (I2.Loc.LanguageSourceAsset)	Items/BigUraniumRod	Big uranium rod
I2Languages (I2.Loc.LanguageSourceAsset)	Items/DesBigUraniumRod	A portion of nuclear fuel. Can be disassembled for raw materials.
I2Languages (I2.Loc.LanguageSourceAsset)	Items/AutoPlanter	Auto Planter
I2Languages (I2.Loc.LanguageSourceAsset)	Items/DesAutoPlanter	A wonder of agricultural mechanization: allows you to plant seeds fast and in large quantities.
I2Languages (I2.Loc.LanguageSourceAsset)	Items/AutoHarvester	Auto Harvester
I2Languages (I2.Loc.LanguageSourceAsset)	Items/DesAutoHarvester	Farmer's best friend: automatic harvester.
I2Languages (I2.Loc.LanguageSourceAsset)	Items/UraniumLamp	Uranium lamp
I2Languages (I2.Loc.LanguageSourceAsset)	Items/DesUraniumLamp	Bask yourself and your interior in the glow of atomic age.
I2Languages (I2.Loc.LanguageSourceAsset)	Items/NuclearFuel	Nuclear fuel
I2Languages (I2.Loc.LanguageSourceAsset)	Items/DesNuclearFuel	Fuel enriched with radioactive material. Can be used instead of regular fuel. Makes particles go faster or something.
I2Languages (I2.Loc.LanguageSourceAsset)	Items/LemonadeKid	Lemonade girl scout
I2Languages (I2.Loc.LanguageSourceAsset)	Items/ArmyChestNuclear	Army Chest
I2Languages (I2.Loc.LanguageSourceAsset)	Items/CraneMinigameBox	Crane Box
I2Languages (I2.Loc.LanguageSourceAsset)	Items/NuclearRefueler	Nuclear Generator Refueler
I2Languages (I2.Loc.LanguageSourceAsset)	Items/DesNuclearRefueler	Controls steady input of nuclear rods into nuclear generator. Improves both efficiency and safety.
I2Languages (I2.Loc.LanguageSourceAsset)	Items/Scientist	Dr. Edward
I2Languages (I2.Loc.LanguageSourceAsset)	Items/Lemon	Lemon
I2Languages (I2.Loc.LanguageSourceAsset)	Items/DesLemon	When life gives you lemons, make lemonade.
I2Languages (I2.Loc.LanguageSourceAsset)	Items/SeedLemon	Lemon Seed
I2Languages (I2.Loc.LanguageSourceAsset)	Items/DesSeedLemon	Put into a patch of soil to grow an lemon tree. You need a high room for that.
I2Languages (I2.Loc.LanguageSourceAsset)	Items/LemonadeRecipie	Lemonade Recipe
I2Languages (I2.Loc.LanguageSourceAsset)	Items/DesLemonadeRecipie	A secret girl scout recipe for the perfect refreshing drink. Requires patience, lemons, and a pinch of adventure.
I2Languages (I2.Loc.LanguageSourceAsset)	Items/ExpeditionBox	Expedition box
I2Languages (I2.Loc.LanguageSourceAsset)	Items/AtomicBarrel	Atomic Barrel
I2Languages (I2.Loc.LanguageSourceAsset)	Items/DesKeyAtomicBarrel	A heavy, lead-lined barrel for storing radioactive items safely.
I2Languages (I2.Loc.LanguageSourceAsset)	Items/NuclearComposter	Nuclear Composter
I2Languages (I2.Loc.LanguageSourceAsset)	Items/DesNuclearComposter	A sealed composter for irradiated food. Items stored inside decay faster, converting into Nuclear Material.
I2Languages (I2.Loc.LanguageSourceAsset)	Items/AtomicBarrelNuclear	Atomic Barrel
I2Languages (I2.Loc.LanguageSourceAsset)	Items/Seed Cactus	Cactus seeds
I2Languages (I2.Loc.LanguageSourceAsset)	Items/DesKeySeed Cactus	You want to bring your spiky desert friends down to your shelter? Cacti are sturdy plants with some culinary applications.
I2Languages (I2.Loc.LanguageSourceAsset)	Items/Seed Mushroom	Mushroom spores
I2Languages (I2.Loc.LanguageSourceAsset)	Items/DesKeySeed Mushroom	You can start growing your own mushrooms, enriching your kitchen with a valuable ingredient and bringing the unique damp atmosphere of the mine into your home.
I2Languages (I2.Loc.LanguageSourceAsset)	Items/Seed Pepper	Pepper seeds
I2Languages (I2.Loc.LanguageSourceAsset)	Items/DesKeySeed Pepper	Spice up your life and be a prepper with your own pepper, 
I2Languages (I2.Loc.LanguageSourceAsset)	Items/BeetSalad	Beet salad
I2Languages (I2.Loc.LanguageSourceAsset)	Items/DesKeyBeetSalad	Beet-based salad. It has an unobvious taste, but is awful healthy and would impress your more sophistacted friends on a cocktail party... if you had such friends and threw cocktail parties.
I2Languages (I2.Loc.LanguageSourceAsset)	Items/CornSalad	Corn salad
I2Languages (I2.Loc.LanguageSourceAsset)	Items/DesKeyCornSalad	A rather simple salad, but the addition of corn makes it look appealing and taste sweet.
I2Languages (I2.Loc.LanguageSourceAsset)	Items/SunflowerSeedSalad	Sunflower seed salad
I2Languages (I2.Loc.LanguageSourceAsset)	Items/DesKeySunflowerSeedSalad	A salad with sunflower seeds. It's earthy, full taste almost rewards the effort of peeling the seeds. 
I2Languages (I2.Loc.LanguageSourceAsset)	Items/ClearBodySoup	Lemon detox soup
I2Languages (I2.Loc.LanguageSourceAsset)	Items/DesKeyClearBodySoup	An untypical, but simple soup made of lemons and a hefty does of salt. Strong taste, even stronger cleansing effects.
I2Languages (I2.Loc.LanguageSourceAsset)	Items/MeatChineseSoup	Instant ramen - meat taste
I2Languages (I2.Loc.LanguageSourceAsset)	Items/DesKeyMeatChineseSoup	Taste of noodles and sodium glutamate, a pleasure simple yet powerful.
I2Languages (I2.Loc.LanguageSourceAsset)	Items/NightWalkerSoup	Night walker soup
I2Languages (I2.Loc.LanguageSourceAsset)	Items/DesKeyNightWalkerSoup	The unusual mix of strong ingredients in this soup will make you see better in the dark. Don't eat too much though, as it might make you hear colors.
I2Languages (I2.Loc.LanguageSourceAsset)	Items/TomatoChineseSoup	Instant ramen - tomato taste
I2Languages (I2.Loc.LanguageSourceAsset)	Items/DesKeyTomatoChineseSoup	A quick and satisfying classic in a vegetarian version.
I2Languages (I2.Loc.LanguageSourceAsset)	Items/CoffeeFlavouredStew	Coffee flavoured stew
I2Languages (I2.Loc.LanguageSourceAsset)	Items/DesKeyCoffeeFlavouredStew	You can have coffee to your meal, but you can also have coffee in your meal. Nourishing and stimulating at the same time.
I2Languages (I2.Loc.LanguageSourceAsset)	Items/HunterStew	Hunter stew
I2Languages (I2.Loc.LanguageSourceAsset)	Items/DesKeyHunterStew	This nourishing stew is a condensed spirit of the forest. It will make you feel like a part of nature, attuned to its inner rhythms.
I2Languages (I2.Loc.LanguageSourceAsset)	Items/MinerStew	Miner stew
I2Languages (I2.Loc.LanguageSourceAsset)	Items/DesKeyMinerStew	Highly nutritional stew with a deep, earthy taste. The depths are calling you, grab your pickaxe and reach for the treasures.
I2Languages (I2.Loc.LanguageSourceAsset)	Items/ScavengerStew	Scavenger stew
I2Languages (I2.Loc.LanguageSourceAsset)	Items/DesKeyScavengerStew	A stew made of your lucky desert finds. Makes you more aware of the desert and its inhabitants.
I2Languages (I2.Loc.LanguageSourceAsset)	Items/CoffeeFlavouredStewCan	Coffee flavoured stew can
I2Languages (I2.Loc.LanguageSourceAsset)	Items/DesKeyCoffeeFlavouredStewCan	Like coffee to go, but it's actually a meal.
I2Languages (I2.Loc.LanguageSourceAsset)	Items/HunterStewCan	Hunter stew can
I2Languages (I2.Loc.LanguageSourceAsset)	Items/DesKeyHunterStewCan	Spirit of the forest, portable form.
I2Languages (I2.Loc.LanguageSourceAsset)	Items/MinerStewCan	Miner stew can
I2Languages (I2.Loc.LanguageSourceAsset)	Items/DesKeyMinerStewCan	A handy can of stew, you can take it with you to your shift in the mine.
I2Languages (I2.Loc.LanguageSourceAsset)	Items/NightWalkerSoupCan	Night walker soup can
I2Languages (I2.Loc.LanguageSourceAsset)	Items/DesKeyNightWalkerSoupCan	A can that allows you to store your inner nightly beast for longer.
I2Languages (I2.Loc.LanguageSourceAsset)	Items/ScavengerStewCan	Scavenger stew can
I2Languages (I2.Loc.LanguageSourceAsset)	Items/DesKeyScavengerStewCan	Store your scavenger stew for longer, pick it up whenever the desert calls you.
I2Languages (I2.Loc.LanguageSourceAsset)	Items/AppleSmoothie	Apple smoothie
I2Languages (I2.Loc.LanguageSourceAsset)	Items/DesKeyAppleSmoothie	Apples turned into a sweet delight.
I2Languages (I2.Loc.LanguageSourceAsset)	Items/CactusSmoothie	Cactus smoothie
I2Languages (I2.Loc.LanguageSourceAsset)	Items/DesKeyCactusSmoothie	Too spiky? Then why not make it liquid?
I2Languages (I2.Loc.LanguageSourceAsset)	Items/CoffeeSmoothie	Coffee smoothie
I2Languages (I2.Loc.LanguageSourceAsset)	Items/DesKeyCoffeeSmoothie	You're not sentenced to drink your coffee black like the humanity's future, you can also have it smooth and sweet and whimsical. 
I2Languages (I2.Loc.LanguageSourceAsset)	Items/GuaranaSmoothie	Guarana smoothie
I2Languages (I2.Loc.LanguageSourceAsset)	Items/DesKeyGuaranaSmoothie	Delightful, but also stimulating.
I2Languages (I2.Loc.LanguageSourceAsset)	Items/OrangeSmoothie	Orange smoothie
I2Languages (I2.Loc.LanguageSourceAsset)	Items/DesKeyOrangeSmoothie	It's like the sun itself got blended in a glass. Delicious.
I2Languages (I2.Loc.LanguageSourceAsset)	Items/PizzaCapricciosa	Pizza capricciosa
I2Languages (I2.Loc.LanguageSourceAsset)	Items/DesKeyPizzaCapricciosa	Mushrooms add an elegant note to this flavor mix.
I2Languages (I2.Loc.LanguageSourceAsset)	Items/PizzaDiavola	Pizza diavola
I2Languages (I2.Loc.LanguageSourceAsset)	Items/DesKeyPizzaDiavola	Devilish not only due to its spiciness, but also the wild meat used. So nutritient you could sell your soul over this.
I2Languages (I2.Loc.LanguageSourceAsset)	Items/PizzaMarinara	Pizza marinara
I2Languages (I2.Loc.LanguageSourceAsset)	Items/DesKeyPizzaMarinara	A classic pizza with a savory note.
I2Languages (I2.Loc.LanguageSourceAsset)	Items/PizzaQuattroFormaggi	Pizza quattro formaggi
I2Languages (I2.Loc.LanguageSourceAsset)	Items/DesKeyPizzaQuattroFormaggi	Let's face it, you probably can't differentiate four kinds of cheese in this molten mass, but it's a delicious calory bomb.
I2Languages (I2.Loc.LanguageSourceAsset)	Items/AppleEnergyBar	Apple energy bar
I2Languages (I2.Loc.LanguageSourceAsset)	Items/DesKeyAppleEnergyBar	Effective energy boost from dried apples.
I2Languages (I2.Loc.LanguageSourceAsset)	Items/BerriesEnergyBar	Berries energy bar
I2Languages (I2.Loc.LanguageSourceAsset)	Items/DesKeyBerriesEnergyBar	Effective energy boost from dried berries.
I2Languages (I2.Loc.LanguageSourceAsset)	Items/LemonEnergyBar	Lemon energy bar
I2Languages (I2.Loc.LanguageSourceAsset)	Items/DesKeyLemonEnergyBar	Effective energy boost from dried lemons.
I2Languages (I2.Loc.LanguageSourceAsset)	Items/OrangeEnergyBar	Orange energy bar
I2Languages (I2.Loc.LanguageSourceAsset)	Items/DesKeyOrangeEnergyBar	Effective energy boost from dried oranges.
I2Languages (I2.Loc.LanguageSourceAsset)	Items/AppleJam	Apple jam
I2Languages (I2.Loc.LanguageSourceAsset)	Items/DesKeyAppleJam	Brings back the memory of your grandma's apple pie. You'll probably never be able to replicate this exact taste though.
I2Languages (I2.Loc.LanguageSourceAsset)	Items/LemonJam	Lemon jam
I2Languages (I2.Loc.LanguageSourceAsset)	Items/DesKeyLemonJam	Delicious sour taste, rich in antioxidants, may help your teeth stay white in case of caffeine overuse.
I2Languages (I2.Loc.LanguageSourceAsset)	Items/Cookie	Cookie
I2Languages (I2.Loc.LanguageSourceAsset)	Items/DesKeyCookie	No one would resist such a delicious cookie. Who knows, maybe it could even soften the heart of an Agent?
I2Languages (I2.Loc.LanguageSourceAsset)	Items/Tiramisu	Tiramisu
I2Languages (I2.Loc.LanguageSourceAsset)	Items/DesKeyTiramisu	An exquisite, coffee-flavoured cake. It's so delicious and nutritional it will make you feel much better about yourself and life in general.
I2Languages (I2.Loc.LanguageSourceAsset)	Items/SunflowerButter	Sunflower butter
I2Languages (I2.Loc.LanguageSourceAsset)	Items/DesKeySunflowerButter	A healthy, plant-based butter.
I2Languages (I2.Loc.LanguageSourceAsset)	Items/DriedLemon	Dried lemon
I2Languages (I2.Loc.LanguageSourceAsset)	Items/DesKeyDriedLemon	This ingredient is incredibly useful in making lemon-flavored things.
I2Languages (I2.Loc.LanguageSourceAsset)	Items/Hardtack	Hardtack
I2Languages (I2.Loc.LanguageSourceAsset)	Items/DesKeyHardtack	Simple to make, extremely durable. Might also require extremely durable teeth to eat.
I2Languages (I2.Loc.LanguageSourceAsset)	Items/PrepperMix	PrepperMix
I2Languages (I2.Loc.LanguageSourceAsset)	Items/DesKeyPrepperMix	This is not just a kitchen robot. It's a philosophy. It's a lifestyle. Automate your meals and taste the luxury.
I2Languages (I2.Loc.LanguageSourceAsset)	Items/RoastedChickenLeg	Roasted chicken leg
I2Languages (I2.Loc.LanguageSourceAsset)	Items/DesRoastedChickenLeg	An easy, simple classic. Not a culinary masterpiece, but will do as a quick snack.
I2Languages (I2.Loc.LanguageSourceAsset)	Items/RoastedCorn	Roasted corn
I2Languages (I2.Loc.LanguageSourceAsset)	Items/DesKeyRoastedCorn	Out of many things you can do with corn, this might be the tastiest choice.
I2Languages (I2.Loc.LanguageSourceAsset)	Items/EmptyCan	Empty can
I2Languages (I2.Loc.LanguageSourceAsset)	Items/DesKeyEmptyCan	There's no food there anymore, but you can scrap it for materials. Recycling!
I2Languages (I2.Loc.LanguageSourceAsset)	Items/EmptyJar	Empty jar
I2Languages (I2.Loc.LanguageSourceAsset)	Items/DesKeyEmptyJar	There's no food there anymore, but you can scrap it for materials. Recycling!
I2Languages (I2.Loc.LanguageSourceAsset)	Items/Cage	Cage
I2Languages (I2.Loc.LanguageSourceAsset)	Items/Car	Car
I2Languages (I2.Loc.LanguageSourceAsset)	Items/WardrobeHerbalist	Wardrobe
I2Languages (I2.Loc.LanguageSourceAsset)	Items/ClimbingChalk	Climbing Chalk
I2Languages (I2.Loc.LanguageSourceAsset)	Items/DesClimbingChalk	Make it easyer to climb. Loses it's effect after while.
I2Languages (I2.Loc.LanguageSourceAsset)	Items/Fibre	Fibre
I2Languages (I2.Loc.LanguageSourceAsset)	Items/DesFibre	Basic Material. Needed to craft Ropes.
I2Languages (I2.Loc.LanguageSourceAsset)	Items/Line	Rope
I2Languages (I2.Loc.LanguageSourceAsset)	Items/DesLine	Can be placed on vertical walls. Makes it much easyer to climb. Some places can only by accessed with a rope.
I2Languages (I2.Loc.LanguageSourceAsset)	Items/MountainHerb	Mountain Herb
I2Languages (I2.Loc.LanguageSourceAsset)	Items/MountainHerbWild	Mountain Herb
I2Languages (I2.Loc.LanguageSourceAsset)	Items/DesMountainHerb	Can be used to brew a tea that restores stamina and prepperedness. Recipie for it need to be unlocked first.          
I2Languages (I2.Loc.LanguageSourceAsset)	Items/Platform	Platform
I2Languages (I2.Loc.LanguageSourceAsset)	Items/DesPlatform	Can be placed on gaps that are missing floor. It needs Platform Spports for wider gaps.
I2Languages (I2.Loc.LanguageSourceAsset)	Items/PlatformSupport	Platform Support
I2Languages (I2.Loc.LanguageSourceAsset)	Items/DesPlatformSupport	Used to support platforms placed across longer gaps in the floor.
I2Languages (I2.Loc.LanguageSourceAsset)	Items/Vine	Vine
I2Languages (I2.Loc.LanguageSourceAsset)	Items/DesVine	You can deconstruct it into Fibre.
I2Languages (I2.Loc.LanguageSourceAsset)	Items/VineLine	Vine Line
I2Languages (I2.Loc.LanguageSourceAsset)	Items/DesVineLine	Can be placed on vertical walls. Makes it much easyer to climb. Some places can only by accessed with a rope.
I2Languages (I2.Loc.LanguageSourceAsset)	Items/WalkieTalkie	Walkie Talkie
I2Languages (I2.Loc.LanguageSourceAsset)	Items/DesWalkieTalkie	Don't go to The Mountain without it.
I2Languages (I2.Loc.LanguageSourceAsset)	Items/WorkbenchMountainUpgrade1	Mountain Workbench Upgrade 1
I2Languages (I2.Loc.LanguageSourceAsset)	Items/DesWorkbenchMountainUpgrade1	Basic essetials to climb mountains.
I2Languages (I2.Loc.LanguageSourceAsset)	Items/WorkbenchMountainUpgrade2	Mountain Workbench Upgrade 2
I2Languages (I2.Loc.LanguageSourceAsset)	Items/DesWorkbenchMountainUpgrade2	Basic essetials to climb mountains.
I2Languages (I2.Loc.LanguageSourceAsset)	Items/IceMachine	IceMachine
I2Languages (I2.Loc.LanguageSourceAsset)	Items/DesIceMachine	DesIceMachine
I2Languages (I2.Loc.LanguageSourceAsset)	Items/CryoTechNote1	CryoTechNote2
I2Languages (I2.Loc.LanguageSourceAsset)	Items/CryoTechNote2	CryoTechNote3
I2Languages (I2.Loc.LanguageSourceAsset)	Items/CryoTechNote3	CryoTechNote4
I2Languages (I2.Loc.LanguageSourceAsset)	Items/CryoTechNote4	CryoTechNote5
I2Languages (I2.Loc.LanguageSourceAsset)	Items/CryoTechNote5	CryoTechNote6
I2Languages (I2.Loc.LanguageSourceAsset)	Items/DesCryoTechNote1	DesCryoTechNote2
I2Languages (I2.Loc.LanguageSourceAsset)	Items/DesCryoTechNote2	DesCryoTechNote3
I2Languages (I2.Loc.LanguageSourceAsset)	Items/DesCryoTechNote3	DesCryoTechNote4
I2Languages (I2.Loc.LanguageSourceAsset)	Items/DesCryoTechNote4	DesCryoTechNote5
I2Languages (I2.Loc.LanguageSourceAsset)	Items/DesCryoTechNote5	DesCryoTechNote6
I2Languages (I2.Loc.LanguageSourceAsset)	Items/ClimbingBook	ClimbingBook
I2Languages (I2.Loc.LanguageSourceAsset)	Items/DesClimbingBook	DesClimbingBook
I2Languages (I2.Loc.LanguageSourceAsset)	Items/PumaExpertBook	PumaExpertBook
I2Languages (I2.Loc.LanguageSourceAsset)	Items/DesPumaExpertBook	DesPumaExpertBook
I2Languages (I2.Loc.LanguageSourceAsset)	Items/WalrusBook2	WalrusBook3
I2Languages (I2.Loc.LanguageSourceAsset)	Items/DesWalrusBook2	DesWalrusBook3
I2Languages (I2.Loc.LanguageSourceAsset)	Items/BasicHikingClothes	BasicHikingClothes
I2Languages (I2.Loc.LanguageSourceAsset)	Items/DesBasicHikingClothes	DesBasicHikingClothes
I2Languages (I2.Loc.LanguageSourceAsset)	Items/MountainLootBox1	MountainLootBox2
I2Languages (I2.Loc.LanguageSourceAsset)	Items/MountainLootBox2	MountainLootBox3
I2Languages (I2.Loc.LanguageSourceAsset)	Items/MountainLootBox3	MountainLootBox4
I2Languages (I2.Loc.LanguageSourceAsset)	Items/DesMountainLootBox1	DesMountainLootBox2
I2Languages (I2.Loc.LanguageSourceAsset)	Items/DesMountainLootBox2	DesMountainLootBox3
I2Languages (I2.Loc.LanguageSourceAsset)	Items/DesMountainLootBox3	DesMountainLootBox4
I2Languages (I2.Loc.LanguageSourceAsset)	Items/CryoSleepPod	CryoSleepPod
I2Languages (I2.Loc.LanguageSourceAsset)	Items/DesCryoSleepPod	DesCryoSleepPod
I2Languages (I2.Loc.LanguageSourceAsset)	Items/CryoTeslaCoilGun	CryoTeslaCoilGun
I2Languages (I2.Loc.LanguageSourceAsset)	Items/DesCryoTeslaCoilGun	DesCryoTeslaCoilGun
I2Languages (I2.Loc.LanguageSourceAsset)	Items/FreezeDryer	FreezeDryer
I2Languages (I2.Loc.LanguageSourceAsset)	Items/DesFreezeDryer	DesFreezeDryer
I2Languages (I2.Loc.LanguageSourceAsset)	Items/HeatPack	HeatPack
I2Languages (I2.Loc.LanguageSourceAsset)	Items/DesHeatPack	DesHeatPack
I2Languages (I2.Loc.LanguageSourceAsset)	Items/HerbTea	HerbTea
I2Languages (I2.Loc.LanguageSourceAsset)	Items/DesHerbTea	DesHerbTea
I2Languages (I2.Loc.LanguageSourceAsset)	Items/HikingBackpack	HikingBackpack
I2Languages (I2.Loc.LanguageSourceAsset)	Items/DesHikingBackpack	DesHikingBackpack
I2Languages (I2.Loc.LanguageSourceAsset)	Items/HikingClothes	HikingClothes
I2Languages (I2.Loc.LanguageSourceAsset)	Items/DesHikingClothes	DesHikingClothes
I2Languages (I2.Loc.LanguageSourceAsset)	Items/Ice	Ice
I2Languages (I2.Loc.LanguageSourceAsset)	Items/DesIce	DesIce
I2Languages (I2.Loc.LanguageSourceAsset)	Items/Iceaxe	Iceaxe
I2Languages (I2.Loc.LanguageSourceAsset)	Items/DesIceaxe	DesIceaxe
I2Languages (I2.Loc.LanguageSourceAsset)	Items/IceCream	IceCream
I2Languages (I2.Loc.LanguageSourceAsset)	Items/DesIceCream	DesIceCream
I2Languages (I2.Loc.LanguageSourceAsset)	Items/IceCreamMachine	IceCreamMachine
I2Languages (I2.Loc.LanguageSourceAsset)	Items/DesIceCreamMachine	DesIceCreamMachine
I2Languages (I2.Loc.LanguageSourceAsset)	Items/IceMiningRock	IceMiningRock
I2Languages (I2.Loc.LanguageSourceAsset)	Items/MountainInitLetter	MountainInitLetter
I2Languages (I2.Loc.LanguageSourceAsset)	Items/DesMountainInitLetter	DesMountainInitLetter
I2Languages (I2.Loc.LanguageSourceAsset)	Items/MountainInitPackage	MountainInitPackage
I2Languages (I2.Loc.LanguageSourceAsset)	Items/DesMountainInitPackage	DesMountainInitPackage
I2Languages (I2.Loc.LanguageSourceAsset)	Items/Piton	Piton
I2Languages (I2.Loc.LanguageSourceAsset)	Items/DesPiton	DesPiton
I2Languages (I2.Loc.LanguageSourceAsset)	Items/Safe	Safe
I2Languages (I2.Loc.LanguageSourceAsset)	Items/DesSafe	DesSafe
I2Languages (I2.Loc.LanguageSourceAsset)	Items/Snow	Snow
I2Languages (I2.Loc.LanguageSourceAsset)	Items/DesSnow	DesSnow
I2Languages (I2.Loc.LanguageSourceAsset)	Items/Sorter	Sorter
I2Languages (I2.Loc.LanguageSourceAsset)	Items/DesSorter	DesSorter
I2Languages (I2.Loc.LanguageSourceAsset)	Items/Thermos	Thermos
I2Languages (I2.Loc.LanguageSourceAsset)	Items/DesThermos	DesThermos
I2Languages (I2.Loc.LanguageSourceAsset)	Items/Titan	Titan
I2Languages (I2.Loc.LanguageSourceAsset)	Items/DesTitan	DesTitan
I2Languages (I2.Loc.LanguageSourceAsset)	Items/TitanFurnace	TitanFurnace
I2Languages (I2.Loc.LanguageSourceAsset)	Items/DesTitanFurnace	DesTitanFurnace
I2Languages (I2.Loc.LanguageSourceAsset)	Items/TitanOre	TitanOre
I2Languages (I2.Loc.LanguageSourceAsset)	Items/DesTitanOre	DesTitanOre
I2Languages (I2.Loc.LanguageSourceAsset)	Items/TitanRock	TitanRock
I2Languages (I2.Loc.LanguageSourceAsset)	Items/TravelRefrigerator	TravelRefrigerator
I2Languages (I2.Loc.LanguageSourceAsset)	Items/DesTravelRefrigerator	DesTravelRefrigerator
I2Languages (I2.Loc.LanguageSourceAsset)	Items/Puma	Puma
I2Languages (I2.Loc.LanguageSourceAsset)	Items/FirstAidKit	First Aid Kit
I2Languages (I2.Loc.LanguageSourceAsset)	Items/MountainPlankCabinetWhiteSmall	Small white plank cabinet
I2Languages (I2.Loc.LanguageSourceAsset)	Items/MountainArmyChest	Army Chest
I2Languages (I2.Loc.LanguageSourceAsset)	Items/MountainRailwayController	Railway Controller
I2Languages (I2.Loc.LanguageSourceAsset)	Items/Marshmallow	Marshmallow
I2Languages (I2.Loc.LanguageSourceAsset)	Items/DesMarshmallow	
I2Languages (I2.Loc.LanguageSourceAsset)	Items/ClimbWall	Climbing Wall
I2Languages (I2.Loc.LanguageSourceAsset)	Items/CottageSofa	CottageSofa
I2Languages (I2.Loc.LanguageSourceAsset)	Items/DesCottageSofa	DesCottageSofa
I2Languages (I2.Loc.LanguageSourceAsset)	Items/CuckooClock	CuckooClock
I2Languages (I2.Loc.LanguageSourceAsset)	Items/DesCuckooClock	DesCuckooClock
I2Languages (I2.Loc.LanguageSourceAsset)	Items/Fireplace	Fireplace
I2Languages (I2.Loc.LanguageSourceAsset)	Items/DesFireplace	DesFireplace
I2Languages (I2.Loc.LanguageSourceAsset)	Items/FurRag	FurRag
I2Languages (I2.Loc.LanguageSourceAsset)	Items/DesFurRag	DesFurRag
I2Languages (I2.Loc.LanguageSourceAsset)	Items/MountainViewWindow	MountainViewWindow
I2Languages (I2.Loc.LanguageSourceAsset)	Items/DesMountainViewWindow	DesMountainViewWindow
I2Languages (I2.Loc.LanguageSourceAsset)	Items/OilLamp	OilLamp
I2Languages (I2.Loc.LanguageSourceAsset)	Items/DesOilLamp	DesOilLamp
I2Languages (I2.Loc.LanguageSourceAsset)	Items/SnowGlobe	SnowGlobe
I2Languages (I2.Loc.LanguageSourceAsset)	Items/DesSnowGlobe	DesSnowGlobe
I2Languages (I2.Loc.LanguageSourceAsset)	Items/Snowmaker	Snowmaker
I2Languages (I2.Loc.LanguageSourceAsset)	Items/DesSnowmaker	DesSnowmaker
I2Languages (I2.Loc.LanguageSourceAsset)	Items/SnowManBase1	SnowManBase2
I2Languages (I2.Loc.LanguageSourceAsset)	Items/DesSnowManBase1	DesSnowManBase2
I2Languages (I2.Loc.LanguageSourceAsset)	Items/SnowManBase2	SnowManBase3
I2Languages (I2.Loc.LanguageSourceAsset)	Items/DesSnowManBase2	DesSnowManBase3
I2Languages (I2.Loc.LanguageSourceAsset)	Items/SnowManCylinder	SnowManCylinder
I2Languages (I2.Loc.LanguageSourceAsset)	Items/DesSnowManCylinder	DesSnowManCylinder
I2Languages (I2.Loc.LanguageSourceAsset)	Items/SnowManHat	SnowManHat
I2Languages (I2.Loc.LanguageSourceAsset)	Items/DesSnowManHat	DesSnowManHat
I2Languages (I2.Loc.LanguageSourceAsset)	Items/SnowManHead1	SnowManHead2
I2Languages (I2.Loc.LanguageSourceAsset)	Items/DesSnowManHead1	DesSnowManHead2
I2Languages (I2.Loc.LanguageSourceAsset)	Items/SnowManHead2	SnowManHead3
I2Languages (I2.Loc.LanguageSourceAsset)	Items/DesSnowManHead2	DesSnowManHead3
I2Languages (I2.Loc.LanguageSourceAsset)	Items/SnowManMiddle1	SnowManMiddle2
I2Languages (I2.Loc.LanguageSourceAsset)	Items/DesSnowManMiddle1	DesSnowManMiddle2
I2Languages (I2.Loc.LanguageSourceAsset)	Items/SnowManMiddle2	SnowManMiddle3
I2Languages (I2.Loc.LanguageSourceAsset)	Items/DesSnowManMiddle2	DesSnowManMiddle3
I2Languages (I2.Loc.LanguageSourceAsset)	Items/MountainInfiniteLevelNote	Diane Note
I2Languages (I2.Loc.LanguageSourceAsset)	Items/MountainLogs	Logs for later
I2Languages (I2.Loc.LanguageSourceAsset)	Items/SnowmanBook	How to Build a Snowman
I2Languages (I2.Loc.LanguageSourceAsset)	Items/DesSnowmanBook	DesSnowmanBook
I2Languages (I2.Loc.LanguageSourceAsset)	Items/MountainHerbBook	MountainHerbBook
I2Languages (I2.Loc.LanguageSourceAsset)	Items/DesMountainHerbBook	DesMountainHerbBook
I2Languages (I2.Loc.LanguageSourceAsset)	Items/MountainTraderNote	MountainTraderNote
I2Languages (I2.Loc.LanguageSourceAsset)	Items/YetiFootPrint	Big Foot Print
I2Languages (I2.Loc.LanguageSourceAsset)	Items/YetiHandPrint	Big Hand Print
I2Languages (I2.Loc.LanguageSourceAsset)	Items/YetiRock	Yeti-shaped Rock
I2Languages (I2.Loc.LanguageSourceAsset)	Skills/ArtOfNegotiationBook1	Better prices achieved in trade.
I2Languages (I2.Loc.LanguageSourceAsset)	Skills/ArtOfNegotiationBook2	Even better prices achieved in trade.
I2Languages (I2.Loc.LanguageSourceAsset)	Skills/BuilderBook	Faster building of shelter rooms.
I2Languages (I2.Loc.LanguageSourceAsset)	Skills/DoItYourselfBook1	Faster crafting.
I2Languages (I2.Loc.LanguageSourceAsset)	Skills/DoItYourselfBook2	Even faster crafting.
I2Languages (I2.Loc.LanguageSourceAsset)	Skills/GardeningBook1	Faster plants growth.
I2Languages (I2.Loc.LanguageSourceAsset)	Skills/GardeningBook2	Even faster plants growth.
I2Languages (I2.Loc.LanguageSourceAsset)	Skills/HealthyEatingBook	More health from food.
I2Languages (I2.Loc.LanguageSourceAsset)	Skills/MartialArtsBook1	More damage and speed in fight. \nLets you move and attack simultaneously.
I2Languages (I2.Loc.LanguageSourceAsset)	Skills/MartialArtsBook2	Even more damage and speed in fight. \nLets you move and attack simultaneously.\nUnlocks critical hits.
I2Languages (I2.Loc.LanguageSourceAsset)	Skills/NoSleepBook	More stamina and Preparedness gained from sleeping and napping.
I2Languages (I2.Loc.LanguageSourceAsset)	Skills/PetrolheadBook	Smaller fuel usage in cars and other machines.
I2Languages (I2.Loc.LanguageSourceAsset)	Skills/PreppersGuideBook	Slower Preparedness drain.
