# key	english	bulgarian	french	russian
Items/DesKeySeed Carrot	Put into a patch of soil to grow some carrots.	Постави в парче почва, за да пораснат моркови.	À planter dans une parcelle de terre pour faire pousser des carottes.	Поместите в участок почвы, чтобы вырастить морковку.
Items/DesKeySeed Corn	Put into a planter to grow corn.	Постави в саксия, за да порасне царевица.	À planter dans une jardinière pour faire pousser du maïs.	Поместите в кадку, чтобы вырастить кукурузу.
Items/DesKeySeed Lettuce	Put into a patch of soil to grow cabbage.	Постави в парче почва, за да порасне зеле.	À planter dans une parcelle de terre pour faire pousser du chou.	Поместите в участок почвы, чтобы вырастить капусту.
Items/DesKeySeed Orange	Put into a greenhouse to grow an orange tree.	Постави в оранжерията, за да отгледаш портокалово дърво.	À planter dans une serre pour faire pousser un oranger.	Поместите в парник, чтобы вырастить апельсиновое дерево.
Items/DesKeySeed Tomato	Put into a greenhouse to grow a tomato bush.	Постави в оранжерията, за да порасне домат.	À planter dans une serre pour faire pousser des tomates.	Поместите в парник, чтобы вырастить томатный куст.
Items/DesKeySeed Turnip	Put into a patch of soil to grow beetroot.	Постави в парче почва, за да порасне цвекло.	À planter dans une parcelle de terre pour faire pousser des betteraves.	Поместите в участок почвы, чтобы вырастить свеклу.
Items/DesKeyShelf	A piece of furniture, useful for storage.	Мебел, полезна за съхранение.	Un meuble, utile pour le rangement.	Предмет мебели, на котором удобно хранить вещи.
Items/DesKeySink	Your main source of water. 	Твоят основен източник на вода.	Votre principale source d'eau.	Ваш главный источник воды.
Items/DesKeySofa	Another piece of furniture. Sell it or disassemble it.	Още едно парче мебели. Продай го или го разглоби.	Un autre meuble. Vendez-le ou démontez-le.	Снова мебель. Продайте или разберите.
Items/DesKeySoup	A basic portion of food. Gonna save you in difficult situations.	Основна порция храна. Ще те спаси в трудни ситуации.	Une portion de nourriture de base. Vous sauvera des situations difficiles.	Простая еда. Спасет в трудных ситуациях.
Items/DesKeyStone	Basic material. You can get it from a mine. You can transform it into glass in a furnace.	Основен материал. Можеш да го получиш от мина. Можеш да го превърнеш в стъкло във фурна.	Matériau de base. Vous pouvez en trouver dans la mine. Vous pouvez le transformer en verre dans un fourneau.	Простой материал. Можно добыть в шахте. Поместите в печь, чтобы сделать стекло.
Items/DesKeyStove	It's a bit like workbench, but for cooking! Cutting edge technology.	Това е нещо като работна маса, но за готвене! Най-новата технология.	C'est un peu comme l'établi, mais pour cuisiner! Technologie de pointe.	Как верстак, только для готовки! Новейшие технологии.
Items/DesKeyTEST	test	тест		
Items/DesKeyTable	Another piece of furniture. Sell it or disassemble it.	Още една мебел. Продай я или я разглоби.	Un autre meuble. Vendez-la ou démontez-la.	Снова мебель. Продайте или разберите.
Items/DesKeyTestSeed	test	тест		
Items/DesKeyTextile	Basic material. Use it to craft some clothes.	Основен материал. Използвай го, за да направиш дрехи.	Matériau de base. Utilisez-le pour fabriquer des vêtements.	Простой материал. Используется для изготовления одежды.
Items/DesKeyTomato	A well-known vegetable. Try cooking it! A good base for soups and sauces.	Доматен сос. Опитай да го сготвиш! Добра основа за супи и сосове.	Un légume très connu. Essayez de le cuisiner! Bonne base pour les soupes et les sauces.	Широко известная ягода. Попробуйте что-нибудь из него приготовить! Хорошая основа для супов и соусов.
Items/DesKeyTowel1	Do you really want to clean right now? You can always disassemble it.	Искаш ли наистина да почистиш сега? Винаги можеш да го разглобиш.	Voulez-vous vraiment nettoyer maintenant? Vous pouvez toujours la démonter.	Вы правда хотите заняться уборкой? Его всегда можно разобрать.
Items/DesKeyTrashpaper	Some used newspapers.\nYou won't get much information from them anymore.	Няколко стари вестника.\nОт тях вече няма да получиш много информация.	Quelques vieux journaux.\nVous n'en obtiendrez plus beaucoup d'informations.	Старые газеты.\nИз них уже не узнать ничего нового.
Items/DesKeyTree Patch	A place where every seed can grow.	Място, където всяко семе може да поникне.	Un endroit où toutes les graines peuvent pousser.	Место, где прорастут любые семена.
Items/DesKeyTreePatch	Perfect for planting. You can increase your food supply thanks to it. 	Идеално за засаждане. Можеш да увеличиш хранителните си запаси благодарение на него.	Parfait pour faire pousser des plantes. Vous pouvez augmenter vos provisions de nourriture grâce à ça.	Отлично подходит для посадки растений. Поможет увеличить запасы продовольствия.
Items/DesKeyTurnip	It's okay, you can eat that. You can also use it to make some sugar.	Няма проблем, можеш да го изядеш. Можеш също да го използваш, за да направиш захар.	C'est bon, vous pouvez les manger. Vous pouvez aussi  les utiliser pour faire du sucre.	Все в порядке, ее можно есть. Или даже сделать из нее сахар.
Items/DesKeyWall Lamp	This kind of lamp is supposedly perfect for use in underground shelters.	Този вид лампа е идеален за използване в подземни убежища.	Ce type de lampe est sensé être parfait pour une utilisation dans les abris souterrains.	Такие лампы должны идеально подходить для использования в подземных укрытиях.
Items/DesKeyWallLamp	This kind of lamp is supposedly perfect for use in underground shelters.	Този вид лампа е идеален за използване в подземни убежища.	Ce type de lampe est sensé être parfait pour une utilisation dans les abris souterrains.	Такие лампы должны идеально подходить для использования в подземных укрытиях.
Items/DesKeyWardrobe	Hide something in it or turn it into wood.	Скрий нещо в него или го превърни в дърво.	Cachez quelque chose à l'intérieur ou transformez-le en bois.	Спрячьте в нем что-нибудь или переработайте в древесину.
Items/DesKeyWardrobe2	Hide something in it or turn it into wood.	Скрий нещо в него или го превърни в дърво.	Cachez quelque chose à l'intérieur ou transformez-le en bois.	Спрячьте в нем что-нибудь или переработайте в древесину.
Items/DesKeyWardrobe3	Hide something in it or turn it into wood.	Скрий нещо в него или го превърни в дърво.	Cachez quelque chose à l'intérieur ou transformez-le en bois.	Спрячьте в нем что-нибудь или переработайте в древесину.
Items/DesKeyWater	This is the basic unit of water. It will make your plants happy.	Това е основната единица вода. Ще направи растенията ти щастливи.	C'est l'unité de base de l'eau. Rendra vos plantes heureuses.	Это простая единица воды. Осчастливит ваши растения.
Items/DesKeyWaterMachine	This wonder of modern technology will collect water for you.\n	Това чудо на съвременната технология ще събира вода за теб.\n	Cette merveille de technologie moderne collectera l'eau pour vous.	Это чудо современных технологий соберет для вас воду.
Items/DesKeyWatertank	You can put it wherever you like and fill it with plenty of water.\nWhen a drought comes, it can be your main source of water.	Можеш да го сложиш където искаш и да го напълниш с много вода.\nКогато настъпи суша, може да бъде основният ти източник на вода.	\nVous pouvez le mettre où vous voulez et le remplir avec de l'eau.\nLorsqu'une sécheresse survient, il peut devenir votre principale source d'eau.	Вы можете поставить его где угодно и наполнить большим количеством воды.\nКогда наступит засуха, он станет основным источником влаги.
Items/DesKeyWinterClothes	This clothing will keep you warm in difficult conditions.	Тези дрехи ще те стоплят в трудни условия.	Ce vêtement vous gardera au chaud dans des conditions difficiles.	Эта одежда позволит вам сохранять тепло в суровых условиях.
Items/DesKeyWolf Skin	Now you can be a sheep in wolf's skin! Use the pelt to craft warm clothes.	Сега можеш да бъдеш овца в кожа на вълк! Използвай кожата, за да изработиш топли дрехи.	Maintenant vous pouvez être un mouton dans une peau de loup! Utilisez la peau pour fabriquer des vêtements chauds.	Теперь вы можете быть овечкой в волчьей шкуре! Используйте шкуру для изготовления теплой одежды.
Items/DesKeyWood	Basic material. There is plenty of it in the forest.	Основен материал. Има много от него в гората.	Matériau de base. Il y en a plein dans la forêt.	Простой материал. Ее очень много в лесу.
Items/DesKeyWooden Chest	Designed to hide your treasures.	Проектиран да крие твоите съкровища.	Conçu pour cacher vos trésors.	Создан, чтобы хранить ваши сокровища.
Items/DesKeyWoodenChest	Designed to hide your treasures.	Създаден да крие твоите съкровища.	Conçu pour cacher vos trésors.	Создан, чтобы хранить ваши сокровища.
Items/DesKeyWoodenPallet	Another source of wood. 	Друг източник на дърво.	Une autre source de bois.	Еще один источник древесины.
Items/DesKeyWorkbench	Lets you create and disassemble items.	Позволява ти да създаваш и разглобяваш предмети.	Vous permet de créer et démonter des objets.	С его помощью можно создавать и разбирать предметы.
Items/DesKeyWorkbench level 1	Lets you create and disassemble items.	Позволява ти да създаваш и разглобяваш предмети.	Vous permet de créer et démonter des objets.	С его помощью можно создавать и разбирать предметы.
Items/DesKeyWorkbench level 2	Lets you create and disassemble items.	Позволява ти да създаваш и разглобяваш предмети.	Vous permet de créer et démonter des objets.	С его помощью можно создавать и разбирать предметы.
Items/DesKeyWorkbench level 3	Lets you create and disassemble items.	Позволява ти да създаваш и разглобяваш предмети.	Vous permet de créer et démonter des objets.	С его помощью можно создавать и разбирать предметы.
Items/DesKeyWorkbench level 4	Lets you create and disassemble items.	Позволява ти да създаваш и разглобяваш предмети.	Vous permet de créer et démonter des objets.	С его помощью можно создавать и разбирать предметы.
Items/DesKeyWorkshop shelf large	Perfect for stacking all your stuff in the bunker.	Идеален за трупане на всичко в бункера.	Parfait pour ranger toutes vos affaires dans le bunker.	Идеально подходит для складирования вещей в бункере.
Items/DesKeyWorkshop shelf small	Perfect for stacking all your stuff in the bunker.	Идеално за трупане на всичко в бункера.	Parfait pour ranger toutes vos affaires dans le bunker.	Идеально подходит для складирования вещей в бункере.
Items/DesKeyZielarka	--			--
Items/DesKeyZielarkaProto	--			--
Items/DesKeybeartrap	Set them in the forest to get fresh meat.	Постави ги в гората, за да получиш прясно месо.	Placez-les dans la forêt pour obtenir de la viande fraîche.	Можно установить в лесу, чтобы раздобыть свежее мясо.
Items/DesKeyelectricity box	The electricity meter shows current power levels in your home and in the bunker.	Електромерът показва текущите нива на ток в дома ти и в бункера.	Le compteur électrique indique les niveaux de puissance actuels dans votre maison et dans le bunker.	Счетчик электроэнергии показывает текущий уровень потребления электроэнергии в доме и бункере.
Items/DesKeypillarHolder	Used for traveling between forest areas. Needs to be repaired first.	Използва се за пътуване между горски райони. Първо трябва да бъде поправен.	Utilisé pour voyager entre les zones de la forêt. Doit d'abord être réparé.	Используется, чтобы перемещаться между участками леса. Только сначала его нужно отремонтировать.
Items/DieselBarrel1	Fuel Barrel	Варел за гориво	Baril de Carburant	Бочка топлива
Items/Electronics	Electronics	Електроника	Composants électroniques	Электроника
Items/Field Ration	Field Ration	Храна за полеви условия	Ration de survie	Сухпаек
Items/Field Ration Big	Big Field Ration	Голяма полева дажба	Grande ration  de survie	Большой сухпаек
Items/Flower	Plant	Засади	Plante	Растение
Items/Flower2	Plant	Засади	Plante	Растение
Items/Freezer	Freezer	Фризер	Congélateur	Морозильник
Items/Fridge	Fridge	Хладилник	Réfrigérateur	Холодильник
Items/Fuel	Fuel	Гориво	Carburant	Топливо
Items/GasolineBarrel	Fuel Barrel	Варел за гориво	Baril de Carburant	Бочка топлива
Items/Generator	Generator	Генератор	Générateur	Генератор
Items/Glass	Glass	Стъкло	Verre	Стекло
Items/GreenHouse	Greenhouse	Оранжерия	Serre	Парник
Items/Ground	Ground	Земя	Terre	Почва
Items/HuntingClothes	Hunting Clothes	Ловни дрехи	Vêtements de chasse	Одежда для охоты
Items/Kettle	Kettle	Джезве	Bouilloire	Чайник
Items/KitchenHood	Kitchen Hood	Качулка за кухнята	Hotte de Cuisine	Кухонная вытяжка
Items/KitchenWardrobe2	Kitchen Cupboard	Кухненски шкаф	Placard de Cuisine	Кухонный шкафчик
Items/KitchenWardrobe3	Kitchen Cupboard	Кухненски шкаф	Placard de Cuisine	Кухонный шкафчик
Items/KitchenWardrobe4	Kitchen Cupboard	Кухненски шкаф	Placard de Cuisine	Кухонный шкафчик
Items/KitchenWardrobe5	Kitchen Cupboard	Кухненски шкаф	Placard de Cuisine	Кухонный шкафчик
Items/KitchenWardrobe_M	Kitchen Cupboard	Кухненски шкаф	Placard de Cuisine	Кухонный шкафчик
Items/Ladder	Ladder	Стълба	Echelle	Лестница
Items/Lamp	Lamp	Лампа	Lampe	Лампа
Items/Lettuce	Cabbage	Зеле	Chou	Капуста
Items/Lever	Lever	Лост	Levier	Рычаг
Items/Log	Log	Дневник	Rondin	Бревно
Items/Loona Tuna	Loona Tuna	Риба тон на Луна	Thon Loona	Тунец
Items/MailBox	Mailbox	Пощенска кутия	Boîte aux lettres	Почтовый ящик
Items/Manhole	Manhole	Капак на шахтово съоръжение	Trappe	Люк
Items/Meat	Meat	Месо	Viande	Мясо
Items/Metal	Metal	Метал	Métal	Металл
Items/MinerHelmet	Miner Helmet	Миньорска каска	Casque de Mineur	Шахтерская каска
Items/Money	Money	Пари	Argent	Деньги
Items/Newspaper	Newspaper	Вестник	Journal	Газета
Items/OilBarrel1	Oil Barrel	Варел за петрол	Baril de Pétrole	Бочка топлива
Items/Orange	Orange	Оранжево	Orange	Апельсин
Items/Pan	Pan	Тиган	Poêle	Сковорода
Items/Phone	Phone	Телефон	Téléphone	Телефон
Items/Picture1	Canvas	Платно	Tableau	Картина
Items/Plastic	Plastic	Пластмаса	Plastique	Пластик
Items/Plate Green	Green Plate	Зелена чиния	Assiette Verte	Зеленая тарелка
Items/Plate Red	Red Plate	Червена плоча	Assiette Rouge	Красная тарелка
Items/Plate White	White Plate	Бяла чиния	Assiette Blanche	Белая тарелка
Items/Pot Green	Green Pot	Зелена тенджера	Pot Vert	Зеленая кастрюля
Items/Pot Main	Blue Pot	Синя тенджера	Pot Bleu	Синяя кастрюля
Items/Pot Red	Red Pot	Червена тенджера	Pot Rouge	Красная кастрюля
Items/Radio	Radio	Радио	Radio	Радио
Items/Rafinery	Refinery	Рафинерия	Raffinerie	Аппарат для очистки
Items/Revolver	Revolver	Револвер	Revolver	Револьвер
Items/Rifle	Rifle	Пушка	Fusil	Винтовка
Items/RocketPlan	Rocket Plan	План за ракета	Plan de Fusée	План ракеты
Items/SaltPepper	Salt	Сол	Sel	Соль
Items/Seed Apple	Apple Seed	Семе от ябълка	Pépins de Pomme	Яблочные семена
Items/Seed Carrot	Carrot Seed 	Семе от морков	Graines de Carotte	Морковные семена
Items/Seed Corn	Corn Seed 	Семена от царевица	Grains de Maïs	Кукурузные семена
Items/Seed Lettuce	Cabbage Seed 	Семена от зеле	Graines de Chou	Капустные семена
Items/Seed Orange	Orange Seed 	Семе от портокал	Pépins d'Orange	Апельсиновые семена
Items/Seed Tomato	Tomato Seed 	Семе от домат	Graines de Tomate	Томатные семена
Items/Seed Turnip	Beet Seed 	Семе от цвекло	Graines de Betterave	Свекольные семена
Items/Shelf	Shelf	Рафт	Étagère	Полка
Items/Sink	Sink	Мивка	Évier	Раковина
Items/Sofa	Sofa	Диван	Canapé	Диван
Items/Soup	Soup	Супа	Soupe	Суп
Items/Stone	Stone	Камък	Pierre	Камень
Items/Stove	Stove	Печка	Four	Плита
Items/TEST	TEST	ТЕСТ		
Items/Table	Table	Маса	Table	Стол
Items/TestSeed	TestSeed	ТестСеме		
Items/Textile	Textile	Текстил	Tissu	Ткань
Items/Tomato	Tomato	Домат	Tomate	Томат
Items/Towel1	Towel	Кърпа	Serviette	Полотенце
Items/Trashpaper	Waste Paper	Вестникарска хартия	Vieux Journal	Макулатура
Items/Tree Patch	Tree Patch	Дървесен пач	Terrain pour arbre	Участок для дерева
Items/TreePatch	Planter	Посадъчен съд	Jardinière	Кадка
Items/Turnip	Beet	Червено цвекло	Betterave	Свекла
Items/Wall Lamp	Wall Lamp	Лампа за стена	Applique	Настенная лампа
Items/WallLamp	Wall Lamp	Лампа за стена	Applique	Настенная лампа
Items/Wardrobe	Wardrobe	Гардероб	Placard	Шкаф
Items/Wardrobe2	Wardrobe	Гардероб	Placard	Шкафчик
Items/Wardrobe3	Wardrobe	Гардероб	Placard	Шкафчик
Items/Water	Water	Вода	Eau	Вода
Items/WaterMachine	Waterloo 1815	Вотерло 1815	Waterloo 1815	Ватерлоо 1815
Items/Watertank	Water Tank	Воден резервоар	Réservoir d'Eau	Резервуар для воды
Items/WinterClothes	Warm Clothes	Топли дрехи	Vêtements Chauds	Теплая одежда
Items/Wolf Skin	Wolf Skin	Кожа на вълк	Peau de Loup	Волчья шкура
Items/Wood	Wood	Дърво	Bois	Древесина
Items/Wooden Chest	Wooden Chest	Дървен сандък	Caisse en Bois	Деревянный сундук
Items/WoodenChest	Wooden Chest	Дървен сандък	Caisse en bois	Деревянный сундук
Items/WoodenPallet	Wooden Pallet	Дървена палета	Palette en Bois	Деревянный поддон
Items/Workbench	Workbench	Работна маса	Atelier	Верстак
Items/Workbench level 1	Workbench level 1	Работна маса ниво 1	Établi niveau 1	Верстак, уровень 1
Items/Workbench level 2	Workbench level 2	Работна маса ниво 2	Établi niveau 2	Верстак, уровень 2
Items/Workbench level 3	Workbench level 3	Работна маса ниво 3	Établi niveau 3	Верстак, уровень 3
Items/Workbench level 4	Workbench level 4	Работна маса ниво 4	Établi niveau 4	Верстак, уровень 4
Items/Workshop shelf large	Workshop shelf - large	Работна маса - голяма	Étagère d'Atelier - grande	Полка мастерской – большая
Items/Workshop shelf small	Workshop shelf - small	Работна маса - малка	Étagère d'Atelier - petite	Полка мастерской – маленькая
Items/Zielarka	Zielarka	Чистач		
Items/ZielarkaProto	ZielarkaProto	Прототип на Zielarka		
Items/beartrap	Bear Trap	Капан за мечка	Piège à Ours	Медвежий капкан
Items/electricity box	Electric Box	Електрическа кутия	Boitier Electrique	Счетчик
Items/pillarHolder	Ropeway Pillar	Стълб на въжената линия	Pilier du Téléphérique	Столб канатки
Items/DesKeyRoomUpgradeBox	Place an upgrade module in it to upgrade a room.	Постави модул за надграждане, за да надградиш стая.	Placez-y un module d'amélioration pour améliorer une pièce.	Чтобы улучшить комнату, поместите в нее модуль улучшения.
Items/RoomUpgradeBox	Room Upgrade Box	Кутия за надграждане на стая	Boîte d'amélioration de pièce	Ящик улучшения комнаты
Items/SignHome	Sign	Знак	Panneau	Знак
Items/DesKeySignHome	Use it to travel to other locations.	Използвай го, за да пътуваш до други места.	Utilisez-le pour voyager vers d'autres lieux.	Используйте его для путешествий в другие места.
Items/Sign	Sign	Знак	Panneau	Знак
Items/DesKeySign	Use it to travel.	Използвай го, за да пътуваш.	Utilisez-le pour voyager.	Используйте его для путешествий.
Items/MiningMachine	Mining Machine	Машина за добив	Machine de Forage	Добывающая машина
Items/UraniumMiningMachine	Mining Machine	Машина за добив	Machine de Forage	Добывающая машина
Items/DesKeyMiningMachine	Fill it with fuel and it will mine for you.\nCome back later to collect the spoil.	Напълни го с гориво и то ще копае за теб.\nВърни се по-късно, за да събереш плячката.	Remplissez-la de carburant et elle creusera pour vous.\nRevenez plus tard pour récolter le butin.	Заправьте ее топливом, и она будет добывать ресурсы.\nВозвращайтесь позже, чтобы забрать добычу.
Items/MiningTrolley	Mining Trolley	Минна количка	Chariot de Mine	Вагонетка
Items/DesKeyMiningTrolley	Used to store items from the Mining Machine	Използва се за съхранение на предмети от мината.	Utilisé pour stocker les objets de la Machine de Forage	Используется для хранения предметов, полученных из добывающей машины.
Items/Amo	Ammo	Амуниции	Munition	Боеприпасы
Items/AnimalPart1	Feathers	Пера	Plumes	Перья
Items/AnimalPart2	Tusk	Бивни	Défense animale	Бивень
Items/AnimalPart3	Racoon Tail	Опашка на енот	Queue de Raton-Laveur	Хвост енота
Items/AnimalPart4	Fox Tail	Опашка на лисица	Queue de Renard	Хвост лисы
Items/AnimalPart5	Antlers	Рога	Bois de Cerf	Рога
Items/BasicBait	Basic Bait	Основна стръв	Appât de base	Простая приманка
Items/BigGameBait	Big Game Bait	Голяма стръв	Appât de Gros Gibier	Приманка для крупной добычи
Items/BlueberryJam	Blueberry Jam	Синя боровинка конфитюр	Confiture de Myrtilles	Черничное варенье
Items/Cactus	Cactus	Кактус	Cactus	Кактус
Items/CactusJam	Cactus Jam	Джем от кактус	Confiture de Cactus	Кактусовое варенье
Items/Cake	Pie	Торта	Tarte	Пирог
Items/CannedSoup	Canned Soup	Консервирана супа	Soupe en Conserve	Консервированный суп
Items/CannedStaw	Canned Stew	Консервирано ястие	Ragoût en Conserve	Консервированное рагу
Items/CarrotJam	Carrot Jam	Конфитюр от моркови	Purée de Carottes	Морковное варенье
Items/Chicken	Chicken	Пиле	Poulet	Курица
Items/ChineseSoup	Instant Ramen	Инстантно нудълс	Ramen Instantané	Лапша быстрого приготовления
Items/CookBook1	Cook Book I	Кулинарна книга I	Livre de Cuisine I	Поваренная книга I
Items/CookBook2	Cook Book II	Кулинарна книга II	Livre de Cuisine II	Поваренная книга II
Items/CookBook3	Cook Book III	Кулинарна книга III	Livre de Cuisine III	Поваренная книга III
Items/Cucumber	Cucumber	Краставица	Concombre	Огурец
Items/CucumberSoup	Cucumber Soup	Супа от краставици	Soupe de Concombres	Огуречный суп
Items/DearMeat	Haunch of meat	Буто от месо	Cuissot 	Окорок
Items/DesKeyBlueberryJam	Blueberry jam, just like from grandma. It will satisfy your hunger and provide you with energy at the same time.	Синя боровинка, точно като от баба. Ще задоволи глада ти и ще ти даде енергия едновременно.	Confiture de myrtilles, comme celle de mamie. Satisfera votre faim et vous fournira de l'énergie en même temps.	Черничное варенье, как у бабушки. Утоляет голод и заряжает энергией.
Items/DesKeyCactus	Prickly but tasty - if done properly.	Бодлив, но вкусен - ако се направи правилно.	Épineux mais savoureux - si cuisiné correctement.	Колючий, но вкусный, если правильно приготовить.
Items/DesKeyCactusJam	A delicious jam made of cactuses. Or is it cacti? It will satisfy your hunger and provide you with energy at the same time.	Вкусен мармалад от кактуси. Или пък от кактуси? Ще задоволи глада ти и ще ти даде енергия едновременно.	Une délicieuse confiture faite de cactus. Satisfera votre faim et vous fournira de l'énergie en même temps.	Вкусное варенье из кактуса. Кактусов?.. Утоляет голод и заряжает энергией.
Items/DesKeyCake	Maybe you'd be happy for a while. It will satisfy your hunger and provide you with energy at the same time.	Може би ще си щастлив за известно време. Ще задоволи глада ти и ще ти даде енергия едновременно.	Vous serez peut-être heureux quelques temps. Satisfera votre faim et vous fournira aussi de l'énergie.	Выживальщики тоже не прочь полакомиться пирогом. Утоляет голод и заряжает энергией.
Items/DesKeyCannedSoup	A can so beautiful you want to paint it. And the soup will last longer in it.	Консерва толкова красива, че искаш да я нарисуваш. И супата ще издържи по-дълго в нея.	Une boîte de conserve si belle que vous avez envie de la peindre. Et la soupe à l'intérieur durera plus longtemps.	Такая красивая консерва, что хочется ее нарисовать. Суп в ней хранится дольше.
Items/DesKeyCannedStaw	The stew will last longer in a can.	Супата ще издържи по-дълго в консерва.	Le ragoût durera plus longtemps dans une boîte de conserve.	Тушеное мясо дольше сохранится в консерве.
Items/DesKeyCarrotJam	Give carrot jam a chance, it's not only baby food. It will satisfy your hunger and provide you with energy at the same time.	Опитай морковения мармалад, не е само за бебета. Ще те засити и ще ти даде енергия едновременно.	Donnez une chance à la purée de carottes, ce n'est pas seulement de la nourriture pour bébé. Satisfera votre faim et vous fournira de l'énergie en même temps.	Не отказывайтесь от морковного варенья, оно подходит не только малышам. Утоляет голод и заряжает энергией.
Items/DesKeyChicken	Tastes like chicken!	Вкусът е като на пиле!	À le goût de poulet!	На вкус как курица!
Items/DesKeyChineseSoup	An international classic. It can last long and is very filling.	Международен класик. Държи дълго и е много засищащ.	Un classique international. Peut se conserver longtemps et est très copieux.	Международная классика. Долго хранится и хорошо утоляет голод.
Items/DesKeyCucumber	A cucumber. Don't underestimate it.	Краставица. Не я подценявай.	Un concombre. Ne le sous-estimez pas.	Огурец. Не стоит его недооценивать.
Items/DesKeyCucumberSoup	Cucumber soup. Try it and you'll never go back.	Супа от краставици. Опитай и никога няма да се върнеш.	Soupe de concombres. L'essayer c'est l'adopter.	Огуречный суп. После дегустации мир уже никогда не станет прежним.
Items/DesKeyDearMeat	Would you eat Bambi if he was seasoned really well?	Би ли ял Бъмби, ако беше добре подправен?	Mangeriez-vous Bambi s'il etait bien assaisonné?	Съели бы вы Бэмби, если бы его хорошо приготовили?
Items/DesKeyDriedApple	Keeps the doctor away even after season. Dried food lasts longer.	Държи доктора далеч дори след сезона. Сушената храна трае по-дълго.	Éloigne le médecin même après la saison. La nourriture séchée dure plus longtemps.	Убережет от докторов даже когда уже не сезон. Сухофрукты хранятся намного дольше.
Items/DesKeyDriedBerries	Dried berries from the local forest. Dried food lasts longer.	Сушени горски плодове. Сушената храна трае по-дълго.	Baies séchées de la forêt. La nourriture séchée dure plus longtemps.	Сушеные лесные ягоды. Высушенная пища хранится намного дольше.
Items/DesKeyDriedMeat	Dried meat. Dried food lasts longer.	Сушено месо. Сушената храна трае по-дълго.	Viande séchée. La nourriture séchée dure plus longtemps.	Сушеное мясо. Высушенная пища хранится намного дольше.
Items/DesKeyDriedOrange	Dried orange, not only for winter holidays. Dried food lasts longer.	Сушена портокалова кора, не само за зимните празници. Сушената храна трае по-дълго.	Oranges séchées, pas seulement pour les vacances d'hiver. La nourriture séchée dure plus longtemps.	Сушеный апельсин, только для праздников. Высушенная пища хранится намного дольше.
Items/DesKeyDriedTomatos	Dried tomatoes, an Italian classic. Dried food lasts longer.	Сушени домати, италиански класик. Сушената храна трае по-дълго.	Les tomates séchées, un classique italien. La nourriture séchée dure plus longtemps.	Сушеные томаты, итальянская классика. Высушенная пища хранится намного дольше.
Items/DesKeyEgg	A symbol of life. Nutritional value is off the charts!	Символ на живот. Хранителната стойност е извън скалата!	Symbole de la vie. Valeurs nutritionelles au top!	Символ жизни. Пищевая ценность просто зашкаливает!
Items/DesKeyEggInSalt	A classic preppers' food. It can last a long time.	Класическа храна за препъри. Може да издържи дълго време.	Un classique pour preppers. Peut durer longtemps.	Классическое блюдо в меню выживальщика. Долго хранится.
Items/DesKeyEnergyBar	Condensed energy in a bar. A temporary sleep replacement.	Кондензирана енергия в бар. Временен заместител на съня.	Une barre d'énergie concentrée. Un remplacement temporaire de sommeil.	Чистая энергия в виде батончика. Временно заменяет сон.
Items/DesKeyFarmingWallLamp	Provides better light for growing plants underground.	Осигурява по-добра светлина за отглеждане на растения под земята.	Fournit une meilleure lumière pour la culture des plantes sous terre.	Улучшает освещение для подземных растений.
Items/DesKeyFlour	An essential cooking ingredient.	Основна съставка за готвене.	Un ingrédient de cuisine indispensable.	Без нее на кухне никуда.
Items/DesKeyFurnace	Can be used for melting certain materials. Put some stone or iron ore into it and see what happens.	Може да се използва за топене на определени материали. Постави малко камък или желязна руда в него и виж какво ще стане.	Peut être utilisé pour faire fondre certains matériaux. Mettez de la pierre ou du minerai de fer dedans et voyez ce qu'il se passe.	Плавит некоторые материалы. Поместите в нее камень или железную руду и посмотрите, что будет.
Items/DesKeyGondola	It has probably dropped from the ropeway. Maybe there's still something interesting inside?	Вероятно е паднало от въжената линия. Може би все още има нещо интересно вътре?	Elle est probablement tombé du téléphérique. Peut-être qu'il y a encore quelque chose d'intéressant à l'intérieur?	Вероятно, он упал с канатной дороги. Может, внутри найдется что-нибудь интересное?
Items/DesKeyKimchi	Korean fermented cabbage. A touch of Orient in your shelter.	Кисело зеле. Малко ориенталско в твоето убежище.	Chou fermenté coréen. Une touche d'Orient dans votre abri.	Корейская квашеная капуста. Немного востока в вашем убежище.
Items/DesKeyMarinatedCorn	Marinated corn. A snack that can also serve as a proper meal.	Мариновано царевица. Лека закуска, която може да се превърне в пълноценно ястие.	Maïs mariné. Une collation qui peut également faire un vrai repas.	Маринованная кукуруза. Скорее закуска, но может заменить и полноценную трапезу.
Items/DesKeyMarinatedMushroom	Magic from the forest put in a jar. Enjoy all year long.	Магия от гората в буркан. Наслади се през цялата година.	La magie de la forêt mise dans un bocal. Profitez-en toute l'année.	Магия леса, заключенная в банку. Может храниться хоть целый год.
Items/DesKeyMeatPie	Emulate the atmosphere of an English pub in your shelter. A hearty meal.	Пресъздай атмосферата на английски пъб в твоето убежище. Пълноценна храна.	Simulez l'atmosphère d'un pub anglais dans votre abri. Un repas copieux.	Придает убежищу атмосферу английского паба. Сытное блюдо.
Items/DesKeyMeatStew	A hearty meat stew. Heavy, but very high caloric.	Силно месо с картофи. Тежко, но много калорично.	Un ragoût de viande copieux. Lourd, et très calorique.	Сытное тушеное мясо. Тяжелая, но очень калорийная пища.
Items/DesKeyMushroom	You're sure it's an edible kind of mushroom, are you?	Сигурен ли си, че това е ядлива гъба?	Vous êtes sûr que c'est un champignon comestible, n'est-ce pas?	Вы уверены, что это съедобный гриб?
Items/DesKeyMushroomSoup	A mushroom soup. Sour with a hint of damp basement.	Супа от гъби. Кисела с нотка на влажно мазе.	Une soupe de champignons. Aigre avec un arrière goût de cave humide.	Грибной суп. Кислый, с нотками сырого подвала.
Items/DesKeyNopales	A meal made of cactuses. Cacti. Anyway: delicious.	Храна от кактуси. Кактуси. Както и да е: вкусна.	Un repas à base de cactus. Quoi qu'il en soit: délicieux.	Вкусное и совсем не колючее блюдо из кактуса.
Items/DesKeyOil	Put it in a refinery to convert it into fuel.	Постави го в рафинерията, за да го превърнеш във гориво.	Mettez-le dans une raffinerie pour le transformer en carburant.	Перелейте в аппарат для очистки, чтобы получить топливо.
Items/DesKeyOmelette	They say you can't unscramble it, so why not eat it?	Казват, че не можеш да го разбъркаш, така че защо не го изядеш?	On ne fait pas d'omelette sans casser des oeufs.	Разбитое яйцо назад не соберешь. Так почему бы его не съесть?
Items/DesKeyOrangeJam	Orange jam, reminding you of all the tropical travels you never had. It will satisfy your hunger and provide you with energy at the same time.	Оранжево сладко, което ти напомня за всички тропически пътувания, които никога не си имал. Ще задоволи глада ти и ще ти даде енергия едновременно.	Confiture d'orange, vous rappelle tous les voyages tropicaux que vous n'avez jamais fait. Il satisfera votre faim et vous fournira de l'énergie en même temps.	Апельсиновое варенье. Напоминает обо всех упущенных тропических путешествиях. Утоляет голод и заряжает энергией.
Items/DesKeyPasta	Delicious. Don't forget to kiss your fingers before serving.	Вкусно. Не забравяй да целунеш пръстите си преди сервиране.	Délicieux. N'oubliez pas d'embrasser vos doigts avant de servir.	Вкуснейшее блюдо. Не забудьте облизать пальчики перед едой.
Items/DesKeyPate	A simple but tasty pate.	Пастет.	Pâté simple mais savoureux.	Простой, но вкусный паштет.
Items/DesKeyPemmican	A highly nutritious meal made of dried meat and berries. Invented by Native Americans, loved also by preppers.	Много хранителна храна, направена от сушено месо и плодове. Измислена от коренните американци, обичана и от препърите.	Un repas hautement nutritif à base de viande séchée et de baies. Inventé par les Amérindiens, et aussi aimé par les preppers.	Очень питательное блюдо из сушеного мяса и ягод. Придумано индейцами и горячо любимо выживальщиками.
Items/DesKeyPickaxe	May be useful for opening some blocked pathways in the mines.	Може да е полезно за отваряне на някои блокирани пътеки в мините.	Peut être utile pour débloquer certains passages dans la mine.	Может помочь раскопать заваленный проход в шахте.
Items/DesKeyPickles	Can't go wrong with pickles, right?	Кисели краставички – винаги добра идея, нали?	On ne peut pas se tromper avec des cornichons, n'est-ce pas?	С соленьями никогда не прогадаешь, да?
Items/DesKeyRainWaterCollector	It's a bucket. Place it outside during rain to collect extra water.	Това е кофа. Постави я навън по време на дъжд, за да събираш допълнителна вода.	C'est un seau. Placez-le à l'extérieur pendant qu'il pleut pour obtenir de l'eau en plus.	Просто ведро. Оставьте его на улице во время дождя, чтобы набрать воды.
Items/DesKeyRaport	A report from the Agent. Hope it's positive.	Доклад от агента. Надявам се да е положителен.	Un rapport de l'Agent. Espèrons qu'il soit positif.	Отчет Агента. Надеюсь, положительный.
Items/DesKeyRatMeat	Not exactly a delicacy, but it doesn't deserve the bad reputation.	Не е точно деликатес, но не заслужава лошата репутация.	Pas vraiment un mets délicat, mais ne mérite pas sa mauvaise réputation.	Далеко не мечта шеф-повара, но и не так ужасно, как принято считать.
Items/DesKeyRoastedRat	Quite good. Goes well with white wine and sour sides.	Доста добро. Подходящо е за бяло вино и кисели гарнитури.	Plutôt bon. Se marie bien avec du vin blanc.	Довольно вкусно. Хорошо идет с белым вином и гарниром.
Items/DesKeyRoastedTurkey	A big bird, supposedly perfect for celebrating colonization.	Голяма птица, уж идеална за празнуване на колонизацията.	Une grosse volaille, probablement parfaite pour célébrer la colonisation.	Большая птица. Считается, что она идеально подходит для празднования успешной колонизации.
Items/DesKeyRoomSoil	Quality soil for growing plants in your bunker.	Качествена почва за отглеждане на растения в твоя бункер.	Terre de bonne qualité pour faire pousser des plantes dans votre bunker.	Качественная почва для выращивания растений в бункере.
Items/DesKeyRoomUpgradeFactory	Crafting things is faster thanks to this upgrade.	Изработката на неща е по-бърза благодарение на тази надстройка.	Fabriquer des objets est plus rapide grâce à cette amélioration.	Это улучшение ускоряет создание предметов.
Items/DesKeyRoomUpgradeFreezer	This upgrade will make the room perfect for storing food.	Тази надстройка ще направи стаята идеална за съхранение на храна.	Cette amélioration rendra la pièce parfaite pour stocker de la nourriture.	Это улучшение создает в комнате идеальные условия для хранения пищи.
Items/DesKeyRoomUpgradeGreenHouse	With this room upgrade, your plants will grow faster. Place it in a room upgrade box.	С тази надстройка растенията ти ще растат по-бързо. Постави я в кутия за надстройка на стая.	Avec cette amélioration, vos plantes pousseront plus vite. Placez-la dans une boîte d'amélioration de pièce.	После такого улучшения комнат ваши растения будут расти быстрее. Поместите его в ящик улучшения комнат.
Items/DesKeyRoomUpgradePowerhouse	With this upgrade, the generator will work better in this room.	С тази надстройка генераторът ще работи по-добре в тази стая.	Avec cette amélioration, le générateur fonctionnera mieux dans cette pièce.	Это улучшение обеспечивает более эффективную работу генератора в комнате.
Items/DesKeyRoomUpgradePumphouse	Installs an extended water supply in a room. Can be used for collecting water more effectively (with buckets or Waterloo).	Инсталира разширена водоснабдителна система в стая. Може да се използва за събиране на вода по-ефективно (с кофи или Уотърлу).	Installe une alimentation en eau plus grande dans une pièce. Peut être utilisé pour arroser vos plantes ou recueillir l'eau plus efficacement. (avec des seaux ou Waterloo).	Проводит в комнату дополнительное водоснабжение. Может использоваться для более эффективного сбора воды (с помощью ведер и Ватерлоо).
Items/DesKeySeed Sunflower	Put into a planter to grow sunflowers.	Постави в саксия, за да пораснат слънчогледи.	Plantez-les dans une jardinière pour faire pousser des tournesols.	Положите в кадку, чтобы вырастить подсолнухи.
Items/DesKeySimpleTrap	A simple trap for catching some innocent critters.	Проста капан за улавяне на някои невинни животинки.	Un piège simple pour attraper des bestioles innocentes.	Простая ловушка для поимки невинных зверушек.
Items/DesKeySnakeMeat	Someone not only treaded on this one, but also chopped it to pieces.	Някой не само стъпка тази, но и я наряза на парчета.	Quelqu'un à non seulement marché sur celui-ci, mais l'a également coupé en morceaux.	Кто-то не только наступил на нее, но и порубил на кусочки.
Items/DesKeyRoastedSnakeMeat	Someone not only treaded on this one, but also ROASTED it! [MUST-EAT] 	Някой не само е стъпил върху това, но и го е ИЗПЕКЪЛ! [MUST-EAT]	Quelqu'un à non seulement marché sur celui-ci, mais l'a également fait rôtir! [PLAT DE CHOIX]	На нее не только наступили, но и ЗАЖАРИЛИ! [НАДО СЪЕСТЬ]
Items/DesKeySnakeStew	It's not venomous anymore, but it doesn't mean it's easy on the stomach.	Вече не е отровно, но това не означава, че е лесно за стомаха.	Ce n'est plus venimeux, mais cela ne veut pas dire que c'est facile à digérer.	Блюдо уже не ядовитое, но это не значит, что оно легко усваивается.
Items/DesKeySpaghetii	Pasta with sauce. Essential for long isolation, be sure to stack up properly.	Спагети със сос. Важни за дълго изолиране, увери се, че имаш достатъчно.	Pâtes avec sauce. Essentiel pour un long confinement, assurez-vous de bien les empiler.	Паста с соусом. Если вы собираетесь долго жить в изоляции, обязательно запасите побольше.
Items/DesKeySpices	These make your life in the shelter a bit more diverse.	Тези правят живота ти в убежището малко по-разнообразен.	Celles-ci rendent votre vie dans l'abri un peu plus diversifiée.	Внесет немного разнообразия в ваш рацион.
Items/DesKeySteamGenerator	Great source of electricity. Uses wood as fuel.	Отличен източник на електричество. Използва дърво като гориво.	Excellente source d'électricité. Utilise du bois comme combustible.	Отличный источник электричества. Работает на древесине.
Items/DesKeySugar	To sweeten your life full of hardship.	За да подсладиш живота си, пълен с трудности.	Pour adoucir votre vie pleine d'épreuves.	Чтобы подсластить вашу полную трудностей жизнь.
Items/DesKeySunflower	Delicious, but not very nourishing. Maybe it could sell well?	Вкусно, но не много хранително. Може би ще се продаде добре?	Délicieux, mais pas très nourrissant. Peut-être que ça se vend bien?	Вкусно, но не очень питательно. Может, его можно продать?
Items/DesKeyTomatoSoup	Something makes you want to put it in a can and paint it.	Нещо те кара да искаш да го сложиш в консерва и да го боядисаш.	Donne envie de la mettre dans un pot et peindre avec.	Вам почему-то хочется закатать его в консервную банку и нарисовать на ней помидорку.
Items/DesKeyVegetableSoup	A classic. Not exciting, but hearty.	Класика. Не е вълнуваща, но е питателна.	Un classique. Pas passionnant, mais copieux.	Классика. Ничего особенного, зато сытно.
Items/DesKeyWildMeat	Free-range meat. Don't eat it raw.	Дивечово месо. Не го яж сурово.	Viande chassée. Ne pas la manger crue.	Дичь. Не стоит есть в сыром виде.
Items/DriedApple	Dried Apple	Сушена ябълка	Pomme Séchée	Сушеное яблоко
Items/DriedBerries	Dried Berries	Сушени боровинки	Baies Séchées	Сушеные ягоды
Items/DriedMeat	Dried Meat	Сушено месо	Viande Séchée	Сушеное мясо
Items/DriedOrange	Dried Orange	Сушена портокалова кора	Orange Séchée	Сушеный апельсин
Items/DriedTomatos	Dried Tomatoes	Сушени домати	Tomate Séchée	Сушеные томаты
Items/Dryier	Dryer	Сушилня	Séchoir	Сушилка
Items/Egg	Egg	Яйце	Oeuf	Яйцо
Items/EggInSalt	Eggs In Salt	Яйца в сол	Oeufs au sel	Соленые яйца
Items/EnergyBar	Energy Bar	Енергийна лента	Barre Énergétique	Энергетический батончик
Items/ExoticBait	Exotic Bait	Екзотична стръв	Appât Exotique	Экзотическая приманка
Items/FarmingWallLamp	Farming Wall Lamp	Фермерска стена лампа	Lampe Agricole	Фито-лампа
Items/FastBait	Fast Bait	Бърза стръв	Appât Rapide	Быстрая приманка
Items/Flour	Flour	Брашно	Farine	Мука
Items/Furnace	Furnace	Пещ	Fourneau	Печь
Items/Gondola	Gondola	Гондола	Télécabine	Подъемник
Items/Gondola2	Gondola	Гондола	Télécabine	Подъемник
Items/Kimchi	Kimchi	Кимичи	Kimchi	Кимчи
Items/MarinatedCorn	Marinated Corn	Мариновано царевица	Maïs Mariné	Маринованная кукуруза
Items/MarinatedMushroom	Marinated Mushroom	Маринована гъба	Champignons Marinés	Маринованные грибы
Items/Meat1	Meat1	Месо1		
Items/Meat2	Meat2			
Items/Meat3	Meat3	Месо3		
Items/Meat4	Meat4	Месо4		
Items/Meat5	Meat5	Месо5		
Items/MeatPie	Meat Pie	Месото в пай	Tourte à la Viande	Мясной пирог
Items/MeatStew	Meat Stew	Супа от месо	Ragoût de Viande	Мясное рагу
Items/MiningPassOne	Mining Pass -2	Миньорски пропуск -2	Pass de la Mine -2	Пропуск в шахту -2
Items/Mushroom	Mushroom	Гъба	Champignon	Гриб
Items/MushroomSoup	Mushroom Soup	Супа от гъби	Soupe de Champignons	Грибной суп
Items/Nopales	Nopales	Нopalеs	Nopal	Нопаль
Items/Oil	Oil	Масло	Pétrole	Нефть
Items/Omelette	Omelette	Омлет	Omelette	Омлет
Items/OrangeJam	Orange Jam	Портокалов мармалад	Confiture d'Orange	Апельсиновое варенье
Items/Pasta	Pasta	Паста	Pâtes	Макароны
Items/Pate	Pate	Пате	Pâté	Паштет
Items/Pemmican	Pemmican	Пемикан	Pemmican	Пеммикан
Items/Pickaxe	Pickaxe	Кирка	Pioche	Кирка
Items/Pickles	Pickles	Кисели краставички	Cornichons	Маринованные огурцы
Items/RainWaterCollector	Bucket	Кофа	Seau	Ведро
Items/Raport	Agent's Report	Доклад на агента	Rapport de l'Agent	Отчет Агента
Items/RatMeat	Rat Meat	Плъхово месо	Viande de Rat	Крысятина
Items/RoastedRat	Roasted Rat	Печена мишка	Rat Rôti	Жареная крыса
Items/RoastedTurkey	Roasted Chicken	Печено пиле	Poulet Rôti	Жареная курица
Items/RoastedTurkey2	Roasted Chicken	Печено пиле	Poulet Rôti	Жареная курица
Items/RoomSoil	Soil patch	Място за почва	Parcelle de Terre	Грядка
Items/RoomUpgradeFactory	Room Upgrade - Factory	Подобрение на стая - Фабрика	Amélioration de pièce - Usine	Улучшение комнаты – Фабрика
Items/RoomUpgradeFreezer	Room Upgrade - Freezer	Обновяване на стая - Фризер	Amélioration de pièce - Chambre Froide	Улучшение комнаты – Морозильник
Items/RoomUpgradeGreenHouse	Room Upgrade - Greenhouse	Обновяване на стая - оранжерия	Amélioration de pièce - Serre	Улучшение комнаты – Теплица
Items/RoomUpgradePowerhouse	Room Upgrade - Powerhouse	Подобрение на стая - Енергиен център	Amélioration de pièce - Centrale	Улучшение комнаты – Электростанция
Items/RoomUpgradePumphouse	Room Upgrade - Pumphouse	Подобрение на стая - Водна помпа	Amélioration de pièce - Pompe	Улучшение комнаты – Насосная
Items/Seed Cucumber	Cucumber Seed	Семе от краставица	Graines de Concombre	Семена огурца
Items/Seed Sunflower	Sunflower Seed 	Семе от слънчоглед	Graines de Tournesol	Семена подсолнечника
Items/SimpleTrap	Simple Trap	Проста капанka	Piège Simple	Простая ловушка
Items/SnakeMeat	Snake Meat	Месо от змия	Viande de Serpent	Змеиное мясо
Items/RoastedSnakeMeat	Roasted Snake Meat	Печена змийска месо	Viande de Serpent Rôtie	Жареное змеиное мясо
Items/SnakeStew	Snake Stew	Супа от змии	Ragoût de Serpent	Рагу из змеи
Items/Spaghetii	Spaghetti	Спагети	Spaghettis	Спагетти
Items/Spices	Spices	Подправки	Épices	Специи
Items/SteamGenerator	Steam Generator	Генератор на пара	Générateur à Vapeur	Парогенератор
Items/Sugar	Sugar	Захар	Sucre	Сахар
Items/Sunflower	Sunflower	Слънчоглед	Tournesol	Подсолнух
Items/TomatoSoup	Tomato Soup	Супа от домати	Soupe de Tomates	Томатный суп
Items/VegetableSoup	Vegetable Soup	Супа от зеленчуци	Soupe de Légumes	Овощной суп
Items/WildMeat	Slice of meat	Парче месо	Viande	Кусок мяса
Items/Amethyst	Amethyst	Аметист	Améthyste	Аметист
Items/ArtOfNegotiationBook1	Art of Negotiation	Изкуството на преговорите	Art de la Négociation	«Искусство переговоров»
Items/ArtOfNegotiationBook2	Art of Negotiation II	Изкуството на преговорите II	Art de la Négociation II	«Искусство переговоров II»
Items/BlessPresident	Bless the President	Боже, пази президента	Gloire au Président	Боже, храни Президента
Items/Bob	Bob	Боб	Bob	Боб
Items/BobBook	Book about nuclear warfare	Книга за ядрената война	Livre sur la guerre nucléaire	Книга о ядерной войне
Items/BobJacket	Bob's Jacket	Якето на Боб	Veste de Bob	Куртка Боба
Items/BobGlasses	Bob's Glasses	Очила на Боб	Lunettes de Bob	Очки Боба
Items/BuilderBook	Builder Book	Книга за изработка	Livre du Constructeur	Книга строителя
Items/Canvas1	Painting	Картина	Peinture	Картина
Items/DesKeyAmethyst	Can be sold for a good price.	Може да се продаде на добра цена.	Peut être vendu à un bon prix.	Можно дорого продать.
Items/DesKeyAnimalPart1	A bird's feather. 	Перо на птица.	Une plume d'oiseau.	Перо птицы.
Items/DesKeyAnimalPart2	An impressive tusk. Do we have marine mammals here?	Впечатляващ бивник. Имаме ли морски бозайници тук?	Une défense impressionante. Il y a des mammifères marins ici?	Впечатляющий бивень. У нас тут водятся морские млекопитающие?
Items/DesKeyAnimalPart3	A racoon tail. For those craving The Junior Woodchuck style.	Опашка на енот. За тези, които копнеят за стил "Малък дървосекач".	Une queue de raton laveur. Pour ceux qui recherchent le style des Castors Juniors.	Енотий хвост. Для тех, кто хочет почувствовать себя Юным сурком.
Items/DesKeyAnimalPart4	A fox tail. Could fetch a good price.	Лисича опашка. Може да донесе добра цена.	Une queue de renard. Pourrait se vendre à un bon prix.	Лисий хвост. Можно продать за хорошие деньги.
Items/DesKeyAnimalPart5	Antlers, a universally loved pretentious decoration.	Рога, универсална претенциозна украса.	Bois de Cerf, une décoration prétentieuse mondialement appréciée.	Рога, всеми любимое вычурное украшение.
Items/DesKeyArtOfNegotiationBook1	Discover your inner haggler and learn how to negotiate better prices.	Открий своя вътрешен преговарящ и научи как да договаряш по-добри цени.	Découvrez le marchand qui sommeille en vous et apprenez à négocier de meilleurs prix.	Откройте в себе внутреннего торговца и научитесь добиваться более выгодных цен.
Items/DesKeyArtOfNegotiationBook2	Master the art of negotiation and achieve even better prices.	Овладей изкуството на преговорите и постигни още по-добри цени.	Maîtrisez l'art de la négociation et obtenez des prix encore meilleurs.	Освойте искусство торговаться в совершенстве и научитесь добиваться еще более выгодных цен.
Items/DesKeyBasicBait	Basic bait for traps.	Основна стръв за капани.	Appât de base pour pièges.	Обычная приманка для ловушек.
Items/DesKeyBigGameBait	Works slower, but allows for catching something bigger.	Работи по-бавно, но позволява да хванеш нещо по-голямо.	Prend plus de temps, mais permet d'attrapper quelque chose de plus gros.	Работает медленно, но с нее помощью можно поймать крупную дичь.
Items/DesKeyBlessPresident	Caricature of the President	Карикатура на президента	Caricature du Président	Карикатура на Президента
Items/DesKeyBobJacket	Bob's beloved jacket. A bit dirty. Not clear what the fuss is all about.	Любимата яке на Боб. Малко мръсно. Не е ясно за какво е цялата тази суматоха.	La veste bien-aimée de Bob. Un peu sale. C'est louche.	Любимая куртка Боба. Довольно грязная. И что в ней такого важного?
Items/DesKeyBobBook	Fallout Protection: What To Know And Do About Nuclear Attack. An informative booklet from one of the pre-Plague governments.	Защита от радиация: Какво да знаете и правите при ядрена атака. Информационна книжка от едно от правителствата преди Чумата.	Protection contre les retombées radioactives: tout ce qu'il faut savoir et faire à propos des attaques nucléaires. Un livret informatif d'un des gouvernements d'avant-Peste.	«Защита от радиоактивных осадков: все, что нужно знать о ядерных ударах». Информационная брошюра, напечатанная предчумным правительством.
Items/DesKeyBobGlasses	Stylish corrective glasses. Deemed to look good on every Bob regardless of their species.	Стилен корекционен очила. Смята се, че изглеждат добре на всеки Боб, независимо от вида му.	Lunettes correctrices élégantes. Réputé pour bien aller à tous les Bob, quelle que soit leur espèce.	Стильные корректирующие очки. Отлично подходят всем Бобам любого вида.
Items/DesKeyBuilderBook	Extreme Shelter Makeover! Learn how to build rooms faster.	Крайно преобразяване на убежището! Научи как да строиш стаи по-бързо.	Relooking extrême d'abri! Apprenez à construire des pièces plus rapidement.	Кардинальное преображение убежища! Стройте комнаты еще быстрее.
Items/DesKeyCanvas1	Just that you don't have many guests doesn't mean you shouldn't have some quality decoration.	Просто защото нямаш много гости, не значи, че не трябва да имаш някаква качествена декорация.	Le fait que vous n'ayez pas beaucoup d'invités ne signifie pas que vous ne devez pas avoir une décoration de qualité.	То, что у вас мало гостей, не значит, что украшения лишние.
Items/DesKeyCookBook1	Cooking for One: A simple cuisine for when you don't have to care about anyone else's taste. Teaches you some new cooking recipes.	Готвене за един: Проста кухня, когато не трябва да се грижиш за вкуса на никого другиго. Научава те на нови рецепти за готвене.	Cuisiner pour Un: Une cuisine simple quand vous n'avez pas à vous soucier des goûts de quelqu'un d'autre. Vous apprend de nouvelles recettes de cuisine.	«Блюда на одного»: простая кухня для тех, кому не нужно заботиться о вкусах других. Научит вас новым рецептам.
Items/DesKeyCookBook2	Nuclear Fusion Cuisine: Ideas to spice up your shelter life! Teaches you some new cooking recipes.	Ядрена кухня: Идеи да разнообразиш живота в убежището си! Научава те на нови рецепти за готвене.	Cuisine de Fusion Nucléaire: des idées pour pimenter votre vie dans un abri! Vous apprend de nouvelles recettes de cuisine.	«Ядерный синтез на кухне»: идеи, как придать пикантности вашей жизни в убежище! Научит вас новым рецептам.
Items/DesKeyCookBook3	Eating from the Trash Can All the Time: Best dishes from leftovers. Teaches you some new cooking recipes.	Ядене от кофата: Най-добрите ястия от остатъци. Научава те на нови рецепти за готвене.	Manger les Restes en tout Temps: les meilleurs plats avec les restes. Vous apprend de nouvelles recettes de cuisine.	«Еда из мусорки на все времена»: лучшие блюда из объедков. Научит вас новым рецептам.
Items/DesKeyDiamond	Coal that's been through a lot of pressure. A rare and valuable gem.	Диамант.	Carbone ayant subi beaucoup de pression. Une pierre rare et précieuse.	Уголь, обработанный под большим давлением. Редкий и ценный драгоценный камень.
Items/DesKeyDoItYourselfBook1	Handyperson's Handbook. Learn to craft faster.	Ръководство за майстори. Научи се да изработваш по-бързо.	Manuel du bricoleur. Apprenez à fabriquer plus rapidement.	«Справочник мастера на все руки». Научит быстрее мастерить.
Items/DesKeyDoItYourselfBook2	Handyperson's Handbook, Vol. II. Learn to craft even faster.	Ръководство за майстори, том II. Научи се да изработваш още по-бързо.	Manuel du bricoleur, Vol. II. Apprenez à fabriquer encore plus rapidement.	«Справочник мастера на все руки», том II. Научит еще быстрее мастерить.
Items/DesKeyDriedGuarana	Dried guarana. Energy with a longer expiration date.	Сушена гуарана. Енергия с по-дълъг срок на годност.	Guarana séché. Énergie avec une date d'expiration plus longue.	Сушеная гуарана. Энергия с длительным сроком годности.
Items/DesKeyEmerald	No need for green-tinted glasses here. Can be sold for a good price.	Няма нужда от зелени очила тук. Може да се продаде на добра цена.	Pas besoin de lunettes teintés en verts ici. Peut être vendu à un bon prix.	Здесь эти зеленые стекляшки не нужны. Их можно продать по хорошей цене.
Items/DesKeyEnergyDrink	Delays the need for sleep. Just don't rely on it as your main source of nutrition.	Забавя нуждата от сън. Просто не разчитай на него като основен източник на храна.	Retarde le besoin de dormir. Ne comptez pas dessus en tant que source principale de nourriture.	Помогает бороться с сонливостью. Только не делайте его основным источником питания.
Items/DesKeyEpicBait	A bait that might let you catch very rare creatures.	Примамка, която може да ти помогне да уловиш много редки същества.	Un appât qui pourrait attraper des créatures très rares.	Приманка, с помощью которой можно поймать очень редкую дичь.
Items/DesKeyExoticBait	A bait for rarer animals.	Примамка за по-редки животни.	Un appât pour animaux rares.	Приманка для редких животных.
Items/DesKeyFastBait	Fast bait for fast effects.	Бърза стръв за бързи ефекти.	Appât rapide pour un résultat rapide.	Быстрая приманка для быстрого результата.
Items/DesKeyGaiger	Not great, not terrible. A bit rusty, but should show levels of radiation properly.	Не е лошо, не е и ужасно. Малко ръждясало, но трябва да показва нивата на радиация правилно.	Pas génial, pas terrible. Un peu rouillé, mais devrait afficher correctement les niveaux de radiation.	Серединка на половинку. Немного ржавый, но уровень радиации показывает.
Items/DesKeyGardeningBook1	Hortus Conclusus: Learn how to grow plants faster.	Градинарство: Научи се да отглеждаш растения по-бързо.	Hortus Conclusus: apprenez à faire pousser des plantes plus rapidement.	«Hortus Conclusus»: научит выращивать растения быстрее.
Items/DesKeyGardeningBook2	The Secret Gardening: Learn how to grow plants even faster.	Тайното градинарство: Научи се да отглеждаш растения още по-бързо.	Le Jardinier Secret: Apprenez à faire pousser des plantes encore plus rapidement.	«Секреты садоводства»: научит выращивать растения еще быстрее.
Items/DesKeyGold	It does glitter and can be sold for good price.	И блести, и може да се продаде за добра цена.	Ça brille, peut être vendu à un bon prix.	Ярко блестит, можно продать за хорошую цену.
Items/DesKeyGuarana	A climbing plant and a stimulant rich in caffeine.	Едно катерливо растение и стимулант, богат на кофеин.	Une plante grimpante et un stimulant riche en caféine.	Ползучее растение и стимулятор, богатый кофеином.
Items/DesKeyGuaranaWild	A wild guarana plant appears. It's super effective! (Due to its high caffeine concentration.)	Дива гуарана се появява. Много е ефективна! (Заради високото съдържание на кофеин.)	Une plante de guarana sauvage apparaît. C'est super efficace! (En raison de sa concentration élevée en caféine.)	Дикорастущая гуарана. Ну очень эффективна! (Из-за высокой концентрации кофеина).
Items/DesKeyHealthyEatingBook	Eat, Nuke, Love: Healthy kitchen for the citizen of the world. Learn to make the most of your food.	Яж, взривявай, обичай: Здравословна кухня за гражданина на света. Научи се да извличаш максимума от храната си.	Manger, Bombe Atomique, Aimer: Une cuisine saine pour les citoyens autour du monde. Apprenez à tirer le meilleur parti de votre nourriture.	«Ешь, бомби, люби»: правильное питание для гражданина мира. Научит получать от еды максимальную пользу.
Items/DesKeyIronOre	Melt it in a furnace to get some metal.	Разтопи го в пещта, за да получиш малко метал.	Peut être fondu dans un fourneau pour obtenir du métal.	Можно расплавить в печи, чтобы получить металл.
Items/DesKeyKnife	A basic tool of every prepper.	Основен инструмент за всеки препър.	Un outil de base pour tous les Preppers.	Основной инструмент каждого выживальщика.
Items/DesKeyLogs block	The logs are blocking your way!	Дневниците блокират пътя ти!	Les troncs d'arbres bloquent votre chemin!	Бревно перекрыло дорогу!
Items/DesKeyLucille	An upgraded baseball bat. Could probably take on zombies. (Hope we haven't those around...?)	Подобрена бейзболна бухалка. Вероятно може да се справи със зомбита. (Надявам се да нямаме такива наоколо...?)	Une batte de baseball améliorée. Pourrait probablement servir à affronter des zombies. (Espèrons qu'il n'y en a pas dans le coin ...?)	Улучшенная бейсбольная бита. Скорее всего, может справиться даже с зомби. (Они же тут не водятся?..)
Items/DesKeyMachet	DesKeyMachet	Мачете		
Items/DesKeyMartialArtsBook1	Deterrence and Retaliation: Learn how to be more effective in combat. It will let you move and attack simultaneously.	Отбрана и контраатака: Научи се да бъдеш по-ефективен в битката. Ще ти позволи да се движиш и атакуваш едновременно.	Dissuasion et Représailles: apprenez à être plus efficace au combat afin de pouvoir vous déplacer et attaquer en même temps.	«Сдерживание и противодействие»: научит более высокой эффективности в бою. Позволит вам двигаться и атаковать одновременно.
Items/DesKeyMartialArtsBook2	Assured Destruction: Learn how to be even more effective in combat. It will unlock critical hits.	Осигурено унищожение: Научи се да бъдеш още по-ефективен в битката. Ще отключи критични удари.	Destruction Assurée: apprenez à être encore plus efficace au combat afin de débloquer les coups critiques.	«Сдерживание и противодействие»: научит еще более высокой эффективности в бою. Открывает возможность критических ударов.
Items/DesKeyMiningPassFour	Pass card to level -5 in the mine.	Карта за достъп до ниво -5 в мината.	Pass pour le niveau -5 de la mine.	Пропуск к на -5 уровень шахты.
Items/DesKeyMiningPassOne	Pass card to level -2 in the mine.	Карта за достъп до ниво -2 в мината.	Pass pour le niveau -2 de la mine.	Пропуск к на -2 уровень шахты.
Items/DesKeyMiningPassThree	Pass card to level -4 in the mine.	Карта за достъп до ниво -4 в мината.	Pass pour le niveau -4 de la mine.	Пропуск к на -4 уровень шахты.
Items/DesKeyMiningPassTwo	Pass card to level -3 in the mine.	Карта за достъп до ниво -3 в мината.	Pass pour le niveau -3 de la mine.	Пропуск к на -3 уровень шахты.
Items/DesKeyMiningPassZero	Pass card to level -1 in the mine.	Карта за достъп до ниво -1 в мината.	Pass pour le niveau -1 de la mine.	Пропуск к на -1 уровень шахты.
Items/DesKeyMiningPassFive	Pass card to the mysterious, variable lowest level of the mine.	Карта за достъп до мистериозното, променливо най-ниско ниво на мината.	Pass pour le niveau aléatoire et mystérieux, le plus bas de la mine.	Пропуск на загадочный и переменчивый нижний уровень шахты.
Items/DesKeyMinutManLetter1	A letter from a stranger who calls himself "The Minuteman".	Писмо от непознат, който се нарича "Минуteman".	Une lettre d'un étranger qui se nomme lui-même "Le Minuteman".	Письмо от незнакомца, который называет себя Минитменом.
Items/DesKeyMinutManLetter2	A letter from a stranger who calls himself "The Minuteman".	Писмо от непознат, който се нарича "Минуteman".	Une lettre d'un étranger qui se nomme lui-même "Le Minuteman".	Письмо от незнакомца, который называет себя Минитменом.
Items/DesKeyMinutManLetter3	A letter from a stranger who calls himself "The Minuteman".	Писмо от непознат, който се нарича "Минуteman".	Une lettre d'un étranger qui se nomme lui-même "Le Minuteman".	Письмо от незнакомца, который называет себя Минитменом.
Items/DesKeyMinutManLetter4	A letter from a stranger who calls himself "The Minuteman".	Писмо от непознат, който се нарича "Минуteman".	Une lettre d'un étranger qui se nomme lui-même "Le Minuteman".	Письмо от незнакомца, который называет себя Минитменом.
Items/DesKeyMinutManLetter5	A letter from a stranger who calls himself "The Minuteman".	Писмо от непознат, който се нарича "Минуteman".	Une lettre d'un étranger qui se nomme lui-même "Le Minuteman".	Письмо от незнакомца, который называет себя Минитменом.
Items/DesKeyMinutManLetter6	A letter from a stranger who calls himself "The Minuteman".	Писмо от непознат, който се нарича "Минуteman".	Une lettre d'un étranger qui se nomme lui-même "Le Minuteman".	Письмо от незнакомца, который называет себя Минитменом.
Items/DesKeyMinutManLetter7	A letter from a stranger who calls himself "The Minuteman".	Писмо от непознат, който се нарича "Минуteman".	Une lettre d'un étranger qui se nomme lui-même "Le Minuteman".	Письмо от незнакомца, который называет себя Минитменом.
Items/DesKeyMinutManLetter8	A letter from a stranger who calls himself "The Minuteman".	Писмо от непознат, който се нарича „Минуteman“.	Une lettre d'un étranger qui se nomme lui-même "Le Minuteman".	Письмо от незнакомца, который называет себя Минитменом.
Items/DesKeyNoSleepBook	Sleeper Agent: Learn how to sleep and nap more efficiently.	Агент на съня: Научи се да спиш и да подремваш по-ефективно.	Agent Dormant: apprenez à dormir et à faire la sieste plus efficacement.	«Спящий агент»: научит продуктивнее спать и дремать.
Items/DesKeyPetrolheadBook	Hit the Fury Road: Learn how to use fuel more efficiently.	Удар по Пътят на яростта: Научи се как да използваш горивото по-ефективно.	Fou du Volant: apprenez à utiliser le carburant plus efficacement.	«На Дороге ярости»: научит эффективнее использовать топливо.
Items/DesKeyPhoto	A photo from the plane wreck. Depicts a pilot in an airplane. Wait, is it... Mr. Prepper?	Снимка от самолетната катастрофа. На нея е изобразен пилот в самолет. Чакай, дали това не е... г-н Препър?	Une photo de l'épave de l'avion. Montre un pilote dans un avion. Attendez, est-ce ... Mr. Prepper?	Фотография с места крушения самолета. В самолете сидит пилот. Стоп, это... мистер Выживальщик?
Items/DesKeyPill	This drug will keep you awake through the night.	Тази дрога ще те държи буден през нощта.	Ce médicament vous gardera éveillé toute la nuit.	Этот препарат не даст заснуть целую ночь.
Items/DesKeyPipe	DesKeyPipe	Твоят бункер е готов. Направи го още по-сигурен и комфортен.		
Items/DesKeyPlanObject	Your precious ULTIMATE PLAN. It will help you escape.	Твоят ценен ОПАКОВАН ПЛАН. Той ще ти помогне да избягаш.	Votre précieux PLAN ULTIME. Il vous aidera à vous échapper.	Ваш драгоценный ГРАНДИОЗНЫЙ ПЛАН. Он поможет вам сбежать.
Items/DesKeyPostMan				
Items/DesKeyPreppersGuideBook	The Preppy Guide to Prepping: Learn how to be more Prepared.	Ръководството на Препър: Научи се да бъдеш по-подготвен.	Le guide Preppy de la Préparation: Apprenez à être mieux Préparé.	«Живучий справочник выживальщика»: научит лучшей живучести.
Items/DesKeyRocketPhoto	A picture of a magnificent rocket. Very inspiring.	Снимка на великолепен ракет. Много вдъхновяваща.	Une image d'une fusée magnifique. Très inspirante.	Фотография шикарной ракеты. Очень вдохновляет.
Items/DesKeyRoomUpgradeProto				
Items/DesKeyRottenFood	Oops... it's spoiled. Keeping food in a fridge makes it last longer.	Ох... развалено е. Храната в хладилника трае по-дълго.	Oups... C'est avarié. La nourriture gardée au réfrigérateur dure plus longtemps.	Упс... испортилась. В холодильнике еда хранится дольше.
Items/DesKeyRuby	A gemstone red-tinted thanks to chromium. Can be sold for good price.	Червен скъпоценен камък, оцветен благодарение на хром. Може да се продаде на добра цена.	Une pierre précieuse teintée de rouge grâce au chrome. Peut être vendu à bon prix.	Драгоценный камень, из-за хрома окрасился в красный. Можно выгодно продать.
Items/DesKeySeed Cucumber	Put them into a planter to grow cucumber.	Постави ги в саксия, за да порасне краставица.	Plantez-les dans une jardinière pour faire pousser des concombres.	Положите в кадку, чтобы вырастить огурец.
Items/DesKeySeed Guarana	Put them into a planter to grow guarana.	Постави ги в саксия, за да пораснат.	Plantez-les dans une jardinière pour faire pousser du guarana.	Положите в кадку, чтобы вырастить гуарану.
Items/DesKeyShroomsWild	Wild mushrooms. Come back where you found them sometime, they may regrow from the mycelium.	Диви гъби. Върни се там, където си ги намерил, някой ден може да пораснат отново от мицела.	Champignons sauvages. Revenez là où vous les avez trouvés un autre jour, ils pourraient repousser à partir du mycélium.	Дикие грибы. Как-нибудь вернитесь туда, где их нашли – они снова вырастут из мицелия.
Items/DesKeySladgeHammer				
Items/DesKeySpear	DesKeySpear	Ключ за изработка на копие		
Items/DesKeyStrengthTrainingBook1	Atlas Jacked: Learn how to carry more weight.	Атлас Джакнат: Научи се да носиш повече тежест.	Atlas Musclé: apprenez à porter plus de poids.	«Атлант поиграл мускулами»: научит переносить больше веса.
Items/DesKeyStrengthTrainingBook2	Atlas More Jacked: Learn how to carry even more weight.	Атлас По-Здрав: Научи се да носиш още повече тежест.	Atlas encore plus Musclé: apprenez à porter encore plus de poids.	«Атлант снова поиграл мускулами»: научит переносить еще больше веса.
Items/DesKeyStuff	DesKeyStuff	Неща от работната маса		
Items/DesKeySupremeBait	A bait that's both fast and effective.	Примамка, която е едновременно бърза и ефективна.	Un appât à la fois rapide et efficace.	Быстрая и действенная приманка.
Items/DesKeySuspiciousBush	DesKeySuspiciousBush	Буш с подозрителна изработка		
Items/DesKeyTestW2	DesKeyTestW2	Изработка		
Items/DesKeyTomahawk	DesKeyTomahawk	Бутон за изработка на томахавка		
Items/DesKeyWalrusBook	Project Iceworm: Learn how to deal with very low temperatures	Проект Леден червей: Научи се как да се справяш с много ниски температури	Projet Iceworm: Apprenez à gérer les températures très basses	«Проект "Ледяной червь"»: научит работать при очень низких температурах.
Items/DesKeybasePref				
Items/DesKeyherbFirstLetter	A letter in a beautiful, flowery handwriting.	Писмо с красив, цветен почерк.	Une lettre avec une belle écriture manuscrite.	Письмо, написанное красивым цветистым почерком.
Items/Diamond	Diamond	Диамант	Diamant	Алмаз
Items/DoItYourselfBook1	Handyperson's Handbook	Ръководство за майстори	Manuel du Bricoleur	«Подручная книга для рукастых»
Items/DoItYourselfBook2	Handyperson's Handbook II	Ръководство за майстори II	Manuel du Bricoleur II	«Подручная книга для рукастых II»
Items/DriedGuarana	Dried Guarana	Сушена гуарана	Guarana seché	Сушеная гуарана
Items/Emerald	Emerald	Изумруд	Émeraude	Изумруд
Items/EnergyDrink	Energy Drink	Енергийна напитка	Boisson Énergisante	Энергетик
Items/EpicBait	Epic Bait	Епична стръв	Appât Épique	Эпическая приманка
Items/Gaiger	Geiger Counter	Гейгер брояч	Compteur Gieger	Счетчик Гейгера
Items/GardeningBook1	Hortus Conclusus	Градина на затворените врати	Hortus Conclusus	«Hortus Conclusus»
Items/GardeningBook2	The Secret Gardener (Gardening II)	Тайният градинар (Градинарство II)	Le Jardinier Secret (Jardinage II)	«Таинственный садовник» (Садоводство II)
Items/Gold	Gold	Злато	Or	Золото
Items/Guarana	Guarana	Гуарана	Guarana	Гуарана
Items/GuaranaWild	Wild Guarana	Дива гуарана	Guarana Sauvage	Дикая гуарана
Items/HealthyEatingBook	Eat, Nuke, Love: Healthy kitchen	Яж, взривявай, обичай: Здравословна кухня	Manger, Bombe Atomique, Aimer: Cuisine saine	«Ешь, бомби, люби: правильное питание»
Items/IronOre	Iron Ore	Желязна руда	Minerai de Fer	Железная руда
Items/Knife	Knife	Нож	Couteau	Нож
Items/KolejkaLesna	KolejkaLesna	Искаш да направиш нещо?		
Items/Logs block	Logs block	Блок с дневници	Tas de Bois	Завал бревен
Items/LootBoxMine	Wooden mine box	Кутия с дървена мина	Boîte en bois de la mine.	Деревянная коробка из шахты
Items/LootBoxMine2	Wooden mine box	Кутия с дървена мина	Boîte en bois de la mine.	Деревянная коробка из шахты
Items/LootBoxMineUranium	Wooden mine box	Кутия за дървена мина	Boîte en bois de la mine.	Деревянная коробка из шахты
Items/Lucille	Lucille	Лусил	Lucille	Люсиль
Items/Machet	Machet	Мачет	Machette	Мачете
Items/MartialArtsBook1	Deterrence and Retaliation	Възпиране и Отмъщение	Dissuasion et Représailles	«Устрашать и отвечать»
Items/MartialArtsBook2	Assured Destruction	Уверено унищожение	Destruction Assurée	«Надежное разрушение»
Items/MiningPassFive	Mining Pass - Mysterious level	Миньорски пропуск - Мистериозен ниво	Pass de la Mine - Niveau mystère	Пропуск в шахту - Загадочный уровень
Items/MiningPassFour	Mining Pass -5	Миньорски пропуск -5	Pass de la Mine -5	Пропуск в шахту -5
Items/MiningPassThree	Mining Pass -4	Миньорски пропуск -4	Pass de la Mine -4	Пропуск в шахту -4
Items/MiningPassTwo	Mining Pass -3	Миньорски пропуск -3	Pass de la Mine -3	Пропуск в шахту -3
Items/MiningPassZero	Mining Pass -1	Миньорски пропуск -1	Pass de la Mine -1	Пропуск в шахту -1
Items/MiningRock	Big Rock	Голям камък	Gros Rocher	Большой камень
Items/MinutManLetter1	Minuteman's Letter	Писмо от Минуteman	Lettre de Minuteman	Письмо Минитмена
Items/MinutManLetter2	Minuteman's Letter	Писмо от Минуteman	Lettre de Minuteman	Письмо Минитмена
Items/MinutManLetter3	Minuteman's Letter	Писмо от Минуteman	Lettre de Minuteman	Письмо Минитмена
Items/MinutManLetter4	Minuteman's Letter	Писмо от Минуteman	Lettre de Minuteman	Письмо Минитмена
Items/MinutManLetter5	Minuteman's Letter	Писмо от Минуteman	Lettre de Minuteman	Письмо Минитмена
Items/MinutManLetter6	Minuteman's Letter	Писмо от Минуteman	Lettre de Minuteman	Письмо Минитмена
Items/MinutManLetter7	Minuteman's Letter	Писмо от Минуteman	Lettre de Minuteman	Письмо Минитмена
Items/MinutManLetter8	Minuteman's Letter	Писмо от Минуteman	Lettre de Minuteman	Письмо Минитмена
Items/NoSleepBook	Sleeper Agent	Агент на съня	Agent Dormant	«Спящий агент»
Items/PetrolheadBook	Hit the Fury Road	Удар по Пътят на яростта	Fou du Volant	«На Дороге ярости»
Items/Photo	Photo	Снимка	Photo	Фотография
Items/PickRock	Rock	Камък	Rocher	Камень
Items/Pill	Pill	Хапче	Pilule	Таблетка
Items/Pipe	Pipe	Тръба	Tuyau	Труба
Items/PlanObject	Escape Plan	План за бягство	Plan d'Évasion	План побега
Items/PostMan	Postman	Пощальон	Facteur	Почтальон
Items/PreppersGuideBook	The Preppy Guide to Prepping	Ръководството на Препър за Препърене	Le guide Preppy de la Préparation	«Живучий справочник выживальщика»
Items/RocketPhoto	Rocket Photo	Фото на ракетата	Photo de Fusée	Фотография ракеты
Items/RoomUpgradeProto	RoomUpgradeProto	Стая за надграждане		
Items/RottenFood	Rotten Food	Развалена храна	Nourriture Pourrie	Гнилая еда
Items/Ruby	Ruby	Руби	Rubis	Рубин
Items/Seed Guarana	Guarana Seed	Семе от гуарана	Graines de Guarana	Семена гуараны
Items/ShroomsWild	Wild Mushrooms	Диви гъби	Champignons Sauvages	Дикие грибы
Items/SladgeHammer	Sledgehammer	Чукът на Сладж	Masse	Кувалда
Items/Spear	Spear	Копие	Lance	Копье
Items/StrengthTrainingBook1	Atlas Jacked	Атлас Джакнат	Atlas Musclé	«Атлант поиграл мускулами»
Items/StrengthTrainingBook2	Atlas More Jacked	Атлас по-мускулест	Atlas encore plus Musclé	«Атлант снова поиграл мускулами»
Items/Stuff	Stuff	Неща	Affaire	Штуки
Items/SupremeBait	Supreme Bait	Върховен примамка	Appât Suprème	Великолепная приманка
Items/SuspiciousBush	Suspicious Bush	Подозрителен храст	Buisson Suspect	Подозрительный куст
Items/TestW2	TestW2	Изработка		
Items/Tomahawk	Tomahawk	Томахоук	Tomahawk	Томагавк
Items/WalrusBook	Project Iceworm	Проект Ледена Червей	Projet Iceworm	«Проект "Ледяной червь"»
Items/basePref	basePref	предпочитания на бункера		
Items/des kfu guliga holi gaba raba rada wada wosumano i oli kabo do salinano uso do	des kfu guliga holi gaba raba rada wada wosumano i oli kabo do salinano uso do			
Items/herbFirstLetter	Letter	Писмо	Lettre	Письмо
Items/HerbPill	Letter	Писмо	Lettre	Письмо
Items/RoastedDeerMeat	Roasted haunch of meat	Печено бутче от месо	Cuissot rôti	Жареный окорок
Items/DesRoastedDeerMeat	Okay, now I know I'm not above eating Bambi.	Добре, сега знам, че не съм над това да ям Бейби.	Ok, maintenant je sais que Bambi a bon goût.	Что ж, теперь я знаю, что мне нигде не щемит съесть Бэмби.
Items/RoastedBoarMeat	Steak	Стекове	Steak	Стейк
Items/DesRoastedBoarMeat	Well roasted, Obelix would be proud.	Добре изпечено, Обеликс би се гордял.	Bien rôtie, Obélix serait fier.	Прекрасно прожарился, Обеликс бы мной гордился.
Items/herbBed	Jenny's Bed	Леглото на Джени	Lit de Jenny	Кровать Дженни
Items/herbBedDes	But grandmother! What small cabin do you have, said Little Prepp Riding Hood.	Но бабо! Каква малка къщичка имаш, каза Малкият Препър Червеношапчица.	Mais grand-mère! Quelle petite cabane vous avez, dit le petit chaperon Prepp.	«Но бабушка, какой же у тебя маленький домик», – сказала Выживальческая шапочка.
Items/herbDeerTrophy	Jenny's Deer Trophy	Трофей от елен на Джени	Trophée de chasse de Jenny	Трофейный олень Дженни
Items/herbDeerTrophyDes	A hunter's trophy? Perhaps there is more to the Herbalist than meets the eye.\nAnd what's the deal with these antlers?	Трофей на ловец? Може би има повече в този билкар, отколкото изглежда на пръв поглед.\nИ какво е това с тези рога?	Un trophée de chasse? Il y a peut-être plus à savoir sur l'herboriste qu'il n'y paraît.\nEt c'est quoi le truc avec ces bois de cerf?	Охотничий трофей? Может, травница не так уж и проста.\nКстати, а что за дела с этими рогами?
Items/herbGrowingBox	Jenny's Growing Box	Кутията за отглеждане на Джени	Serre de Jenny	Теплица Дженни
Items/herbGrowingBoxDes	A growing box. Somehow I have a feeling these are not only decorative plants.	Кутия за отглеждане. Някак си имам чувството, че тези растения не са само декоративни.	Une serre. Bizarement, j'ai l'impression que ce ne sont pas que des plantes décoratives.	Теплица. Что-то мне подсказывает, что эти растения здесь не просто для украшения.
Items/herbTV	Jenny's TV	Телевизорът на Джени	Télévision de Jenny	Телевизор Дженни
Items/herbTVDes	There's nothing worthwhile on TV since the Plague, only news about successes of government, outdated educational programs, and old westerns.	Няма нищо стойностно по телевизията след Чумата, само новини за успехите на правителството, остарели образователни програми и стари уестърни.	Il n'y a rien de bien à la télévision depuis la Peste, que des nouvelles sur les succès du gouvernement, des programmes éducatifs dépassés et de vieux westerns.	Со времен начала Чумы по телевизору не идет ничего стоящего, крутят только новости об успехах правительства, устаревшие образовательные передачи и старые вестерны.
Items/herbWeedHook	Weed hook	Кука за трева	Crochet à Désherber	Садовый инструмент
Items/herbWeedHookDes	This is probably a weeding tool. But it could definitely kill you.	Това вероятно е инструмент за плевене. Но със сигурност може да те убие.	C'est peut-être un outil de désherbage. Mais il peut certainement vous tuer.	Похоже, это садовый инструмент. Но им наверняка и убить можно.
Items/herbDaisyGrubber	Daisy Grubber	Култиватор с маргаритка	Couteau à Désherber	Культиватор с маргариткой
Items/herbDaisyGrubberDes	A gardening tool or a torture device? I don't trust the cute daisy painted on it. 	Градински инструмент или устройство за мъчения? Не вярвам на сладкото маргаритка, нарисувано върху него.	Un outil de jardinage ou un instrument de torture? Je ne fais pas confiance à la mignonne marguerite peinte dessus.	Садовый инструмент или устройство для пыток? Эта милая маргаритка не внушает доверия.
Items/Calendar	Calendar	Календар	Calendrier	Календарь
Items/CalendarDes	Helps to keep track of important events	Помага да следиш важни събития	Aide à se souvenir des évènements importants	Помогает следить за важными событиями.
Items/Foil	Foil	Алуминиево фолио	Papier Aluminium	Фольга
Items/DesFoil	Best protection from mind-controlling waves.	Най-добрата защита от вълни, контролиращи ума.	Meilleure protection contre les ondes de contrôle mental.	Лучший способ защититься от волн, контролирующих разум.
Items/RadioReciver	Joe's Radio	Радиото на Джо	Radio de Joe	Радио Джо
Items/DesRadioReciver	This is surely an old device, but it looks like it could pick up transmissions from afar.	Това със сигурност е стар уред, но изглежда, че може да улавя предавания от далеч.	C'est sûrement un vieil appareil, mais on dirait qu'il pourrait capter des transmissions lointaines.	Устройство очень старое, но оно, похоже, может принимать сигналы издалека.
Items/RoomUpgradeBook1	Underground Gardening	Градинарство под земята	Jardinage Souterrain	«Подпольное выращивание растений»
Items/DesRoomUpgradeBook1	Is this book about gardening below the ground level or about hiding from the authorities? Yes.	Тази книга за градинарство под земята ли е или за криене от властите? Да.	Est-ce que ce livre parle de jardinage souterrain ou de se cacher des autorités? Oui.	Эта книга о том, как забыть про все проблемы и выращивать растения, или о том, как скрываться от властей? Да.
Items/BrokenRevolwer	Broken Revolver	Счупен револвер	Revolver cassé	Сломанный револьвер
Items/DesBrokenRevolwer	It's broken.	Счупено е.	Il est cassé.	Он сломан.
Items/Path	Path	Път	Chemin	Тропа
Items/SignTraps	Traps Sign	Капани Знаци	Panneau des pièges	Табличка о капканах
Items/HunterNote	Huntress's note	Бележка от Ловджийката	Note de la Chasseuse	Записка охотницы
Items/Bunk	Bunk	Бункер	Couchette	Койка
Items/DescBunk	An austere bed. Sleep is obviously not the priority here.	Едно спартанско легло. Явно сънят не е приоритет тук.	Un lit austère. Le sommeil n'est évidemment pas la priorité ici.	Суровая кровать. Очевидно, сон здесь не в приоритете.
Items/FortObserverMonitor	Monitor	Монитор	Moniteur	Монитор
Items/FortObserverMonitorStorage	Monitor	Монитор	Moniteur	Монитор
Items/DescFortObserverMonitor	One of the monitors of the Fort Observer base. Who observes the observers?	Един от мониторите на базата на Форт Наблюдател. Кой наблюдава наблюдателите?	L'un des moniteurs de la base de Fort Observer. Qui observe les observateurs?	Один из мониторов базы «Наблюдатель». Кто же наблюдает за наблюдателями?
Items/FortObserverPass	Access card	Карта за достъп	Carte d'accès	Пропуск
Items/DescFortObserverPass	An access card to somewhere. Found in the plane wreckage.	Карта за достъп до някъде. Намерена в останките на самолета.	Une carte d'accès pour quelque part. Trouvé dans l'épave de l'avion.	Пропуск в какое-то место. Найден в обломках самолета.
Items/AICore	AI core	ядрена сърцевина	Noyau d'IA	Ядро ИИ
Items/DescAICore	The core of Fort Observer's security AI.	Ядрото на AI за сигурност на Fort Observer.	Le cœur de l'IA de sécurité de Fort Observer.	Ядро ИИ системы безопасности базы «Наблюдатель».
Items/AICoreCase	AI core case	ядро на изкуствения интелект	Boîtier du noyau d'IA	Корпус ядра ИИ
Items/DescAICoreCase	A casing of security AI core. Maybe something could be put inside?	Капак за ядро на сигурност. Може би нещо може да се сложи вътре?	Un boîtier du noyau d'IA de sécurité. Peut-être que quelque chose pourrait être mis à l'intérieur?	Корпус ядра ИИ системы безопасности. Может, получится что-нибудь поставить внутрь?
Items/FakeAICore	Fake AI core	Фалшив изкуствен интелект	Faux noyau d'IA	Фальшивое ядро ИИ
Items/DescFakeAICore	A fake AI core with a custom inside	Фалшив AI ядро с персонализиран вътрешен механизъм	Un faux noyau d'IA avec un contenu personnalisé	Фальшивое ядро ИИ с муляжом внутри
Items/RocketPartCore	Rocket control module	Модул за управление на ракетата	Module de contrôle de fusée	Модуль управления ракетой
Items/DescRocketPartCore	An AI-based rocket control module. Crucial for your escape plan.	AI модул за управление на ракета. Важен за твоя план за бягство.	Un module d'IA de contrôle de fusée. Crucial pour votre plan d'évasion.	Модуль управления ракетой на базе ИИ. Главный элемент вашего плана побега.
Items/Bigos	Bigos	Бигос	Bigos	Бигос
Items/DesKeyBigos	A hearty, aromatic cabbage and meat stew. A recipe from Grandma Marianna.	Силно, ароматно ястие от зеле и месо. Рецепта от баба Марианна.	Un ragoût au chou et à la viande, copieux et aromatique. Une recette de grand-mère Marianna.	Сытное, ароматное рагу из капусты и мяса. Рецепт бабушки Марианны.
Items/BlueberrySmoothie	Blueberry smoothie	Смути от боровинки	Smoothie aux myrtilles	Черничный смузи
Items/DesKeyBlueberrySmoothie	Condensed taste of the forest. You can't go wrong with this one.	Сгъстен вкус от гората. Няма как да сбъркаш с това.	Un pur concentré de la forêt. Pas de mauvaises surprise avec celui là.	Концентрированный вкус леса. Беспроигрышный вариант.
Items/CarrotSoup	Carrot soup	Супа от моркови	Soupe de carottes	Морковный суп
Items/DesKeyCarrotSoup	Loved by babies and preppers worldwide.	Обичан от бебета и препъри по целия свят.	Aimée par les enfants et les Preppers du monde entier.	Любимое блюдо малышей и выживальщиков всего мира.
Items/BeetSoup	Beet soup	Супа от цвекло	Soupe de betteraves	Свекольный суп
Items/DesKeyBeetSoup	A delicious sour beet soup.	Вкусна кисела супа от цвекло.	Une délicieuse soupe de betteraves, sucrée, salée.	Вкусный кисленький борщец.
Items/bobPlant	Bob the Plant	Растението Боб	Bob la plante	Растение по имени Боб
Items/KitchenCupboard	Kitchen Cupboard	Кухненски шкаф	Placard de cuisine	Кухонный шкаф
Items/Food	Food	Храна	Nourriture	Еда
Items/BookSet	Book Set	Комплект книги	Ensemble de Livres	Стопка книг
Items/Barrel	Barrel	Варел	Baril	Бочка
Items/WorkshopShelf	Workshop Shelf	Работна маса	Étagère d'atelier	Стеллаж мастерской
Items/Material	Material	Материали	Matériaux	Материал
Items/Keycard	Keycard	Карта за достъп	Clé magnétique	Ключ-карта
Items/Gem	Gem	Камък	Gemme	Самоцвет
Items/BoxSmall	Small Box	Малък сандък	Petite Boîte	Маленькая  коробка
Items/BoxLarge	Large Box	Голяма кутия	Grande Boîte	Большая коробка
Items/Plant	Plant	Засади	Plante	Растение
Items/Ammo	Ammo	Муниции	Munitions	Боеприпасы
Items/Chest	Chest	Сандък	Coffre	Сундук
Items/Scraps	Scraps	Отпадъци	Débris	Мусор
Items/Seed	Seed	Семе	Graine	Семена
Items/Bait	Bait	Примамка	Appât	Приманка
Items/Plate	Plate	Броня	Assiette	Тарелка
Items/Trap	Trap	Капан	Piège	Ловушка
Items/Trophy	Trophy	Трофей	Trophée	Трофей
Items/MinutemanLetter	Minuteman's letter	Писмо от Минуteman	Lettre de Minuteman	Письмо Минитмена
Items/Cup	Cup	Чаша	Tasse	Стакан
Items/ChickenLeg	Chicken leg	Пилешка бутче	Cuisse de poulet	Куриный окорочок
Items/DesKeyChickenLeg	Very tasty, and you can throw a bone to a local dog. If you see one.	Много вкусно, а можеш и да хвърлиш кост на местно куче. Ако видиш такова.	Très savoureux, et vous pouvez jeter l'os à un chien du coin. Si vous en voyez un.	Очень вкусный. А косточку можно бросить соседской собаке. Если найдете ее, конечно.
Items/MinesElevatorController	Elevator Controller	Контролер на асансьора	Panneau de contrôle de l'Ascenseur	Управление лифтом
Items/MinesElevator	Elevator	Асансьор	Ascenseur	Лифт
Items/PlaneFortObserver	Airplane	Самолет	Avion	Самолет
Items/DesPlaneFortObserver	These fighter aircrafts are a bit outdated, but still fit for basic surveillance and control tasks. 	Тези изтребители са малко остарели, но все още стават за основни задачи по наблюдение и контрол.	Ces avions de combat sont un peu dépassés, mais toujours adaptés aux tâches de base de surveillance et de contrôle.	Эти истребители немного устарели, но все еще годятся для выполнения задач по наблюдению и контролю.
Items/AntenaForObserver	Antenna	Антена	Antenne	Антенна
Items/DesAntenaForObserver	Allows for picking up radio transmissions from great distances.	Позволява да се приемат радиопредавания от големи разстояния.	Permet de capter les transmissions radio sur de grandes distances.	Позволяет принимать радиопередачи на больших расстояниях.
Items/ArtificialHorizon	Artificial Horizon	Хоризонт на изработката	Horizon artificiel	Авиагоризонт
Items/DesArtificialHorizon	An advanced gyroscopic flight instrument. An essential component for building a rocket.	Напреднал жироскопски полетен инструмент. Необходима част за изработката на ракета.	Un instrument de vol gyroscopique avancé. Un élément essentiel pour la construction d'une fusée.	Современный гироскопический инструмент. Важный компонент для создания ракеты.
Items/DesKeyDryier	Useful for drying certain fruits and vegetables.	Полезна за сушене на определени плодове и зеленчуци.	Utile pour sécher certains fruits et légumes.	Пригодится для сушки фруктов и овощей.
Items/Granade	Grenade	Граната	Grenade	Граната
Items/DesKeyGranade	A basic grenade. Deals some damage and stuns enemies. You can also disassemble it to get its recipe.	Основна граната. Нанася някакви щети и зашеметява враговете. Можеш също да я разглобиш, за да получиш рецептата ѝ.	Une grenade basique. Inflige des dégâts et étourdit les ennemis. Vous pouvez également la démonter pour en obtenir la recette.	Простая граната. Наносит урон и оглушает врагов. Ее можно разобрать, чтобы получить рецепт.
Items/SmokeBomb	Smoke Bomb	Димен гранатомет	Fumigène	Дымовая шашка
Items/DesKeySmokeBomb	Great for getting out of tough situations. Stuns and pushes back enemies around you. You can also disassemble it to get its a recipe.	Страхотно за излизане от трудни ситуации. Зашеметява и отблъсква враговете около теб. Можеш също да го разглобиш, за да получиш рецептата му.	Idéal pour se sortir des situations difficiles. Étourdit et repousse les ennemis autour de vous. Vous pouvez également le démonter pour en obtenir la recette.	Отлично подходит для выхода из трудных ситуаций. Оглушает и разгоняет врагов вокруг. Ее также можно разобрать, чтобы получить рецепт.
Items/Dynamit	Dynamite	Динамит	Dynamite	Динамит
Items/DesKeyDynamit	Causes a powerful explosion that deals a lot of damage. You can also disassemble it to get its recipe.	Причинява мощна експлозия, която нанася много щети. Можеш също да го разглобиш, за да получиш рецептата му.	Provoque une puissante explosion qui inflige beaucoup de dégâts. Vous pouvez également la démonter pour en obtenir la recette.	Вызывает мощный взрыв, который наносит большой урон. Его можно разобрать, чтобы получить рецепт.
Items/ComicsSet	A collection of comics	Колекция от комикси	Une collection de Comics	Коллекция комиксов
Items/DesComicsSet	A remarkable collection of comics, from pulp superhero stuff to some whacky zines.	Забележителна колекция от комикси, от класически супергеройски истории до някои шантави списания.	Une collection remarquable de bandes dessinées, des trucs de super-héros et quelques magazines farfelus.	Замечательная коллекция комиксов, от историй про супергероев до сумасшедшего самиздата.
Items/RocketLauncher	Rocket Launcher	Ракетата е готова за изстрелване. Натисни I2, за да я използваш.	Lanceur de fusée	Ракетная установка
Items/BrazenSerpentModel	Brazen Serpent satellite model	Модел на сателит Brazen Serpent	Modèle de satellite Serpent d'Airain	Модель спутника «Медный змий»
Items/DesKeyBrazenSerpentModel	This is the small metal thing that causes all our problems. A satellite making us numb, docile, or violent.	Това е малката метална джаджа, която ни създава всички проблеми. Сателит, който ни прави безчувствени, послушни или агресивни.	C'est le truc en métal qui cause tous nos problèmes. Un satellite qui nous rend somnolents, dociles ou violents.	Маленькая металлическая штучка, которая виновата во всех наших проблемах. Она делает нас черствыми, послушными или жестокими.
Items/MindControlTool	Mind control tool	Инструмент за контрол на ума	Outil de contrôle mental	Устройство для контроля разума
Items/DesKeyMindControlTool	A prototype of a simple mind control tool. Later the method of sending waves from great distances was devised.	Прототип на прост инструмент за контрол на ума. По-късно беше измислен метод за изпращане на вълни от големи разстояния.	Un prototype de contrôle mental simple. Plus tard, la méthode d'envoi d'ondes à grande distance a été conçue.	Прототип простого устройства для управления разумом. Позже был разработан метод трансляции волн на большие расстояния.
Items/Scans	Brain scans and X-rays	Скенер на мозъка и рентгенови снимки	Scanners cérébraux et radios	Снимки мозга и рентгены
Items/DesKeyScans	Brain scans and X-rays of dogs that were test subjects. Poor animals.	Мозъчни сканирания и рентгенови снимки на кучета, които са били опитни животни. Горките животни.	Scanners cérébraux et radios de chiens qui servaient de cobayes. Pauvres animaux.	Снимки мозга и рентгены подопытных собак. Бедные животные.
Items/MushroomSoupCan	Canned Mushroom Soup	Супа от гъби в консерва	Soupe de Champignons en boîte	Консерв. грибной суп
Items/DesKeyMushroomSoupCan	Canned mushroom soup. It should last long.	Консервирана гъбена супа. Трябва да издържи дълго.	Une boîte de conserve de soupe de champignons. Devrait se conserver longtemps.	Консервированный грибной суп. Долго не портится.
Items/CucumberSoupCan	Canned Cucumber Soup	Консервирана супа от краставици	Soupe de Concombres en boîte	Консерв. рассольник
Items/DesKeyCucumberSoupCan	Canned cucumber soup. It should last long.	Консервирана супа от краставици. Трябва да издържи дълго.	Une boîte de conserve de soupe de concombres. Devrait se conserver longtemps.	Консервированный рассольник. Долго не портится.
Items/TomatoSoupCan	Canned Tomato Soup	Консервирана доматена супа	Soupe de Tomates en boîte	Консерв. томатный суп
Items/DesKeyTomatoSoupCan	Canned tomato soup. It should last long.	Консервирана доматена супа. Трябва да издържи дълго.	Une boîte de conserve de soupe de tomates. Devrait se conserver longtemps.	Консервированный томатный суп. Долго не портится.
Items/BeetSoupCan	Canned Beet Soup	Супа от консервирани цвекло	Soupe de Betteraves en boîte	Консерв. борщ
Items/DesKeyBeetSoupCan	Canned beet soup. It should last long.	Консервирана супа от цвекло. Трябва да издържи дълго.	Une boîte de conserve de soupe de betteraves. Devrait se conserver longtemps.	Консервированный борщ. Долго не портится.
Items/CarrotSoupCan	Canned Carrot Soup	Супа от моркови в консерва	Soupe de Carottes en boîte	Консерв. морковный суп
Items/DesKeyCarrotSoupCan	Canned carrot soup. It should last long.	Консервирана супа от моркови. Трябва да издържи дълго.	Une boîte de conserve de soupe de carottes. Devrait se conserver longtemps.	Консервированный морковный суп. Долго не портится.
Items/VegetableSoupCan	Canned Vegetable Soup	Консервирана зеленчукова супа	Soupe de Légumes en boîte	Консерв. овощной суп
Items/DesKeyVegetableSoupCan	Canned vegetable soup. It should last long.	Консервирана зеленчукова супа. Трябва да издържи дълго.	Une boîte de conserve de soupe de légumes. Devrait se conserver longtemps.	Консервированный овощной суп. Долго не портится.
Items/ControlInstruction	Inspection Protocol	Протокол за проверка	Protocole d'Inspection	Протокол инспекции
Items/DesKeyControlInstruction	A secret protocol for the house inspection used by the Agency.	Секретен протокол за проверка на дома, използван от Агенцията.	Un protocole secret pour l'inspection des maisons utilisé par l'Agence.	Секретный протокол Агентства для инспекции домов.
Items/MinutLetterWaterControl	Minuteman's Letter: Water Control Warning	Писмо от Минуteman: Предупреждение за контрол на водата	Lettre du Minuteman: Avertissement sur le contrôle de l'eau	Письмо Минитмена: предупреждение о проверках воды
Items/DesKeyMinutLetterWaterControl	A letter from a stranger who calls himself "The Minuteman".	Писмо от непознат, който се нарича "Минуteman".	Une lettre d'un inconnu qui se fait appeler "Le Minuteman".	Письмо от незнакомца, который называет себя Минитменом.
Items/MinutLetterElectricityControl	Minuteman's Letter: Electricity Control Warning	Писмо от Минуteman: Предупреждение за контрол на електричеството	Lettre du Minuteman: Avertissement sur le contrôle de l'électricité	Письмо Минитмена: предупреждение о проверках электричества
Items/DesKeyMinutLetterElectricityControl	A letter from a stranger who calls himself "The Minuteman".	Писмо от непознат, който се нарича "Минуteman".	Une lettre d'un inconnu qui se fait appeler "Le Minuteman".	Письмо от незнакомца, который называет себя Минитменом.
Items/MinutLetterCupboardControl	Minuteman's Letter: Cupboard Control Warning	Писмо от Минуteman: Предупреждение за контрол на шкафа	Lettre du Minuteman: Avertissement sur le contrôle des placards	Письмо Минитмена: предупреждение о проверках коробок
Items/DesKeyMinutLetterCupboardControl	A letter from a stranger who calls himself "The Minuteman".	Писмо от непознат, който се нарича "Минуteman".	Une lettre d'un inconnu qui se fait appeler "Le Minuteman".	Письмо от незнакомца, который называет себя Минитменом.
Items/MinutLetterCupboardControl2	Minuteman's Letter: Cupboard Control Warning 2	Писмо от Минуteman: Предупреждение за контрол на шкафа 2	Lettre du Minuteman: Avertissement sur le contrôle des placards 2	Письмо Минитмена: предупреждение об проверках коробок 2
Items/DesKeyMinutLetterCupboardControl2	A letter from a stranger who calls himself "The Minuteman".	Писмо от непознат, който се нарича "Минуteman".	Une lettre d'un inconnu qui se fait appeler "Le Minuteman".	Письмо от незнакомца, который называет себя Минитменом.
Items/PlaneWreck	Crashed Plane	Разбит самолет	Avion Écrasé	Разбившийся самолет
Items/DesKeyPlaneWreck	Military plane. Crashed. Looks oddly familiar.	Военен самолет. Катастрофирал. Изглежда странно познато.	Avion militaire. Écrasé. Semble étrangement familier.	Военный самолет. Потерпел крушение. Кажется до боли знакомым.
Items/AlarmSwitch	Signal Switch	Превключвател за сигнал	Interrupteur de signal	Переключатель для сигнала
Items/DescAlarmSwitch	Activate it on the first floor to give the Sleepless the final signal. There is no turning back after that.	Активирай го на първия етаж, за да дадеш на Безсънните последния сигнал. Няма връщане назад след това.	Activez-le au premier étage pour donner aux Éveillés le signal final. Il n'y a pas de retour en arrière après ça.	Используйте переключатель на втором этаже, чтобы подать Неспящим сигнал. После этого пути назад не будет.
Items/DiscoSwitch	Disco Switch	Превключвател за дискотека	Interrupteur Disco	Переключатель для диско
Items/DescDiscoSwitch	Just for fun. Disco's not dead.	Просто за забавление. Диското не е мъртво.	Juste pour le fun. Le Disco n'est pas mort.	Чисто для разрядки. Диско живее всех живых.
Items/Switch	Switch	Превключване	Interrupteur	Переключатель
Items/DescSwitch	Place it in a room to be able to turn everything inside it on or off. Great for power management.	Постави го в стая, за да можеш да включваш и изключваш всичко вътре. Идеално за управление на електричеството.	Placez-le dans une pièce pour pouvoir tout allumer ou éteindre en même temps. Idéal pour gérer l'alimentation électrique.	Разместите его в комнате для управления предметами. Отлично подходит для распределения энергии.
Items/DesKeyCalendar	Keep track of days and important events.	Следи дните и важните събития.	Gardez une trace des jours et des événements importants.	Помогает вести счет дней и следить за важными событиями.
Items/ArmyChest	Army Chest	Армейски сандък	Caisse de l'Armée	Армейский сундук
Items/DesKeyArmyChest	It's a basic wooden chest stamped 'ARMY'. 	Това е основна дървена сандъка с надпис "АРМИЯ".	C'est une caisse basique en bois estampillé "ARMY".	Обыкновенный деревянный сундук с надписью «АРМИЯ».
Items/Fabrics	Fabrics	Тъкани	Textiles	Ткань
Items/DesKeyFabrics	A good source of textiles.	Добър източник на текстил.	Une bonne source de tissu.	Хороший источник текстиля.
Items/FortBox	Box	Кутия	Boîte	Ящик
Items/DesKeyScraps	Scraps. Use them for crafting or sell to Joe.	Отпадъци. Използвай ги за изработка или продай на Джо.	Débris. Utilisez-les pour fabriquer des choses ou vendez-les à Joe.	Металлолом. Можно создавать предметы или продать Джо.
Items/VendingMachine	Vending Machine	Автомат за напитки	Distributeur de boisson	Торговый автомат
Items/RoomUpgradeBook2	Pump It Up: Useful Room Upgrades	Помпай го: Полезни ъпгрейди за стаята	Pump It Up: améliorations utiles de pièce	Непыльная работенка: полезные улучшения для комнаты
Items/DesRoomUpgradeBook2	Learn how to make specific room upgrades: a pumphouse and a workshop.	Научи как да правиш специфични подобрения за стаи: помпена станция и работилница.	Apprenez à effectuer des améliorations spécifiques de pièces: une station de pompage et un atelier.	Научитесь производить особые улучшения для комнаты – насос и мастерскую.
Items/RoomUpgradeBook3	Mr. Freeze: More Useful Room Upgrades	Г-н Фриз: По-полезни надстройки за стаите	Mr. Freeze: Améliorations de pièces plus utiles	Мистер Фриз: новые полезные улучшения для комнаты
Items/DesRoomUpgradeBook3	Learn how to make specific room upgrades: a powerhouse and a freezer.	Научи как да направиш конкретни подобрения за стаи: мощна стая и фризер.	Apprenez à effectuer des améliorations spécifiques de pièces: une centrale électrique et une chambre froide.	Научитесь производить особые улучшения для комнаты – генератор и морозилку.
Items/DescRocketLauncher	The final button to push.	Последният бутон.	Le dernier bouton à pousser.	Нажмете на нее – и все закончится.
Items/Hydrogen	Hydrogen	Водород	Hydrogène	Водород
Items/DesKeyRocketPartHydrogen	Also known as rocket fuel. Depends who you ask.	Също известен като ракетно гориво. Зависи кого питаш.	Aussi connu sous le nom de carburant pour fusée. Ça dépend à qui vous demandez.	Также известен как ракетное топливо. Все зависит от восприятия.
Items/DesKeyAmo	Basic ammo. Good for revolvers and rifles.	Основен боеприпас. Подходящ за револвери и пушки.	Munition de base. Bon pour les revolvers et les fusils	Обычные патроны. Подходят для револьверов и винтовок.
Items/Irrigator	Irrigator	Поливна система	Arroseur	Ороситель
Items/DesKeyIrrigator	Fill it with water and it will automatically water all the plants in the room.	Напълни го с вода и то автоматично ще напои всички растения в стаята.	Remplissez-le d'eau et il arrosera automatiquement toutes les plantes de la pièce dans laquelle il se trouve.	Заполните его водой, и он будет автоматически поливать все растения в комнате.
Items/Refueler	Refueler	Зареждач	Ravitailleur	Заправщик
Items/DesKeyRefueler	Fill it with fuel and it will automatically refuel all the generators in the room.	Напълни го с гориво и то автоматично ще зареди всички генератори в стаята.	Remplissez-le de carburant et il ravitaillera automatiquement tout les générateurs de la pièce dans laquelle il se trouve.	Заполните его топливом, и он будет автоматически заправлять все генераторы в комнате.
Items/bobHideoutPC	Bob's Computer	Компютърът на Боб	Ordinateur de Bob	Компьютер Боба
Items/bobHideoutPCDes	A top-notch information technology. Too bad nobody had invented a wider network for these things.	Най-добрата информационна технология. Жалко, че никой не е измислил по-широка мрежа за тези неща.	Une technologie de l'information de premier ordre. Dommage que personne n'ait inventé un réseau plus grand pour ça.	Высококлассная информационная технология. Жаль, что никто не изобрел более широкую сеть для таких вещей.
Items/bobHideoutBoard	Bob's Plan	Планът на Боб	Plan de Bob	План Боба
Items/bobHideoutBoardDes	Post-it notes always make the interior look professional.	Лепенките винаги правят интериора да изглежда професионално.	Les post-it donnent toujours un aspect professionnel.	Стикеры всегда придают интерьеру солидный вид.
Items/bobHideoutSupPosters	Posters	Плакати	Posters	Плакаты
Items/bobHideoutSupPostersDes	Apart from his books and comics, Bob has a collection of posters. It might be the most colorful place in whole Murricaville.	Освен книгите и комиксите си, Боб има колекция от плакати. Може би това е най-цветното място в цялата Мъррикавил.	À part ses livres et ses bandes dessinées, Bob a aussi une collection de posters. Ça pourrait être l'endroit le plus coloré de tout Murricaville.	Кроме книг и комиксов, у Боба есть коллекция плакатов. Возможно, это самое красочное место во всем Мерикосвиле.
Items/bobHideoutBless	Bless the President	Боже, пази президента	Gloire au Président	Боже, храни Президента
Items/bobSleeplessBasePosters	Posters	Плакати	Posters	Плакаты
Items/bobSleeplessBasePillows	Mattresses	Матраци	Matelas	Матрасы
Items/bobSleeplessBaseContainers	Military chests	Военни сандъци	Coffres militaires	Ящики военных
Items/bobSleeplessBaseChairs	Chairs	Столове	Chaises	Стулья
Items/SleeplessMember	Member of The Sleepless	Член на Безсънните	Membre des Éveillés	Член Неспящих
Items/Jenny	Jenny	Джени	Jenny	Дженни
Items/Joe	Joe	Джо	Joe	Джо
Items/Jim	Jim	Джим	Jim	Джим
Items/Karen	Karen	Карин	Karen	Карен
Items/Kate	Kate	Кейт	Kate	Кейт
Items/Krystal	Crystal	Кристал	Cristal	Кристалл
Items/CowSkull	Cow Skull	Череп на крава	Crâne de Vache	Череп коровы
Items/DescCowSkull	Horrific decorative piece.	Ужасно декоративно парче.	Pièce décorative horrible.	Ужасающее украшение.
Items/DeerSkull	Deer Skull	Череп на елен	Crâne de cerf	Череп оленя
Items/DescDeerSkull	One of many trophies from Jenny's collection. Looks great on the wall.	Един от многото трофеи от колекцията на Джени. Изглежда страхотно на стената.	Un des nombreux trophées de la collection de Jenny. Rend bien sur le mur.	Трофей из многочисленной коллекции Дженни. Отлично смотрится на стене.
Items/EradicatorPoster	Eradicator Poster	Плакат на Ерадикатора	Affiche d'Éradicateur	Плакат с Уничтожителем
Items/DescEradicatorPoster	Electronic killer from future	Електронен убиец от бъдещето	Tueur électronique du futur	Электронный убийца из будущего
Items/SheMamaPoster	She Mama Poster	Постер на Ше Мама	She Mama Poster	Плакат с Женщиной-матерью
Items/DescSheMamaPoster	A touch of fantasy world in your home	Малко фантазия в твоя дом	Une touche de monde fantastique dans votre maison	Дух фэнтези у вас дома.
Items/SleeplessPoster	Sleepless Poster	Плакат на Безсънния	Poster des Éveillés	Плакат с Неспящими
Items/DescSleeplessPoster	They say that walls can have ears, but no one ever mentioned the eyes	Те казват, че стените имат уши, но никой не е споменавал за очите.	Ils disent que les murs peuvent avoir des oreilles, mais personne n'a jamais mentionné les yeux	Говорят, что у стен есть уши, но про глаза все почему-то молчат.
Items/WallShelf	Wall Shelf	Рафт за стена	Étagère	Настенная полка
Items/DescWallShelf	Perfect shelf for displaying items	Перфектната лавица за показване на предмети	Étagère parfaite pour exposer des objets	Идеальная полка для вещей.
Items/RussianCarpet	Jenny's Vintage Carpet	Старинен килим на Джени	Tapis Vintage de Jenny	Ковер бабули Дженни
Items/DescRussianCarpet	Special decorative carpet from Jenny's collection	Специален декоративен килим от колекцията на Джени	Tapis décoratif spécial de la collection Jenny	Особый декоративный ковер из коллекции Дженни.
Items/Chupakabra	Chupacabra	Чупакабра	Chupacabra	Чупакабра
Items/JennyPhoto	Jenny's Photo	Снимката на Джени	Photo de Jenny	Фотография Дженни
Items/Door	Passage	Проход	Passage	Проход
Items/RussianWallCarpet	Jenny's Wall Carpet	Килимът на Джени	Tapis Mural de Jenny	Настенный ковер Дженни
Items/DescRussianWallCarpet	Who said you can't put them on the wall?	Кой каза, че не можеш да ги сложиш на стената?	Qui a dit que vous ne pouviez pas les mettre au mur?	Кто сказал, что их нельзя вешать на стены?
Items/Dog	Dog	Куче	Chien	Собака
Items/DescDog	Domesticated canine, also known as "man's best friend". Surprisingly rare around Murricaville lately.\n	Домашно куче, известно още като „най-добрият приятел на човека“. Изненадващо рядко напоследък в Мъррикавил.\n	Chien domestique, connu également comme étant « le meilleur ami de l'homme ». Bizarrement plutôt rare ces derniers temps autour de Murricaville.	Одомашненный представитель семейства псовых, также известный как «лучший друг человека». Странно, но собаки все реже встречаются в Мерикосвиле.
Items/DogDen	Dog's lair	Леговище на кучето	Coussin pour chien	Собачья берлога
Items/DescDogDen	A place to rest for your dog. The dog will use it no matter where you place it. Magic!	Място за почивка на кучето ти. Кучето ще го използва, където и да го сложиш. Магия!	Un endroit dans lequel votre chien pourra se reposer. Le chien l'utilisera peu importe où vous le placez. Magique!	Здесь ваша собака может отдохнуть. Куда ни поставите берлогу – собака к ней прибежит. Магия!
Items/DogFeederBowl	Dog bowl	Купа за куче	Gamelle pour chien	Собачья миска
Items/DesDogFeederBowl	A basic bowl for your dog.	Основна купа за кучето ти.	Une gamelle basique pour votre chien.	Обыкновенная миска для вашей собаки.
Items/Milk1	Milk	Мляко	Lait	Молоко
Items/DescMilk1	Fresh organic milk. Tasty and nutritious.	Прясно органично мляко. Вкусно и хранително.	Lait frais bio. Savoureux et nutritif.	Свежее натуральное молоко. Вкусное и питательное.
Items/ChickenDen	Chicken coop	Кокошарник	Poulailler	Курятник
Items/DescChickenDen	A home for your chickens! Cozy, but gets loud sometimes.	Къщичка за твоите кокошки! Уютна, но понякога става шумно.	Une maison pour vos poules! Confortable, mais devient parfois bruyant.	Дом для ваших куриц! Уютное местечко, пусть иногда и шумное.
Items/GoatDen	Goats shed	Козината на козите пада	Abri pour chèvres	Сарай для коз
Items/DescGoatDen	A home for your goats! They can throw some wicked parties.	Дом за твоите кози! Те могат да организират страхотни купони.	Une maison pour vos chèvres! Elles peuvent y organiser des fêtes diaboliques.	Дом для ваших коз! Какие они могут устроить тут вечеринки...
Items/CowDen	Cow stall	Кравинарник	Étable pour vaches	Коровье стойло
Items/DesCowDen	A small living quarter for a cow.	Малка стая за крава.	Petit local pour une vache.	Маленькое коровье жилище.
Items/CowFeeder	Cow feeder	Хранилка за крави	Mangeoire pour vache	Коровья кормушка
Items/DesCowFeeder	Your cow can feed directly from it.	Твоята крава може да се храни директно от него.	Votre vache peut manger directement dedans.	Ваша корова может питаться прямо из нее.
Items/BatDecoration	Bat decoration	Украса за бункера	Décoration de chauve-souris	Украшение «летучие мыши»
Items/DescBatDecoration	Watch out, they can get entangled in your hair!	Внимавай, могат да се заплетат в косата ти!	Attention, elles peuvent s'emmêler dans vos cheveux!	Осторожней, они могут запутаться у вас в волосах!
Items/AlienSkull	Alien skull	Череп на извънземно	Crâne extraterrestre	Череп инопланетянина
Items/DescAlienSkull	A depiction of a slightly scary, completely fictional extraterrestrial creature.	Изображение на малко страшен, напълно измислен извънземен.	Une représentation de créature extraterrestre un peu effrayante et totalement fictive.	Рисунок немного жуткого и полностью выдуманного внеземного существа.
Items/PumpkinItem	Pumpkin	Тиква	Citrouille	Тыква
Items/DescPumpkinItem	The staple of the harvest/Halloween period. Coziness and metaphysical dread go very well together.	Основното на реколтата/ Хелоуин. Уютът и метафизичният страх вървят много добре заедно.	L'aliment de base de la période des récoltes/Halloween. Confort et angoisse métaphysique vont très bien ensemble.	Важнейший овощ во время сбора урожая/праздника Хэллоуин. Уют и метафизический ужас замечательно сочетаются.
Items/Scarecrow	Spooky scarecrow	Страховит плашило	Épouvantail effrayant	Страшное пугало
Items/DescScarecrow	Probably works better on you than on the birds.	Вероятно работи по-добре на теб, отколкото на птиците.	Fonctionne probablement mieux sur vous que sur les oiseaux.	Вероятно, вы боитесь его больше, чем птицы.
Items/JackOLantern	Jack O'Lantern	Тиква на Джак О'Лантърн	Jack O'Lantern	Фонарь из тыквы
Items/DescJackOLantern	A navigation aid for tormented souls and a perfect house decoration.	Помощно средство за изгубени души и перфектна декорация за дома.	Aide le voyage des âmes tourmentées, une décoration parfaite pour la maison.	Указывает замученным душам верный путь и служит прекрасным украшением для дома.
Items/SeedPumpkin	Pumpkin seeds	Семена от тиква	Graines de citrouille	Семена тыквы
Items/DesSeedPumpkin	Use them to grow more of the nutritious vegetable.	Използвай ги, за да отгледаш още от полезния зеленчук.	Utilisez-les pour faire pousser plus de légume nutritif.	Используйте их, чтобы вырастить побольше этих питательных овощей.
Items/PumpkinSoup	Pumpkin Soup	Тиква супа	Soupe à la citrouille	Тыквенный суп
Items/DesPumpkinSoup	Tasty, aromatic pumpkin soup.	Вкусна, ароматна тиквена супа.	Soupe à la citrouille savoureuse et aromatique.	Вкусный и ароматный тыквенный суп.
Items/PumpkinSoupCan	Canned pumpkin soup 	Консервирана тиква супа	Boîte de conserve de soupe à la citrouille	Банка тыквенного супа
Items/DesKeyPumpkinSoupCan	Canned pumpkin soup. It should last long.	Консервирана тиква. Трябва да издържи дълго.	Une boîte de conserve de soupe à la citrouille. Devrait se conserver longtemps.	Консервированный тыквенный суп. Простоит долго.
Items/HalloweenFlyer	Halloween flyer	Покана за Хелоуин	Prospectus d'Halloween	Хэллоуинская листовка
Items/DescHalloweenFlyer	Flyer with the info on the upcoming Halloween. Tacky, but somehow thrilling.	Флайер с информация за предстоящия Хелоуин. Кичозен, но някак вълнуващ.	Prospectus avec les informations sur le prochain Halloween. Collant, mais plutôt passionnant.	Листовка с подробностями о праздновании Хэллоуина. Безвкусная, но интерес привлекает.
Items/CandyBlue	Candy	Бонбон	Bonbon	Конфета
Items/DesCandyBlue	Yay, Halloween sweets! But do you remember where you got them from?	Уау, лакомства за Хелоуин! Но помниш ли откъде ги взе?	Ouai, des bonbons d'Halloween! Mais vous souvenez-vous d'où ils viennent?	Ура, хэллоуинские сладости! Но вы же помните, где их добыли?
Items/CandyRed	Candy	Бонбон	Bonbon	Конфета
Items/DesCandyRed	Yay, Halloween sweets! But do you remember where you got them from?	Уау, лакомства за Хелоуин! Но помниш ли откъде ги взе?	Ouai, des bonbons d'Halloween! Mais vous souvenez-vous d'où ils viennent?	Ура, хэллоуинские сладости! Но вы же помните, где их добыли?
Items/GoatAnimal	Goat	Коза	Chèvre	Коза
Items/DesGoatAnimal	A basic goat breed. Can give you wool and milk.	Обикновена коза. Може да ти даде вълна и мляко.	Race de chèvre ordinaire. Donne de la laine et du lait.	Обычная порода коз. Может давать шерсть и молоко.
Items/GoatBrown	Brown goat	Кафява коза	Chèvre brune	Коричневая коза
Items/DesGoatBrown	This breed can give you much wool and much milk. Whatever floats your goat!	Тази порода може да ти даде много вълна и много мляко. Каквото и да искаш от твоята коза!	Cette race peut vous donner plus de laine et de lait. Elle peut également vous rendre chèvre!	Эта порода может дать много шерсти и молока. А что еще нужно от козы?
Items/GoatWhite	White goat	Бяла коза	Chèvre blanche	Белая коза
Items/DesGoatWhite	A goat breed popular in this region. It can give you much wool, but doesn't produce that much milk.	Популярна порода кози в този регион. Дава много вълна, но не произвежда много мляко.	Une race de chèvre commune dans la région. Elle vous donnera plus de laine mais moins de lait.	Порода коз, популярная в регионе. Дает много шерсти, но не так много молока.
Items/ChickenAnimal	Chicken	Пиле	Poule	Курица
Items/DesChickenAnimal	A basic kind of chicken, a farm animal widespread around the world, with a well-known brown plumage. Lays eggs.	Обикновен вид пиле, широко разпространено по света, с добре познато кафяво оперение. Снася яйца.	Poule ordinaire, amimal très commun dans le monde entier, avec un plumage brun typique. Pond des œufs.	Обычная порода кур, имеет коричневое оперение. Домашняя птица, распространенная во всем мире. Откладывает яйца.
Items/ChickenAnimalWhite	White chicken	Бяла кокошка	Poule blanche	Белая курица
Items/DesChickenAnimalWhite	A white breed of chicken. Lays eggs like a regular chicken. Its feathers can be gathered and sold.	Бяла порода пиле. Снася яйца като обикновено пиле. Перата му могат да се събират и продават.	Race de poules blanches. Pond des œufs comme une poule ordinaire. Ses plumes peuvent être ramassées et vendues.	Белая порода кур. Несет яйца, как обычная курица. Перья можно собирать и продавать.
Items/ChickenAnimalGray	Gray chicken	Сива кокошка	Poule grise	Серая курица
Items/DesChickenAnimalGray	A chicken breed with white feathers and a black pattern on them. It produces feathers quicker, but eggs slower than the regular breed.	Пилешка порода с бели пера и черен модел върху тях. Произвежда пера по-бързо, но яйца по-бавно от обикновената порода.	Une poule avec des plumes blanches ornées de motifs noirs. Elle produit des plumes plus rapidement, mais met plus longtemps à produire des œufs que la poule ordinaire.	Порода кур с белыми перьями и черным рисунком. Производит больше перьев и меньше яиц, чем обычная порода.
Items/ChickenAnimalBlack	Black chicken	Черна кокошка	Poule noire	Черная курица
Items/DesChickenAnimalBlack	A black chicken, classy and meaning business. Quickest in laying eggs and reproducing. Can fetch a good price.	Черна кокошка, стилна и сериозна. Най-бърза в снасянето на яйца и размножаването. Може да донесе добра цена.	Poule noire, élégante et intéressante . En ce qui concerne la ponte et la reproduction, c'est elle la plus rapide. Elle peut être vendue un bon prix.	Черная курица, стильная и деловитая. Быстрее всех откладывает яйца и размножается. Может принести неплохую прибыль.
Items/RottenHey	Rotten hay	Гнила слама	Foin pourri	Гнилое сено
Items/BrokenFance	Broken fence	Счупена ограда	Clôture cassée	Сломанный забор
Items/FenceItem	Animals' Fence	Ограда за животни	Clôture pour animaux	Забор для животных
Items/DesFenceItem	A fence with a gate, simple but stylish. It allows you to border a space dedicated to animals. They cannot go through. 	Ограда с врата, проста, но стилна. Позволява ти да оградиш пространство, предназначено за животни. Те не могат да минат през нея.	Clôture avec un portail, simple mais stylée. Elle vous permet de clôturer un espace destiné aux animaux. Ils ne pourront pas passer au travers.	Забор с воротами, простой, но стильный. Позволяет ограничить пространство, предназначенное для животных, чтобы те не могли выбраться.
Items/BarnBackDoor	Barn door	Вратата на хамбара	Porte de l'étable	Дверь сарая
Items/Will	Will	Искаш ли да направиш нещо?	Will	Уилл
Items/WheatToCollect	Wild Wheat	Дива пшеница	Blé sauvage	Дикая пшеница
Items/ChickenFeeder	Chickens' feeder	Хранилка за пилета	Mangeoire pour poules	Куриная кормушка
Items/DesChickenFeeder	A feeder to provide proper nutrition to your chickens. You can give them grain, corn, sunflower, and other seeds.	Поилка за правилно хранене на твоите кокошки. Можеш да им даваш зърно, царевица, слънчоглед и други семена.	Une mangeoire pour nourrir correctement les poules. Elle permet de leur donner du blé, du maïs, du tournesol ou autres graines.	Кормушка для правильного питания цыплят. Вы можете давать им зерно, кукурузу, подсолнечник и другие семена.
Items/GoatFeeder	Goats' feeder	Храна за кози	Mangeoire pour chèvres	Козья кормушка
Items/DesGoatFeeder	A feeder for goats. They can be fed with hay or any kind of vegetables.	Поилка за кози. Може да се пълни със сено или всякакви зеленчуци.	Une mangeoire pour nourrir les chèvres. Elle permet de leur donner du foin ou toute autre sorte de légume.	Кормушка для коз. Их можно кормить сеном или любыми овощами.
Items/BrokenChickenHouse	Broken chicken coop	Счупена кокошарница	Poulailler abîmé.	Сломанный курятник
Items/DogeAnimal	Xeno	Ксено	Xeno	Ксено
Items/DesDogeAnimal	Xeno, a good boy that found his home at Will's farm, but can also get attached to a different caretaker. He is versatile and very intelligent, and can show you a variety of useful skills as you befriend him more and more.	Ксено, добро момче, което намери дом във фермата на Уил, но може да се привърже и към друг стопанин. Той е многофункционален и много умен и може да ти покаже разнообразни полезни умения, докато го опознаваш все повече и повече.	Xeno, un gentil toutou qui a élu domicile chez Will, mais qui peut également s'attacher à une autre personne qui s'occuperait de lui. Il est très flexible et intelligent et vous dévoilera ses nombreuses compétences au fur et à mesure que vous l'apprivoiserez.	Ксено – славный малый, который обрел дом на ферме Уилла, но может привязаться и к другому хозяину. Он очень развит и умен и может научить различным полезным навыкам по мере укрепления вашей дружбы.
Items/CowBrown	Brown cow	Кафява крава	Vache brune	Бурая корова
Items/DesCowBrown	A brown cow breed. It's not as good in producing milk as other cow species, but it reproduces quicker than other breeds and can be used for high-quality meat. 	Бронзова крава. Не е толкова добра в производството на мляко като другите видове крави, но се размножава по-бързо от другите породи и може да се използва за висококачествено месо.	Une race de vaches brunes. Elle ne produit pas autant de lait que les autres races, mais elle se reproduit plus rapidement et possède une viande de haute qualité.	Бурая порода коров. Не так хорошо дает молоко, как другие виды, но размножается быстрее и дает высококачественное мясо. 
Items/CowSpotted	Spotted cow	Забелязана крава	Vache tachetée	Пятнистая корова
Items/DesCowSpotted	A spotted cow. Makes you think of idyllic landscapes and also produces lots of milk.	Крава с петна. Кара те да мислиш за идилични пейзажи и също така произвежда много мляко.	Une vache tachetée. Évoque des paysages idylliques et produit également beaucoup de lait.	Пятнистая корова. Навевает мысли об идиллических пейзажах, а также дает много молока.
Items/CowWhite	White cow	Бяла крава	Vache blanche	Белая корова
Items/DesCowWhite	A white cow breed, a basic, all-purpose breed.	Бяла крава, основна, всестранна порода.	Une race de vache ordinaire polyvalente.	Порода коров, отличающаяся белым цветом. Распространенная, универсальная порода.
Items/Hamster	Golden hamster	Златен хамстер	Hamster doré	Золотистый хомяк
Items/DesHamster	A small hamster with a standard, golden coloration. Can produce a small amount of electricity in its hamster wheel.	Малък хамстер със стандартна, златна окраска. Може да произведе малко количество електричество в своето колело.	Un petit hamster d'une une couleur dorée typique. Produit une petite quantité d'électricité dans sa roue pour hamster.	Маленький хомячок со стандартной золотистой окраской. Может крутить колесо и вырабатывать немного электричества.
Items/Hamster2	Golden-white-grey hamster	Златисто-бяло-сив хамстер	Hamster gris, blanc et doré	Бело-серо-золотистый хомяк
Items/DesHamster2	A medium-sized hamster with a mixed, golden-white-grey coloration. Can produce a medium amount of electricity in its hamster wheel.	Средно голям хамстер с разноцветна козина в златисто, бяло и сиво. Може да произведе средно количество електричество в своето колело.	Un hamster de taille moyenne avec une robe mixte de couleur grise, blanche et dorée. Produit une quantité moyenne d'électricité dans sa roue pour hamster.	Хомяк среднего размера с бело-серо-золотистой окраской. Может крутить колесо и вырабатывать среднее количество электричества.
Items/Hamster3	Grey hamster	Сив хамстер	Hamster gris	Серый хомяк
Items/DesHamster3	A big, grey hamster. It's strong and can produce a big amount of electricity.	Голям сив хамстер. Силен е и може да произведе много електричество.	Un hamster de grande taille et de couleur grise. Très résistant, il produit une grande quantité d'électricité.	Большой серый хомяк. Сильный и может вырабатывать большое количество электроэнергии.
Items/HamsterCage	Basic hamster cage	Основна клетка за хамстер	Cage pour hamsters ordinaire	Стандартная клетка для хомяка
Items/DesHamsterCage	A basic, plastic cage with a small house. Good place to live for up to three hamsters.	Обикновена пластмасова клетка с малка къщичка. Добро място за живот на до три хамстера.	Une cage en plastique ordinaire avec une petite maison. Un endroit confortable pouvant abriter jusqu'à trois hamsters.	Стандартная пластиковая клетка с небольшим домиком. Хорошее место для жизни, вмещает до трех хомяков.
Items/HamsterCageBig	Large hamster cage	Голяма клетка за хамстери	Grande cage pour hamsters	Большая клетка для хомяков
Items/DesHamsterCageBig	A big cage with two separate small houses. Decent living quarters for up to six hamsters.	Голяма клетка с две отделни малки къщички. Прилични жилищни помещения за до шест хамстера.	Une grande cage avec deux petites maisons séparées. Un abri décent pour un maximum de six hamsters.	Большая клетка с двумя отдельными маленькими домиками. Достойное место для проживания, вмещает до шести хомяков.
Items/HamsterFeeder	Hamster cage with feeder	Клетка за хамстер с хранилка	Cage pour hamsters avec mangeoire	Клетка с кормушкой для хомяка
Items/DesHamsterFeeder	A hamster cage with a feeder included. The cute rodents can be fed with grain, vegetables, and seeds.	Клетка за хамстери с включен хранилка. Сладките гризачи могат да се хранят с зърно, зеленчуци и семена.	Une cage pour hamsters avec mangeoire intégrée. Ces adorables rongeurs peuvent être nourris de céréales, de légumes et de graines.	Клетка для хомяков с кормушкой в комплекте. Милых грызунов можно кормить зерном, овощами и семенами.
Items/HamsterGenerator	Hamster wheel generator	Генератор за колело на хамстер	Générateur de roue pour hamster	Колесо с генератором для хомяка
Items/DesHamsterGenerator	A hamster wheel plugged into a small electricity generator. An entertainment for your small pet and a clean source of energy for you. Don't forget to feed the hamsters!	Колело за хамстери, свързано с малък генератор. Забавление за твоя домашен любимец и чист източник на енергия за теб. Не забравяй да храниш хамстерите!	Une roue pour hamster équipée d'un petit générateur électrique. Il permet à vos petits animaux de faire de l'exercice tout en vous fournissant une energie propre. N'oubliez pas de nourrir vos hamsters !	Колесо для хомяка, подключенное к небольшому электрогенератору. Развлечение для вашего маленького питомца и чистый источник энергии для вас. Не забывайте кормить работяг!
Items/HamsterPipe	Hamster tubes	Тръби за хамстери	Tunnels pour hamster	Трубки для хомяков
Items/DesHamsterPipe	A way to connect all hamster cages.	Начин да свържеш всички клетки за хамстери.	Permet de connecter toutes les cages à hamsters.	Приспособление для соединения всех клеток хомяков.
Items/ChickenBabyBlack	Black chick	Черна пиленца	Poussin noir	Черный цыпленок
Items/DesChickenBabyBlack	A baby form of a black chicken. Will turn adult several days after hatching.	Пиленце от черен кокошка. Ще стане възрастно няколко дни след излюпването.	Un bébé de poule noire. Devient adulte quelques jours après l'éclosion.	Детеныш черной курицы. Вырастает во взрослую особь через несколько дней после вылупления.
Items/ChickenBabyGray	Grey chick	Сива пиленца	Poussin gris	Серый цыпленок
Items/DesChickenBabyGray	A baby form of a grey chicken. Will turn adult several days after hatching.	Пиленце от сива кокошка. Ще стане възрастно няколко дни след излюпването.	Un bébé de poule grise. Devient adulte quelques jours après l'éclosion.	Детеныш серой курицы. Вырастает во взрослую особь через несколько дней после вылупления.
Items/ChickenBabyWhite	White chick	Бяло пиленце	Poussin blanc	Белый цыпленок
Items/DesChickenBabyWhite	A baby form of a white chicken. Will turn adult several days after hatching.	Пиленце от бяла кокошка. Ще стане възрастно няколко дни след излюпването.	Un bébé de poule blanche. Devient adulte quelques jours après l'éclosion.	Детеныш белой курицы. Вырастает во взрослую особь через несколько дней после вылупления.
Items/ChickenBaby	Chick	Пиле	Poussin	Цыпленок
Items/DesChickenBaby	A baby form of a chicken. Will turn adult several days after hatching.	Пиленце. Ще порасне до възрастен пиле след няколко дни.	Un bébé de poule. Devient adulte quelques jours après l'éclosion.	Детеныш курицы. Вырастает во взрослую особь через несколько дней после вылупления.
Items/CowBabyBrown	Brown calf	Кафяво теле	Veau brun	Коричневый теленок
Items/DesCowBabyBrown	A baby form of a brown cow. Will turn adult several days after being born.	Малко теле от кафява крава. Ще стане възрастно няколко дни след раждането.	Un bébé de vache brune. Devient adulte quelques jours après la naissance.	Детеныш бурой коровы. Становится взрослой особью через несколько дней после рождения.
Items/CowBabySpotted	Spotted calf	Забелязано теле	Veau tacheté	Пятнистый теленок
Items/DesCowBabySpotted	A baby form of a spotted cow. Will turn adult several days after being born.	Бебе от петниста крава. Ще стане възрастно няколко дни след раждането.	Un bébé de vache tachetée. Devient adulte quelques jours après la naissance.	Детеныш пятнистой коровы. Становится взрослой особью через несколько дней после рождения.
Items/CowBabyWhite	White calf	Бяло теле	Veau blanc	Белый теленок
Items/DesCowBabyWhite	A baby form of a white cow. Will turn adult several days after being born.	Бебешка форма на бяла крава. Ще стане възрастно няколко дни след раждането.	Un bébé de vache blanche. Devient adulte quelques jours après la naissance.	Детеныш белой коровы. Становится взрослой особью через несколько дней после рождения.
Items/GoatBaby	Goat kid	Козле	Chevreau	Козленок
Items/DesGoatBaby	A baby form of a goat. Will turn adult several days after being born. Watch out! Kids run around more than adult goats.	Малко козле. Ще порасне след няколко дни. Внимавай! Малките козлета тичат повече от възрастните.	Un bébé de chèvre. Devient adulte quelques jours après la naissance. Surveillez-les! Les chevreaux cabriolent beaucoup plus que les chèvres adultes.	Детеныш козы. Становится взрослым через несколько дней после рождения. Осторожно! Малыши намного шустрее взрослых коз.
Items/GoatBabyBrown	Brown goat kid	Кафяво козле	Chevreau brun	Бурый козленок
Items/DesGoatBabyBrown	A baby form of a brown goat. Will turn adult several days after being born. Watch out! Kids run around more than adult goats.	Малко козле. Ще стане възрастно след няколко дни. Внимавай! Малките тичат повече от възрастните козли.	Un bébé de chèvre brune. Devient adulte quelques jours après la naissance. Surveillez-les! Les chevreaux cabriolent beaucoup plus que les chèvres adultes.	Детеныш бурой козы. Становится взрослым через несколько дней после рождения. Осторожно! Малыши намного шустрее взрослых коз.
Items/GoatBabyWhite	White goat kid	Бяло козле	Chevreau blanc	Белый козленок
Items/DesGoatBabyWhite	A baby form of a white goat. Will turn adult several days after being born. Watch out! Kids run around more than adult goats.	Бебешка форма на бяла коза. Ще стане възрастен няколко дни след раждането. Внимавай! Малките тичат повече от възрастните кози.	Un bébé de chèvre blanche. Devient adulte quelques jours après la naissance. Surveillez-les! Les chevreaux cabriolent beaucoup plus que les chèvres adultes.	Детеныш белой козы. Становится взрослым через несколько дней после рождения. Осторожно! Малыши намного шустрее взрослых коз.
Items/Globe	Globe	Сфера	globe	Глобус
Items/DesGlobe	An accurate model of our planet Earth. Shows you how much there is to see beyond Murricaville and our beloved country (bless the President).	Точен модел на нашата планета Земя. Показва ти колко много има да се види отвъд Мъррикавил и нашата любима страна (да благословим президента).	Un modèle précis de notre planète Terre. Vous montre tout ce qu'il y a à voir au-delà de Murricaville et de notre pays bien-aimé (béni soit le président).	Точная модель Земли. Показывает, как много интересного можно увидеть за пределами Мерикосвиля и нашей любимой страны (боже, храни президента).
Items/EarthDayFlatEarth	Square Earth poster	Плакат за Земята	Affiche Terre carrée	Плакат «Квадратная Земля»
Items/DesEarthDayFlatEarth	Flat-earthers intend to show how the globularist propaganda fabricates data to ridicule the truth about the Flat Earth. This is, of course, a preposterous belief: the Earth is actually a cube. Embrace the truth and don't lose your edge!	Плоскоземците искат да покажат как глобулистката пропаганда измисля данни, за да се подиграе на истината за Плоската Земя. Това, разбира се, е абсурдна вяра: Земята всъщност е куб. Приеми истината и не губи своя ръб!	Les partisans de la Terre plate ont l'intention de montrer comment la propagande globulariste fabrique des données pour ridiculiser la vérité sur la Terre plate. C'est, bien sûr, une croyance absurde : la Terre est en fait un cube. Embrassez la vérité et ne perdez pas votre avantage !	Сторонники плоской Земли пытаются показать, как пропаганда круглоземельщиков фальсифицирует данные, чтобы высмеять правду о плоской Земле. Разумеется, это все нелепо: Земля на самом деле представляет собой куб. Примите правду и поставьте ее во главу угла!
Items/EarthDayHearth	Earth Day – heart poster	Ден на Земята – плакат за сърцето	Jour de la Terre – affiche cœur	Плакат ко Дню Земли «Сердце»
Items/DesEarthDayHearth	Show your love for the environment with this beautiful design. Printed on sustainable, recycled paper.	Покажи любовта си към околната среда с този красив дизайн. Отпечатан на устойчива, рециклирана хартия.	Montrez votre amour pour l'environnement avec ce beau design. Imprimé sur du papier durable et recyclé.	Покажите свою любовь к окружающей среде с помощью этого красивого предмета. Напечатан на экологичной бумаге из переработанного сырья.
Items/EarthDayLeaf	Earth Day – leaf poster	Ден на Земята – плакат с листо	Jour de la Terre – affiche feuille	Плакат ко Дню Земли «Лист»
Items/DesEarthDayLeaf	Go green with this minimalistic design celebrating Earth Day. Take a breath and feel thankful to the plants.	Отиди зелено с този минималистичен дизайн, празнуващ Деня на Земята. Вдишай дълбоко и се почувствай благодарен на растенията.	Passez au vert avec ce design minimaliste célébrant le Jour de la Terre. Respirez et soyez reconnaissant envers les plantes.	Покажите свою любовь к природе с помощью этого минималистичного дизайна, посвященного Дню Земли. Сделайте вдох и поблагодарите растения.
Items/EarthDayTurtle	Earth Day – turtle poster	Ден на Земята – плакат с костенурка	Jour de la Terre – affiche tortue	Плакат ко Дню Земли «Черепаха»
Items/DesEarthDayTurtle	For this year's Earth Day, contemplate how our planet is like a giant turtle floating through space, carrying us all on its back... Wait, it's supposed to be a metaphor? Right?	За тазгодишния Ден на Земята, помисли как нашата планета е като гигантска костенурка, плаваща в космоса, носеща ни всички на гърба си... Чакай, това е метафора, нали?	Pour le Jour de la Terre de cette année, contemplez comment notre planète est comme une tortue géante flottant dans l'espace, nous portant tous sur son dos... Attendez, c'est censé être une métaphore ? à droite?	В этом году в День Земли задумайтесь о том, что наша планета похожа на гигантскую черепаху, плывущую через космос и несущую всех нас на своей спине... Подождите, это же метафора? Да?
Items/SuitJacketBlack	Suit Jacket - Black	Черно яке - Костюм	Veste de costume noire	Черный костюмный пиджак
Items/DesSuitJacketBlack	A timeless classic of men's fashion. Will give you a touch of professionalism and formality.	Вечен класически мъжки моден артикул. Ще ти придаде професионализъм и формалност.	Un classique intemporel de la mode masculine. Vous conférera une touche de professionnalisme et d'élégance.	Нестареющая классика мужской моды. Придаст вам профессионализм и официальность.
Items/SuitJacketBrown	Suit Jacket - Brown	Бунтър - Кафяв	Veste de costume marron	Коричневый костюмный пиджак
Items/DesSuitJacketBrown	An idealistic literature teacher or a disgruntled detective? Perhaps simply a fashion-conscious prepper.	Идеалистичен учител по литература или недоволен детектив? Може би просто моден препър.	Professeur de littérature idéaliste ou détective bourru? Peut-être juste un prepper à la pointe de la mode.	Мечтательный учитель литературы или раздраженный детектив? А может быть, вы просто следите за модой.
Items/SuitJacketYellow	Suit Jacket - Yellow	Жълт костюм — яке	Veste de costume jaune	Желтый костюмный пиджак
Items/DesSuitJacketYellow	A yellow suit jacket - because elegant doesn't have to mean dull.	Жълто яке - защото елегантността не трябва да означава скучно.	Veste de costume jaune - parce qu’élégance ne rime pas toujours avec ennui.	Желтый пиджак – потому что элегантный не означает скучный.
Items/SuitPantsBlack	Suit Pants - Black	Панталони - Черни	Pantalon de costume noir	Черные костюмные брюки
Items/DesSuitPantsBlack	Pants to go with a black suit jacket. But the Agency won't arrest you for mixing and matching.	Панталони за черен костюм. Но Агенцията няма да те арестува за смесване и съчетаване.	Le pantalon qui va avec la veste de costume noire. Mais l'Agence ne vous arrêtera pas si vous mélangez les couleurs.	Брюки, подходящие к черному пиджаку. Но Агентство не арестует вас, если надеть их с чем-то еще.
Items/SuitPantsBrown	Suit Pants - Brown	Панталони - Кафяви	Pantalon de costume marron	Коричневые костюмные брюки
Items/DesSuitPantsBrown	Pants to go with a brown suit jacket. But the Agency won't arrest you for mixing and matching.	Панталони, които да отиват с кафяво сако. Но Агенцията няма да те арестува за смесване и съчетаване.	Le pantalon qui va avec la veste de costume marron. Mais l'Agence ne vous arrêtera pas si vous mélangez les couleurs.	Брюки, подходящие к коричневому пиджаку. Но Агентство не арестует вас, если надеть их с чем-то еще.
Items/SuitPantsYellow	Suit Pants - Yellow	Панталони - Жълти	Pantalon de costume jaune	Желтые костюмные брюки
Items/DesSuitPantsYellow	Pants to go with a yellow suit jacket. But the Agency won't arrest you for mixing and matching.	Панталони, които вървят с жълто сако. Но Агенцията няма да те арестува за смесване и съчетаване.	Le pantalon qui va avec la veste de costume jaune. Mais l'Agence ne vous arrêtera pas si vous mélangez les couleurs.	Брюки, подходящие к желтому пиджаку. Но Агентство не арестует вас, если надеть их с чем-то еще.
Items/ElegantBootsBlack	Dress Shoes	Елегантни обувки	Chaussures de costume	Нарядные туфли
Items/DesElegantBootsBlack	Dress shoes for a suit. A surefire style choice.	Елегантни черни обувки за костюм. Сигурен стил.	Chaussures qui vont avec le costume. Un choix sûr à cent pour cent.	Нарядные туфли к костюму. Беспроигрышный стильный вариант.
Items/TShirtSleepless	Sleepless T-shirt	Безсънна тениска	T-shirt Les Éveillés	Футболка «Недремлющий»
Items/DesTShirtSleepless	Your secret organization is too secret for your liking? Deconspire it with style!	Твоята тайна организация е твърде тайна за твоя вкус? Разкрий я със стил!	Votre organisation secrète est trop secrète pour vous? Soulevez le secret avec classe!	Ваша тайная организация слишком секретна для вас? Слегка рассекретьте ее с помощью стиля!
Items/TShirtUFO	UFO T-shirt	Тениска с извънземно	T-Shirt OVNI	Футболка «НЛО»
Items/DesTShirtUFO	Wanna be your victim, ready for abduction.	Искаш да си моя жертва, готов за отвличане.	Moi petit homme extraterrestre STOP.	Похитьте уже меня!
Items/TShirtBobPlant	Bob the Plant T-shirt	Тениска на Боба Растението	T-Shirt Bob la Plante	Футболка «Кустик Боб»
Items/DesTShirtBobPlant	Celebrating Bob, the coolest plant in Murricaville.	Празнуваме Боб, най-якото растение в Мъррикавил.	En hommage à Bob, la plante la plus cool de Murricaville.	В честь Боба, самого крутого растения в Мерикосвиле.
Items/TShirtPreppared	Prepared T-shirt	Подготвена тениска	Le T-Shirt du Prepper	Футболка «Я выжил»
Items/DesTShirtPreppared	Sometimes you just see a piece of clothing that looks like designed specifically to you.	Понякога просто виждаш дреха, която изглежда сякаш е направена специално за теб.	Parfois, on trouve un vêtement qui a l'air conçu spécialement pour nous.	Иногда вам попадается одежда, которая выглядит так, будто создана специально для вас.
Items/TShirtNASARocket	FARSA T-shirt	ФАРСА тениска	T-Shirt AFARE	Футболка FARSA
Items/DesTShirtNASARocket	The Federal Aeronautics, Robotics & Space Administration doesn't have great achievements yet, but let's keep dreaming big.	Федералната администрация по аеронавтика, роботика и космос все още няма големи постижения, но нека продължим да мечтаем на едро.	L'Administration Fédérale de l’Aéronautique, de la Robotique et de l'Espace n'a pas encore de grandes réalisations à son actif, mais il faut rêver en grand.	У Федерального управления по аэронавтике, робототехнике и космосу пока нет других достижений, но давайте мечтать о большем.
Items/PilotJacketBrown	Pilot Jacket - Brown	Броня - Кафява	Veste de pilote marron	Коричневая куртка пилота
Items/DesPilotJacketBrown	A stylish pilot jacket. Takes the breath away from your admirers. 	Елегантна пилотска яке. Оставя без дъх твоите почитатели.	Une veste de pilote au style unique. À couper le souffle de vos admirateurs.	Стильная куртка пилота. От нее прямо дух захватывает у поклонников.
Items/PilotJacketBlack	Pilot Jacket - Black	Пилотско яке - черно	Veste de pilote noire	Черная куртка пилота
Items/DesPilotJacketBlack	A stylish pilot jacket. Takes the breath away from your admirers. 	Елегантна пилотска яке. Оставя без дъх твоите почитатели.	Une veste de pilote au style unique. À couper le souffle de vos admirateurs.	Стильная куртка пилота. От нее прямо дух захватывает у поклонников.
Items/RegularJacketBlack	Regular Jacket - Black	Черна редовна яке - Black	Veste ordinaire noire	Обычная черная куртка
Items/DesRegularJacketBlack	Casual yet stylish. A safe fashion choice.	Небрежен, но стилен. Безопасен моден избор.	Le style au quotidien. Une valeur sûre.	Приземленно и в то же время стильно. Безопасный выбор в плане моды.
Items/HikingBootsBrown	Hiking Boots - Brown	Туристически обувки - кафяви	Chaussures de randonnée marron	Коричневые походные ботинки
Items/DesHikingBootsBrown	Sturdy boots for all the diverse climates of Murricaville County.	Здрави ботуши за всички разнообразни климати на окръг Мюрикавил.	Des chaussures robustes pour affronter tous les climats de la région de Murricaville.	Прочные ботинки для самых разных климатических условий округа Мерикосвиль.
Items/HikingBootsBlack	Hiking Boots - Black	Черни туристически обувки	Chaussures de randonnée noires	Черные походные ботинки
Items/DesHikingBootsBlack	Sturdy boots for all the diverse climates of Murricaville County.	Здрави ботуши за всички разнообразни климати на окръг Мюрикавил.	Des chaussures robustes pour affronter tous les climats de la région de Murricaville.	Прочные ботинки для самых разных климатических условий округа Мерикосвиль.
Items/SneakersWhite	Sneakers - White	Кецове - Бели	Baskets blancs	Белые кроссовки
Items/DesSneakersWhite	Comfortable and youthful.	Удобни и младежки.	Confortables et jeunes.	Удобные и молодежные.
Items/SneakersBlack	Sneakers - Black	Обувки - Черни	Baskets noirs	Черные кроссовки
Items/DesSneakersBlack	Comfortable and youthful.	Удобни и младежки.	Confortables et jeunes.	Удобные и молодежные.
Items/SweatpantsBlack	Sweatpants - Black	Черни спортни панталони	Pantalon de survêtement noir	Черные спортивные штаны
Items/DesSweatpantsBlack	For when you need comfort, but also don't shy away from the striking, modern look.	За когато ти трябва комфорт, но и не се притесняваш от впечатляващия, модерен вид.	Lorsque vous avez besoin de confort sans pour autant vouloir renoncer à un look tape à l’œil et moderne.	Для тех случаев, когда вам нужен комфорт, но хочется быть ярким и современным.
Items/SweatpantsBlue	Sweatpants - Blue	Блузи - Сини	Pantalon de survêtement bleu	Синие спортивные штаны
Items/DesSweatpantsBlue	For when you need comfort, but also don't shy away from the striking, modern look.	За когато ти трябва комфорт, но и не се притесняваш от впечатляващия, модерен вид.	Lorsque vous avez besoin de confort sans pour autant vouloir renoncer à un look tape à l’œil et moderne.	Для тех случаев, когда вам нужен комфорт, но хочется быть ярким и современным.
Items/SweatpantsRed	Sweatpants - Red	Червени спортни панталони	Pantalon de survêtement rouge	Красные спортивные штаны
Items/DesSweatpantsRed	For when you need comfort, but also don't shy away from the striking, modern look.	За когато ти трябва комфорт, но и не се притесняваш от впечатляващия, модерен вид.	Lorsque vous recherchez le confort sans pour autant vouloir renoncer à un look tape à l’œil et moderne.	Для тех случаев, когда вам нужен комфорт, но хочется быть ярким и современным.
Items/CargoPantsBlack	Cargo Pants - Black	Черни панталони - Cargo Pants	Treillis noir	Черные брюки карго
Items/DesCargoPantsBlack	Pants for practical, down-to-earth-preppers.	Панталони за практични, земни препъри.	Pantalon pour les preppers pratiques et terre-à-terre.	Брюки для практичных, приземленных выживальщиков.
Items/CargoPantsRottenGreen	Cargo Pants - Olive Green	Панталони - Оливково зелени	Treillis vert olive	Оливково-зеленые брюки карго
Items/DesCargoPantsRottenGreen	Pants for practical, down-to-earth-preppers.	Панталони за практични, земни препъри.	Pantalon pour les preppers pratiques et terre-à-terre.	Брюки для практичных, приземленных выживальщиков.
Items/CargoPantsMoroKhaki	Cargo Pants - Camo	Камуфлажни панталони	Treillis camouflage	Камуфляжные брюки карго
Items/DesCargoPantsMoroKhaki	Pants for practical, down-to-earth-preppers.	Панталони за практични, земни препъри.	Pantalon pour les preppers pratiques et terre-à-terre.	Брюки для практичных, приземленных выживальщиков.
Items/RegularBlackJeans	Regular Black Jeans	Редовни черни дънки	Jean noir régulier	Обычные черные джинсы
Items/DesRegularBlackJeans	A slight modification of the tried and tested Mr. Prepper's attire.	Малка промяна на изпитания и тестван стил на г-н Препър.	Une légère modification de la tenue de Mr. Prepper qui a fait ses preuves.	Небольшая модификация проверенного временем наряда мистера Выживальщика.
Items/CapBob	Blue Baseball Cap	Синя бейзболна шапка	Casquette de baseball bleue	Синяя бейсболка
Items/DesCapBob	Inspired by the rebellious look of a certain mine keeper.	Вдъхновен от бунтарския вид на определен пазач на мина.	Inspirée du look rebelle d'un certain gardien de mine.	Дизайнер вдохновлялся бунтарским обликом некоего шахтера.
Items/CapBlackPrepper	Black Baseball Cap	Черна бейзболна шапка	Casquette de baseball noire	Черная бейсболка
Items/DesCapBlackPrepper	For people doing mindblowing things.	За хора, които правят невероятни неща.	Pour les gens qui font des choses époustouflantes.	Для людей, делающих потрясающие вещи.
Items/CapAsh	Red Baseball Cap	Червена бейзболна шапка	Casquette de baseball rouge	Красная бейсболка
Items/DesCapAsh	Tracking and hunting animals just somehow feels better in this cap.	С този капак проследяването и ловуването на животни просто се усеща по-добре.	Avec cette casquette, poursuivre et chasser des animaux parait tellement plus facile.	В этой кепке как-то приятнее выслеживать животных и охотиться на них.
Items/CowboyHatJoe	Brown Cowboy Hat	Кафява шапка на каубой	Chapeau de cow-boy marron	Коричневая ковбойская шляпа
Items/DesCowboyHatJoe	Sometimes you just gotta channel your local conspiracy theorist.	Понякога просто трябва да се впуснеш в местната конспиративна теория.	Parfois, vous avez juste envie de vous mettre dans la peau du théoricien du complot local.	Иногда вам просто необходимо выпустить на волю своего внутреннего конспиролога.
Items/CowboyHatWhite	White Cowboy Hat	Бяла каубойска шапка	Chapeau de cow-boy blanc	Белая ковбойская шляпа
Items/DesCowboyHatWhite	Don't be shy, the world is probably ending anyway.	Не бъди срамежлив, светът така или иначе сигурно свършва.	Un peu d'audace, la fin du monde est proche, de toute manière.	Не стесняйтесь, конец света все равно наступит.
Items/BlackGlasses	Black Shades	Черни очила	Lunettes de soleil noires	Черные очки
Items/DesBlackGlasses	Mysterious.	Мистериозен.	Mystérieuses.	Загадка.
Items/Glasses	Grey Shades	Сиви сенки	Lunettes de soleil grises	Серые очки
Items/DesGlasses	When you want to be mysterious, but you also want to see something.	Когато искаш да си мистериозен, но също така искаш да видиш нещо.	Si vous voulez avoir l'air mystérieux tout en voyant quand même un peu quelque chose.	Когда хочется быть загадочным, но при этом видеть, что происходит вокруг.
Items/FishTemptationTechniques	Fish Luring Companion Guide	Ръководство за примамване на риба	Guide pratique de l'appâtage	Руководство по приманиванию рыбы
Items/DesFishTemptationTechniques	Get to know the intricacies of fish luring! With the help of knowledge from this book, the fish will come swarming to you.\n	Научи тънкостите на примамването на риба! С помощта на знанията от тази книга, рибите ще се стичат към теб.\n	Apprenez les techniques d'appâtage des poissons! Grâce aux connaissances que renferme ce livre, les poissons viendront vers vous par bancs entiers.	Познакомьтесь с тонкостями использования приманки! Воспользуйтесь знаниями из этой книги, и рыба будет приплывать к вам косяками.
Items/GroundbaitVirtuoso	Baits of Excellent Quality 	Примамки с отлично качество	Appâts d'excellente qualité	Превосходная приманка
Items/DesGroundbaitVirtuoso	Learn the expert tips to catch the rarest of fish.	Научи експертните съвети за улов на най-редките риби.	Découvrez les conseils des experts pour attraper les poisson les plus rares.	Узнайте советы экспертов, чтобы поймать самую редкую рыбу.
Items/MaintenanceOfTheFishermansEquipment	Fisherperson's Guide to Equipment Maintenance	Ръководство за поддръжка на екипировката на рибаря	Guide du Pêcheur pour l'Entretien de l'Équipement	Руководство рыбака по обслуживанию оборудования
Items/DesMaintenanceOfTheFishermansEquipment	Untangle all the lines, hooks, tackles and rods with this handy guide! It will surely help to keep your equipment in shape.	Разплети всички въжета, куки, примамки и пръчки с тази полезна инструкция! Тя със сигурност ще ти помогне да поддържаш екипировката си в добро състояние.	Grâce à ce guide pratique, démêlez toutes vos lignes, hameçons, flotteurs et cannes à pêche! Ça vous aidera sûrement à garder votre équipement en bon état.	Распутайте все лески, крючки, снасти и удочки с помощью этого удобного руководства! Оно обязательно поможет поддерживать ваше снаряжение в порядке.
Items/CarAutopilotChip1	Car Autopilot AI Chip	Чип за автопилот на кола	Puce AI de pilote automatique de voiture	Чип ИИ автопилота автомобиля
Items/DesCarAutopilotChip1	Sit back and enjoy! Allows to upgrade the car with an autopilot function. Consumes a bit more fuel.	Отпусни се и се наслаждавай! Позволява да надстроиш колата с автопилот. Изразходва малко повече гориво.	Asseyez-vous et profitez-en! Permet de mettre à niveau la voiture avec une fonction de pilote automatique. Consomme un peu plus de carburant.	Усаживайтесь поудобнее и наслаждайтесь! Теперь у вашего автомобиля есть функция автопилота, но он потребляет немного больше топлива.
Items/CarAutopilotChip2	Solar Panels for Cars with AI Chip	Соларни панели за коли с AI чип	Panneaux solaires pour voitures avec puce AI	Солнечные панели для автомобиля с чипом ИИ
Items/DesCarAutopilotChip2	Solar power! Adds solar panels to your car. With this upgrade, your autopilot will no longer use extra fuel.	Слънчева енергия! Добавя слънчеви панели към колата ти. С тази надстройка автопилотът ти вече няма да използва допълнително гориво.	Énergie solaire! Ajoute des panneaux solaires à votre voiture. Avec cette mise à niveau, votre pilote automatique n'utilisera plus de carburant supplémentaire.	Солнечная энергия! Обеспечивает автомобиль солнечными батареями. Теперь автопилот не расходует топливо.
Items/Reoiler	Oil Refiller	Презареждач на масло	Remplissage d'huile	Автозаправщик
Items/DesReoiler	Automatically refills oil in the refinery.	Автоматично зарежда масло в рафинерията.	Remplit automatiquement l'huile dans la raffinerie.	Автоматически пополняет запасы нефти в аппарате для очистки.
Items/WolfFootprints	Animal pawprints	Следи от лапи на животни	Empreintes d'animaux	Следы животных
Items/Hole	Hole in the barn	Дупка в хамбара	Trou dans l'étable	Дыра в сарае
Items/HumanFootprints	Human footprints	Човешки следи	Empreintes humaines	Человеческие следы
Items/MazeCube	A hay cube you can shoot at, color-coded. Is it used for a game of sorts?	Куб от сено, по който можеш да стреляш, с цветни кодове. Използва ли се за някаква игра?	Une botte de foin avec des marques de couleur dans laquelle vous pouvez tirer, certainement utilisée pour un jeu.	Брикет сена с цветовой маркировкой, в который можно стрелять. Он здесь для какой-то игры?
Items/FishingBridge	Fishing pier	Пристан за риболов	Ponton de pêche	Рыболовный пирс
Items/Castle	Castle decoration	Декорация на бункера	Château	Декоративный замок
Items/DesCastle	Aquarium decoration item in the shape of castle. For when you want to achieve militant yet romantic style of your fish tank.	Декорация за аквариум във формата на замък. За когато искаш да постигнеш военен, но романтичен стил на твоя аквариум.	Objet de décoration pour aquarium en forme de château. Si vous voulez un style de décoration guerrier et romantique pour votre aquarium.	Украшение в виде замка для аквариума. Если хотите сделать аквариум более воинственным, но в то же время романтичным.
Items/Rocket	Rocket decoration	Украса за ракета	Fusée	Декоративная ракета
Items/DesRocket	Rocket decoration for your aquarium. Perhaps it will inspire one of your fish to dream of a world without rules and regulations.	Украса за аквариума ти. Може би ще вдъхнови някоя от рибите ти да мечтае за свят без правила и регулации.	Objet de décoration en forme de fusée pour votre aquarium. Peut-être que ça inspirera un de vos poissons à rêver d'un monde sans lois ni règles.	Украшение в виде ракеты для аквариума. Возможно, оно вдохновит одну из ваших рыбок на мысли о мире без правил и границ.
Items/SmallRocks	Small rocks	Малък камък	Petits rochers	Маленькие камни
Items/DesSmallRocks	Small decorative rocks for your aquarium. Fish love that stuff.	Малки декоративни камъчета за аквариума ти. Рибките обожават такива неща.	Petites pierres décoratives pour votre aquarium. Les poissons adorent ça.	Небольшие декоративные камни для аквариума. Рыбы любят такие штуки.
Items/Seaweed	Seaweed decoration	Украса от водорасли	Algues	Декоративное растение
Items/DesSeaweed	Decorative seaweed for your aquarium. A timeless classic.	Декоративна морска трева за твоя аквариум. Вечна класика.	Algues décoratives pour votre aquarium. Un classique intemporel.	Декоративное аквариумное растение. Нестареющая классика.
Items/Shell	Shell decoration	Декорация на черупката	Coquillage	Декоративная ракушка
Items/DesShell	Decorative shell for your aquarium.	Декоративна черупка за аквариума ти.	Coquillage décoratif pour votre aquarium.	Декоративная ракушка для вашего аквариума.
Items/Ship	Ship decoration	Украса на кораб	Bateau	Декоративный корабль
Items/DesShip	Decorative ship for your aquarium. Evokes feelings of greatness long lost.	Декоративна лодка за аквариума ти. Събужда чувства на отдавна изгубена величие.	Bateau décoratif pour votre aquarium. Évoque des sentiments de nostalgie à l'égard d'une grandeur depuis longtemps perdue.	Украшение в виде корабля для аквариума. Вызывает чувство давно утраченного величия.
Items/Starfish	Starfish decoration	Украса от морски звезди	Étoile de mer	Декоративная морская звезда
Items/DesStarfish	Starfish-shaped aquarium decoration. Please don't break the arms, they probably won't grow back.	Декорация за аквариум във формата на звезда. Моля, не чупи ръцете, вероятно няма да пораснат отново.	Décoration d'aquarium en forme d'étoile de mer. Ne cassez pas les branches, s'il vous plaît, elles ne repousseront probablement pas.	Аквариумное украшение в форме морской звезды. Только не ломайте конечности, они, скорее всего, не отрастут.
Items/AquaStick	Stick decoration	Декорация за пръчка	Bâton	Декоративная палка
Items/DesAquaStick	A stick for your aquarium. Contributes to a more natural look.	Дървен прът за аквариума ти. Придава по-естествен вид.	Bâton pour votre aquarium. Contribue à un look plus naturel.	Палка для вашего аквариума. Создает более естественный вид.
Items/Volcano	Volcano decoration	Украса за вулкана	Volcan	Декоративный вулкан
Items/DesVolcano	Volcano decoration for your aquarium. For if you think your basement still lacks explosive things.	Украса за аквариума ти във формата на вулкан. Защото ако смяташ, че мазето ти все още не е достатъчно експлозивно.	Volcan décoratif pour votre aquarium. Idéal si vous pensez qu'il n'y a pas assez d'explosifs dans votre cave.	Декорация в виде вулкана для вашего аквариума. Если вам кажется, что в подвале все еще недостаточно опасных штуковин.
Items/BeesCareBook	Bees Care Book - To Bee or not to Bee	Книга за грижа за пчелите - Да бъдеш или да не бъдеш пчела	Livre d'apiculture - To Bee or not to Bee	Книга по уходу за пчелами: бззть или не бззть
Items/DesBeesCareBook	This beginner's guide to beekeping will teach you how to build beehives and start your first apiary.	Тази начална ръководство за пчеларство ще те научи как да строиш кошери и да започнеш първата си пчелина.	Ce manuel d'apiculture pour débutants vous apprendra comment construire des ruches et comment démarrer votre premier rucher.	Это руководство по пчеловодству для начинающих научит вас строить ульи и управлять своей первой пасекой.
Items/ChickenCareBook	Chickens Care Book - How to Win the Game of Chicken	Книга за грижа за кокошките - Как да спечелиш играта на кокошките	Livre d'élevage des Poules – Pour ceux qui n'ont pas la chair de poule	Книга по уходу за цыплятами: как считать цыплят по осени
Items/DesChickenCareBook	Thanks to stellar advice contained in this book, you will be able to build top-notch chicken coops and feeders.	Благодарение на страхотните съвети в тази книга, ще можеш да построиш първокласни кокошарници и хранилки.	Grâce aux précieux conseils contenus dans ce livre, vous construirez des poulaillers et des mangeoires de qualité.	Благодаря замечательным советам из этой книги вы построите первоклассные курятники и кормушки.
Items/CowCareBook	Cows Care Book - How to Become a Cowboy (or Cowgirl, or Cowperson)	Книга за грижа за кравите - Как да станеш каубой (или каугърл, или каупърсън)	Livre d'élevage bovin - Comment devenir un cow-boy (ou une cow-girl, ou une cow-personne)	Книга по уходу за коровами: как стать ковбоем (ковбойшей или ковперсоной)
Items/DesCowCareBook	This book will help you fulfill your dream about cattle farming, starting from preparing stalls and feeders for your herd.	Тази книга ще ти помогне да осъществиш мечтата си за отглеждане на добитък, започвайки от подготовката на боксове и хранилки за стадото ти.	Ce livre vous permettra de réaliser votre rêve d'élevage bovin, en commençant par la préparation des stalles et des mangeoires pour votre troupeau.	Эта книга поможет вам осуществить мечту о разведении крупного рогатого скота, начиная с подготовки стойл и кормушек для вашего стада.
Items/DogCareBook	Dogs Care Book - Making Your Dog Happy: A DIY Edition	Книга за грижа за кучета - Направи си сам: Как да направиш кучето си щастливо	Livre d'élevage canin – Faites le bonheur de votre chien : une édition Système D	Книга по уходу за собаками: осчастливь своего друга. Издание «Сделай сам»
Items/DesDogCareBook	Learn quickly and painlessly how to prepare a bowl and a lair for your best friend.	Научи бързо и безболезнено как да приготвиш купа и леговище за най-добрия си приятел.	Apprenez rapidement et sans douleur comment préparer la gamelle et le coussin de votre meilleur ami.	Узнайте быстро и безболезненно, как подготовить миску и уголок для вашего лучшего друга.
Items/GoatCareBook	Goats Care Book - Goat Luxury: Starter's Guide	Книга за грижа за козите - Козешки лукс: Ръководство за начинаещи	Livre d'élevage caprin - Goat Luxury: Comment commencer?	Книга по уходу за козами: козий люкс. Руководство для начинающих
Items/DesGoatCareBook	This book will instruct you on how to give your goats what they deserve, starting with their living quarters and feeders.	Тази книга ще те научи как да осигуриш на козите си това, което заслужават, започвайки с жилищните им помещения и хранилките.	Ce livre vous expliquera comment donner à vos chèvres ce qu'elles méritent, en commençant par leur logement et leurs mangeoires.	В этой книге вы узнаете, как дать вашим козам то, чего они заслуживают, начиная с жилья и кормушек.
Items/HamsterCareBook	Hamsters Care Book - Hamster High Life	Книга за грижа за хамстери - Високият живот на хамстерите	Livre d'élevage des hamsters – Hamster High Life	Книга по уходу за хомяками: светская жизнь хомяка
Items/DesHamsterCareBook	Learn how to raise the living standard of your favorite fluffy rodents! After reading, you will be able to make their cages and equip them with hamster wheels and systems of pipes.	Научи как да подобриш стандарта на живот на любимите си пухкави гризачи! След като прочетеш, ще можеш да направиш техните клетки и да ги оборудваш с колела и системи от тръби.	Découvrez comment améliorer le niveau de vie de vos boules de poils préférées ! Après l'avoir lu, vous serez capable de leur fabriquer une cage et de l'équiper de roues pour hamsters et de systèmes de tunnels.	Узнайте, как повысить уровень жизни ваших любимых пушистых грызунов! Прочитав книгу, вы сможете сделать для клетки и оборудовать их колесами и трубами.
Items/BlackBass	Black bass	Черна бас	Achigan à grande bouche	Черный окунь
Items/DesBlackBass	A classic American bass. You can keep it in your shelter if you have an aquarium room upgrade. Can be turned into fish fillets.	Класически американски бас. Можеш да го държиш в убежището си, ако имаш надстройка за аквариумна стая. Може да се превърне във филета от риба.	Un achigan américain classique. Vous pouvez le mettre dans votre abri si vous avez procédé à une amélioration de la salle d'aquarium. Peut être transformé en filets de poisson.	Классический американский окунь. Содержится в убежище, если у вас улучшена аквариумная комната. Можно приготовить рыбное филе.
Items/StripedBass	Striped bass	Пъстърва	Bar rayé	Полосатый окунь
Items/DesStripedBass	A stripped bass, a very tough fish. You can keep it in your shelter if you have an aquarium room upgrade. Can be turned into fish fillets.	Една стрипана пъстърва, много трудна за улов риба. Можеш да я държиш в бункера си, ако имаш стая за аквариум. Може да се превърне във филета.	Un bar rayé, poisson très combatif. Vous pouvez le mettre dans votre abri si vous avez procédé à une amélioration de la salle d'aquarium. Peut être transformé en filets de poisson.	Полосатый окунь – очень выносливая рыба. Содержится в убежище, если у вас улучшена аквариумная комната. Можно приготовить рыбное филе.
Items/WhitePerch	White perch	Бяла пъстърва	Perche blanche	Белый окунь
Items/DesWhitePerch	White perch, a brave little fish. You can keep it in your shelter if you have an aquarium room upgrade. Can be turned into fish fillets.	Бяла перка, смела малка рибка. Можеш да я държиш в убежището си, ако имаш стая за аквариум. Може да се превърне във филета.	La perche blanche, un petit poisson courageux. Vous pouvez la garder dans votre abri si vous avez procédé à une amélioration de la salle d'aquarium. Peut être transformée en filets de poisson.	Белый окунь – маленькая смелая рыбка. Содержится в убежище, если у вас улучшена аквариумная комната. Можно приготовить рыбное филе.
Items/YellowPerch	Yellow perch	Жълта костурка	Perchaude	Желтый окунь
Items/DesYellowPerch	A pretty, colorful perch. You can keep it in your shelter if you have an aquarium room upgrade. Can be turned into fish fillets.	Едно красиво, цветно кътче. Можеш да го държиш в убежището си, ако имаш надстройка за аквариумна стая. Може да се превърне във филе от риба.	Un joli poisson coloré. Vous pouvez le mettre dans votre abri si vous avez procédé à une amélioration de la salle d'aquarium. Peut être transformé en filets de poisson.	Красивый, яркий окунь. Содержится в убежище, если у вас улучшена аквариумная комната. Можно приготовить рыбное филе.
Items/BlackCatfish	Black catfish	Черна котка риба	Poisson-chat noir	Черный сом
Items/DesBlackCatfish	A common catfish, somewhat difficult to cook properly. You can keep it in your shelter if you have an aquarium room upgrade. Can be turned into fish fillets.	Една обикновена риба-котка, малко трудна за правилно готвене. Можеш да я държиш в убежището си, ако имаш надстройка за аквариумна стая. Може да се превърне във филе от риба.	Un poisson-chat commun, un peu difficile à cuisiner. Vous pouvez le mettre dans votre abri si vous avez procédé à une amélioration de la salle d'aquarium. Peut être transformé en filets de poisson.	Обычный сом, которого трудно правильно приготовить. Содержится в убежище, если у вас улучшена аквариумная комната. Можно приготовить рыбное филе.
Items/BlueCatfish	Blue catfish	Синя котка-мишка	Poisson-chat bleu	Голубой сом
Items/DesBlueCatfish	A tough fish, you can feel proud of having it in your collection. You can keep it in your shelter if you have an aquarium room upgrade. Can be turned into fish fillets.	Твърда риба, с която можеш да се гордееш в колекцията си. Можеш да я държиш в убежището си, ако имаш надстройка за аквариумна стая. Може да се превърне във филета.	Un poisson combatif, vous pouvez être fier de l'avoir dans votre collection. Vous pouvez le mettre dans votre abri si vous avez procédé à une amélioration de la salle d'aquarium. Peut être transformé en filets de poisson.	Выносливая рыба, можете гордиться тем, что она есть в вашей коллекции. Содержится в убежище, если у вас улучшена аквариумная комната. Можно приготовить рыбное филе.
Items/Tigerfish	Tigerfish	Тигрова риба	Poisson tigre	Тигровая рыба
Items/DesTigerfish	A true fighter, but it still can land in your aquarium. You can keep it in your shelter if you have an aquarium room upgrade. Can be turned into fish fillets.	Истински боец, но все пак може да попадне в аквариума ти. Можеш да го държиш в убежището си, ако имаш надстройка за стая с аквариум. Може да се превърне във филета от риба.	Un vrai combattant, mais il peut toujours atterrir dans votre aquarium. Vous pouvez le mettre dans votre abri si vous avez procédé à une amélioration de la salle d'aquarium. Peut être transformé en filets de poisson.	Настоящий боец, который может поселиться в вашем аквариуме. Содержится в убежище, если у вас улучшена аквариумная комната. Можно приготовить рыбное филе.
Items/WhiteCatfish	White catfish	Бяла риба	Poisson-chat blanc	Белый сом
Items/DesWhiteCatfish	White catfish, a rare catch. You can keep it in your shelter if you have an aquarium room upgrade. Can be turned into fish fillets.	Бяла риба, рядка находка. Можеш да я държиш в убежището си, ако имаш надстройка за аквариумна стая. Може да се превърне във филета.	Poisson-chat blanc, une prise rare. Vous pouvez le mettre dans votre abri si vous avez procédé à une amélioration de la salle d'aquarium. Peut être transformé en filets de poisson.	Белый сом, редкий улов. Содержится в убежище, если у вас улучшена аквариумная комната. Можно приготовить рыбное филе.
Items/EmeraldMinnow	Emerald minnow	Смарагдова рибка	Vairon émeraude	Изумрудный пескарь
Items/DesEmeraldMinnow	A very pretty, shiny fish. It can be held in an aquarium of any size. Filleting this fish will give you a great bait.	Много красива, лъскава риба. Може да се държи в аквариум с всякакъв размер. Ако я филетираш, ще получиш страхотна стръв.	Un très joli poisson brillant. Vous pouvez le mettre dans un aquarium de n'importe quelle taille. Ce poisson vous donnera un excellent appât une fois fileté.	Очень красивая, блестящая рыбка. Ее можно содержать в аквариуме любого размера. Из филе этой рыбы получится замечательная наживка.
Items/GoldMinnow	Gold minnow	Златна рибка	Vairon doré	Золотой пескарь
Items/DesGoldMinnow	A rare decorative fish. It can be held in an aquarium of any size. Filleting this fish will give you an excellent bait.	Редки декоративни рибки. Може да се държат в аквариум с всякакъв размер. Ако ги почистиш, ще получиш отлична стръв.	Un poisson d'ornement rare. Vous pouvez le mettre dans un aquarium de n'importe quelle taille.  Ce poisson vous donnera un excellent appât une fois fileté.	Редкая декоративная рыбка. Ее можно содержать в аквариуме любого размера. Из филе этой рыбы получится отличная наживка.
Items/SilverMinnow	Silver minnow	Сребърна рибка	Vairon argenté	Серебряный пескарь
Items/DesSilverMinnow	A shiny, shimmering small fish. It can be held in an aquarium of any size. Filleting this fish will give you a good bait.	Блестяща, трептяща малка рибка. Може да се отглежда в аквариум с всякакъв размер. Ако я почистиш, ще получиш добра стръв.	Un petit poisson brillant, aux couleurs chatoyantes.Vous pouvez le mettre dans un aquarium de n'importe quelle taille. Ce poisson vous donnera un excellent appât une fois fileté.	Блестящая, переливающаяся маленькая рыбка. Ее можно содержать в аквариуме любого размера. Из филе этой рыбы получится хорошая наживка.
Items/WhiteMinnow	White minnow	Бяла мряна	Vairon	Белый пескарь
Items/DesWhiteMinnow	White minnow, a common fish, popular in aquariums. It can be held in an aquarium of any size. Filleting this fish will give you a basic bait.	Бяла рибка, често срещана в аквариуми. Може да се отглежда в аквариум от всякакъв размер. При почистване на тази риба ще получиш основна стръв.	Le vairon est un poisson commun, souvent rencontré dans les aquariums. Vous pouvez le mettre dans un aquarium de n'importe quelle taille. Ce poisson vous donnera un excellent appât une fois fileté.	Белый пескарь, обычная рыбка, популярная у аквариумистов. Ее можно содержать в аквариуме любого размера. Из филе этой рыбы получится обычная наживка.
Items/PinkSalmon	Pink salmon	Розова сьомга	Saumon rose	Розовый лосось
Items/DesPinkSalmon	A popular kind of salmon. You can keep it in your shelter if you have an aquarium room upgrade. Can be turned into fish fillets.	Популярен вид сьомга. Можеш да я държиш в убежището си, ако имаш аквариумна стая. Може да се превърне във филе от риба.	Un saumon assez commun. Vous pouvez le mettre dans votre abri si vous avez procédé à une amélioration de la salle d'aquarium. Peut être transformé en filets de poisson.	Популярный вид красной рыбы. Содержится в убежище, если у вас улучшена аквариумная комната. Можно приготовить рыбное филе.
Items/RedSalmon	Red salmon	Червена сьомга	Saumon rouge	Красный лосось
Items/DesRedSalmon	A red salmon, very intense both in looks and behavior. You can keep it in your shelter if you have an aquarium room upgrade. Can be turned into fish fillets.	Червена сьомга, много интензивна както на външен вид, така и в поведението си. Можеш да я държиш в убежището си, ако имаш надстройка за аквариумна стая. Може да се превърне във филета от риба.	Un saumon rouge, très intense, autant dans son apparence que dans son comportement. Vous pouvez le mettre dans votre abri si vous avez procédé à une amélioration de la salle d'aquarium. Peut être transformé en filets de poisson.	Красная рыба, отличающаяся как внешним видом, так и поведением. Содержится в убежище, если у вас улучшена аквариумная комната. Можно приготовить рыбное филе.
Items/GoldTrout	Gold trout	Златна пъстърва	Truite dorée	Золотая форель
Items/DesGoldTrout	A gold trout, very sought-after in the fishing community. You can keep it in your shelter if you have an aquarium room upgrade. Can be turned into fish fillets.	Златна пъстърва, много търсена в риболовната общност. Можеш да я държиш в убежището си, ако имаш надстройка за аквариумна стая. Може да се превърне във филета.	La truite dorée est très prisée par les pêcheurs. Vous pouvez la mettre dans votre abri si vous avez procédé à une amélioration de la salle d'aquarium. Peut être transformée en filets de poisson.	Золотая форель очень востребована в рыболовном сообществе. Содержится в убежище, если у вас улучшена аквариумная комната. Можно приготовить рыбное филе.
Items/RainbowTrout	Rainbow trout	Пъстърва	Truite arc-en-ciel	Радужная форель
Items/DesRainbowTrout	A very energetic and pretty fish.  You can keep it in your shelter if you have an aquarium room upgrade. Can be turned into fish fillets.	Една много енергична и красива риба. Можеш да я държиш в убежището си, ако имаш надстройка за аквариумна стая. Може да се превърне във филета от риба.	Un poisson très énergique et très beau. Vous pouvez la mettre dans votre abri si vous avez procédé à une amélioration de la salle d'aquarium. Peut être transformée en filets de poisson.	Очень энергичная и красивая рыбка. Содержится в убежище, если у вас улучшена аквариумная комната. Можно приготовить рыбное филе.
Items/Expert rod	Expert fishing rod	Експертна риболовна пръчка	Canne à pêche expert	Профессиональная удочка
Items/DesExpert rod	A superb fishing rod. Allows you to catch any type of fish and is especially effective with salmons and trouts.	Превъзходна риболовна пръчка. Позволява ти да ловиш всякакъв вид риба и е особено ефективна за сьомги и пъстърви.	Une superbe canne à pêche. Vous permet d'attraper tout type de poisson, particulièrement efficace avec les saumons et les truites.	Превосходное удилище. Позволяет ловить любой вид рыбы, особенно эффективно для лосося и форели.
Items/Good rod	Good fishing rod	Добра риболовна пръчка	Bonne canne à pêche	Хорошая удочка
Items/DesGood rod	A decent fishing rod. It will allow you to catch pretty much anything, but it's best suitable for catching the middle-range fish.	Свястно въдица. С нея можеш да ловиш почти всичко, но е най-подходяща за средно големи риби.	Une canne à pêche décente. Elle vous permettra d'attraper à peu près n'importe quoi, mais elle est particulièrement intéressante pour attraper les poissons de milieu de gamme.	Достойное удилище. Позволит поймать практически все, но лучше всего подходит для ловли рыбы среднего размера.
Items/Old rod	Old fishing rod	Стара риболовна пръчка	Vieille canne à pêche	Старая удочка
Items/DesOld rod	It's not a cutting-edge fishing technology, but it's better than nothing. You'll be able to catch smaller fish with this, but don't get your hopes high for bigger and stronger ones.	Не е най-модерната риболовна технология, но е по-добре от нищо. С това ще можеш да ловиш по-малки риби, но не очаквай големи и силни.	Ce ne sera pas la technologie de pêche la plus sophistiquée, mais c'est mieux que rien. Elle vous permettra d'attraper des petits poissons, mais n'espérez pas trop en attraper de plus gros et de plus forts.	Это не самое современное устройство для рыбалки, но все же лучше, чем ничего. С помощью этой удочки вы сможете поймать небольшую рыбу, но не надейтесь на более крупную и сильную добычу.
Items/FBasicBait	Basic bait	Основна стръв	Appât basique	Простая приманка
Items/DesFBasicBait	A basic fish bait. It's a way to catch some unsophisticated fish, sure, but don't be surprised if you only pull out some trash.  	Основна риболовна стръв. С нея можеш да хванеш някои по-прости риби, но не се изненадвай, ако извадиш само боклуци.	Un appât de base pour poissons. Vous pourrez bien sûr attraper des poissons tout simples, mais ne vous étonnez pas si vous n'attrapez que des déchets.	Обычная приманка для рыбы. Поможет поймать неискушенную рыбу, но не удивляйтесь, если вытащите старый башмак.
Items/FExelentBait	Excellent bait. 	Отлична стръв.	Excellent appât.	Отличная приманка
Items/DesFExelentBait	A bait of excellent quality, the best around. It increases your chance for catching the rarest types of fish.	Примамка с отлично качество, най-добрата наоколо. Увеличава шанса ти за улов на най-редките видове риба.	Un appât d'excellente qualité, le meilleur qui existe. Il augmente vos chances d'attraper les types de poissons les plus rares.	Приманка отличного качества, лучшая из доступных. Она увеличивает ваши шансы поймать редкие виды рыб.
Items/FGoodBait	Good bait	Добра стръв	Bon appât	Хорошая приманка
Items/DesFGoodBait	A decent bait. It increases your chance for catching uncommon fish, like silver minnow, black bass, red salmon or white catfish.	Свястно примамка. Увеличава шанса ти да хванеш необичайни риби, като сребриста костурка, черен бас, червена сьомга или бял сом.	Un appât de qualité moyenne. Il augmente vos chances d'attraper des poissons peu communs, comme le vairon argenté, l'achigan à grande bouche, le saumon rouge ou le poisson-chat blanc.	Неплохая приманка. Увеличивает ваши шансы поймать необычную рыбу: серебристого пескаря, черного окуня, нерку или белого сома.
Items/FGreatBait	Great bait	Страхотна стръв	Super appât	Отличная приманка
Items/DesFGreatBait	This great achievement of baiting technology will increase your chance of catching some rare types of fish, like emerald minnow, yellow perch, rainbow trout, or blue catfish.	Тази страхотна технология за примамка ще увеличи шанса ти да уловиш някои редки видове риба, като смарагдова уклейка, жълта костур, дъгова пъстърва или синя риба-меч.	Cette réalisation importante en ce qui concerne la technologie d'appâtage augmentera vos chances d'attraper certains types de poissons rares, comme le vairon émeraude, la perchaude, la truite arc-en-ciel ou le poisson-chat bleu.	Это великое достижение технологии прикормки увеличит ваши шансы поймать редкие виды рыб: изумрудного пескаря, желтого окуня, радужную форель или голубого сома.
Items/Anchois	Anchovies	Аншоа	Anchois	Анчоусы
Items/DesAnchois	A can of unorthodox anchovies (made of minnows). A snack with a strong and unusual taste.	Кутия с необичайни аншоа (направени от рибки). Лека закуска с наситен и необичаен вкус.	Une boîte d'anchois peu orthodoxes (faits avec des vairons). Une collation au goût fort et inhabituel.	Банка иноземных анчоусов (из пескарей). Закуска с сильным и необычным вкусом.
Items/Bread	Bread	Хляб	Pain	Хлеб
Items/DesBread	It's always good to learn how to bake your own bread when facing a long isolation. You can make it from flour and water.	Винаги е добре да се научиш да печеш хляб сам, когато те очаква дълга изолация. Можеш да го направиш от брашно и вода.	Il est toujours utile d'apprendre à faire son propre pain si l'on doit faire face à un long isolement. Vous pouvez le faire à partir de farine et d'eau.	Всегда полезно научиться печь хлеб, особенно если предстоит долгая изоляция. Его можно приготовить из муки и воды.
Items/Cheese	Cheese	Сирене	Fromage	Сыр
Items/DesCheese	No cheesy description here, just know you can make it out of milk.	Няма описание за сиренето, просто знай, че можеш да го направиш от мляко.	On va pas en faire tout un fromage, sachez simplement que vous pouvez le faire à partir de lait.	Никакого сырного описания здесь не будет, просто знайте, что вы можете сделать сыр из молока.
Items/CheeseCake	Cheese cake	Сиренена торта	Cheesecake	Чизкейк
Items/DesCheeseCake	Just like the grannies of Murricaville used to bake.	Точно както бабите от Мъррикавил са пекли.	Comme celui que font les grands-mères de Murricaville.	Прямо как по рецепту бабушек Меркосвиля.
Items/FarmBasicRecipies	How to Survive on a Farm: Beginner's Guide	Как да оцелееш на ферма: Ръководство за начинаещи	Comment survivre dans une ferme : Guide du débutant	Как выжить на ферме: руководство для чайников
Items/DesFarmBasicRecipies	This book will help teach how to make the most basic food out of farm products. Fried egg, cheese, grilled fish - this will all come easy.	Тази книга ще ти помогне да научиш как да правиш най-основните храни от фермерски продукти. Пържени яйца, сирене, печена риба - всичко това ще ти се стори лесно.	Ce manuel vous aidera à apprendre comment fabriquer les aliments les plus élémentaires à partir des produits de la ferme. Œuf au plat, fromage, poisson grillé - tout ça deviendra pour vous évident.	Эта книга поможет научиться готовить самые простые блюда из фермерских продуктов. Яичница, сыр, жареная рыба – и все это без хлопот.
Items/FarmCookBook	Seasoned Farmer's Cookbook	Кулинарна книга на опитния фермер	Livre de Cuisine du Fermier Aguerri	Поваренная книга опытного фермера
Items/DesFarmCookBook	Make the most of your farming life with this book of advanced recipes.	Използвай максимално фермерския си живот с тази книга с напреднали рецепти.	Tirez le meilleur parti de votre vie à la ferme avec ce livre de recettes perfectionnées.	Получите максимум пользы от фермерской жизни с помощью этой книги рецептов для опытных кулинаров.
Items/FishSoup	Fish soup	Рибена супа	Soupe de poisson	Рыбный суп
Items/DesFishSoup	It is said that a fish likes to swim! In this case, cooked with an addition of carrots.	Казват, че рибата обича да плува! В този случай, сготвена с добавка от моркови.	On dit "comme un poisson dans l'eau" ! Dans ce cas, c'est "comme un poisson dans le bouillon", additionné de carottes.	Говорят, что рыба любит плавать! А тут еще и с морковкой.
Items/FishSoupCan	Canned Fish Soup 	Консервирана рибена супа	Soupe de poisson en conserve	Консервированный рыбный суп
Items/DesFishSoupCan	Fish soup that will last very long.	Рибена супа, която ще издържи много дълго.	Soupe de poisson qui se conservera très longtemps.	Рыбный суп, которого хватит надолго.
Items/FriedEgg	Fried egg	Пържено яйце	Œuf au plat	Яичница
Items/DesFriedEgg	A classic choice for a quick breakfast.	Класически избор за бърза закуска.	Un grand classique pour un petit-déjeuner rapide.	Классический выбор для быстрого завтрака.
Items/Oatmeal	Oatmeal	Овесени ядки	Flocons d'avoine	Овсянка
Items/DesOatmeal	A simple but very nourishing meal out of milk and grains.	Едно просто, но много хранително ястие от мляко и зърнени храни.	Un repas simple mais très nourrissant à base de lait et de céréales.	Простое, но очень сытное блюдо из молока и злаков.
Items/PowderMilk	Powdered milk	Сухо мляко	Lait en poudre	Сухое молоко
Items/DesPowderMilk	Milk, but in a solid form! You can make it with a dryer.	Мляко, но в твърда форма! Можеш да го направиш с изсушител.	Du lait, mais sous forme solide ! Vous pouvez le faire avec un déshydrateur.	Молоко, но в твердой форме! Можно приготовить с помощью сушилки.
Items/PreppersMilkShake	Prepper's Milkshake	Мляко с шоколад на Препъра	Milkshake du Prepper	Молочный коктейль выживальщика
Items/DesPreppersMilkShake	Your milkshake brings all the agents to the yard. This mix of powdered milk, water and dried berries will help you regenerate your preparedness.	Твоят млечен шейк привлича всички агенти в двора. Тази смес от мляко на прах, вода и сушени плодове ще ти помогне да възстановиш своята готовност.	Milkshake préparé selon un procédé de prepper. Ce mélange de lait en poudre, d'eau et de baies séchées vous aidera à régénérer votre niveau de préparation.	Ради этого коктейля сбегутся все агенты. Эта смесь сухого молока, воды и сушеных ягод поможет вам восстановить силы.
Items/RoastedFish	Grilled fish	Печена риба	Poisson grillé	Рыба на гриле
Items/DesRoastedFish	Grilled fish fillet, very tasty.	Печена риба, много вкусна.	Filet de poisson grillé, très savoureux.	Рыбное филе, приготовленное на гриле. Очень вкусное.
Items/QuestChicken1	Eartha the Chicken	Кокошката Eartha	Eartha la poule	Курица Алла
Items/DesQuestChicken1	This is her life, what can you do?	Това е нейният живот, какво можеш да направиш?	C'est sa vie, que pouvez-vous faire?\r\n\r\n\r\n\r\n\r\n\r	Позови Аллу с собой, и она вернется на ферму сквозь злые ночи.
Items/QuestChicken2	Gloria the Chicken	Глория кокошката	Gloria la poule	Курица Лиза
Items/DesQuestChicken2	She's got all her life to live.	Тя има цял живот пред себе си.	Elle a toute sa vie devant elle.\r\n\r\n\r\n\r\n\r\n\r	Курица Лиза пережила все и всех.
Items/QuestChicken3	Adele the Chicken	Кокошката Адел	Adèle la poule	Курица Слава
Items/DesQuestChicken3	She was hatched and raised in a summer haze.	Тя се излюпи и израсна в лятна мъгла.	Elle a éclos et a été élevée dans une brume estivale.\r\n\r\n\r\n\r\n\r\n\r	Одиночество – скука, поэтому ей не терпится вернуться на ферму.
Items/QuestChicken4	Fiona the Chicken	Кокошката Фиона	Fiona la poule	Курица Пихта
Items/DesQuestChicken4	Fiona the Chicken is just there, every single night.	Фиона кокошката е там всяка вечер.	Fiona la poule est tout simplement là, tous les soirs.	«Сегодня в 7:22 на ферму вернусь к себе», – только об этом и думает.
Items/QuestChicken5	Florence the Chicken	Флоренция Пилето	Florence la poule	Курица Юля
Items/DesQuestChicken5	She's just happy to be on the farm. Never let her go!	Тя просто е щастлива, че е на фермата. Никога не я пускай!	Elle est heureuse d'être à la ferme. Ne la laissez jamais sortir !	Не так уж рвется на ферму, потому что жила в клетке, но должна всего добиться сама...
Items/QuestGoatAnimal1	Stevie the Goat	Стиви козата	Stevie la chèvre	Коза Филиппа
Items/DesQuestGoatAnimal1	She goes her own way	Тя си върви по своя път	Elle suit son propre chemin.\r\n\r\n\r\n\r\n\r\n\r	И огонь, и вода не станут для нее помехой.
Items/QuestGoatAnimal2	Angelo the Goat	Ангело Козата	Angelo la chèvre	Козел Тимур
Items/DesQuestGoatAnimal2	Did he fall in love with an alien?	Влюби ли се в извънземно?	Est-il tombé amoureux d'un extraterrestre ?\r\n\r\n\r\n\r\n\r\n\r	Он не готов сказать «Давай, до свидания!».
Items/QuestGoatAnimal3	Tom the Goat	Том Козата	Tom la chèvre	Козел Владимир
Items/DesQuestGoatAnimal3	Can you hear me, Goat Tom? Sure he can.	Чуваш ли ме, Козльо Том? Разбира се, че чува.	Tu m'entends, Chèvre Tom ? Bien sûr qu'il peut.\r\n\r\n\r\n\r\n\r\n\r	С волками жил, не по-волчьи выл.
Items/AgentLeg	Black piece of fabric	Черна парче плат	Morceau de tissu noir	Обрывок черной ткани
Items/DesAgentLeg	Black piece of fabric found stained with blood, found on the farm. Whom might it belong to?	Черна парче плат, намерено изцапано с кръв, намерено във фермата. На кого може да принадлежи?	Morceau de tissu noir taché de sang trouvé à la ferme. À qui peut-il bien appartenir ?	Обрывок черной ткани, испачканный кровью. Найден на ферме. Интересно, чей он?
Items/AnimalBand	Tracking band	Проследяваща лента	Collier traceur	Трекер
Items/DesAnimalBand	A tracking band worn by goats and chickens from the farm.	Гледачка за кози и пилета от фермата.	Un collier de géolocalisation porté par les chèvres et les poules de la ferme.	Трекер, который носят козы и куры с фермы.
Items/Beehive	Beehive	Пчелен кошер	Ruche	Улей
Items/DesBeehive	Housing and workplace for your bees. They will gather pollen from the flowers held in the same space as the beehive and produce honey.	Дом и работно място за твоите пчели. Те ще събират прашец от цветята, които се намират в същото пространство като кошера, и ще произвеждат мед.	Logement et lieu de travail pour vos abeilles. Elles récolteront le pollen des fleurs présentes dans le même espace que la ruche et produiront du miel.	Жилище и рабочее место ваших пчел. Они будут собирать пыльцу с цветов рядом с ульем и производить мед.
Items/BeehiveBig	Big beehive	Голям кошер	Grande ruche	Большой улей
Items/DesBeehiveBig	Bigger beehive for more insects. The bees will produce more honey in shorter time.	По-голяма кошера за повече насекоми. Пчелите ще произвеждат повече мед за по-кратко време.	Plus grande ruche pour plus d'insectes. Les abeilles produiront plus de miel en moins de temps.	Большой улей для большего количества насекомых. Пчелы будут производить больше меда за меньшее время.
Items/BrokenCamera	Broken camera	Счупена камера	Caméra cassée	Сломанная камера
Items/DesBrokenCamera	Government surveillance camera taken out from the lake. Why would this area be observed?	Правителствена камера за наблюдение, извадена от езерото. Защо би се наблюдавал този район?	Caméra de surveillance du gouvernement sortie du lac. Pourquoi cette zone serait-elle observée ?	Правительственная камера наблюдения, взятая у озера. Почему за этой территорией ведется наблюдение?
Items/Collar	Dog's collar	Нашийник за куче	Collier de chien	Собачий ошейник
Items/DesCollar	Dog's collar found in the wheat maze. Maybe it wants it back?	Нашийник на куче, намерен в житния лабиринт. Може би иска да си го върне?	Collier de chien trouvé dans le labyrinthe de blé. Peut-être veut-il le récupérer ?	Собачий ошейник, найденный в пшеничном лабиринте. Может, его стоит вернуть владельцу?
Items/DogCollar	Xeno's collar	Нашийникът на Ксено	Collier de Xeno	Ошейник Ксено
Items/DesDogCollar	Xeno's collar, apparently left by him as he ran away. Was he unhappy here? Was he lacking anything? Will he return?	Нашийникът на Ксено, явно оставен от него, докато бягаше. Дали беше нещастен тук? Дали му липсваше нещо? Ще се върне ли?	Le collier de Xeno, qu'il a apparemment laissé avant de s'enfuir. Était-il malheureux ici ? Manquait-il de quelque chose ? Reviendra-t-il ?	Ошейник Ксено. Видимо, он оставил его здесь, когда сбегал. Ему здесь не нравилось? Ему чего-нибудь не хватало? Вернется ли он?
Items/FishFilet	Fish fillet	Рибен филе	Filet de poisson	Рыбное филе
Items/DesFishFilet	Fish fillet. The bigger the fish, the more fillets you can make out of it.	Рибено филе. Колкото по-голяма е рибата, толкова повече филета можеш да направиш от нея.	Filet de poisson. Plus le poisson est gros, plus vous pouvez faire de filets.	Рыбное филе. Чем крупнее рыба, тем больше филе из нее получится.
Items/Flowers	Flowers	Цветя	Fleurs	Цветы
Items/DesFlowers	Can be sold or placed close to bees. Bees will produce honey out of them.	Може да се продаде или постави близо до пчели. Пчелите ще произведат мед от тях.	Peuvent être vendues ou placées à proximité des abeilles. Les abeilles produiront du miel avec.	Можно продать или посадить рядом с пчелами. Пчелы будут опылять их и производить мед.
Items/GoatBomb	Goat bomb	Козе бомба	Bombe chèvre	Козлиная бомба
Items/DesGoatBomb	Goat carcass with a bomb inside, an incredibly clever trap.	Козя мърша с бомба вътре, изключително хитър капан.	Carcasse de chèvre avec une bombe à l'intérieur, un piège incroyablement astucieux.	Тело козы с бомбой внутри. Удивительно хитрая ловушка.
Items/Hey	Hay	Здравей	Foin	Сено
Items/DesHey	An organic material that can serve both as food for some animals and a lining for their living quarters.	Органичен материал, който може да служи както за храна на някои животни, така и за подплата на техните жилища.	Une matière organique qui peut servir à la fois de nourriture et de litière pour certains animaux.	Органический материал, который может использоваться в животноводстве не только как корм, но и в качестве подстилки.
Items/Honey	Honey	Мед	Miel	Мед
Items/DesHoney	A sweet and tasty substance produced by bees. Provides some nutrition and regenerates you a bit. Can last for a very long time.	Сладко и вкусно вещество, произведено от пчели. Дава малко хранителни вещества и те възстановява малко. Може да издържи много дълго време.	Substance sucrée et savoureuse produite par les abeilles. Constitue une source de nutrition et vous régénère un peu. Peut se conserver très longtemps.	Сладкое вещество, которое производят пчелы. Немного утоляет голод и восстанавливает живучесть. Очень долгий срок хранения.
Items/LakeSign	Fish info board	Информация за рибата	Panneau d'information sur les poissons	Доска о рыбе
Items/DesLakeSign	Educational info board about all the species of fish you can find and catch in the Murricaville area. Handy!	Информационна табела за всички видове риба, които можеш да намериш и уловиш в района на Мъррикавил. Полезна!	Panneau d'information pédagogique sur toutes les espèces de poissons que vous pouvez trouver et attraper dans la région de Murricaville. Pratique!	Доска с познавательной информацией обо всех видах рыб, которые водятся в районе Мерикосвиля. Пригодится!
Items/DesMilk1	Fresh milk. Mildly nutritional and regenerates some preparedness. An important part of many recipes.	Прясно мляко. Леко хранително и възстановява част от подготовката. Важна част от много рецепти.	Lait frais. Moyennement nutritif, régénère un peu le niveau de préparation. Ingrédient essentiel dans de nombreuses recettes.	Свежее молоко. Слегка утоляет голод и восстанавливает немного живучести. Важная часть многих кулинарных рецептов.
Items/QweenBee	Queen bee	Пчела-майка	Abeille reine	Пчелиная матка
Items/DesQweenBee	A queen is neccessary to establish a new beehive.	Трябва ти кралица, за да създадеш нов кошер.	Une reine est nécessaire pour faire une nouvelle ruche.	Матка необходима для создания нового улья.
Items/RoomUpgradeAquarium	Room Upgrade -  Aquarium	Подобрение на стая - Аквариум	Amélioration de pièce - Aquarium	Улучшение комнаты – Аквариум
Items/DesRoomUpgradeAquarium	Turn one of the rooms in your shelter into an aquarium. You can use your fish for food, but you can also add decorative items to the aquarium and give your underground shelter some underwater charm.	Превърни една от стаите в убежището си в аквариум. Можеш да използваш рибите за храна, но можеш също така да добавиш декоративни предмети в аквариума и да придадеш на подземното си убежище малко подводен чар.	Transformez une des pièces de votre abri en aquarium. Vous pouvez utiliser vos poissons comme nourriture, mais vous pouvez également ajouter des objets décoratifs à l'aquarium et donner à votre abri souterrain un certain charme sous-marin.	Превратите одну из комнат убежища в аквариум. Вы можете использовать свою рыбу в качестве пищи или придать своему бункеру подводного очарования, добавляя в аквариум декоративные предметы.
Items/Scizzors	Shears	Ножици	Ciseaux	Ножницы
Items/DesScizzors	Shears for shearing goats. Can be also used as a weapon.	Ножици за стригане на кози. Могат да се използват и като оръжие.	Ciseaux pour tondre les chèvres. Peuvent également être utilisés comme arme.	Ножницы для стрижки овец. Можно использовать как оружие.
Items/Seed Flower	Flower seeds	Семена за цветя	Graines de fleurs	Семена цветов
Items/DesSeed Flower	Plant those to grow flowers; they look pretty. They are also used by bees to produce honey.	Засади ги, за да пораснат цветя; изглеждат красиво. Пчелите също ги използват, за да произвеждат мед.	Plantez-les pour faire pousser des fleurs; elles sont très belles. Elles sont également utilisés par les abeilles pour produire du miel.	Посадите, чтобы вырастить цветы. Они радуют глаз и нужны пчелам для изготовления меда.
Items/Seed Wheat	Wheat seeds	Семена пшеница	Grains de blé	Семена пшеницы
Items/DesSeed Wheat	The most popular grain in the world coming also to your shelter! You just need to plant it.	Най-популярната зърнена култура в света идва и в твоето убежище! Просто трябва да я засадиш.	Le grain le plus populaire au monde arrive dans votre abri ! Vous n'avez plus qu'à le planter.	Самая популярная зерновая культура, теперь и в вашем убежище! Нужно только ее посадить.
Items/TrackingDevice	Tracking device	Тракинг устройство	Dispositif de traçage	Устройство слежения
Items/DesTrackingDevice	Tracking device from Joe. This will help you in finding missing animals.	Тракинг устройство от Джо. Това ще ти помогне да намериш изгубени животни.	Dispositif de traçage de Joe. Il vous aidera à retrouver les animaux disparus.	Устройство слежения от Джо. Оно поможет вам найти пропавших животных.
Items/Wheat	Wheat	Пшеница	Blé	Пшеница
Items/DesWheat	Grain with many uses. The main food for some animals, such as goats and hamsters.	Зърно с много приложения. Основна храна за някои животни, като кози и хамстери.	Céréale aux multiples usages. Aliment principal de certains animaux, comme les chèvres et les hamsters.	У зерна много способов применения. Основной источник питания для некоторых животных. Например, для коз и хомячков.
Items/MazeEntranceClosed	Closed	Затворено	Fermé	Закрыто
Items/RewardBox	Maze reward box	Кутия с награди от лабиринта	Coffre de récompenses du labyrinthe	Коробка с наградой из лабиринта
Items/MazeScreen	Maze Display	Дисплей на лабиринта	Écran du labyrinthe	Экран лабиринта
Items/LootBoxMaze	Maze Chest	Лабиринтна сандъче	Coffre du labyrinthe	Сундук из лабиринта
Items/MazeCrateBox	Maze Crate	Кутия с лабиринт	Caisse du labyrinthe	Ящик из лабиринта
Items/WoodenWheel	Wooden Wheel	Дървена Колело	Roue en bois	Деревянное колесо
Items/DesWoodenWheel	Decorative wooden wheel that will bring cosy, rustic mood to your shelter.	Декоративна дървена колело, която ще внесе уютна, рустикална атмосфера в твоето убежище.	Roue en bois décorative qui apportera une ambiance cosy et rustique à votre abri.	Декоративное деревянное колесо. Придаст вашему убежищу деревенского уюта.
Items/Horseshoe	Horseshoe	Подкова	Fers à cheval	Подкова
Items/DesHorseshoe	Decorative item, traditionally considered to bring luck. True or not, it helps to bring a bit of rustic mood to your shelter.	Декоративен предмет, традиционно смятан за носител на късмет. Истина или не, той помага да внесеш малко селска атмосфера в убежището си.	Objet de décoration, traditionnellement considéré comme porte-bonheur. Que ce soit vrai ou non, ça apportera une petite touche rustique à votre abri.	Декоративный предмет, по расхожему мнению приносящей удачу. Правда это или вымысел, но он придаст вашему убежищу деревенского уюта.
Items/DogTreat	Dog Treat	Лакомство за куче	Friandise pour chien	Угощение для собаки
Items/DesDogTreat	A little treat for your dog. It will make him happy.	Малка награда за твоето куче. Ще го направи щастлив.	Une petite friandise pour votre chien. Il sera content.	Небольшое угощение для вашего пса. Пусть он порадуется.
Items/AnimalsWhispererBook	Animal Charm	Магия за животни	Livre du charmeur d'animaux	Как очаровать животное
Items/DesAnimalsWhispererBook	This book will instruct you how to approach various kinds of animals safely so you will be able to pet them. It will also help you strenghten your friendship with your dog.	Тази книга ще те научи как да се приближаваш безопасно до различни животни, за да можеш да ги галиш. Също така ще ти помогне да укрепиш приятелството си с кучето си.	Ce livre vous expliquera comment approcher différents types d'animaux en toute sécurité pour pouvoir les caresser. Il vous aidera également à renforcer votre niveau d'amitié avec votre chien.	Эта книга научит вас, как правильно приближаться к животным, чтобы погладить их. Также она поможет укрепить дружбу с вашей собакой.
Items/AnimalExtractionBook	Effective Farming: How to Maximize Benefits from your Animals	Ефективно земеделие: Как да извлечеш максимума от животните си	Agriculture efficace : comment maximiser les avantages de vos animaux	Эффективное фермерство: как извлечь максимальную выгоду из общения с животными
Items/DesAnimalExtractionBook	This book is an instruction on getting bigger amounts of animal-origin products, such as milk and fur.	Тази книга е инструкция за получаване на по-големи количества продукти от животински произход, като мляко и кожа.	Ce livre vous explique comment obtenir une plus grandes quantité de produits, tels que le lait et la fourrure, de la part de vos animaux	Эта книга объясняет, как получать больше продуктов животного происхождения, таких как молоко и мех. 
Items/FarmInvitation	Work Order - Farm	Заповед за работа - Ферма	Ordre de travail - Ferme	Наряд на работу – ферма
Items/DescFarmInvitation	Work order from Agency. Frightening to open.	Заповед за работа от Агенцията. Страшно е да я отвориш.	Ordre de travail de l'Agence. Ça fait peur rien que de devoir l'ouvrir.	Наряд на работу от Агентства. Страшно открывать.
Items/LargeRoomAquarium1	Room Aquarium	Аквариумна стая	Pièce Aquarium	Комната-аквариум
Items/LargeRoomAquarium1x2	Room Aquarium	Аквариум	Pièce Aquarium	Комната-аквариум
Items/LargeRoomAquarium2	Room Aquarium	Стая Аквариум	Pièce Aquarium	Комната-аквариум
Items/LargeRoomAquarium2x2	Room Aquarium	Аквариум	Pièce Aquarium	Комната-аквариум
Items/LargeRoomAquarium3	Room Aquarium	Аквариумна стая	Pièce Aquarium	Комната-аквариум
Items/LargeRoomAquarium3x2	Room Aquarium	Стая Аквариум	Pièce Aquarium	Комната-аквариум
Items/LargeRoomAquarium4	Room Aquarium	Аквариумна стая	Pièce Aquarium	Комната-аквариум
Items/LargeRoomAquarium4x2	Room Aquarium	Аквариумна стая	Pièce Aquarium	Комната-аквариум
Items/SmallAquarium	Small aquarium	Малък аквариум	Petit aquarium	Маленький аквариум
Items/DesSmallAquarium	Small round aquarium. You can keep fish of a minnow type in it. 	Малък кръгъл аквариум. Можеш да отглеждаш рибки от вида на шарана.	Petit aquarium rond. Vous pouvez y mettre des poissons de type vairon.	Маленький круглый аквариум. В нем можно содержать пескарей.
Items/LargeAquarium	Medium aquarium	Среден аквариум	Aquarium moyen	Средний аквариум
Items/DesLargeAquarium	Perfect fit for a table. You can keep minnows, basses and perches in it. 	Перфектен за маса. Можеш да държиш там костури, бели риби и кефали.	Taille parfaite pour poser sur une table. Vous pouvez y mettre des vairons, des bars et des perches.	Такой аквариум можно удобно установить на столе. В нем можно содержать пескарей и окуней.
Items/RoomUpgradeFarm	Room Upgrade - Animal Farm	Подобрение на стая - Животинска ферма	Amélioration de pièce - Animal Farm	Улучшение комнаты – Скотный двор
Items/DesRoomUpgradeFarm	Turn a room into perfect space for keeping farm animals. Your animals thank you for that and be more productive in return.	Превърни стая в перфектно място за отглеждане на животни. Животните ти благодарят за това и стават по-продуктивни в замяна.	Transformez une pièce en un espace idéal pour élever des animaux de ferme. Vos animaux vous en remercieront et seront plus productifs en retour.	Превратите комнату в идеальное место для содержания скота. Ваши животные будут благодарны и станут производить больше продуктов.
Items/WheelLamp	Wheel lamp	Лампа за колело	Lampe de roue	Лампа в виде колеса
Items/DesWheelLamp	This retro lamp will add a touch of a medieval dungeon to your shelter room. It doesn't use any electricity, but its light is very weak.	Тази ретро лампа ще добави нотка на средновековен замък в стаята ти в убежището. Не използва електричество, но светлината ѝ е много слаба.	Cette lampe rétro donnera à votre pièce un petit air de donjon médiéval. Elle n'utilise pas d'électricité, mais sa lumière est très faible.	Эта лампа «под старину» создаст в вашем убежище атмосферу средневекового подземелья. Не потребляет электричество, но едва освещает комнату.
Items/SunLamp	Sun lamp	Слънчева лампа	Lampe solaire	Циклическая лампа
Items/DesSunLamp	This lamp switches between day mode and night mode to help you keep track of natural cycles when you stay underground.	Тази лампа превключва между дневен и нощен режим, за да ти помогне да следиш естествените цикли, когато си под земята.	Cette lampe passe d'un mode de jour à un mode de nuit pour vous aider à suivre les cycles naturels lorsque vous restez sous terre.	Эта лампа переключается между дневным и ночным режимом, помогая вам не забыть о времени, когда вы под землей.
Items/PlankCabinetWhite	White plank cabinet	Бяла дървена маса	Armoire blanche en planches	Белый дощатый шкаф
Items/DesPlankCabinetWhite	Simply designed cabinet made of planks. A white variant.	Прост шкаф от дъски. Бял вариант.	Armoire au design simple, faite de planches. Modèle blanc.	Простой шкаф из досок. Вариант белого цвета.
Items/PlankCabinetRed	Red plank cabinet	Червен дървен шкаф	Armoire rouge en planches	Красный дощатый шкаф
Items/DesPlankCabinetRed	Simply designed cabinet made of planks. A red variant.	Прост шкаф от дъски. Червен вариант.	Armoire au design simple, faite de planches. Modèle rouge.	Простой шкаф из досок. Вариант красного цвета.
Items/PlankCabinetWhiteSmall	Small white plank cabinet	Малък бял дървен шкаф	Petite armoire blanche en planches	Маленький белый дощатый шкаф
Items/DesPlankCabinetWhiteSmall	Small, simple cabinet made of planks. A white variant.	Малък, прост шкаф от дъски. Бял вариант.	Petite armoire simple, faite de planches. Modèle blanc.	Простой маленький шкаф из досок. Вариант белого цвета.
Items/PlankCabinetRedSmall	Small red plank cabinet	Малък червен дървен шкаф	Petite armoire rouge en planches	Маленький красный дощатый шкаф
Items/DesPlankCabinetRedSmall	Small, simple cabinet made of planks. A red variant.	Малък, прост шкаф от дъски. Червен вариант.	Petite armoire simple, faite de planches. Modèle rouge.	Простой маленький шкаф из досок. Вариант красного цвета.
Items/UfoLamp	Ufo lamp	Лампа UFO	Lampe ovni	Лампа «НЛО»
Items/DesUfoLamp	A stylish lamp to help you remember your otherworldly adventures. Zeta Reticuli-approved.	Елегантна лампа, която ще ти помогне да си спомниш приключенията си от другия свят. Одобрена от Зета Ретикули.	Une lampe élégante pour vous aider à vous souvenir de vos aventures extraterrestres. Conseillée par Zeta Reticuli.	Стильная лампа, которая будет напоминать о ваших внеземных приключениях. Жители Дзета Сетки одобряют.
Items/SpottedSofaBlackWhite	Spotted sofa - black-white	Черно-бял диван	Canapé tacheté - noir-blanc	Пятнистый диван – черно-белый
Items/DesSpottedSofaBlackWhite	Relaxing sofa with a rustic feel. Sit back and long for greener pastures. A black-white variant.	Удобен диван с рустикален вид. Отпусни се и мечтаеш за по-зелени пасища. Черно-бял вариант.	Canapé relaxant à l'esprit rustique. Asseyez-vous et aspirez à des pâturages plus verts. Modèle noir-blanc.	Уютный диван, напоминающий о деревне. Присаживайтесь поудобней и предавайтесь мечтам о лучшей жизни. Черно-белый вариант.
Items/SpottedSofaBrownWhite	Spotted sofa - brown-white	Кафяво-бял диван	Canapé tacheté - marron-blanc	Пятнистый диван – бело-коричневый
Items/DesSpottedSofaBrownWhite	Relaxing sofa with a rustic feel. Sit back and long for greener pastures. A brown-white variant.	Удобен диван с рустикален вид. Отпусни се и мечтаеш за по-зелени пасища. Кафяво-бял вариант.	Canapé relaxant à l'esprit rustique. Asseyez-vous et aspirez à des pâturages plus verts. Modèle marron-blanc.	Уютный диван, напоминающий о деревне. Присаживайтесь поудобней и предавайтесь мечтам о лучшей жизни. Бело-коричневый вариант.
Items/WillAndHenPortrait	American Dystopic	Американска Дистопия	Dystopie américaine	Американская антиутопия
Items/DesWillAndHenPortrait	A working man, his loyal rooster, and a caring government supervisor; contemplate on the traditional American countryside lifestyle with this skillful painting.	Един работник, неговият верен петел и грижовен надзорник от правителството; размишлявайте върху традиционния американски селски начин на живот с тази умела картина.	Un travailleur, son fidèle coq et une superviseure gouvernementale pleine d'attention ; contemplez le style de vie traditionnel de la campagne américaine avec cette toile de maître.	Трудящийся человек, его верный петух и заботливый государственный руководитель. Размышляйте над традиционном загородном стиле жизни Америки, любуясь этой искусно нарисованной картиной.
Items/BeeWaxCandle	Beeswax candle	Восъчна свещ	Bougie en cire d'abeille	Свеча из пчелиного воска
Items/DesBeeWaxCandle	Beeswax candle, for when you want some light without electricity or you just want to set up a mood.	Пчелен восък, когато искаш светлина без електричество или просто искаш да създадеш настроение.	Bougie en cire d'abeille, si vous voulez de la lumière sans électricité ou si vous voulez simplement créer une ambiance.	На случай, если вам нужен свет без электричества или вы просто хотите задать комнате нужный тон.
Items/Dungarees	Dungarees	Гащеризони	Salopette	Комбинезон
Items/DesDungarees	Embody the hands-on, farming spirit with these heavy-duty dungarees.	Превърни се в истински препър с тези здрави работни панталони.	Incarnez l'esprit agricole pratique avec cette salopette résistante.	Ощутите практичный дух фермерства в этом комбинезоне для работы в тяжелых условиях.
Items/CheckeredShirt	Plaid shirt	Раирана риза	Chemise à carreaux	Клетчатая рубашка
Items/DesCheckeredShirt	For those devoted to hard work or those in their cottagecore arc. Either way, it will look great on you.	За тези, които обичат да работят здраво, или за тези, които са в своя cottagecore етап. Какъвто и да е случаят, ще изглежда страхотно на теб.	Pour ceux qui se consacrent à un travail acharné ou ceux qui sont dans leur phase cottagecore. En tous cas, elle vous ira comme un gant.	Для тех, кто посвятил себя усердному труду или проникся любовью к эстетике загородной жизни. Как бы там ни было – вам идет.
Items/FishermanHat	Fisherman hat	Шапка на рибар	Chapeau de pêcheur	Рыбацкая шляпа
Items/DesFishermanHat	This beautiful fisherman hat is a trophy proving your mastery of the art of fishing. It also allows you to catch common fish automatically. Wear it with pride!	Тази красива рибарска шапка е трофей, доказващ вашето майсторство в изкуството на риболова. Тя също така ви позволява да ловите обикновени риби автоматично. Носете я с гордост!	Ce magnifique chapeau de pêcheur est un trophée prouvant votre maîtrise de l'art de la pêche. Il vous permet également d'attraper automatiquement des poissons communs. Portez-le avec fierté !	Эта прекрасная рыбацкая шляпа – трофей, доказывающий ваше мастерство в искусстве рыбалки. Позволяет ловить обычную рыбу автоматически. Носите с гордостью!
Items/CoffeeMachine	Coffee Machine	Машина за кафе	Machine à café	Кофемашина
Items/DesKeyCoffeeMachine	Bring the aroma and taste of coffee to your shelter and let this machine serve you. 	Донеси аромата и вкуса на кафето в твоето убежище и нека тази машина ти служи.	Apportez l'arôme et le goût du café jusque dans votre abri et laissez cette machine vous servir.	Пусть эта машина облегчает вам жизнь, а аромат и вкус кофе проникает во все уголки убежища. 
Items/Halabard	Halberd	Алабарда	Hallebarde	Алебарда
Items/DesHalabard	This staple of medieval warfare is rather slow, but deals significant damage, has long range and lets you hit multiple enemies at a time. Also, its sheer awesomeness will sow terror in the hearts of your opponents.	Това средновековно оръжие е доста бавно, но нанася сериозни щети, има голям обсег и ти позволява да удряш няколко врагове наведнъж. Освен това, неговата страхотност ще всее ужас в сърцата на противниците ти.	Cet incontournable des batailles médiévales est plutôt lent à utiliser, mais inflige d'importants dégâts avec une bonne portée, permettant de toucher plusieurs ennemis à la fois. De plus, sa pure génialité sèmera la terreur dans le cœur de vos adversaires.	Это популярное в Средневековье довольно громоздко, но отличается хорошим уроном и дальностью, а также позволяет атаковать несколько врагов сразу. А еще оно сеет ужас в сердцах врагов одним своим крутым видом.
Items/Shotgun	Shotgun	Пушка-помпа	Fusil à pompe	Дробовик
Items/DesShotgun	An effective weapon for decimating Murricaville County's wildlife at short range. 	Ефективно оръжие за унищожаване на дивата природа в окръг Мюрикавил на къси разстояния.	Une arme efficace à courte distance pour décimer la faune sauvage du comté de Murricaville.	Эффективное оружие для уничтожения дикой живности Мерикосвиля.
Items/TeslaCoilGun	Tesla Coil Gun	Те́сла-пушка	Canon magnétique Tesla	Пушка Теслы
Items/DesTeslaCoilGun	Ever thought your weapons are just somehow not cool enough? Tesla Coil Gun, hitting your enemies with thunders, will suit you well. Don't worry about ammo, just be careful not to overheat it.	Някога мислил ли си, че оръжията ти не са достатъчно готини? Те́сла-пушка, която удря враговете ти с гръмотевици, ще ти пасне идеално. Не се притеснявай за муниции, просто внимавай да не прегрее.	Avez-vous déjà pensé que vos armes n'étaient pas assez bonnes? Le canon magnétique Tesla, qui frappe vos ennemis avec des éclairs, vous conviendra certainement. Ne vous inquiétez pas pour les munitions, faites juste attention à ce qu'il ne surchauffe pas.	Вы никогда не думали «у меня, конечно, хорошие пушки, но вот бы чего-то покруче»? Что ж, тогда пушка Теслы вам подойдет, ведь она обрушивает молнии на ваших врагов. И не волнуйтесь насчет патронов, просто постарайтесь не доводить до перегрева оружия.
Items/ShotgunShell	Shotgun Shell	Патрони за пушка	Cartouche de fusil à pompe	Патрон для дробовика
Items/DesShotgunShell	A shell for your shotgun.	Патрон за твоята пушка.	Une cartouche pour votre fusil à pompe.	Патрон для вашего дробовика
Items/MysteryBlueprint	Mystery Blueprint	Блупринт на мистерията	Plan de fabrication mystérieux	Загадочный чертеж
Items/DesMysteryBlueprint	Joe says this blueprint is beyond his expertise, but he says it describes a very valuable device. Maybe if you could try to construct it...?	Джо казва, че този план е извън неговите умения, но той казва, че описва много ценно устройство. Може би ако опиташ да го построиш...?	Joe dit que ce plan dépasse son expertise, mais il dit qu'il décrit un appareil très précieux. Peut-être que vous pourriez essayer de le construire... ?	Джо говорит, что хотя и этот чертеж и не по его части, но в нем описывается очень ценное устройство. Может, вам стоит попробовать его собрать?..
Items/CoffeeBeans	Coffee bag	Чанта с кафе	Sac de café\r\n\r	Пакет кофе
Items/DesCoffeeBeans	A bag of coffee with fresh beans from your own produce. Tasty and energizing.	Чанта с прясно смляно кафе от твоята реколта. Вкусно и енергизиращо.	Un sac de café avec des grains frais de votre propre récolte. Savoureux et énergisant.\r\n\r	Пакет кофе с свежими зернами собственного производства. Вкусно и бодряще.\r\n\r
Items/SeedCoffeaBeans	Coffee seeds	Семена за кафе	Graines de café\r\n\r	Зерна кофе 
Items/DesSeedCoffeaBeans	Seeds you can use to grow more coffee plants.	Семена, които можеш да използваш, за да отгледаш повече кафеени растения.	Des graines que vous pouvez utiliser pour faire pousser davantage de plants de café.\r\n\r	Семена, которые можно использовать для выращивания дополнительных кофейных растений.\r\n\r
Items/MinigameUndeadHell	Undead Hell	Ад на мъртвите	Undead Hell	Undead Hell
Items/DesMinigameUndeadHell	Find out how well can you prep against the zombie invasion in this exciting tower defence game.  Move around the map and set up towers to shoot the incoming zombies. But watch out, you are not immune to the rockets from your towers! 	Разбери колко добре можеш да се подготвиш срещу зомби инвазията в тази вълнуваща игра за отбрана на кули. Движи се по картата и поставяй кули, за да стреляш по идващите зомбита. Но внимавай, не си имунизиран срещу ракетите от твоите кули!	Découvrez à quel point vous pouvez vous préparer contre l'invasion de zombies dans ce passionnant jeu de défense de tour. Déplacez-vous sur la carte et installez des tours pour tirer sur les zombies qui approchent. Mais attention, vous n'êtes pas immunisé contre les roquettes de vos tours 	Узнайте, насколько хорошо вы можете подготовиться к инвазии зомби в этой захватывающей игре в жанре защиты башен. Перемещайтесь по карте и устанавливайте башни, чтобы стрелять по приближающимся зомби. Но будьте осторожны, вы не защищены от ракет, выпущенных вашими башнями!
Items/MinigameFreedomRoad	Freedom Road	Пътят на свободата	Freedom Road	Freedom Road
Items/DesMinigameFreedomRoad	Show off your evasive manoeuvres in this desert-ride arcade game. Drive away from the obstacles and security forces, collect fuel, and go towards freedom.	Покажи уменията си в тази аркадна игра в пустинята. Избягвай препятствията и силите за сигурност, събирай гориво и се насочвай към свободата.	Montrez vos manœuvres d'évitement dans ce jeu d'arcade de conduite en désert. Éloignez-vous des obstacles et des forces de sécurité, collectez du carburant et dirigez-vous vers la liberté.	Покажите свои уклоняющиеся маневры в этой аркадной игре по вождению в пустыне. Уходите от препятствий и сил безопасности, собирайте топливо и двигайтесь к свободе.
Items/MinigameEventFlyer	Game Competition Event Flyer	Флайър за състезание в играта	Dépliant de l'événement de compétition de jeux	Листовка мероприятия по игровым соревнованиям
Items/DesMinigameEventFlyer	The advert for a game competition. Apparently, you can play a game and win prizes. What's not to like?	Обявата за състезание по игри. Явно можеш да играеш и да спечелиш награди. Какво не му харесваш?	La publicité pour un concours de jeux. Apparemment, vous pouvez jouer à un jeu et gagner des prix. Qu'y a-t-il à ne pas aimer ?	Реклама игрового соревнования. По-видимому, вы можете играть в игру и выигрывать призы. Что здесь не нравится?
Items/MinigameEventRewardInfo	Game Competition Reward	Награда от състезанието	Récompense pour la compétition de jeux	Награда за игровое соревнование
Items/DesMinigameEventRewardInfo	This flyer proudly confirms your score and winnings in a game competition.	Този плакат гордо потвърждава твоя резултат и печалби в състезание по игри.	Ce dépliant confirme fièrement votre score et vos gains lors d'une compétition de jeux.	Этот листовка с гордостью подтверждает ваш счет и выигрыши в игровом соревновании.
Items/NuclearMaterial	Nuclear Material	Ядрен материал	Matériau Nucléaire	Ядерный материал
Items/DesNuclearMaterial	Nuclear material. May have some uses in manufacturing advanced items.	Ядрен материал. Може да има някакви приложения в изработката на напреднали предмети.	Matériau nucléaire. Peut être utilisé dans la fabrication d’objets avancés.\n	Ядерный материал. Может использоваться при производстве продвинутых предметов.
Items/Uranium	Uranium Ore	Уранска руда	Minerai d’uranium\n	Урановая руда\n
Items/DesUranium	Ore with a radioactive element uranium. Can be processed into nuclear material and nuclear fuel.	Минерал с радиоактивен елемент уран. Може да се обработи в ядрен материал и ядрено гориво.	Minerai contenant l'élément radioactif uranium. Peut être transformé en matériau nucléaire et en combustible nucléaire.\n	Руда, содержащая радиоактивный элемент — уран. Может быть переработана в ядерный материал и ядерное топливо.\n
Items/NuclearRod	Nuclear rod	Ядрена пръчка	Barre nucléaire\n	Ядерный стержень\n
Items/DesNuclearRod	A portion of nuclear fuel. A very efficient source of energy.	Част от ядрено гориво. Много ефективен източник на енергия.	Une portion de combustible nucléaire. Une source d’énergie très efficace.\n	Порция ядерного топлива. Очень эффективный источник энергии.\n
Items/JoeUraniumLetter	Letter from Joe - A Curious Find	Писмо от Джо - Странно откритие	Lettre de Joe - Une découverte curieuse\n	Письмо от Джо — Любопытная находка\n
Items/DesJoeUraniumLetter	A letter from Joe, scribbled with his wobbly, enthusiastic handwriting.	Писмо от Джо, написано с неговия неравен, ентусиазиран почерк.	Une lettre de Joe, griffonnée de son écriture tremblante et enthousiaste.\n	Письмо от Джо, наспех написанное его неустойчивым, восторженным почерком.\n
Items/UraniumGlass	Uranium Glass Bottle	Бутилка от уранско стъкло	Bouteille en verre d’uranium	Бутылка из уранового стекла\n
Items/UraniumGlassRespawn	Uranium Glass Bottle	Бутилка от уранско стъкло	Bouteille en verre d’uranium	Бутылка из уранового стекла
Items/DesUraniumGlass	A decorative glass made with the addition of uranium. It has a distinctive color and glows in UV light.\nIt has a Murricaville Uranium Co. stamp on it.	Декоративно стъкло, направено с добавка на уран. Има характерен цвят и свети на UV светлина.\nИма печат на Мърикавил Uranium Co. върху него.	Un verre décoratif avec addition d'uranium. Il a une couleur distinctive et brille sous lumière UV.\nIl porte le tampon de Murricaville Uranium Co.\n	Декоративное стекло с добавлением урана. Имеет характерный цвет и светится под ультрафиолетом.\nНа нём есть печать Murricaville Uranium Co.\n
Items/AntiRadiation	Anti-radiation extract	Извлек против радиация	Extrait anti-radiation\n	Антирадиационный экстракт\n
Items/DesAntiRadiation	Anti-radiation extract made of radiated mushrooms. Herbalism truly adapted to atomic age.	Екстракт против радиация, направен от радиоактивни гъби. Билкарството наистина се е адаптирало към атомната ера.	Extrait anti-radiation fait de champignons irradiés. L'herboristerie adaptée à l'ère atomique.\n	Антирадиационный экстракт из облучённых грибов. Травничество, по-настоящему адаптированное к атомной эпохе.\n
Items/UraniumMushroom	Radiated Mushroom	Радиоактивна гъба	Champignon irradié\n	Радиоактивный гриб\n
Items/DesUraniumMushroom	Mushroom taken from the uranium mine, a product of many generations of growing in a radioactive environment. Looks even tasty, but this temptation should be resisted.	Гъба, взета от урановата мина, продукт на много поколения растеж в радиоактивна среда. Изглежда дори вкусна, но тази изкушение трябва да се устои.	Champignon provenant de la mine d’uranium, produit de nombreuses générations ayant poussé dans un environnement radioactif. \nIl paraît même appétissant, mais il faut résister à cette tentation.\n	Гриб, взятый из урановой шахты, продукт многих поколений роста в радиоактивной среде. \nВыглядит даже аппетитно, но этому искушению следует сопротивляться.\n
Items/UraniumCentrifuge	Uranium Centrifuge	Уранов центрофуга	Centrifugeuse à uranium\n	Урановая центрифуга\n
Items/DesUraniumCentrifuge	An advanced piece of nuclear engineering — essentially a washing machine for radioactive isotopes. It enriches uranium into nuclear fuel and can also decontaminate certain irradiated items.	Напреднало ядрено инженерство — по същество пералня за радиоактивни изотопи. Обогатява уран в ядрено гориво и може да деконтаминира определени облъчени предмети.	Une réalisation avancée du génie nucléaire — essentiellement une machine à laver pour isotopes radioactifs. \nElle enrichit l'uranium en combustible nucléaire et peut aussi décontaminer certains objets irradiés.\n	Передовое достижение ядерной инженерии — по сути стиральная машина для радиоактивных изотопов. \nОно обогащает уран до ядерного топлива и также может очищать некоторые облучённые предметы.\n
Items/DestroyedHazmatSuit	Destroyed hazmat suit	Унищожен защитен костюм	Combinaison hazmat détruite\n	Разрушенный защитный костюм\n
Items/GeigerCounter	Geiger Counter	Гейгер брояч	Compteur Geiger\n	Счётчик Гейгера\n
Items/HazmatBackpack	Hazmat Backpack	Бункерарски раница	Sac à dos hazmat\n	Рюкзак для опасных веществ\n
Items/HazmatBackpackV2	Hazmat Backpack	Пакет за опасни материали	Sac à dos hazmat\n	Рюкзак для опасных веществ\n
Items/HazmatBackpackV3	Hazmat Backpack	Бункерарски раница	Sac à dos hazmat\n	Рюкзак для опасных веществ\n
Items/DesHazmatBackpack	This backpack is specifically designed to shield the user from alpha, beta and gamma radiation. You can safely carry radioactive items in it.	Този раница е специално проектирана да предпазва потребителя от алфа, бета и гама радиация. Можеш безопасно да носиш радиоактивни предмети в нея.	Ce sac à dos est spécialement conçu\npour protéger l’utilisateur contre les radiations alpha, bêta et gamma.\nVous pouvez y transporter des objets radioactifs en toute sécurité.\n	Этот рюкзак специально разработан,\nчтобы защищать пользователя от альфа-, бета- и гамма-излучения.\nВ нём можно безопасно переносить радиоактивные предметы.\n
Items/OldGasMask	Old Gas Mask	Стара противогазова маска	Ancien masque à gaz\n	Старая противогазная маска\n
Items/NuclearEngineeringBook	Harnessing the Fabric of Reality: Nuclear Engineering in Your House and Backyard	Използване на тъканта на реалността: ядрена инженерна в твоя дом и двор	Dompter la trame de la réalité : Le génie nucléaire dans votre maison et votre jardin\n	Обуздание ткани реальности: Ядерная инженерия у тебя дома и во дворе\n
Items/DesNuclearEngineeringBook	Nuclear physic doesn't have to be rocket science! Advice from this book will help you store and enrich uranium, build nuclear generators, and bring the power of atom to your household!	Ядрената физика не е сложна! Съветите от тази книга ще ти помогнат да съхраняваш и обогатяваш уран, да строиш ядрени генератори и да донесеш силата на атома в дома си!	La physique nucléaire n'a pas besoin d'être une science de fusée ! \nLes conseils de ce livre vous aideront à stocker et enrichir l'uranium, \nconstruire des générateurs nucléaires et apporter la puissance de l'atome à votre domicile !\n	Ядерная физика не обязательно должна быть ракетостроением! \nСоветы из этой книги помогут вам хранить и обогащать уран, \nстроить ядерные генераторы и приносить силу атома в ваш дом!\n
Items/NuclearGenerator	Nuclear Generator	Ядрен генератор	Générateur nucléaire\n	Ядерный генератор\n
Items/DesNuclearGenerator	A small, modular nuclear fission reactor. Chain reaction releases immense amount of energy.	Малък, модулен ядрен реактор. Верижна реакция освобождава огромно количество енергия.	Un petit réacteur nucléaire à fission modulaire. \nLa réaction en chaîne libère une quantité immense d'énergie.\n	Малый модульный ядерный реактор деления. \nЦепная реакция высвобождает огромное количество энергии.\n
Items/UraniumPickRock	Uranium-rich rock	Ураниева скала	Roche riche en uranium\n	Рок, богатый ураном\n
Items/RadiatedRatMeat	Radiated rat meat	Радиоактивна плъша месо	Viande de rat irradiée\n	Радиоактивное крысиное мясо\n
Items/DesRadiatedRatMeat	This radiated rat meat would surely be a great delicacy in a post-nuclear wasteland. Maybe bombarding with radioactive isotopes brings out rich, intense flavors? In the meantime, it's inadvisable to eat it. If it spoils, it turns into Nuclear Material. You can clear its radiation in a Centrifuge.	Тази радиационна плъша месо би било чудесна деликатес в пост-ядрена пустош. Може би обстрелването с радиоактивни изотопи извлича богати, интензивни вкусове? Междувременно, не е препоръчително да го ядеш. Ако се развали, се превръща в Ядрен материал. Можеш да изчистиш радиацията му в Центрофуга.	Cette viande de rat irradiée serait sûrement un grand délice dans un désert post-nucléaire. \nPeut-être que la bombardement avec des isotopes radioactifs fait ressortir des saveurs riches et intenses ? \nEn attendant, il n'est pas conseillé de la manger. \nSi elle se gâte, elle se transforme en Matériau Nucléaire. \nVous pouvez éliminer sa radiation dans une Centrifugeuse.\n	Это радиоактивное крысиное мясо наверняка стало бы отличным деликатесом в постъядерной пустоши. \nВозможно, облучение радиоактивными изотопами придает богатый и интенсивный вкус? \nПока что есть его не рекомендуется. \nЕсли оно испортится, превращается в Ядерный Материал. \nВы можете очистить его радиацию в Центрифуге.\n
Items/MiningPassSix	Deeper Mine Pass -1	По-дълбок минен пропуск -1	Pass d'accès - Mine profonde, -1\n	Пропуск в глубокую шахту -1\n
Items/DesMiningPassSix	Pass card to the level -1 in the deeper mine.	Карта за достъп до ниво -1 в по-дълбоката мина.	Carte d'accès au niveau -1 dans la mine profonde.\n	Пропуск на уровень -1 в глубокой шахте.\n
Items/MiningPassSeven	Deeper Mine Pass -2	По-дълбок минен пропуск -2	Pass d'accès - Mine profonde, -2\n	Пропуск в глубокую шахту -2\n
Items/DesMiningPassSeven	Pass card to the level -2 in the deeper mine.	Карта за достъп до ниво -2 в по-дълбоката мина.	Carte d'accès au niveau -2 dans la mine profonde.\n	Пропуск на уровень -2 в глубокой шахте.\n
Items/MiningPassEight	Deeper Mine Pass -3	По-дълбок минен пропуск -3	Pass d'accès - Mine profonde, -3\n	Пропуск в глубокую шахту -3\n
Items/DesMiningPassEight	Pass card to level -3 in the deeper mine.	Карта за достъп до ниво -3 в по-дълбоката мина.	Carte d'accès au niveau -3 dans la mine profonde.\n	Пропуск на уровень -3 в глубокой шахте.\n
Items/MiningPassNine	Deeper Mine Pass -4	По-дълбок минен пропуск -4	Pass d'accès - Mine profonde, -4\n	Пропуск в глубокую шахту -4\n
Items/DesMiningPassNine	Pass card to the level -4 in the deeper mine.	Карта за достъп до ниво -4 в по-дълбоката мина.	Carte d'accès au niveau -4 dans la mine profonde.\n	Пропуск на уровень -4 в глубокой шахте.\n
Items/RadioactiveClothes	Hazmat Suit	Защитен костюм	Vêtements de protection contre les radiations	Костюм для химзащиты
Items/DesKeyRadioactiveClothes	There are places that require more protection.\nUse it in radioactive areas – it will protect you from most sources of radiation.	Има места, които изискват повече защита.\nИзползвай го в радиоактивни зони – ще те предпази от повечето източници на радиация.	Il y a des endroits qui demandent plus de protection. \nÀ utiliser dans les endroits radioactifs.	Есть места, которые требуют большей защиты.\nИспользуйте их в зонах с повышенной радиацией.
Items/Lemonade	Lemonade	Лимонада	Limonade\n	Лимонад\n
Items/DesLemonade	Lemonade from a local girl scout. The taste could be better, but it's full of good intentions.	Лимонада от местна скаутка. Вкусът може да е по-добър, но е пълна с добри намерения.	Limonade d'une scout locale. \nLe goût pourrait être meilleur, mais elle est pleine de bonnes intentions.\n	Лимонад от местной девочки-скаута. \nВкус мог бы быть лучше, но он полон добрых намерений.\n
Items/AlienIncubator	Alien Incubator	Инкубатор за извънземни	Incubateur extraterrestre\n	Инкубатор с пришельцем\n
Items/DesAlienIncubator	A piece of life-supporting alien technology. There is some kind of organism inside. Alive or not, hard to say.	Парче извънземна технология, поддържаща живота. Вътре има някакъв организъм. Жив или не, трудно е да се каже.	Un fragment de technologie extraterrestre de survie. \nIl y a une sorte d'organisme à l'intérieur. \nVivant ou non, difficile à dire.\n	Фрагмент инопланетной технологии жизнеобеспечения. \nВнутри находится какой-то организм. \nЖивой он или нет, трудно сказать.\n
Items/AtomicWaste	Atomic waste	Атомни отпадъци	Déchets atomiques\n	Атомные отходы\n
Items/AtomicWasteRespawning	Atomic waste	Ядрена отпадъка	Déchets atomiques\n	Атомные отходы\n
Items/DesAtomicWaste	Spent nuclear fuel. Should be kept in a safe and remote place. Ideally.	Използвано ядрено гориво. Трябва да се съхранява на сигурно и отдалечено място. Идеално.	Combustible nucléaire usé. \nDoit être conservé dans un endroit sûr et isolé. \nIdéalement.\n	Отработанное ядерное топливо. \nСледует хранить в безопасном и удаленном месте. \nВ идеале.\n
Items/BlueberryWildRadioactive	Radioactive blueberry	Радиоактивен боровинка	Myrtille radioactive\n	Радиоактивная черника\n
Items/GuaranaWildRadioactive	Radioactive guarana	Радиоактивна гуарана	Guarana radioactive\n	Радиоактивная гуарана\n
Items/Mannequin	Mannequin	Манекен	Mannequin\n	Манекен\n
Items/DesMannequin	A dummy designed specifically for testing the effects of nuclear explosion.	Манекен за тестване на ефектите от ядрена експлозия.	Un mannequin conçu spécifiquement pour tester les effets d'une explosion nucléaire.\n	Манекен, специально созданный для тестирования эффектов ядерного взрыва.\n
Items/OldGasMask2	Old gas mask	Стара противогазова маска	Ancien masque à gaz\n	Старая противогазовая маска\n
Items/DesOldGasMask2	An old gas mask that was used in the mine. Provides weak protection from radiation.	Стара противогазова маска, използвана в мината. Осигурява слаба защита от радиация.	Un ancien masque à gaz utilisé dans la mine. \nOffre une faible protection contre les radiations.\n	Старая противогазовая маска, использовавшаяся в шахте. \nОбеспечивает слабую защиту от радиации.\n
Items/RadioactivePlant	Ludus reiectus	Отхвърлен от обществото	Ludus reiectus	Лудус реиектус\n
Items/DesRadioactivePlant	Rare plant species, producing unusual biochemical effects when irradiated. To be found only deep in the forest.	Радиоактивно растение, което произвежда необичайни биохимични ефекти при облъчване. Може да се намери само дълбоко в гората.	Espèce végétale rare produisant des effets biochimiques inhabituels lorsqu'elle est irradiée. \nÀ trouver uniquement au fond de la forêt.\n	Редкий вид растения, вызывающий необычные биохимические эффекты при облучении. \nВстречается только глубоко в лесу.\n
Items/Tektite	Trinitite	Тринитит	Trinitite\n	Тринитит\n
Items/DesTektite	Rare glassy material found in the desert after nuclear explosions. 	Редки стъклени материали, намерени в пустинята след ядрени експлозии.	Matériau vitreux rare trouvé dans le désert après des explosions nucléaires.\n	Редкий стекловидный материал, найденный в пустыне после ядерных взрывов.\n
Items/BlueberrieRadioactive	Irradiated blueberries	Радиоактивни боровинки	Myrtilles irradiées\n	Облучённые черники\n
Items/BlueberrieRadioactiveBowl	Irradiated blueberries	Радиоактивни боровинки	Myrtilles irradiées\n	Облучённые черники\n
Items/DesBlueberrieRadioactive	Blueberries that got irradiated. If it spoils, it turns into Nuclear Material. Radiation dose can be cleared in the centrifuge.	Сини сливи, които са били облъчени. Ако се развалят, се превръщат в ядрен материал. Дозата радиация може да се премахне в центрофугата.	Myrtilles irradiées. \nSi elles se gâtent, elles se transforment en matière nucléaire. \nLa dose de radiation peut être éliminée dans la centrifugeuse.\n	Черника, подвергшаяся облучению. \nЕсли она испортится, превращается в ядерный материал. \nДозу радиации можно устранить в центрифуге.\n
Items/GuaranaRadioactive	Irradiated guarana	Радиоактивна гуарана	Guarana irradié\n	Облучённая гуарана\n
Items/GuaranaRadioactiveBowl	Irradiated guarana	Радиоактивна гуарана	Guarana irradié\n	Облучённая гуарана\n
Items/DesGuaranaRadioactive	Guarana that was subject to radiation. If it spoils, it turns into Nuclear Material. Radiation dose can be cleared in the centrifuge.	Гуарана, изложена на радиация. Ако се развали, се превръща в ядрен материал. Дозата радиация може да се премахне в центрофугата.	Guarana soumis à la radiation. \nSi elle se gâte, elle se transforme en matière nucléaire. \nLa dose de radiation peut être éliminée dans la centrifugeuse.\n	Гуарана, подвергшаяся облучению. \nЕсли она испортится, превращается в ядерный материал. \nДозу радиации можно устранить в центрифуге.\n
Items/RadiatedSnakeMeat	Irradiated snake meat	Радиоактивна змийска месо	Viande de serpent irradiée\n	Облучённое змеиное мясо\n
Items/DesRadiatedSnakeMeat	Meat of snakes that got irradiated. If it spoils, it turns into Nuclear Material. Radiation dose can be cleared in the centrifuge.	Месо от змии, което е облъчено. Ако се развали, се превръща в ядрен материал. Дозата радиация може да се изчисти в центрофугата.	Viande de serpent irradiée. \nSi elle se gâte, elle se transforme en matière nucléaire. \nLa dose de radiation peut être éliminée dans la centrifugeuse.\n	Мясо змей, подвергшееся облучению. \nЕсли оно испортится, превращается в ядерный материал. \nДозу радиации можно устранить в центрифуге.\n
Items/RadiatedWildMeat	Irradiated slice of meat	Радиоактивна филия месо	Tranche de viande irradiée\n	Облучённый кусок мяса\n
Items/DesRadiatedWildMeat	Meat from an irradiated wild animal. If it spoils, it turns into Nuclear Material. Radiation dose can be cleared in the centrifuge.	Месо от облъчено диво животно. Ако се развали, се превръща в ядрен материал. Дозата радиация може да се премахне в центрофугата.	Viande d’un animal sauvage irradié. \nSi elle se gâte, elle se transforme en matière nucléaire. \nLa dose de radiation peut être éliminée dans la centrifugeuse.\n	Мясо облучённого дикого животного. \nЕсли оно испортится, превращается в ядерный материал. \nДозу радиации можно устранить в центрифуге.\n
Items/MetalToilet	Metal toilet	Метален тоалет	Toilettes en métal\n	Металлический унитаз\n
Items/DesMetalToilet	A metal toilet, for this stern, rough, industrial vibe to your interior.	Метален тоалет за суров, индустриален вид на интериора ти.	Des toilettes en métal, pour donner une ambiance stricte, brute et industrielle à votre intérieur.\n	Металлический унитаз для строгого, грубого, индустриального вида вашего интерьера.\n
Items/NuclearBomb	Nuclear bomb	Ядрена бомба	Bombe nucléaire\n	Атомная бомба\n
Items/DesNuclearBomb	A nuke. An ultimate tech gadget. If you're too close to it going off, it will kill you and everything you love.	Ядрена бомба. Най-върховното технологично устройство. Ако си твърде близо до експлозията, ще те убие и всичко, което обичаш.	Une bombe nucléaire. Un gadget technologique ultime. \nSi vous êtes trop près lorsqu'elle explose, elle tuera vous et tout ce que vous aimez.\n	Ядерная бомба. Максимальный технологический гаджет. \nЕсли ты окажешься слишком близко во время взрыва, она убьет тебя и всё, что тебе дорого.\n
Items/OldComputer	Old computer	Стар компютър	Vieux ordinateur\n	Старый компьютер\n
Items/DesOldComputer	An old computer, probably requiring some obscure skills to operate.	Стар компютър, вероятно изискващ някакви странни умения за работа.	Un vieil ordinateur, nécessitant probablement des compétences obscures pour l'utiliser.\n	Старый компьютер, для работы с которым, вероятно, требуются редкие навыки.\n
Items/SeaBomb	Sea mine	Морска мина	Mine marine\n	Морская мина\n
Items/DesSeaBomb	Hard to say how did it end up here, hundreds of miles away from the sea. Just better be careful with this.	Трудно е да се каже как се е озовал тук, на стотици километри от морето. Просто бъди внимателен с това.	Difficile de dire comment cela a fini ici, à des centaines de kilomètres de la mer. \nMieux vaut juste être prudent avec ça.\n	Трудно сказать, как это оказалось здесь, за сотни миль от моря. \nПросто лучше быть осторожным с этим.\n
Items/UraniumCompanySign	Murricaville Uranium Company	Ураниева компания в Мюрикавил	Entreprise d’uranium Murricaville\n	Урановая компания Murricaville\n
Items/PostmanAndroid	Postman Android	Пощальон Андроид	Facteur Android\n	Почтальон-андроид\n
Items/NuclearGeneratorPowerPlant	Nuclear generator	Ядрен генератор	Générateur nucléaire\n	Ядерный генератор\n
Items/SwitchGearPowerPlant	Electric switchgear	Електрическо разпределително табло	Tableau électrique\n	Электрощитовая\n
Items/ScientistPlansPowerPlant	Scientist's plans	Планове на учените	Plans du scientifique\n	Планы учёного\n
Items/RadiationPurgeBeacon	Deionizing Beacon	Дейонизиращ маяк	Balise déionisante\n	Деионизирующий маяк\n
Items/DesRadiationPurgeBeacon	This mysterious device neutralizes radiation in its vicinity.	Това мистериозно устройство неутрализира радиацията в близост до него.	Cet appareil mystérieux neutralise les radiations à proximité.\n	Это загадочное устройство нейтрализует радиацию в его окрестности.\n
Items/ReactorSafetySystem	Reactor safety system	Системата за безопасност на реактора	Système de sécurité du réacteur\n	Система безопасности реактора\n
Items/DesReactorSafetySystem	A device that provides stabilization and containment for the reactor.	Устройство, което осигурява стабилизация и съдържание за реактора.	Un dispositif qui assure la stabilisation et le confinement du réacteur.\n	Устройство, обеспечивающее стабилизацию и containment реактора.\n
Items/CraneMinigameActivator	Crane controller	Контролер на крана	Contrôleur de grue\n	Пульт управления краном\n
Items/SeedsMaker	Pitter	Питър	Dénoyauteur\n	Удалитель косточек\n
Items/DesSeedsMaker	Quickly and effectively takes out seeds from fruits and vegetables.	Бързо и ефективно изважда семена от плодове и зеленчуци.	Retire rapidement et efficacement les graines des fruits et légumes.\n	Быстро и эффективно удаляет семена из фруктов и овощей.\n
Items/MannequinDeco1	Decorative Mannequin	Декоративен манекен	Mannequin décoratif\n	Декоративный манекен\n
Items/DesMannequinDeco1	A nuclear test dummy. Used, apparently. For an interior that's cozy, but also reminds you of impending doom. 	Манекен за ядрен тест. Използван, явно. За интериор, който е уютен, но също така ти напомня за наближаващата гибел.	Un mannequin de test nucléaire. Apparemment utilisé. \nPour un intérieur chaleureux, mais qui rappelle aussi la menace imminente. \n	Манекен для ядерных испытаний. Видимо, использованный. \nДля интерьера, который уютен, но напоминает о грядущей катастрофе. \n
Items/MannequinDeco2	Decorative Mannequin	Декоративен манекен	Mannequin décoratif\n	Декоративный манекен\n
Items/DesMannequinDeco2	A nuclear test dummy which hasn't seen action yet. Or maybe survived in a sheltered place.	Манекен за ядрен тест, който още не е виждал бой. Или може би е оцелял на скрито място.	Un mannequin de test nucléaire qui n’a pas encore servi. \nOu peut-être a-t-il survécu dans un endroit protégé. \n	Манекен для ядерных испытаний, который ещё не был использован. \nИли, может быть, он выжил в укрытом месте. \n
Items/RailGun	Pulse Gun	Пулс оръжие	Fusil à impulsion\n	Импульсная пушка\n
Items/DesRailGun	High-power, high-precision, high-impact firearm.	Високоскоростно, високоточно, високоударно огнестрелно оръжие.	Arme à feu de haute puissance, haute précision et fort pouvoir de pénétration.\n	Огнестрельное оружие высокой мощности, высокой точности и большой пробивной способности.\n
Items/AtomicGranade	Atomic grenade	Атомна граната	Grenade atomique\n	Атомная граната\n
Items/DesAtomicGranade	A grenade with enriched uranium for extra flavor.	Граната с обогатен уран за допълнителен вкус.	Une grenade avec de l'uranium enrichi pour plus de saveur.\n	Граната с обогащённым ураном для дополнительного «вкуса».\n
Items/DepletedUraniumAmo	Depleted uranium ammunition	Амуниции с обеднен уран	Munitions en uranium appauvri\n	Боеприпасы из обеднённого урана\n
Items/DesDepletedUraniumAmo	Ammo rounds made of depleted uranium, with armor-penetrating and incendiary qualities.	Патрони от обеднен уран, с бронебоен и запалителен ефект.	Projectiles en uranium appauvri, dotés de caractéristiques perforantes et incendiaires.\n	Снаряды из обеднённого урана, обладающие бронепробивными и зажигательными свойствами.\n
Items/DepletedUraniumShotgunShell	Depleted uranium shotgun shell	Патрон за пушка с обеднен уран	Cartouche de fusil en uranium appauvri\n	Патрон для дробовика из обеднённого урана\n
Items/DesDepletedUraniumShotgunShell	Shotgun shell with depleted uranium, for better target penetration.	Патрон за пушка с обеднен уран, за по-добро проникване в целта.	Cartouche de fusil en uranium appauvri pour une meilleure pénétration de la cible.\n	Патрон для дробовика из обеднённого урана для лучшего проникновения в цель.\n
Items/DangerSign	Danger Sign	Знак за опасност	Panneau de danger\n	Знак опасности\n
Items/DesDangerSign	Interior decoration for when you just miss your cortysol while at home.	Вътрешна декорация за когато ти липсва твоят кортизол у дома.	Décoration intérieure pour les moments où l'on regrette son cortisol à la maison.\n	Декор для интерьера на те моменты, когда дома скучаешь по кортизолу.\n
Items/CautionSign	Caution Sign	Знак за опасност	Panneau de précaution\n	Предупреждающий знак\n
Items/DesCautionSign	Reminds you to always be prepared.	Напомня ти винаги да си подготвен.	Vous rappelle d’être toujours prêt.\n	Напоминает вам всегда быть готовым.\n
Items/EmergancyStopLever	Emergency stop lever	Авариен стоп лост	Levier d’arrêt d’urgence\n	Рычаг аварийной остановки\n
Items/DesEmergancyStopLever	Just pull in case of emergency. Or is it push?	Дръпни в случай на спешност. Или е бутане?	Tirez simplement en cas d’urgence. Ou faut-il pousser ?\n	Просто тяните в случае чрезвычайной ситуации. Или нужно толкать?\n
Items/LedLavaLamp	LED lava lamp	Лава лампа LED	Lampe à lave LED\n	Светодиодная лавовая лампа\n
Items/DesLedLavaLamp	Energy-saving and modern-looking lava lamp.	Енергоспестяваща и модерна лампа с лава.	Lampe à lave économe en énergie et au design moderne.\n	Энергоэффективная и современная лавовая лампа.\n
Items/RocketLavaLamp	Rocket Lava Lamp	Лава лампа с ракети	Lampe à lave en forme de fusée\n	Лавовая лампа в форме ракеты\n
Items/DesRocketLavaLamp	A beautiful decoration piece. For feeling cozy, but also dreaming of escape.	Един красив декоративен предмет. За да се чувстваш уютно, но и да мечтаеш за бягство.	Un bel objet de décoration. Pour se sentir confortable, mais aussi pour rêver d’évasion.\n	Красивый декоративный предмет. Для уюта, но также для мечтаний об escape.\n
Items/RadioactiveFridge	Atomic Age Fridge	Атомна хладилна камера	Réfrigérateur de l’ère atomique\n	Холодильник атомной эпохи\n
Items/DesRadioactiveFridge	A fridge designed to remind you of the dangers and possibilities of atomic age. Also, irradiated food can be safely kept there.	Хладилник, който ти напомня за опасностите и възможностите на атомната ера. Също така, там можеш да съхраняваш безопасно облъчена храна.	Un réfrigérateur conçu pour rappeler les dangers et les possibilités de l’ère atomique.  \nDe plus, les aliments irradiés peuvent y être conservés en toute sécurité.\n	Холодильник, созданный, чтобы напоминать о опасностях и возможностях атомной эпохи.  \nТакже там можно безопасно хранить облучённые продукты.\n
Items/UraniumClock	Uranium clock	Часовник с уран	Horloge en uranium\n	Урановые часы\n
Items/DesUraniumClock	A clock with fluerescent elements, with this unmistakable uranium glow.	Часовник с флуоресцентни елементи, с този несъмнен уранен блясък.	Une horloge avec des éléments fluorescents, avec cette lueur d’uranium inimitable.\n	Часы с флуоресцентными элементами и этим неповторимым урановым свечением.\n
Items/UraniumTable	Uranium table	Работна маса за изработка на уран	Table en uranium\n	Урановый стол\n
Items/DesUraniumTable	An elaborate wooden table with a tabletop of uranium glass. It radiates luxury. 	Елегантна дървена маса с плот от уранов кристал. Излъчва лукс.	Une table en bois élaborée avec un plateau en verre d’uranium.  \nElle rayonne de luxe.\n	Изысканный деревянный стол с столешницей из уранового стекла.  \nОн излучает роскошь.\n
Items/UraniumWardrobe	Uranium wardrobe	Ураниева гардеробна	Armoire en uranium\n	Урановый шкаф\n
Items/DesUraniumWardrobe	An oldschool wooden wardrobe, with uranium glass in the doors. Your clothes will glow not only on you.	Стара дървена гардероб с ураниево стъкло на вратите. Дрехите ти ще светят не само на теб.	Une armoire en bois à l’ancienne, avec du verre d’uranium dans les portes.  \nVos vêtements brilleront non seulement sur vous.\n	Старинный деревянный шкаф с урановым стеклом в дверцах.  \nВаша одежда будет светиться не только на вас.\n
Items/Goggles	Goggles	Очила	Lunettes de protection\n	Очки\n
Items/DesGoggles	Protective goggles, for rounding up your industrial look. And also for protection.	Защитни очила, за да завършиш индустриалния си вид. И също така за защита.	Lunettes de protection pour parfaire votre look industriel.  \nEt aussi pour la protection.\n	Защитные очки, чтобы завершить ваш индустриальный образ.  \nА также для защиты.\n
Items/BigUraniumRod	Big uranium rod	Голям уран прът	Grosse tige d’uranium\n	Большой урановый стержень\n
Items/DesBigUraniumRod	A portion of nuclear fuel. Can be disassembled for raw materials.	Част от ядрено гориво. Може да се разглоби за суровини.	Une portion de combustible nucléaire.  \nPeut être démontée pour obtenir des matières premières.\n	Порция ядерного топлива.  \nМожно разобрать на сырьевые материалы.\n
Items/AutoPlanter	Auto Planter	Автоматичен плантер	Planteur automatique\n	Автопосадчик\n
Items/DesAutoPlanter	A wonder of agricultural mechanization: allows you to plant seeds fast and in large quantities.	Чудо на селскостопанската механизация: позволява ти да засаждаш семена бързо и в големи количества.	Une merveille de la mécanisation agricole :  \npermet de semer rapidement et en grande quantité.\n	Чудо сельскохозяйственной механизации:  \nпозволяет быстро сажать семена в больших количествах.\n
Items/AutoHarvester	Auto Harvester	Автоматичен събирач	Moissonneuse automatique\n	Автоматический комбайн\n
Items/DesAutoHarvester	Farmer's best friend: automatic harvester.	Най-добрият приятел на фермера: автоматичен комбайн.	Le meilleur ami de l’agriculteur : moissonneuse automatique.\n	Лучший друг фермера: автоматический комбайн.\n
Items/UraniumLamp	Uranium lamp	Ураниева лампа	Lampe en uranium\n	Урановая лампа\n
Items/DesUraniumLamp	Bask yourself and your interior in the glow of atomic age.	Наслади се на блясъка на атомната ера в твоя бункер.	Baignez-vous, vous et votre intérieur, dans la lueur de l’ère atomique.\n	Окуни себя и интерьер в сияние атомной эпохи.\n
Items/NuclearFuel	Nuclear fuel	Ядрена гориво	Combustible nucléaire\n	Ядерное топливо\n
Items/DesNuclearFuel	Fuel enriched with radioactive material. Can be used instead of regular fuel. Makes particles go faster or something.	Гориво, обогатено с радиоактивен материал. Може да се използва вместо обикновено гориво. Прави частиците да се движат по-бързо или нещо такова.	Carburant enrichi en matériau radioactif.  \nPeut être utilisé à la place du carburant ordinaire.  \nFait aller les particules plus vite ou quelque chose comme ça.\n	Топливо, обогащённое радиоактивным материалом.  \nМожно использовать вместо обычного топлива.  \nУскоряет частицы или что-то вроде того.\n
Items/LemonadeKid	Lemonade girl scout	Момиче от скаутския отряд за лимонада	Éclaireuse de limonade\n	Лимонадная скаутка\n
Items/ArmyChestNuclear	Army Chest	Бункера на армията	Caisse militaire\n	Военный сундук\n
Items/CraneMinigameBox	Crane Box	Кутия с кран	Caisse pour grue\n	Крановый ящик\n
Items/NuclearRefueler	Nuclear Generator Refueler	Ядрен генератор за презареждане	Ravitailleur de générateur nucléaire\n	Загрузчик топлива для ядерного генератора\n
Items/DesNuclearRefueler	Controls steady input of nuclear rods into nuclear generator. Improves both efficiency and safety.	Контролира стабилното подаване на ядрени пръти в ядрения генератор. Подобрява както ефективността, така и безопасността.	Contrôle l’entrée régulière des barres nucléaires dans le générateur nucléaire.  \nAméliore à la fois l’efficacité et la sécurité.\n	Контролирует равномерную подачу ядерных стержней в ядерный генератор.  \nПовышает как эффективность, так и безопасность.\n
Items/Scientist	Dr. Edward	Д-р Едуард	Dr. Edward\n	Др. Эдвард\n
Items/Lemon	Lemon	Лимон	Citron\n	Лимон\n
Items/DesLemon	When life gives you lemons, make lemonade.	Когато животът ти дава лимони, направи лимонада.	Quand la vie te donne des citrons, fais de la limonade.\n	Если жизнь дает тебе лимоны, сделай лимонад.\n
Items/SeedLemon	Lemon Seed	Семе от лимон	Graine de citron\n	Семя лимона\n
Items/DesSeedLemon	Put into a patch of soil to grow an lemon tree. You need a high room for that.	Засади в парче почва, за да порасне лимоново дърво. Нуждаеш се от висока стая за това.	Plantez-le dans un morceau de terre pour faire pousser un citronnier.  \nIl vous faut une pièce haute pour cela.\n	Посадите в участок земли, чтобы вырастить лимонное дерево.  \nДля этого нужна высокая комната.\n
Items/LemonadeRecipie	Lemonade Recipe	Рецепта за лимонада	Recette de limonade\n	Рецепт лимонада\n
Items/DesLemonadeRecipie	A secret girl scout recipe for the perfect refreshing drink. Requires patience, lemons, and a pinch of adventure.	Тайна рецепта на скаутките за перфектната освежаваща напитка. Изисква търпение, лимони и щипка приключение.	Une recette secrète de scout pour la boisson rafraîchissante parfaite.  \nNécessite patience, citrons et une pincée d’aventure.\n	Секретный рецепт скауток для идеального освежающего напитка.  \nТребуются терпение, лимоны и щепотка приключений.\n
Items/ExpeditionBox	Expedition box	Кутия за експедиция	Caisse d’expédition\n	Экспедиционный ящик\n
Items/AtomicBarrel	Atomic Barrel	Атомен варел	Baril Atomique	Атомная бочка
Items/DesKeyAtomicBarrel	A heavy, lead-lined barrel for storing radioactive items safely.	Тежък оловен варел за безопасно съхранение на радиоактивни предмети.	Un lourd baril doublé de plomb pour stocker en toute sécurité des objets radioactifs.\n	Тяжелая бочка с свинцовой облицовкой для безопасного хранения радиоактивных предметов.\n
Items/NuclearComposter	Nuclear Composter	Ядрен компостер	Composteur nucléaire\n	Ядерный компостер\n
Items/DesNuclearComposter	A sealed composter for irradiated food. Items stored inside decay faster, converting into Nuclear Material.	Запечатан компостер за облъчена храна. Съхраняваните вътре предмети се разлагат по-бързо, превръщайки се в ядрен материал.	Un composteur scellé pour aliments irradiés.  \nLes objets stockés à l'intérieur se décomposent plus rapidement, se transformant en matière nucléaire.\n	Запаянный компостер для облучённой пищи.  \nХранящиеся внутри предметы разлагаются быстрее, превращаясь в ядерный материал.\n
Items/AtomicBarrelNuclear	Atomic Barrel	Атомна бъчва	Baril Atomique	Атомная бочка
Items/Seed Cactus	Cactus seeds	Семена от кактус	Graines de cactus	Семена кактуса
Items/DesKeySeed Cactus	You want to bring your spiky desert friends down to your shelter? Cacti are sturdy plants with some culinary applications.	Искаш да донесеш твоите бодливи пустинни приятели в убежището си? Кактусите са здрави растения с някои кулинарни приложения.	Tu veux ramener tes amis épineux du désert dans ton abri ? Les cactus sont des plantes robustes qui ont également des utilisations culinaires.	Хочешь привести своих колючих пустынных друзей в своё убежище? Кактусы — выносливые растения, которые также можно использовать в кулинарии.
Items/Seed Mushroom	Mushroom spores	Спори на гъби	Spores de champignon	Споры грибов
Items/DesKeySeed Mushroom	You can start growing your own mushrooms, enriching your kitchen with a valuable ingredient and bringing the unique damp atmosphere of the mine into your home.	Можеш да започнеш да отглеждаш свои собствени гъби, обогатявайки кухнята си с ценна съставка и внасяйки уникалната влажна атмосфера на мината в дома си.	Tu peux commencer à cultiver tes propres champignons, enrichir ta cuisine d'un ingrédient précieux et apporter chez toi l'atmosphère humide unique de la mine.	Ты можешь начать выращивать собственные грибы, обогатив свою кухню ценным ингредиентом и привнеся в дом уникальную влажную атмосферу шахты.
Items/Seed Pepper	Pepper seeds	Семена от пипер	Graines de poivre	Семена перца
Items/DesKeySeed Pepper	Spice up your life and be a prepper with your own pepper, 	Подправи живота си и бъди препър със собствен пипер,	Relève ta vie et deviens un survivaliste avec ton propre poivre.	Добавь остроты в свою жизнь и стань выживальщиком со своим собственным перцем.
Items/BeetSalad	Beet salad	Салата от цвекло	Salade de betteraves	Салат из свеклы
Items/DesKeyBeetSalad	Beet-based salad. It has an unobvious taste, but is awful healthy and would impress your more sophistacted friends on a cocktail party... if you had such friends and threw cocktail parties.	Салата на основата на цвекло. Има необичаен вкус, но е много здравословна и би впечатлила по-изтънчените ти приятели на коктейлно парти... ако имаше такива приятели и организираше коктейлни партита.	Salade à base de betteraves. Elle a un goût inattendu, mais elle est incroyablement saine et impressionnerait certainement tes amis les plus sophistiqués lors d'un cocktail... si tu avais de tels amis et organisais des cocktails.	Салат на основе свёклы. У него необычный вкус, но он невероятно полезен и наверняка впечатлил бы твоих более изысканных друзей на коктейльной вечеринке... если бы у тебя были такие друзья и ты устраивал коктейльные вечеринки.
Items/CornSalad	Corn salad	Салата от царевица	Salade de maïs	Салат из кукурузы
Items/DesKeyCornSalad	A rather simple salad, but the addition of corn makes it look appealing and taste sweet.	Една доста проста салата, но добавянето на царевица я прави привлекателна и сладка на вкус.	Une salade assez simple, mais l'ajout de maïs la rend appétissante et lui donne un goût sucré.	Довольно простой салат, но добавление кукурузы делает его привлекательным на вид и придаёт сладкий вкус。
Items/SunflowerSeedSalad	Sunflower seed salad	Салата от слънчогледови семки	Salade de graines de tournesol	Салат с семечками подсолнечника
Items/DesKeySunflowerSeedSalad	A salad with sunflower seeds. It's earthy, full taste almost rewards the effort of peeling the seeds. 	Салата със слънчогледови семки. Има земен, наситен вкус, който почти възнаграждава усилията за обелване на семките.	Une salade aux graines de tournesol. Leur goût riche et terreux récompense presque l'effort nécessaire pour décortiquer les graines.	Салат с семечками подсолнечника. Их насыщенный, землистый вкус почти вознаграждает за усилия по очистке семечек.
Items/ClearBodySoup	Lemon detox soup	Лимонов детокс супа	Soupe détox au citron	Лимонный детокс-суп
Items/DesKeyClearBodySoup	An untypical, but simple soup made of lemons and a hefty does of salt. Strong taste, even stronger cleansing effects.	Нетипична, но проста супа от лимони и голяма доза сол. Силен вкус, още по-силни почистващи ефекти.	Une soupe inhabituelle mais simple à base de citrons et d'une bonne dose de sel. Un goût prononcé, des effets nettoyants encore plus puissants.	Необычный, но простой суп из лимонов и большой порции соли. Яркий вкус и ещё более сильный очищающий эффект.
Items/MeatChineseSoup	Instant ramen - meat taste	Инстантно рамен - вкус на месо	Nouilles instantanées - goût viande	Лапша быстрого приготовления - мясной вкус
Items/DesKeyMeatChineseSoup	Taste of noodles and sodium glutamate, a pleasure simple yet powerful.	Вкус на нудли и натриев глутамат, удоволствие просто, но мощно.	Le goût des nouilles et du glutamate de sodium, un plaisir simple mais intense.	Вкус лапши и глутамата натрия — простое, но мощное удовольствие.
Items/NightWalkerSoup	Night walker soup	Супа на нощния пазач	Soupe du marcheur nocturne	Суп ночного странника
Items/DesKeyNightWalkerSoup	The unusual mix of strong ingredients in this soup will make you see better in the dark. Don't eat too much though, as it might make you hear colors.	Необичайната смес от силни съставки в тази супа ще ти помогне да виждаш по-добре в тъмното. Не прекалявай обаче, защото може да започнеш да чуваш цветове.	Le mélange inhabituel d'ingrédients puissants dans cette soupe vous permettra de mieux voir dans l'obscurité. N'en mangez toutefois pas trop, car cela pourrait vous faire entendre les couleurs.	Необычная смесь сильных ингредиентов в этом супе позволит тебе лучше видеть в темноте. Но не ешь слишком много, иначе можешь начать слышать цвета.
Items/TomatoChineseSoup	Instant ramen - tomato taste	Инстантно рамен - доматен вкус	Nouilles instantanées - goût tomate	Лапша быстрого приготовления - томатный вкус
Items/DesKeyTomatoChineseSoup	A quick and satisfying classic in a vegetarian version.	Бърза и засищаща класика в зеленчукова версия.	Un classique rapide et satisfaisant en version végétarienne.	Быстрая и сытная классика в вегетарианском варианте.
Items/CoffeeFlavouredStew	Coffee flavoured stew	Супа с вкус на кафе	Ragoût au café	Тушёное блюдо с кофе
Items/DesKeyCoffeeFlavouredStew	You can have coffee to your meal, but you can also have coffee in your meal. Nourishing and stimulating at the same time.	Можеш да пиеш кафе с храната си, но можеш да сложиш и кафе в храната си. Хранително и стимулиращо едновременно.	Tu peux prendre un café avec ton repas, mais tu peux aussi avoir du café dans ton repas. Nourrissant et stimulant à la fois.	Ты можешь пить кофе во время еды, но можешь также добавить кофе в само блюдо. Питательно и бодряще одновременно.
Items/HunterStew	Hunter stew	Супа от дивеч	Ragoût du chasseur	Рагу охотника
Items/DesKeyHunterStew	This nourishing stew is a condensed spirit of the forest. It will make you feel like a part of nature, attuned to its inner rhythms.	Тази хранителна супа е концентриран дух на гората. Ще те накара да се почувстваш част от природата, настроен на нейните вътрешни ритми.	Ce ragoût nourrissant est l'esprit condensé de la forêt. Il te fera sentir comme une partie de la nature, en harmonie avec ses rythmes intérieurs.	Это питательное рагу — концентрированный дух леса. Оно заставит тебя почувствовать себя частью природы, настроенной на её внутренние ритмы.
Items/MinerStew	Miner stew	Миньорска супа	Ragoût du mineur	Рагу шахтёра
Items/DesKeyMinerStew	Highly nutritional stew with a deep, earthy taste. The depths are calling you, grab your pickaxe and reach for the treasures.	Много хранителна супа с дълбок, земен вкус. Дълбините те викат, грабни кирката си и се насочи към съкровищата.	Un ragoût très nourrissant au goût profond et terreux. Les profondeurs de la mine vous appellent – prenez votre pioche et partez à la recherche de trésors.	Очень питательное рагу с насыщенным, землистым вкусом. Глубины шахты зовут тебя — хватай кирку и отправляйся за сокровищами.
Items/ScavengerStew	Scavenger stew	Чистаческа супа	Ragoût du récupérateur	Рагу мусорщика
Items/DesKeyScavengerStew	A stew made of your lucky desert finds. Makes you more aware of the desert and its inhabitants.	Супа от твоите късметлийски пустинни находки. Прави те по-наясно с пустинята и нейните обитатели.	Un ragoût préparé avec tes trouvailles chanceuses du désert. Il te rend plus conscient du désert et de ses habitants.	Рагу, приготовленное из твоих удачных пустынных находок. Оно помогает лучше чувствовать пустыню и её обитателей.
Items/CoffeeFlavouredStewCan	Coffee flavoured stew can	Консерва с кафеен гулаш	Ragoût au café en conserve	Консервированное тушёное блюдо с кофе
Items/DesKeyCoffeeFlavouredStewCan	Like coffee to go, but it's actually a meal.	Като кафе за вкъщи, но всъщност е ястие.	Comme un café à emporter, mais c'est en fait un repas.	Как кофе с собой, только на самом деле это полноценный приём пищи.
Items/HunterStewCan	Hunter stew can	Консерва с ловджийско ястие	Ragoût du chasseur en conserve	Консервированное рагу охотника
Items/DesKeyHunterStewCan	Spirit of the forest, portable form.	Дух на гората, преносима форма.	L'esprit de la forêt sous forme portable.	Дух леса в переносной форме.
Items/MinerStewCan	Miner stew can	Консерва с миньорска супа	Ragoût du mineur en conserve	Консервированное рагу шахтёра
Items/DesKeyMinerStewCan	A handy can of stew, you can take it with you to your shift in the mine.	Удобна консерва със супа, можеш да я вземеш със себе си на смяната в мината.	Une boîte pratique de ragoût que tu peux emporter avec toi pour ton service à la mine.	Удобная банка рагу, которую можно взять с собой на смену в шахту.
Items/NightWalkerSoupCan	Night walker soup can	Консерва супа за нощния патрул	Soupe du marcheur nocturne en conserve	Консервированный суп ночного странника
Items/DesKeyNightWalkerSoupCan	A can that allows you to store your inner nightly beast for longer.	Консерва, която ти позволява да съхраняваш вътрешното си нощно чудовище за по-дълго.	Une boîte qui te permet de conserver plus longtemps ta bête nocturne intérieure.	Банка, которая позволяет дольше сохранять твоего внутреннего ночного зверя.
Items/ScavengerStewCan	Scavenger stew can	Консерва с чистаческа супа	Ragoût du récupérateur en conserve	Консервированное рагу мусорщика
Items/DesKeyScavengerStewCan	Store your scavenger stew for longer, pick it up whenever the desert calls you.	Съхранявай чистаческия си бульон за по-дълго, вземи го, когато пустинята те зове.	Conserve ton ragoût de récupérateur plus longtemps et prends-le quand l'appel du désert se fera sentir.	Храни своё рагу падальщика дольше и доставай его, когда пустыня позовёт тебя.
Items/AppleSmoothie	Apple smoothie	Ябълков шейк	Smoothie à la pomme	Яблочный смузи
Items/DesKeyAppleSmoothie	Apples turned into a sweet delight.	Ябълки, превърнати в сладко изкушение.	Des pommes transformées en une douce gourmandise.	Яблоки, превращённые в сладкое лакомство.
Items/CactusSmoothie	Cactus smoothie	Смути от кактус	Smoothie au cactus	Кактусовый смузи
Items/DesKeyCactusSmoothie	Too spiky? Then why not make it liquid?	Прекалено бодлив? Тогава защо не го направиш течен?	Trop épineux ? Alors pourquoi ne pas le rendre liquide ?	Слишком колючий? Тогда почему бы не сделать его жидким?
Items/CoffeeSmoothie	Coffee smoothie	Смути с кафе	Smoothie au café	Кофейный смузи
Items/DesKeyCoffeeSmoothie	You're not sentenced to drink your coffee black like the humanity's future, you can also have it smooth and sweet and whimsical. 	Не си осъден да пиеш кафето си черно като бъдещето на човечеството, можеш да го направиш и гладко, сладко и причудливо.	Tu n'es pas condamné à boire ton café noir comme l'avenir de l'humanité, tu peux aussi le savourer onctueux, sucré et fantaisiste.	Ты не обречён пить чёрный кофе, как будущее человечества. Ты также можешь наслаждаться им в мягкой, сладкой и причудливой форме.
Items/GuaranaSmoothie	Guarana smoothie	Смути от гуарана	Smoothie au guarana	Смузи с гуараной
Items/DesKeyGuaranaSmoothie	Delightful, but also stimulating.	Вкусно, но и ободряващо.	Délicieux, mais aussi stimulant.	Восхитительно, но также бодряще.
Items/OrangeSmoothie	Orange smoothie	Оранжево смути	Smoothie à l’orange	Апельсиновый смузи
Items/DesKeyOrangeSmoothie	It's like the sun itself got blended in a glass. Delicious.	Слънцето само по себе си е смесено в чаша. Вкусно.	C'est comme si le soleil lui-même avait été mixé dans un verre. Délicieux.	Как будто само солнце смешали в стакане. Восхитительно.
Items/PizzaCapricciosa	Pizza capricciosa	Пица Капричоза	Pizza capricciosa	Пицца Каприччоза
Items/DesKeyPizzaCapricciosa	Mushrooms add an elegant note to this flavor mix.	Гъбите добавят елегантен акцент към тази вкусова комбинация.	Les champignons ajoutent une note élégante à ce mélange de saveurs.	Грибы добавляют элегантную нотку в этот вкусовой букет.
Items/PizzaDiavola	Pizza diavola	Пица диавола	Pizza diavola	Пицца Дьявола
Items/DesKeyPizzaDiavola	Devilish not only due to its spiciness, but also the wild meat used. So nutritient you could sell your soul over this.	Лудо пикантно, но и с диво месо. Толкова хранително, че можеш да продадеш душата си за него.	Diabolique non seulement par son piquant, mais aussi par la viande sauvage utilisée. Si nourrissante qu'on pourrait vendre son âme pour elle.	Дьявольская не только из-за своей остроты, но и благодаря использованию дичи. Настолько питательная, что за неё можно было бы продать душу.
Items/PizzaMarinara	Pizza marinara	Пица маринара	Pizza marinara	Пицца Маринара
Items/DesKeyPizzaMarinara	A classic pizza with a savory note.	Класическа пица с пикантен вкус.	Une pizza classique avec une note savoureuse.	Классическая пицца с насыщенной пикантной ноткой.
Items/PizzaQuattroFormaggi	Pizza quattro formaggi	Пица с четири вида сирене	Pizza quattro formaggi	Пицца Кватро Формаджи
Items/DesKeyPizzaQuattroFormaggi	Let's face it, you probably can't differentiate four kinds of cheese in this molten mass, but it's a delicious calory bomb.	Нека си го признаем, вероятно не можеш да различиш четири вида сирене в тази разтопена маса, но е вкусна калорийна бомба.	Avouons-le, tu ne pourras probablement pas distinguer les quatre sortes de fromage dans cette masse fondue, mais c'est une délicieuse bombe calorique.	Будем честны, ты, скорее всего, не сможешь различить четыре вида сыра в этой расплавленной массе, но это восхитительная калорийная бомба.
Items/AppleEnergyBar	Apple energy bar	Енергийна лента от ябълка	Barre énergétique à la pomme	Яблочный энергетический батончик
Items/DesKeyAppleEnergyBar	Effective energy boost from dried apples.	Ефективен енергиен тласък от сушени ябълки.	Un apport d'énergie efficace grâce aux pommes séchées.	Эффективный заряд энергии из сушёных яблок.
Items/BerriesEnergyBar	Berries energy bar	Енергийна лента с плодове	Barre énergétique aux baies	Ягодный энергетический батончик
Items/DesKeyBerriesEnergyBar	Effective energy boost from dried berries.	Ефективен енергиен тласък от сушени боровинки.	Un apport d'énergie efficace grâce aux baies séchées.	Эффективный заряд энергии из сушёных ягод.
Items/LemonEnergyBar	Lemon energy bar	Лимонена енергийна лента	Barre énergétique au citron	Лимонный энергетический батончик
Items/DesKeyLemonEnergyBar	Effective energy boost from dried lemons.	Ефективно енергийно зареждане от изсушени лимони.	Un apport d'énergie efficace grâce aux citrons séchés.	Эффективный заряд энергии из сушёных лимонов.
Items/OrangeEnergyBar	Orange energy bar	Оранжева енергийна лента	Barre énergétique à l’orange	Апельсиновый энергетический батончик
Items/DesKeyOrangeEnergyBar	Effective energy boost from dried oranges.	Ефективен енергиен тласък от сушени портокали.	Un apport d'énergie efficace grâce aux oranges séchées.	Эффективный заряд энергии из сушёных апельсинов.
Items/AppleJam	Apple jam	Джем от ябълки	Confiture de pomme	Яблочное варенье
Items/DesKeyAppleJam	Brings back the memory of your grandma's apple pie. You'll probably never be able to replicate this exact taste though.	Връща спомена за ябълковия пай на баба ти. Вероятно никога няма да успееш да повториш точно този вкус обаче.	Ravive le souvenir de la tarte aux pommes de ta grand-mère. Tu ne pourras probablement jamais reproduire exactement ce goût.	Возвращает воспоминания о яблочном пироге твоей бабушки. Но, скорее всего, тебе никогда не удастся в точности повторить этот вкус.
Items/LemonJam	Lemon jam	Лимонов мармалад	Confiture de citron	Лимонное варенье
Items/DesKeyLemonJam	Delicious sour taste, rich in antioxidants, may help your teeth stay white in case of caffeine overuse.	Вкусен кисел вкус, богат на антиоксиданти, може да помогне на зъбите ти да останат бели в случай на прекомерна употреба на кафе.	Délicieux goût acidulé, riche en antioxydants, peut aider à garder tes dents blanches en cas de consommation excessive de caféine.	Восхитительный кисловатый вкус, богат антиоксидантами, может помочь сохранить белизну зубов при чрезмерном употреблении кофеина.
Items/Cookie	Cookie	Бисквитка	Biscuit	Печенье
Items/DesKeyCookie	No one would resist such a delicious cookie. Who knows, maybe it could even soften the heart of an Agent?	Никой не би устоял на такава вкусна бисквитка. Кой знае, може би дори би разтопила сърцето на един агент?	Personne ne pourrait résister à un biscuit aussi délicieux. Qui sait, il pourrait même attendrir le cœur d'un Agent ?	Никто не устоит перед таким вкусным печеньем. Кто знает, может, оно даже смягчит сердце Агента?
Items/Tiramisu	Tiramisu	Тирамису	Tiramisu	Тирамису
Items/DesKeyTiramisu	An exquisite, coffee-flavoured cake. It's so delicious and nutritional it will make you feel much better about yourself and life in general.	Един изискан, кафеен сладкиш. Толкова вкусен и хранителен, че ще те накара да се чувстваш много по-добре със себе си и живота като цяло.	Un gâteau exquis au goût de café. Il est si délicieux et nourrissant qu'il vous fera vous sentir bien mieux dans votre peau et dans la vie en général.	Изысканный торт с кофейным вкусом. Он настолько вкусный и питательный, что вы почувствуете себя гораздо лучше и будете смотреть на жизнь с большим оптимизмом.
Items/SunflowerButter	Sunflower butter	Слънчогледово масло	Beurre de graines de tournesol	Масло из семян подсолнечника
Items/DesKeySunflowerButter	A healthy, plant-based butter.	Здравословно масло на растителна основа.	Un beurre sain d'origine végétale.	Полезное масло растительного происхождения.
Items/DriedLemon	Dried lemon	Сушен лимон	Citron séché	Сушёный лимон
Items/DesKeyDriedLemon	This ingredient is incredibly useful in making lemon-flavored things.	Тази съставка е невероятно полезна за приготвяне на неща с вкус на лимон.	Cet ingrédient est extrêmement utile pour préparer des aliments au goût de citron.	Этот ингредиент невероятно полезен при приготовлении блюд с лимонным вкусом.
Items/Hardtack	Hardtack	Сухари	Biscuit militaire	Армейский сухарь
Items/DesKeyHardtack	Simple to make, extremely durable. Might also require extremely durable teeth to eat.	Лесен за приготвяне, изключително издръжлив. Може да изисква и изключително издръжливи зъби за ядене.	Simple à préparer, extrêmement durable. Il faudra peut-être aussi avoir des dents extrêmement solides pour le manger.	Легко приготовить, чрезвычайно долговечен. Возможно, для его поедания также потребуются чрезвычайно крепкие зубы.
Items/PrepperMix	PrepperMix	ПрепърМикс	Mélange de survivaliste	Смесь выживальщика
Items/DesKeyPrepperMix	This is not just a kitchen robot. It's a philosophy. It's a lifestyle. Automate your meals and taste the luxury.	Това не е просто кухненски робот. Това е философия. Това е начин на живот. Автоматизирай храненията си и вкуси лукса.	Ce n'est pas qu'un robot de cuisine. C'est une philosophie. Un mode de vie. Automatisez vos repas et goûtez au luxe.	Это не просто кухонный робот. Это философия. Это образ жизни. Автоматизируйте свои блюда и вкусите роскошь.
Items/RoastedChickenLeg	Roasted chicken leg	Печено пилешко бутче	Cuisse de poulet rôtie	Жареная куриная ножка
Items/DesRoastedChickenLeg	An easy, simple classic. Not a culinary masterpiece, but will do as a quick snack.	Лесна, проста класика. Не е кулинарен шедьовър, но става за бърза закуска.	Un grand classique simple et facile. Ce n'est pas un chef-d'œuvre culinaire, mais ça fera l'affaire comme en-cas rapide.	Простой классический вариант. Не кулинарный шедевр, но вполне подойдет в качестве быстрого перекуса.
Items/RoastedCorn	Roasted corn	Печена царевица	Maïs rôti	Жареная кукуруза
Items/DesKeyRoastedCorn	Out of many things you can do with corn, this might be the tastiest choice.	От многото неща, които можеш да направиш с царевица, това може би е най-вкусният избор.	Parmi toutes les choses que l'on peut faire avec du maïs, c'est peut-être le choix le plus savoureux.	Из множества блюд, которые можно приготовить из кукурузы, это, пожалуй, самый вкусный вариант.
Items/EmptyCan	Empty can	празна консерва	Boîte vide	Пустая банка
Items/DesKeyEmptyCan	There's no food there anymore, but you can scrap it for materials. Recycling!	Няма храна там вече, но можеш да го разглобиш за материали. Рециклиране!	Il n'y a plus de nourriture dedans, mais vous pouvez la recycler pour récupérer des matériaux. Recyclage !	Еды там больше нет, но можно разобрать её на материалы. Переработка!
Items/EmptyJar	Empty jar	Празна бутилка	Verre vide	Пустая банка
Items/DesKeyEmptyJar	There's no food there anymore, but you can scrap it for materials. Recycling!	Няма храна там вече, но можеш да го разглобиш за материали. Рециклиране!	Il n'y a plus de nourriture dedans, mais vous pouvez le recycler pour récupérer des matériaux. Recyclage !	Еды там больше нет, но можно разобрать её на материалы. Переработка!
Items/Cage	Cage	Клетка	cage	Клетка
Items/Car	Car	Кола	Voiture	Автомобиль
Items/WardrobeHerbalist	Wardrobe	Гардероб	Placard	Шкафчик
Items/ClimbingChalk	Climbing Chalk	Катерачна креда		
Items/DesClimbingChalk	Make it easyer to climb. Loses it's effect after while.	По-лесно катерене. Изчезва след известно време.		
Items/Fibre	Fibre	Влакно		
Items/DesFibre	Basic Material. Needed to craft Ropes.	Основен материал. Необходим за изработка на въжета.		
Items/Line	Rope	Въже		
Items/DesLine	Can be placed on vertical walls. Makes it much easyer to climb. Some places can only by accessed with a rope.	Може да се постави на вертикални стени. Улеснява катеренето. Някои места могат да се достигнат само с въже.		
Items/MountainHerb	Mountain Herb	Планинска билка		
Items/MountainHerbWild	Mountain Herb	Дива планинска билка		
Items/DesMountainHerb	Can be used to brew a tea that restores stamina and prepperedness. Recipie for it need to be unlocked first.          	Може да се използва за приготвяне на чай, който възстановява издръжливостта и препърността. Рецептата за него трябва да бъде отключена първо.		
Items/Platform	Platform	Платформа		
Items/DesPlatform	Can be placed on gaps that are missing floor. It needs Platform Spports for wider gaps.	Може да се постави на празнини без под. Нуждае се от подпори за по-широки празнини.		
Items/PlatformSupport	Platform Support	Поддръжка на платформата		
Items/DesPlatformSupport	Used to support platforms placed across longer gaps in the floor.	Използва се за поддържане на платформи, поставени над по-големи празнини в пода.		
Items/Vine	Vine	Лоза		
Items/DesVine	You can deconstruct it into Fibre.	Можеш да го разглобиш на влакна.		
Items/VineLine	Vine Line	Линия от лози		
Items/DesVineLine	Can be placed on vertical walls. Makes it much easyer to climb. Some places can only by accessed with a rope.	Може да се постави на вертикални стени. Улеснява изкачването. Някои места могат да се достигнат само с въже.		
Items/WalkieTalkie	Walkie Talkie	Радиостанция		
Items/DesWalkieTalkie	Don't go to The Mountain without it.	Не ходи на планината без него.		
Items/WorkbenchMountainUpgrade1	Mountain Workbench Upgrade 1	Подобрение на работната маса в планината 1		
Items/DesWorkbenchMountainUpgrade1	Basic essetials to climb mountains.	Основни неща за катерене по планини.		
Items/WorkbenchMountainUpgrade2	Mountain Workbench Upgrade 2	Подобрение на работната маса в планината 2		
Items/DesWorkbenchMountainUpgrade2	Basic essetials to climb mountains.	Основни неща за катерене по планини.		
Items/IceMachine	IceMachine	Машина за лед		
Items/DesIceMachine	DesIceMachine	Машина за лед		
Items/CryoTechNote1	CryoTechNote2	Забележка за криотехнология 2		
Items/CryoTechNote2	CryoTechNote3			
Items/CryoTechNote3	CryoTechNote4	Забележка за криотехнология 4		
Items/CryoTechNote4	CryoTechNote5			
Items/CryoTechNote5	CryoTechNote6			
Items/DesCryoTechNote1	DesCryoTechNote2	Забележка за криотехнологията 2		
Items/DesCryoTechNote2	DesCryoTechNote3	Забележка за Десублимационната Технология 3		
Items/DesCryoTechNote3	DesCryoTechNote4	Забележка за криотехнологията 4		
Items/DesCryoTechNote4	DesCryoTechNote5	Забележка за криотехнологията 5		
Items/DesCryoTechNote5	DesCryoTechNote6	Забележка за криотехнологията 6		
Items/ClimbingBook	ClimbingBook	Книга за катерене		
Items/DesClimbingBook	DesClimbingBook	Книга за катерене		
Items/PumaExpertBook	PumaExpertBook	Книги за оцеляване		
Items/DesPumaExpertBook	DesPumaExpertBook	Експертна книга на Дез Пума		
Items/WalrusBook2	WalrusBook3	Книга на Моржа 3		
Items/DesWalrusBook2	DesWalrusBook3	Книга на Дес Уолъс 3		
Items/BasicHikingClothes	BasicHikingClothes	Основни туристически дрехи		
Items/DesBasicHikingClothes	DesBasicHikingClothes	Основни туристически дрехи		
Items/MountainLootBox1	MountainLootBox2	Планинска кутия 2		
Items/MountainLootBox2	MountainLootBox3	ПланинскаКутия3		
Items/MountainLootBox3	MountainLootBox4	ПланинскаКутия4		
Items/DesMountainLootBox1	DesMountainLootBox2			
Items/DesMountainLootBox2	DesMountainLootBox3			
Items/DesMountainLootBox3	DesMountainLootBox4			
Items/CryoSleepPod	CryoSleepPod	Криосънчо		
Items/DesCryoSleepPod	DesCryoSleepPod	Събуждане от криосън		
Items/CryoTeslaCoilGun	CryoTeslaCoilGun			
Items/DesCryoTeslaCoilGun	DesCryoTeslaCoilGun	ДесКриоТе́слаСпиралаПушка		
Items/FreezeDryer	FreezeDryer	Сушилня за замразяване		
Items/DesFreezeDryer	DesFreezeDryer	Сушилня за замразени храни		
Items/HeatPack	HeatPack	Топлинен пакет		
Items/DesHeatPack	DesHeatPack	Дезодорант за топлина		
Items/HerbTea	HerbTea	Чай от билки		
Items/DesHerbTea	DesHerbTea	Чай от билки		
Items/HikingBackpack	HikingBackpack	Раница за туризъм		
Items/DesHikingBackpack	DesHikingBackpack	Раница за туризъм		
Items/HikingClothes	HikingClothes	Туристически дрехи		
Items/DesHikingClothes	DesHikingClothes	Туристически дрехи		
Items/Ice	Ice	Лед		
Items/DesIce	DesIce	Лед за дестилация		
Items/Iceaxe	Iceaxe	Ледокоп		
Items/DesIceaxe	DesIceaxe	Лед и стомана		
Items/IceCream	IceCream	Сладолед		
Items/DesIceCream	DesIceCream	Сладолед		
Items/IceCreamMachine	IceCreamMachine	Машина за сладолед		
Items/DesIceCreamMachine	DesIceCreamMachine	Машина за сладолед		
Items/IceMiningRock	IceMiningRock	Лед за добив на скали		
Items/MountainInitLetter	MountainInitLetter	Бункерът ти е готов. Време е да го направиш свой дом.		
Items/DesMountainInitLetter	DesMountainInitLetter	Първоначално писмо от Дева Мария		
Items/MountainInitPackage	MountainInitPackage	Пакет за началото в планината		
Items/DesMountainInitPackage	DesMountainInitPackage	Пакет за начална екипировка за планината		
Items/Piton	Piton	Питон		
Items/DesPiton	DesPiton	Описание		
Items/Safe	Safe	Бункер		
Items/DesSafe	DesSafe	Бункерът ти е готов. Време е да го напълниш.		
Items/Snow	Snow	Сняг		
Items/DesSnow	DesSnow	Снегът е изчистен.		
Items/Sorter	Sorter	Сортировач		
Items/DesSorter	DesSorter	Сортировач на предмети		
Items/Thermos	Thermos	Термос		
Items/DesThermos	DesThermos	Термос		
Items/Titan	Titan	Титан		
Items/DesTitan	DesTitan	Деститан		
Items/TitanFurnace	TitanFurnace	Титанова пещ		
Items/DesTitanFurnace	DesTitanFurnace			
Items/TitanOre	TitanOre	Титаниева руда		
Items/DesTitanOre	DesTitanOre	Деститанова руда		
Items/TitanRock	TitanRock	Титанска скала		
Items/TravelRefrigerator	TravelRefrigerator	Хладилник за пътуване		
Items/DesTravelRefrigerator	DesTravelRefrigerator	Хладилник за пътуване		
Items/Puma	Puma	Пумa		
Items/FirstAidKit	First Aid Kit	Комплект за първа помощ		
Items/MountainPlankCabinetWhiteSmall	Small white plank cabinet	Малък бял шкаф от дъски	Petite armoire blanche en planches	Маленький белый дощатый шкаф
Items/MountainArmyChest	Army Chest	Бункера на армията	Caisse militaire\n	Военный сундук\n
Items/MountainRailwayController	Railway Controller	Контролер на влака		
Items/Marshmallow	Marshmallow	Маршмелоу		
Items/DesMarshmallow				
Items/ClimbWall	Climbing Wall	Стена за катерене		
Items/CottageSofa	CottageSofa	Диван за вила		
Items/DesCottageSofa	DesCottageSofa	Диван в къщата		
Items/CuckooClock	CuckooClock	Кукувичио		
Items/DesCuckooClock	DesCuckooClock	Часовникът на кукувицата		
Items/Fireplace	Fireplace	Камина		
Items/DesFireplace	DesFireplace	Камина		
Items/FurRag	FurRag	Козина и парцали		
Items/DesFurRag	DesFurRag			
Items/MountainViewWindow	MountainViewWindow	Изглед към планината		
Items/DesMountainViewWindow	DesMountainViewWindow	Изглед към планината		
Items/OilLamp	OilLamp	Маслена лампа		
Items/DesOilLamp	DesOilLamp	Масло за лампа		
Items/SnowGlobe	SnowGlobe	Снежна топка		
Items/DesSnowGlobe	DesSnowGlobe	Снежна топка на Дес		
Items/Snowmaker	Snowmaker	Снежна машина		
Items/DesSnowmaker	DesSnowmaker	Снежен генератор		
Items/SnowManBase1	SnowManBase2			
Items/DesSnowManBase1	DesSnowManBase2	Снежен човек база 2		
Items/SnowManBase2	SnowManBase3			
Items/DesSnowManBase2	DesSnowManBase3			
Items/SnowManCylinder	SnowManCylinder	Снежен човек цилиндър		
Items/DesSnowManCylinder	DesSnowManCylinder	ДеСноуМенЦилиндър		
Items/SnowManHat	SnowManHat	Шапка Снежен Човек		
Items/DesSnowManHat	DesSnowManHat	Шапка на снежния човек		
Items/SnowManHead1	SnowManHead2	Снежен човек глава 2		
Items/DesSnowManHead1	DesSnowManHead2			
Items/SnowManHead2	SnowManHead3			
Items/DesSnowManHead2	DesSnowManHead3			
Items/SnowManMiddle1	SnowManMiddle2	СнеженЧовекСреден2		
Items/DesSnowManMiddle1	DesSnowManMiddle2	Снежен човек среден 2		
Items/SnowManMiddle2	SnowManMiddle3	СнеженЧовекСреден3		
Items/DesSnowManMiddle2	DesSnowManMiddle3	Снежен човек 3		
Items/MountainInfiniteLevelNote	Diane Note	Забележка на Диана		
Items/MountainLogs	Logs for later	Дърва за по-късно		
Items/SnowmanBook	How to Build a Snowman	Как да направиш снежен човек		
Items/DesSnowmanBook	DesSnowmanBook	Книга на снежния човек		
Items/MountainHerbBook	MountainHerbBook	Книга с билки от планината		
Items/DesMountainHerbBook	DesMountainHerbBook	Книга с билки от планината		
Items/MountainTraderNote	MountainTraderNote	Забележка на търговеца от планината		
Items/YetiFootPrint	Big Foot Print	Отпечатък от Голямата стъпка		
Items/YetiHandPrint	Big Hand Print	Голяма ръка		
Items/YetiRock	Yeti-shaped Rock	Скала във формата на йети		
Skills/ArtOfNegotiationBook1	Better prices achieved in trade.	По-добри цени в търговията.	Meilleurs prix obtenus en commerçant.	Более выгодные цены при торговле.
Skills/ArtOfNegotiationBook2	Even better prices achieved in trade.	Още по-добри цени в търговията.	Des prix encore meilleurs obtenus en commerçant.	Еще более выгодные цены при торговле.
Skills/BuilderBook	Faster building of shelter rooms.	По-бързо строителство на стаи в убежището.	Construction plus rapide des pièces d'abri.	Ускоренное строительство комнат убежища.
Skills/DoItYourselfBook1	Faster crafting.	По-бърза изработка.	Fabrication plus rapide.	Ускоренное создание предметов.
Skills/DoItYourselfBook2	Even faster crafting.	Още по-бърза изработка.	Fabrication encore plus rapide.	Еще сильнее ускоренное создание предметов.
Skills/GardeningBook1	Faster plants growth.	По-бърз растеж на растенията.	Croissance plus rapide des plantes.	Ускоренный рост растений.
Skills/GardeningBook2	Even faster plants growth.	Още по-бърз растеж на растенията.	Croissance des plantes encore plus rapide.	Еще сильнее ускоренный рост растений.
Skills/HealthyEatingBook	More health from food.	Повече здраве от храна.	Plus de santé grâce à la nourriture.	Еда восстанавливает больше здоровья.
Skills/MartialArtsBook1	More damage and speed in fight. \nLets you move and attack simultaneously.	Повече щети и скорост в битката. \nПозволява ти да се движиш и атакуваш едновременно.	Plus de dégâts et de rapidité au combat. \nVous permet de vous déplacer et d'attaquer simultanément.	Больше скорости и урона в бою. \nПозволяет атаковать и двигаться одновременно.
Skills/MartialArtsBook2	Even more damage and speed in fight. \nLets you move and attack simultaneously.\nUnlocks critical hits.	Още повече щети и скорост в битката. \nПозволява ти да се движиш и атакуваш едновременно. \nОтключва критични удари.	Encore plus de dégâts et de rapidité au combat.\nVous permet de vous déplacer et d'attaquer simultanément.\nDébloque les coups critiques.	Больше скорости и урона в бою.\nВозможность атаковать и двигаться одновременно.\nОткрывает возможность критических ударов.
Skills/NoSleepBook	More stamina and Preparedness gained from sleeping and napping.	Повече издръжливост и готовност се получават от спане и дрямка.	Plus d'endurance et de préparation gagnées en dormant et en faisant la sieste.	Больше выносливости и живучести во время сна и дремы.
Skills/PetrolheadBook	Smaller fuel usage in cars and other machines.	По-малък разход на гориво в колите и другите машини.	Réduction de la consommation de carburant dans les voitures et autres machines.	Уменьшенное потребление топлива машинами и прочими механизмами.
Skills/PreppersGuideBook	Slower Preparedness drain.	По-бавно изтощаване на готовността.	Drain de la Préparation plus lent.	Уменьшенное потребление живучести.
