# key	english	bulgarian	french	russian
Skills/StrengthTrainingBook1	You can carry more.	Можеш да носиш повече.	Vous pouvez porter plus de poids.	Вы можете носить больше предметов.
Skills/StrengthTrainingBook2	You can carry even more.	Можеш да носиш още повече.	Vous pouvez porter encore plus de poids.	Вы можете носить еще больше предметов.
Skills/WalrusBook	Better resistance to cold.	По-добра устойчивост на студ.	Meilleure résistance au froid.	Улучшенная сопротивляемость холоду.
Skills/				
Skills/FishTemptationTechniques	Fish catch baits faster.	Рибата се лови по-бързо с примамки.	Les poissons attrapent les appâts plus rapidement.	Рыба клюет быстрее.
Skills/GroundbaitVirtuoso	You gain a chance of not losing a bait when fishing.	При риболов имаш шанс да не загубиш стръвта.	Vous avez une chance de ne pas perdre l'appât pendant la pêche.	У вас появляется шанс не потерять наживку во время рыбалки.
Skills/MaintenanceOfTheFishermansEquipment	Fishing rods wear out slower.	Въдиците издържат по-дълго.	Les cannes à pêche s'usent plus lentement.	Удочки изнашиваются медленнее.
Skills/AnimalExtractionBook	You get more of a product out of every animal (wool, milk, etc.)	Получаваш повече от всяко животно (вълна, мляко и т.н.)	Vous obtenez une plus grande quantité de produit de chaque animal (laine, lait, etc.).	Вы получаете с животных больше продуктов (шерсти, молока и т.д.).
Skills/AnimalsWhispererBook	Animals are no longer scared of you. \nUnlocks new interactions.	Животните вече не се страхуват от теб. \nОтключва нови взаимодействия.	Les animaux n'ont plus peur de vous. Débloque de nouvelles interactions.	Животные больше не боятся вас. \nОткрывает новые взаимодействия.
Skills/ClimbingBook	Stamina drains slower while climbing.	Изтощаваш се по-бавно, докато се катериш.		
Skills/WalrusBook2	Even better resistance to cold.	Още по-добра устойчивост на студ.		
Skills/PumaExpertBook	You can't be suprise attacked by pumas.	Не можеш да бъдеш изненадан от пуми.		
Letter/herbTittel	Dear Neighbor,	Скъпи съседе,	Cher voisin,	Дорогой сосед,
Letter/herbSignature	The Local Herbalist	Местният билкар	L'herboriste locale	Ваша травница
Letter/herbFirstLetter	Do you like flowers, herbs and plants in general? Are you having trouble making friends in the town? Are you tired of urban life and sad men in suits visiting your home? Do you enjoy nature?\nIf any of this is true to you (and I'm sure it is!), please come to the forest during the day. You might meet someone friendly!\n	Харесваш ли цветя, билки и растения като цяло? Имаш ли проблеми с намирането на приятели в града? Уморен ли си от градския живот и от тъжни мъже в костюми, които посещават дома ти? Наслаждаваш ли се на природата?\nАко някое от това е вярно за теб (и съм сигурна, че е!), ела в гората през деня. Може да срещнеш някой приятелски настроен!\n	Vous aimez les fleurs, herbes et autres plantes en général? Vous avez du mal à vous faire des amis en ville? Vous êtes fatigué de la vie urbaine et des hommes sinistres en costume inspectant votre maison? Vous aimez la nature?\nSi c'est vrai pour vous (et je suis sûre que ça l'est!), s'il vous plaît venez dans la forêt pendant la journée. Vous pourriez rencontrer quelqu'un d'amical!	Вам нравятся цветы, травы? Любые растения? Никак не можете завести друзей? Устали от городской жизни и унылых мужиков в костюмах, которые приходят к вам домой? Любите природу?\nЕсли ваш ответ хоть на один из вопросов – «да» (а я в этом уверена!), приходите днем в лес. Возможно, вы найдете там нового друга!
Letter/herbPill	It seems you didn't achieve what you wanted during your last trip. Take this and have better luck next time!	Изглежда, че не си постигнал това, което искаше по време на последното си пътуване. Вземи това и имай по-голям късмет следващия път!	On dirait que vous n'avez pas réalisé ce que vous vouliez lors de votre dernier voyage. Prenez ceci et bonne chance pour la prochaine fois!	Похоже, в прошлый раз вам не удалось добиться того, чего вы хотели. Удачи в следующий раз!
Letter/minutTittle	Dear Mr. Prepper,	Скъпи Препър,	Cher Mr.Prepper,	Уважаемый мистер Выживальщик,
Letter/minutSignature	Yours truly,\nThe Minuteman\n	Твоят човек,\nМинуteman\n	Sincèrement,\nLe Minuteman	Искренне ваш,\nМинитмен
Letter/minutFirstLetter	You don't know me, but your ambitions have caught my eye. You are an interesting person, Mr. Prepper. And there are not many interesting people in the town these days. \nI know that your little road trip didn't go well. Too bad! But if I may suggest something: go big. And don't stick to land route only. I'm attaching something you may find useful. It's a tried and tested design. It might seem crazy at a first glance, but Prepper, I know you can do it. \nAnd don't be afraid, your secrets are safe with me. And expect more fan mail from me soon!\n	Не ме познаваш, но амбициите ти са привлекли вниманието ми. Ти си интересен човек, господин Препър. И в града вече не са много интересните хора. \nЗнам, че малкото ти пътуване не мина добре. Жалко! Но ако мога да предложа нещо: действай на голямо. И не се ограничавай само до сухопътен маршрут. Прилагам нещо, което може да ти е полезно. Това е изпитан и тестван дизайн. Може да ти се стори лудо на пръв поглед, но Препър, знам, че можеш да го направиш. \nИ не се страхувай, тайните ти са в безопасност с мен. И очаквай още писма от мен скоро!\n	Vous ne me connaissez pas, mais vos ambitions ont attiré mon attention. Vous êtes une personne intéressante, Mr. Prepper. Et il n'y a pas beaucoup de gens intéressants en ville ces jours-ci. \nJe sais que votre petite escapade s'est mal passée. Dommage! Mais si je pouvais vous faire une suggestion: voyez les choses en grand. Et ne restez pas attaché à la voie terrestre uniquement. Je vous transmet quelque chose que vous pourriez trouver utile. C'est un design testé et approuvé. Cela peut paraître fou à première vue, mais Mr. Prepper, je sais que vous pouvez le faire. \nEt n'ayez pas peur, vos petits secrets seront bien gardés avec moi. Et attendez-vous bientôt à d'autres courriers de ma part!	Вы меня не знаете, но я знаю вас. Вы очень интересный человек, мистер Выживальщик. В наши дни таких днем с огнем не сыскать.\nЗнаю, что ваше небольшое путешествие обернулось неудачей. Очень жаль! Но, если позволите, мне бы хотелось посоветовать вам играть по-крупному. Не ограничивайтесь землей. Прилагаю к письму кое-что полезное. Я его уже опробовал. На первый взгляд это может показаться безумием, но я знаю, что вы, Выживальщик, справитесь.\nНе беспокойтесь, я сохраню ваш секрет. Я вам еще напишу!
Letter/minutLetter2	I hope my letter finds you well. Do you feel inspired by my last gift?\nI would like to start a small exchange between us, if you'll agree. From time to time, I will send you a letter or a package with some useful information or an item. And I have access to some rather curious supplies and sources, trust me!\nHowever, there are some things that are hard to obtain for me – and here is where I believe you, Mr. Prepper, would help me. \nYou can deliver me things like you would trade them on the local marketplace – I'm sure you'll figure this out.\nAs an icebreaker - I would just love, love to have a jar of blueberry jam! \n\n\n	Надявам се писмото ми да те намери в добро здраве. Вдъхнових ли те с последния си подарък?\nБих искал да започна малък обмен между нас, ако се съгласиш. От време на време ще ти изпращам писмо или пакет с полезна информация или предмет. Имам достъп до някои доста любопитни запаси и източници, вярвай ми!\nВъпреки това има някои неща, които са трудни за мен да получа – и тук вярвам, че вие, г-н Препър, бихте ми помогнали. \nМожеш да ми доставиш неща, както би ги търгувал на местния пазар – сигурен съм, че ще се справиш.\nКато ледоразбивач - бих искал, искал да имам бурканче с боровинково сладко! \n\n\n	J'espère que vous recevrez bien cette lettre. Avez-vous été inspiré par mon dernier cadeau?\nJe voudrais démarrer un petit échange avec vous, si vous êtes d'accord. De temps en temps, je vous enverrai une lettre ou un colis contenant une information ou un object utile. Et j'ai accès à des sources et des fournitures assez spéciales, croyez-moi!\nCependant, il y a certaines choses qui me sont plus difficiles à obtenir - et c'est là que je pense que vous, Mr. Prepper, pourriez m'aider. \nVous pouvez me livrer des choses comme vous le feriez sur le marché local - je suis sûr que vous comprendrez comment faire.\nPour briser la glace - j'adorerais vraiment avoir un pot de confiture de myrtilles!\n	Надеюсь, мои письма застали вас в добром здравии. Вам понравился мой последний подарок?\nЯ бы хотел предложить вам обмен. Иногда я буду высылать вам письма или посылки с полезной информацией или товарами. Поверьте, у меня есть доступ к весьма любопытным вещам!\nНо кое-что мне достать трудно, и тут, думаю, мне поможете вы, Выживальщик.\nВы можете обмениваться со мной, как если бы торговали на рынке – уверен, вы разберетесь.\nПредлагаю закрепить наше знакомство моим горячо любимым лакомством – баночкой черничного варенья!
Letter/minutLetter3	How are you? I have recently taken interest in a certain fascinating topic that can also become timely. However, due to regulations of our wise government – bless the President – obtaining reliable sources on this topic is challenging.\nBut Mr. Prepper, you might have more luck! Please deliver me a good book about nuclear warfare and its consequences. Something non-fiction. I am sure I can make up for all the trouble!\nI am not sure where to obtain unusual books these days, given the Agency's pressure. I think the whole book business must have gone underground.	Как си? Наскоро се заинтересувах от една определена завладяваща тема, която може да стане и актуална. Но заради регулациите на нашето мъдро правителство – да благословим президента – намирането на надеждни източници по тази тема е предизвикателство.\nНо, господин Препър, ти може би ще имаш повече късмет! Моля те, донеси ми добра книга за ядрената война и нейните последици. Нещо нехудожествено. Сигурен съм, че мога да компенсирам всички неудобства!\nНе съм сигурен откъде да си набавям необичайни книги тези дни, предвид натиска на Агенцията. Мисля, че целият кни	Comment allez-vous? Je me suis récemment intéressé à un sujet fascinant qui pourrait malheureusement devenir d'actualité. Cependant, en raison des réglementations de notre sage gouvernement - gloire au Président - il m'est difficile d'obtenir des sources fiables sur le sujet.\nMais Mr. Prepper, vous aurez peut-être plus de chance que moi! S'il vous plaît, envoyez-moi un bon livre à propos de la guerre nucléaire et de ses conséquences. Quelque chose de non fictionnel. Je suis sûr que je pourrai vous dédommager pour le dérangement!\nJe ne sais pas où trouver des livres insolites ces jours-ci, étant donné la pression de l'Agence. Je pense que tout le business du livre a dû devenir clandestin.	Как ваши дела? Недавно я обратил свой взор на одну интересную тему, которая в скором времени может стать актуальной. Однако из-за постановлений нашего правительства – Боже, храни Президента – получить достоверные сведения весьма затруднительно.\nНо, мистер Выживальщик, вам может повезти больше, чем мне! Мне очень нужна хорошая книга о ядерной войне и ее последствиях. Научно-популярная. Я уверен, что смогу отплатить вам за услугу.\nНе уверен, где достать необычные книги во времена гнета Агентства. Думаю, книжное дело ушло в подполье.
Letter/minutLetter4	Thank you very much for the book, it was very informative indeed! Now I have a follow-up request: could you bring me a Geiger counter? I am not saying I need to use it right now… but still I would like to learn how to use it, and rather sooner than later. \nThe Geiger counter is already quite an old technology; maybe you'll find one where other old things are?\nI will be grateful!	Благодаря много за книгата, беше много информативна! Сега имам едно запитване: можеш ли да ми донесеш един Гайгер брояч? Не казвам, че ми трябва веднага... но все пак бих искал да науча как се използва и по-скоро по-рано, отколкото по-късно. \nГайгер броячът е вече доста стара технология; може би ще намериш един там, където има и други стари неща?\nЩе съм ти много благодарен!	Merci beaucoup pour le livre, c'était très informatif en effet! J'ai maintenant la requête suivante: pourriez-vous m'apporter un compteur Geiger? Je ne dis pas que j'ai besoin de l'utiliser tout de suite... Mais je voudrais quand même apprendre à m'en servir, et le plus tôt sera le mieux.\nLe compteur Geiger est plutôt une technologie ancienne; peut-être en trouverez-vous un là où il y a d'autres vieilles choses?\nJe vous en serai reconnaissant!	Большое спасибо за ценное чтиво, весьма познавательно! У меня есть еще просьба: не могли бы вы найти счетчик Гейгера? Не то чтобы он нужен мне прямо сейчас... но все же мне бы хотелось научиться им пользоваться, и чем раньше, тем лучше. \nСчетчик Гейгера считается устаревшей технологией; возможно, вы найдете его среди старья?\nБуду весьма признателен!
Letter/minutLetter5	Thank you very much for the Geiger counter! Now I feel much more… prepared. \nRemember my first gift for you? Have you already started constructing your vehicle? I'm sure you'll handle most of it easily, but keep in mind that such technology requires impeccable quality of elements, hard to achieve in our do-it-yourself conditions.\nBut fear not! I happen to know about a device which will help you greatly: an AI-based, highly adaptable rocket control module, together with a top-notch accelerometer.\nI know you can find the control module in Fort Observer, an abandoned military base not far from Murricaville. They used to work on sending things to space there, among other research. I cannot point you to a specific location, unfortunately. But I'm sure you'll find a way, Mr. Prepper!\n\n	Много благодаря за брояча на Гейгер! Сега се чувствам много по-… подготвен. \nПомниш ли първия ми подарък за теб? Вече започна ли да строиш превозното си средство? Сигурен съм, че ще се справиш лесно с повечето неща, но имай предвид, че такава технология изисква безупречно качество на елементите, трудно постижимо в нашите условия на "направи си сам".\nНо не се бой! Случайно знам за устройство, което ще ти помогне много: AI-базиран, силно адаптивен ракетен контролен модул, заедно с първокласен акселерометър.\nЗнам, че можеш да намериш контролния модул във Форт Обзървър, изоставена военна база не далеч от Мюрикавил. Там са работили по изпращането на неща в космоса, наред с други изследвания. За съжаление, не мога да ти посоча конкретно място. Но съм сигурен, че ще намериш начин, господин Препър!\n\n	Merci beaucoup pour le compteur Geiger! Maintenant je me sens bien mieux.... préparé.\nVous vous souvenez de mon premier cadeau? Avez-vous déjà commencé à construire votre véhicule? Je suis sûr que vous y parviendrez facilement, mais n'oubliez pas qu'une telle technologie a besoin de composants de très grande qualité et qu'il sera dur, dans votre atelier fait maison, d'y arriver.\nMais n'ayez crainte! Il se trouve que je connais un appareil qui vous aidera grandement: un module IA de commande de fusée hautement adaptable, ainsi qu'un accéléromètre d'excellente qualité.\nJe sais que vous pouvez trouver le module de contrôle dans Fort Observer, une base militaire abandonnée non loin de Murricaville. Ils travaillaient à envoyer des choses dans l'espace là-bas, parmis d'autres recherches. Je ne peux malheureusement pas vous indiquer un endroit précis. Mais je suis sûr que vous trouverez un moyen, Mr. Prepper!	Спасибо за счетчик Гейгера! Теперь у меня больше шансов... выжить.\nПомните мой первый подарок? Уже начали мастерить средство передвижения? Не сомневаюсь, задача вам по плечу, но детали должны быть идеальны, а найти такие непросто, когда все приходится собирать самому. Рано отчаиваться! Я знаю, где добыть очень полезную вещь – универсальный ИИ-модуль управления ракетой. Он на заброшенной базе «Наблюдатель» неподалеку от Мерикосвиля. Когда-то там отправляли в космос грузы. Увы, не могу назвать точное местоположение, но вы справитесь, мистер Выживальщик!
Letter/minutLetter6	I'm afraid we are both in trouble. Despite my precautions, there is a certain Agent who has taken interest in me and my recent... investigations. If he keeps snooping around, he might also get to you eventually.\nBut here's how you can help: you could put the Agent in trouble so he gets off our backs. This Agent lives nearby under the name of James FitzPatrick. \nPlant him an illegal item and I'll denounce him to the Agency.\nIt would be best if it was not simply illegal, but... illegal with a flair. To truly impress other Agents.\nI have a feeling the postman would be willing to help with this. He's also not a fan of the Agency. \nRemember, Mr. Prepper, it's for our safety! Our ambitions are too grand to be thwarted by some petty agents!\n	Страхувам се, че и двамата сме в беда. Въпреки моите предпазни мерки, има определен агент, който проявява интерес към мен и моите последни... разследвания. Ако продължи да се навърта наоколо, може да стигне и до теб в крайна сметка.\nНо ето как можеш да помогнеш: можеш да вкараш агента в беда, за да се махне от гърба ни. Този агент живее наблизо под името Джеймс Фицпатрик. \nЗасади му незаконен предмет и ще го докладвам на Агенцията.\nБи било най-добре, ако не беше просто незаконно, но... незаконно с финес. За да впечатлиш наистина другите агенти.\nИмам чувството, че пощальонът би се съгласил да помогне с това. Той също не е фен на Агенцията. \nПомни, господин Препър, това е за нашата безопасност! Нашите амбиции са твърде големи, за да бъдат спрени от някакви дребни агенти!\n	J'ai peur que nous ayons tous les deux des problèmes. Malgré mes précautions, il y a un Agent qui s'intéresse à moi et à mes récentes... recherches. S'il continue à fouiner, il pourrait aussi finir par vous trouver.\nMais voici comment vous pouvez nous aider: vous pourriez mettre l'agent en difficulté pour qu'il nous lâche. Cet agent habite à proximité sous le nom de James Fitzpatrick.\nCachez chez lui un objet illégal et je le dénoncerai à l'Agence.\nÇa serait mieux si ce n'était pas simplement illégal, mais... illégal avec un certain panache. Pour vraiment impressionner les autres Agents.\nJ'ai le sentiment que le facteur serait d'accord pour nous aider avec ça. Il n'est pas non plus fan de l'Agence.\nN'oubliez pas, Mr. Prepper, c'est pour notre sécurité! Nos ambitions sont trop grandes pour être contrecarrées par un simple Agent!	Боюсь, у нас проблемы. Несмотря на предосторожности, один агент заинтересовался моими... расследованиями. Он может добраться и до вас. Если создать ему неприятности, он отстанет. Его зовут Джеймс Фитцпатрик, он живет неподалеку. \nПодбросьте ему что-нибудь незаконное, а я донесу на него в Агентство. Лучше не просто незаконное, а... незаконное с изюминкой, чтобы по-настоящему впечатлить других агентов. Мне кажется, почтальон готов нам помочь. Он тоже не в восторге от Агентства. \nПомните, мистер Выживальщик, это все ради безопасности! Мелкие агентишки не должны мешать великой цели!
Letter/minutLetterWaterControl	Just a quick note: my source in the Agency tells me that the water usage will be added to the things checked during an inspection. Excessive use may be noticed. Please pay attention!	Просто кратко напомняне: източникът ми в агенцията ми каза, че използването на вода ще бъде добавено към нещата, които се проверяват по време на инспекция. Прекомерната употреба може да бъде забелязана. Моля, обърни внимание!	Une petite note: ma source à l'Agence me dit que la consommation d'eau sera ajoutée aux choses vérifiées lors d'une inspection. Une utilisation excessive peut être remarquée. Faites attention s'il vous plaît!	Просто краткое примечание: мой источник в Агентстве говорит, что во время инспекций начнут проверять потребление воды. Если тратить слишком много воды, это могут заметить. Имейте в виду!
Letter/minutLetterElectricityControl	Heads up: as our great country has some problems with electricity supply, the Agency plans to start controlling domestic electricity usage. Keep in mind that high consumption may look suspicious. Take care!	Внимавай: тъй като нашата велика страна има проблеми с електрозахранването, Агенцията планира да започне да контролира домашната употреба на електричество. Имай предвид, че високото потребление може да изглежда подозрително. Внимавай!	Attention: notre grand pays ayant des problèmes d'électricité, l'Agence prévoit de commencer à contrôler la consommation domestique d'électricité. Gardez à l'esprit qu'une consommation élevée peut sembler suspecte. Faites attention!	Предупреждение: наша великая родина вырабатывает слишком мало электричества, так что Агентство начнет контролировать его потребление у населения. Имейте в виду, слишком активное использование электричества может показаться им подозрительным. Берегите себя!
Letter/minutLetterCupboardControl	A quick friendly warning: the Agency wants to ramp up the intensity of inspections. Be ready that they might want to look into your cupboards and prepare accordingly.	Бързо приятелско предупреждение: Агенцията иска да увеличи интензивността на проверките. Бъди готов, че може да искат да погледнат в шкафовете ти и се подготви съответно.	Un avertissement rapide et amical: l'Agence veut augmenter l'intensité des inspections. Soyez prêt à ce qu'ils regardent à l'intérieur de vos placards et préparez-vous en conséquence.	Короткое дружеское предупреждение: Агентство планирует проводить более тщательные инспекции. Будьте готовы к тому, что они начнут обыскивать даже коробки.
Letter/minutLetterCupboardControl2	And here I am with another warning: some people in the Agency are determined to prove you really are up to something, and they will look into your cupboards and cabinets even more closely. Be sure to keep anything that might be suspicious out of their sight!	И ето ме отново с предупреждение: някои хора в Агенцията са решени да докажат, че наистина замисляш нещо, и ще проверяват шкафовете и гардеробите ти още по-внимателно. Увери се, че нищо подозрително не им се изпречва на очите!	Et me voici avec un autre avertissement: certaines personnes au sein de l'Agence sont déterminées à prouver que vous préparez vraiment quelque chose, et elles examineront encore plus attentivement vos placards et vos armoires. Assurez-vous de garder hors de leur vue tout ce qui pourrait être suspect!	И снова я, с очередным предупреждением: некоторые люди в Агентстве серьезно намерены доказать, что вы что-то задумали. Они будут осматривать ваши коробки и шкафчики даже более тщательно, чем раньше. Убедитесь, что они не смогут ничего отыскать!
Letter/huntLetterAd	<i><b><pos=20%><size=140%>HUNTER'S CLUB\n<line-height=20%>\n<line-height=100%><pos=10%><size=100%>Everything what the wilderness around Murricaville has to offer! Fresh game from different animals, free-range and ethically shot to death! And if you want to do the hunting yourself – I offer a wide choice of traps & baits.\n<line-height=70%><pos=40%><size=80%>-- Lavinia, your local huntress	<i><b><pos=20%><size=140%>ЛОВЕН КЛУБ\n<line-height=20%>\n<line-height=100%><pos=10%><size=100%>Всичко, което дивата природа около Мърикавил може да предложи! Свеж дивеч от различни животни, отглеждани на свобода и етично застреляни до смърт! А ако искате сами да ловувате – предлагам богат избор от капани и примамки.\n<line-height=70%><pos=40%><size=80%>-- Лавиния, вашата местна ловджийка	<i><b><pos=20%><size=140%>CLUB DE CHASSE\n<line-height=20%>\n<line-height=100%><pos=10%><size=100%>Tout ce que la nature sauvage de Murricaville a à offrir! Gibier frais de différents animaux, abattu en liberté et en respectant l'éthique! Et si vous voulez chasser vous-même, je vous propose un large choix de pièges et d'appâts.\n<line-height=70%><pos=40%><size=80%>-- Lavinia, votre chasseuse locale	<i><b><pos=20%><size=140%>ОХОТНИЧИЙ КЛУБ\n<line-height=20%>\n<line-height=100%><pos=10%><size=100%>Все, что может предложить дикая природа Мерикосвиля! У нас можно приобрести мясо самых разных животных. Застрел гуманный! А если же вы хотите поохотиться сами – предлагаем вашему вниманию широкий спектр ловушек и приманок.\n<line-height=70%><pos=40%><size=80%>-- Ваша охотница Лавиния
Letter/minutLetter7	I regret to inform you that while our small sabotage has worked out brilliantly – Agent FitzPatrick will never bother any citizens again – I am in a dire situation now. We took out the Agent, but the Agency has noticed my special interests anyway. I am in hiding now; I had to leave my job, house, and most of my things. I am not as well prepared for such situations like you, so I need to ask for your help. Could you send me some food? Preferably canned and long-lasting.\nI also need to inform you of something you won't read in the Truth: the international situation is very tense currently. It seems the foreign powers have serious concerns about the real purpose of the Brazen Serpent satellite. It's hard to say how it ends.\nTake care and don't forget about me, Mr. Prepper!\n	Съжалявам да ви информирам, че макар малкият ни саботаж да е проработил блестящо – агент Фицпатрик никога повече няма да притеснява гражданите – аз сега съм в тежка ситуация. Унищожихме агента, но Агенцията забеляза моите специални интереси. Сега съм в укритие; трябваше да напусна работата си, къщата и повечето си вещи. Не съм толкова добре подготвен за такива ситуации като вас, затова се нуждая от вашата помощ. Можете ли да ми изпратите малко храна? Предпочитам консерви и дълготрайни продукти.\nТрябва също така да те информирам за нещо, което няма да прочетеш в Истината: международната ситуация в момента е много напрегната. Изглежда чуждестранните сили имат сериозни притеснения относно истинската цел на сателита Змийска отрова. Трудно е да се каже как ще завърши всичко това.\nГрижи се и не ме забравяй, г-н Препър!\n	J'ai le regret de vous informer que même si notre petit sabotage a fonctionné avec brio - l'agent FitzPatrick ne dérangera plus jamais les citoyens - je suis dans une situation désastreuse maintenant. Nous avons éliminé l'Agent, mais l'Agence a quand même remarqué mes intérêts particuliers. Je me cache maintenant; J'ai dû quitter mon travail, ma maison et la plupart de mes affaires. Je ne suis pas aussi bien préparé que vous à de telles situations, je dois donc vous demander de me venir en aide. Pouvez-vous m'envoyer de la nourriture? De préférence en boîte et de longue conservation.\nJe dois également vous informer de quelque chose que vous ne lirez pas dans la Vérité: la situation internationale est actuellement très tendue. Il semble que les puissances étrangères aient de sérieuses inquiétudes quant à l'objectif réel du satellite Serpent d'Airain. Il est difficile de dire comment ça va finir.\nFaites attention et ne m'oubliez pas, Mr. Prepper!	К сожалению, несмотря на наш блестящий успех – агент Фицпатрик больше не станет донимать граждан, – я оказался в страшной ситуации. Мы избавились от агента, но Агентство все же меня заметило. Я в бегах. Мне пришлось бросить работу, дом и имущество. У мало опыта в таких делах, и мне нужна ваша помощь. Вы можете отправить мне немного еды? Такой, чтобы надолго хватило.\nРасскажу, что не пишут в «Правде»: международные отношения сейчас крайне напряженные. Похоже, другие государства обеспокоены «Медным змием». Не забывайте меня и берегите себя, мистер Выживальщик!
Letter/minutLetter8	Thank you very much for the food you sent me! You are my inspiration and guardian angel, Mr. Prepper. \nThis might be the last letter I am sending you and I have one final request. They are coming for me to my hideout. And I need to be prepared: either for forcing my way through them or making my last stand. For that, I need sufficient firepower. A regular handgun will not do.\nDear Mr. Prepper, could you give me an automatic rifle and 100 rounds of ammunition? If I survive the battle, I promise to answer a lot of questions that must be bugging you. If I do not, please remember me dearly, Mr. Prepper.\n	Благодаря ти много за храната, която ми изпрати! Ти си моят вдъхновител и ангел-пазител, господин Препър. \nТова може да е последното писмо, което ти изпращам, и имам една последна молба. Те идват за мен в скривалището ми. И трябва да съм подготвен: или да си пробия път през тях, или да направя последния си отпор. За това ми трябва достатъчно огнева мощ. Обикновена ръчна пушка няма да свърши работа.\nСкъпи господин Препър, бихте ли ми дали автоматична пушка и 100 патрона? Ако оцелея в битката, обещавам да отговоря на много въпроси, които вероятно ви тормозят. Ако не, моля, спомняйте си за мен с обич, господин Препър.\n	Merci beaucoup pour la nourriture que vous m'avez envoyée! Vous êtes mon inspiration et mon ange gardien, Mr. Prepper.\nC'est peut-être la dernière lettre que je vous envoie et j'ai une dernière requête. Ils viennent me chercher dans ma cachette. Et je dois être préparé: soit pour me frayer un chemin à travers eux, soit pour livrer ma dernière bataille. Pour cela, j'ai besoin d'une puissance de feu suffisante. Une arme de poing ordinaire ne fera pas l'affaire.\nCher Mr. Prepper, pourriez-vous me donner un fusil automatique ainsi que 100 cartouches? Si je survis à la bataille, je promets de répondre à toutes vos questions. Si je n'y arrive pas, souvenez-vous bien de moi, Mr. Prepper.	Спасибо, что присылаете мне еду! Мистер Выживальщик, вы мой ангел-хранитель и источник вдохновения. \nВозможно, это последнее мое письмо. У меня осталась еще одна просьба. Они хотят прийти за мной в убежище. Мне нужно подготовиться: либо пробиваться силой, либо дать последний бой. Для этого мне понадобится мощное оружие. Обыкновенный пистолет не подойдет.\nДорогой мистер Выживальщик, не могли бы вы дать мне автоматическую винтовку и 100 патронов? Если я выживу в этой битве, то обещаю ответить на многие гложущие вас вопросы. А если нет, то не поминайте лихом.
Letter/				
Letter/HalloweenNote	Dear Citizen, Boo-hoo! It's Halloween time!Find the scarecrow! (And please remember to be compliant with security & wellbeing regulations at all times.)	Скъпи гражданино, Ууу! Време е за Хелоуин! Намери чучелото! (И моля, не забравяй да спазваш правилата за сигурност и благополучие през цялото време.)	Cher citoyen, Boo-hoo! C'est l'heure d'Halloween! Trouvez l'épouvantail! (Et n'oubliez pas de vous conformer, en tout temps, aux réglementations en matière de Sécurité et de Bien-être.) 	Дорогой гражданин... Бу! Настал Хэллоуин! Найдите пугало (и не забывайте следовать положениям акта о безопасности и благополучии).
Letter/farmInvitationTittle	Work Order - Farm	Работна поръчка - Ферма	Ordre de Travail – Ferme	Наряд на работу – ферма
Letter/farmInvitation	Dear Citizen,\nin accordance with the Resources & Workforce Allocation Act, you are now assigned to the task of repair and maintenance of the White Sands Farm. Please arrive to the location without any unnecessary delay. \nBless the President,	Скъпи гражданино,\nсъгласно Закона за разпределение на ресурси и работна сила, сега сте назначен на задачата за ремонт и поддръжка на фермата White Sands. Моля, пристигнете на мястото без излишни забавяния. \nБоже, пази президента,	Cher Citoyen,\nConformément à la loi sur la répartition des ressources et de la main-d'œuvre, vous êtes désormais affecté à la tâche de réparation et d'entretien de la ferme White Sands. Vous êtes prié de vous présenter sur place dans les plus brefs délais.\nQue Dieu bénisse le président,	Уважаемый гражданин,\nВ соответствии с актом о ресурсах и распределении рабочей силы, вы назначаетесь ответственным за ремонт и обслуживание фермы «Белые пески». Пожалуйста, явитесь на место работы и не опаздывайте без веской причины. \nБоже, храни президента,
Letter/farmInvitationSignature	The Agency	Агенцията	L'Agence	Агентство
Letter/joeUraniumTittle	A New Find	Ново откритие	Une Nouvelle Découverte\n	Новая находка
Letter/joeUraniumLetter	Hey, Prepper!\nCome to my junkyard, I have something for you! A very interesting find! It glows in UV light!	Здравей, Препър!\nЕла в моя скрап, имам нещо за теб! Много интересна находка! Глемо в UV светлина!	Salut, Prepper !\nViens à ma casse, j’ai quelque chose pour toi ! Une trouvaille très intéressante ! Elle brille sous la lumière UV !\n	Привет, Prepper!\nПриходи на мою свалку, у меня есть кое-что для тебя! Очень интересная находка! Светится под ультрафиолетом!\n
Letter/joeSignature	Joe 	Джо	Joe	Джо\n
Letter/cryoTechNote1	cryoTechNote	Забележка за криотехнологията		
Letter/cryoTechNote2	cryoTechNote	Забележка за криотехнология		
Letter/cryoTechNote3	cryoTechNote	Технологична бележка за криогенна капсула		
Letter/cryoTechNote4	cryoTechNote	Забележка за криотехнологията		
Letter/cryoTechNote5	cryoTechNote	Забележка за криотехнология		
Tips/tip	Tip	Съвет	Astuce	Подсказка
Tips/tipDefault0	Prepare yourself for the worst	Подготви се за най-лошото	Préparez-vous au pire	будьте готовы к худшему
Tips/tipDefault1	You can move items from and into boxes with a double click	Можеш да преместваш предмети от и в кутии с двойно кликване.	Vous pouvez déplacer des objets depuis et dans des boîtes avec un double clic	вы можете перемещать предметы из коробок и обратно двойным нажатием ЛКМ
Tips/tipDefault1Port	You can move items from and into boxes by press <sprite index=Button2_UIAtlas> on them	Можеш да преместваш предмети в и от кутии, като натиснеш <sprite index=Button2_UIAtlas> върху тях	Vous pouvez déplacer des éléments vers et depuis des boîtes en appuyant sur <sprite index=Button2_UIAtlas>	Можешь перемещать предметы из коробок и обратно, нажав <sprite index=Button2_UIAtlas>
Tips/tipDefault2	You can move items from and into boxes with Shift + LMB	Можеш да местиш предмети от и в кутии с Shift + LMB.	Vous pouvez déplacer des objets depuis et dans des boîtes avec Maj + clic gauche	вы можете перемещать предметы с помощью комбинации клавиш Shift+ЛКМ
Tips/tipDefault2Port	You can move items from and into boxes with <sprite index=Button8_UIAtlas> while holding <sprite index=Button0_UIAtlas>	Можеш да преместваш предмети в и от кутии с <sprite index=Button8_UIAtlas> докато държиш <sprite index=Button0_UIAtlas>	Vous pouvez déplacer des objets vers et depuis des boîtes avec <sprite index=Button8_UIAtlas> en maintenant <sprite index=Button0_UIAtlas> enfoncé	Ты можешь перемещать предметы в коробки и из них с помощью <sprite index=Button8_UIAtlas>, удерживая <sprite index=Button0_UIAtlas>
Tips/tipDefault3	Hold Shift to place items more precisely	Дръж Shift, за да поставиш предметите по-точно.	Maintenez Maj pour placer les objets plus précisément	зажмите Shift, чтобы точнее разместить предмет
Tips/tipDefault3Port	Hold <sprite index=Button26_UIAtlas> to place items more precisely	Дръж <sprite index=Button26_UIAtlas> за по-прецизно поставяне на предмети	Maintenez <sprite index=Button26_UIAtlas> enfoncée pour placer les objets avec plus de précision	Удерживай <sprite index=Button26_UIAtlas>, чтобы размещать предметы более точно
Tips/tipDefault4	Inspecting items and reading their descriptions can give useful tips	Преглеждането на предмети и четенето на техните описания може да даде полезни съвети.	Inspecter les objets et lire leurs descriptions peut vous donner des conseils utiles	осматривая предметы и читая их описания, вы можете узнать полезную информацию
Tips/tipDefault5	Plants can wilt if you don't take care of them	Растенията увяхват, ако не се грижиш за тях.	Les plantes peuvent mourir si vous ne vous en occupez pas	если не ухаживать за растениями, они могут завянуть
Tips/tipDefault6	Crafting and cooking increases your Preparedness 	Изработката и готвенето увеличават твоята Готовност.	Fabriquer et cuisiner augmente votre Préparation	создание предметов и готовка пищи увеличивает вашу живучесть
Tips/tipDefault7	Planting, watering and harvesting plants increases your Preparedness 	Засаждането, поливането и прибирането на растения увеличава твоята Готовност.	Planter, arroser et récolter des plantes augmente votre préparation	сажая, поливая и собирая растения, вы увеличиваете свою живучесть
Tips/tipDefault8	Trading increases your Preparedness 	Търговията увеличава твоята Готовност.	Échanger augmente votre Préparation	торговля увеличивает вашу живучесть
Tips/tipDefault9	Go to sleep early to regenerate more stamina	Легни си по-рано, за да възстановиш повече издръжливост.	Couchez-vous de bonne heure pour régénérer plus d'endurance	ложитесь спать пораньше, чтобы восстановить больше выносливости
Tips/tipDefault10	Reading news increases your Preparedness 	Четенето на новини увеличава твоята Готовност.	Lire les nouvelles augmente votre préparation	чтение новостей увеличивает вашу живучесть
Tips/tipDefault11	Keep your stamina and health over 50% to avoid losing Preparedness 	Поддържай енергията и здравето си над 50%, за да не загубиш Подготвеност.	Gardez votre endurance et votre santé au dessus de 50% pour éviter de perdre votre Préparation	если выносливость и здоровье упадут ниже 50%, живучесть начнет снижаться
Tips/tipDefault12	You craft faster while your stamina and health are over 50%	Изработваш по-бързо, когато издръжливостта и здравето ти са над 50%.	Vous fabriquez plus vite quand votre endurance et votre santé sont au dessus de 50%	когда выносливость и здоровье выше 50%, вы создаете предметы быстрее
Tips/tipDefault13	Disassembling items gives you their blueprints	Разглобяването на предмети ти дава техните чертежи	Démonter des objets vous donne leurs plans de fabrication	разбирая предметы, вы получаете их чертежи
Tips/tipDefault14	Your stamina decreases faster while you work	Твоята издръжливост намалява по-бързо, докато работиш.	Votre endurance diminue plus rapidement quand vous travaillez	выносливость снижается быстрее, когда вы работаете
Tips/tipDefault15	Your Preparedness decreases slower while you work	Твоята готовност намалява по-бавно, докато работиш.	Votre Préparation diminue plus lentement quand vous travaillez	живучесть снижается медленнее, когда вы работаете
Tips/tipDefault16	While dragging a group of items, click RMB to drop one item	Докато влачиш група предмети, кликни с десния бутон, за да пуснеш един предмет.	Tout en faisant glisser un groupe d'objets, cliquez sur le bouton gauche de la souris pour en déposer un	перетаскивая несколько вещей, нажмите ПКМ, чтобы выбросить один из предметов
Tips/tipDefault16Port	While dragging a group of items, press <sprite index=Button29_UIAtlas> to drop one item	Докато претеглиш група предмети, натисни <sprite index=Button29_UIAtlas> за пускане на един предмет	Tout en faisant glisser un groupe d'éléments, appuyez sur <sprite index=Button29_UIAtlas> pour déplacer un élément	При переносе группы элементов нажми <sprite index=Button29_UIAtlas> , чтобы сбросить один из них
Tips/tipMines1	You can melt stone into glass in a furnace	Можеш да разтопиш камък в стъкло в пещта.	Vous pouvez fondre la pierre dans un fourneau pour la transformer en verre	вы можете переплавлять камни в стекло с помощью печи
Tips/tipDefault17	Some items in locations respawn over time	Някои предмети в локациите се появяват отново с времето	Certains objets dans différents lieux réapparaissent avec le temps	некоторые предметы со временем снова появляются на своих местах
Tips/tipDesert1	You can disassemble grenades	Можеш да разглобиш гранати.	Vous pouvez démonter les grenades	вы можете разбирать гранаты
Tips/tipDesert2	Scavenging the desert is a good source of many materials. The farther you go, the better the loot	Чистенето на пустинята е добър източник на много материали. Колкото по-далеч отиваш, толкова по-добра е плячката.	Piller le désert est une bonne source pour de nombreux matériaux. Plus vous irez loin, meilleur sera votre butin	пустыня – ценный источник ресурсов. Чем дальше вы отправитесь, тем ценнее будут находки
Tips/tipDefault18	Level up traders to unlock new ones	Повиши нивото на търговците, за да отключиш нови.	Augmentez le niveau de confiance des marchands pour en débloquer d'autres	улучшайте уровень доверия торговцев, чтобы на карте появились новые
Tips/tipDefault19	Always read letters	Винаги чети писмата	Lisez toujours votre courrier	всегда читайте письма
Tips/tipMines2	You need a mining helmet to see in the dark	Трябва ти миньорска каска, за да виждаш в тъмното.	Vous avez besoin d'un casque de mineur pour voir dans le noir	чтобы ориентироваться в темноте, вам нужна шахтерская каска
Tips/tipDesert3	Some NPCs appear only at night	Някои NPC-та се появяват само през нощта.	Certains PNJ n'apparaissent que la nuit	некоторые персонажи появляются только ночью
Tips/tipDefault20	Read your journal if you get lost	Прочети дневника си, ако се изгубиш	Lisez votre journal si vous êtes perdu	если вы не знаете, что делать, почитайте блокнот
Tips/tipDefault21	Most items can be used quickly with LMB	Повечето предмети могат да се използват бързо с LMB.	La plupart des objets peuvent être utilisés rapidement avec le clic gauche de la souris	большинство предметов можно быстро использовать с помощью ЛКМ
Tips/tipDefault21Port	Most items can be used quickly with <sprite index=Button0_UIAtlas>	Повечето предмети можеш да ги използваш бързо с <sprite index=Button0_UIAtlas>	La plupart des objets peuvent être utilisés rapidement avec le <sprite index=Button0_UIAtlas>	Большинство предметов можно быстро использовать с помощью <sprite index=Button0_UIAtlas>
Tips/tipDefault22	Double-click on an action in the context menu of an item to run to it and perform the action	Кликни два пъти върху действие в контекстното меню на предмет, за да отидеш до него и да го изпълниш.	Double-cliquez sur une action dans le menu contextuel d'un objet pour courir jusqu'à lui et effectuer cette action	если вы дважды нажмете на действие с предметом, персонаж побежит его выполнять
Tips/tipDefault22Port	Double-press <sprite index=Button0_UIAtlas> on an action in the context menu of an item to run to it and perform the action	Двойно натисни <sprite index=Button0_UIAtlas> върху действие в контекстното меню на предмет, за да дойде до него и да изпълни действието	Appuyez deux fois sur le bouton <sprite index=Button0_UIAtlas> d’une action dans le menu contextuel d’un objet pour vous y rendre et l’exécuter	Дважды нажми кнопку <sprite index=Button0_UIAtlas> в действии контекстного меню предмета, чтобы подбежать и выполнить действие
Tips/tipDefault23	Hold Left Ctrl to speed up time	Дръж натиснат ляв Ctrl, за да ускориш времето.	Maintenez la touche Ctrl gauche pour accélérer le temps	зажмите левый Ctrl, чтобы ускорить время
Tips/tipDefault24	You can destroy rooms in the building mode by clicking the red cross button	Можеш да унищожиш стаи в режим на строителство, като натиснеш червения кръст.	Vous pouvez détruire des pièces en mode construction en cliquant sur la croix rouge	вы можете разрушать комнаты в режиме строительства, нажав на красный крестик
Tips/tipDefault24Port	You can destroy rooms in the building mode by selecting the red cross	Можеш да унищожиш стаи в режим на строителство, като избереш червения кръст.	Vous pouvez détruire des pièces en mode Construction en sélectionnant la croix rouge	С помощью красного крестика, можно удалять комнаты в режиме строительства
Tips/tipForest1	Take a look at a note on the traps sign to get an idea of a kind of loot you can get in this area	Разгледай бележката на табелата с капаните, за да получиш представа за вида плячка, която можеш да намериш в този район.	Jetez un œil à la note sur le panneau des pièges pour avoir une idée du butin que vous pouvez obtenir dans la zone	прочтите записку на предупреждении о ловушках, чтобы узнать, что можно найти в этой области
Tips/tipDefault25				
Tips/tipAgent1	If your suspicion level is high it will take multiple visits to bring it back down	Ако нивото ти на подозрение е високо, ще са нужни няколко посещения, за да го свалиш.	Si votre niveau de suspicion est élevé, plusieurs visites seront nécessaires pour le faire redescendre	высокий уровень подозрительности снижается за несколько визитов Агента.
Tips/tipAgent2	You can get the positive Agent buff only if your suspicion level is at 0 	Можеш да получиш положителния буф на агент само ако нивото ти на подозрение е 0.	Vous pouvez obtenir le bonus d'agent que si votre niveau de suspicion est à 0	вы получаете бонус после отчета Агента только если уровень подозрительности равен нулю.
Tips/tipAgent3	If you were a good citizen for a long time, Agent may turn a blind eye	Ако си бил добър гражданин дълго време, агентът може да си затвори очите.	Si vous êtes un bon citoyen sur une longue période, l'agent pourrait fermer les yeux	если вы долго вели себя как примерный гражданин, Агент может закрыть на что-то глаза.
Tips/tipAgent4	Power of negative agent buff is dependent on your suspicion level	Силата на негативния буф на агента зависи от нивото ти на подозрение	La puissance du malus d'agent dépend de votre niveau de suspicion	серьезность штрафа от отчета Агента зависит от вашего уровня подозрительности.
Tips/tipFaint1	You can reload one of last 30 days after you faint four times	Можеш да се презаредиш един от последните 30 дни, след като припаднеш четири пъти.	Vous pouvez recharger l'un des 30 derniers jours après vous être évanoui quatre fois	если вы упадете в обморок 4 раза, сможете загрузиться в любой из последних 30 дней
Tips/tipFaint2	You can get rid of after-faint debuff by sleeping	Можеш да се отървеш от дебафа след припадък като поспиш.	Vous pouvez vous débarrasser du malus après vous être évanoui en dormant	вы можете снять штраф после обморока, если отправитесь спать
Tips/				
Tips/tipFarm1	Hamsters can help you generate power 	Хамстерите могат да ти помогнат да генерираш енергия.	Les hamsters peuvent vous aider à générer de l'électricité	Хомячки помогут вам вырабатывать электроэнергию
Tips/tipFarm2	Plant flowers in a room with beehive so the bees can produce some honey	Засади цветя в стая с кошери, за да могат пчелите да произведат мед.	Plantez des fleurs dans une pièce où il y a des abeilles, celles-ci pourront produire du miel	Сажайте цветы в комнате с ульем, чтобы пчелы могли производить мед
Tips/tipFarm3	Cows produce more milk than goats 	Кравите дават повече мляко от козите.	Les vaches produisent plus de lait que les chèvres	Коровы дают больше молока, чем козы
Tips/tipFarm4	You can kill animals to get meat - but please don't 	Можеш да убиваш животни, за да получиш месо - но моля те, не го прави.	Vous pouvez tuer des animaux pour avoir de la viande – mais ne le faites pas, s'il vous plaît	Вы можете забивать животных ради мяса... Но мы очень просим вас так не делать
Tips/tipFarm5	You can breed animals - take good care of them and leave extra space in room for the offspring! 	Можеш да развъждаш животни - грижи се добре за тях и остави допълнително място в стаята за потомството!	Vous pouvez élever des animaux – prenez bien soin d'eux et laissez-leur assez de place pour qu'ils puissent se reproduire!	Вы можете разводить животных. Заботьтесь о них и оставляйте в помещении свободное место для их потомства!
Tips/tipFarm6	Breeding and selling animals can be a good business	Отглеждането и продажбата на животни може да бъде добър бизнес.	L'élevage et la vente d'animaux peut être un business qui rapporte	Разведение и продажа животных могут приносить хорошие деньги
Tips/tipFarm7	Different animal variants can breed with each other without any issues	Различни варианти на животни могат да се размножават помежду си без никакви проблеми.	Les différentes races d'une même espèce peuvent se reproduire entre elles sans problèmes	Животные разных пород могут производить общее потомство
Tips/tipFarm8	Animals need enough space to live. Fences and room borders restrict their living space	Животните имат нужда от достатъчно пространство, за да живеят. Оградите и границите на стаите ограничават жизненото им пространство.	les animaux ont besoin de suffisamment de place pour vivre. Les clôtures et les bords d'une pièce restreignent leur espace vital	Животным необходимо достаточно места для жизни. Заборы и границы комнат ограничивают их жизненное пространство
Tips/tipFarm9	If the needs of animals are not satisfied, they won't produce anything and won't be able to breed	Ако нуждите на животните не са задоволени, те няма да произвеждат нищо и няма да могат да се размножават.	Si les besoins des animaux ne sont pas satisfaits, ils ne produiront rien et ne pourront pas se reproduire	Если животные не могут удовлетворить свои потребности, они не смогут производить продукты и размножаться
Tips/tipFarm10	You can buy a book with new cooking recipes from Will 	Можеш да си купиш книга с нови рецепти за готвене от Уил.	Vous pouvez acheter un livre avec de nouvelles recettes à Will	Уилл может продать вам книгу с новыми кулинарными рецептами
Tips/tipFarm11	Will sells different animals on higher trade levels	Уил продава различни животни на по-високи нива на търговия	Will vend différents animaux à des niveaux de commerce supérieurs	Торгуйте с Уиллом почаще, и он начнет продавать новых животных
Tips/tipFarm12	You can fillet fish to eat them. Some fish turn to baits instead of food when filleted 	Можеш да изчистиш риба, за да я ядеш. Някои риби се превръщат в примамки вместо в храна, когато ги изчистиш.	Vous pouves fileter vos poissons pour les manger. Certains poissons, une fois filetés, servent d'appâts et pas de nourriture	Чтобы съесть рыбу, нужно приготовить из нее филе. Филе некоторых рыб превращается не в еду, а в наживку
Tips/tipMaze1	The night maze opens at 6 PM every day 	Нощният лабиринт се отваря в 18:00 всеки ден. 	Le labyrinthe nocturne ouvre tous les jours à 18:00	Ночной лабиринт доступен каждые сутки с 18:00
Tips/tipMaze2	The night maze is harder, but gives better rewards 	Нощният лабиринт е по-труден, но дава по-добри награди	Le labyrinthe nocturne est plus difficile, mais il apporte de meilleures récompenses	Ночной лабиринт сложнее, но награда за его прохождение выше
Tips/tipMaze3	Use the map to avoid Skull rooms	Използвай картата, за да избягваш стаите със черепи.	Utilisez la carte pour éviter les pièces avec une tête de mort	Сверяйтесь с картой, чтобы обходить комнаты с черепом
Tips/tipFishingLakeSign1	Fish have their preferences regarding weather, time of day and other things	Рибите имат предпочитания относно времето, часа на деня и други неща.	Les poissons ont leurs préférences en ce qui concerne la météo, le moment, le jour et autres facteurs	Разная рыба предпочитает разную погоду, время суток и прочее
Tips/tipFishingLakeSign2	You can check the weather forecast on the radio	Можеш да провериш прогнозата за времето по радиото.	Vous pouvez consulter les prévisions météo à la radio	Вы можете послушать прогноз погоды по радио
Tips/tipFishingLakeSign3	If you are hunting for a specific fish, read about its preferences on an info board near the lake	Ако ловиш конкретен вид риба, прочети за предпочитанията му на информационната табела до езерото.	Si vous pêchez une espèce spécifique de poisson, informez-vous sur ses préférences sur le tableau d'information à côté du lac	Если вы хотите поймать конкретную рыбу, почитайте о ее особенностях на доске возле озера
Tips/tipFishingLakeSign4	Not every fish likes the same thing - choose your baits well	Не всяка риба обича едно и също - избери добре примамките си	Les poissons n'aiment pas tous les mêmes choses – choisissez bien vos appâts	Не каждой рыбе нравится одна и та же наживка. Выбирайте ее с умом
Tips/tipAnimalsXeno1	The more Xeno trusts you, the more activities he is willing to do	Колкото повече ти се доверява Ксено, толкова повече дейности е готов да прави.	Plus Xeno vous fait confiance, plus il voudra faire d'activités	Чем больше Ксено вам доверяет, тем больше дел он готов для вас делать
Tips/tipAnimalsXeno2	Activities with Xeno increase his trust level	Дейности с Ксено увеличават нивото му на доверие	Les activités avec Xeno font grimper son niveau de confiance	Занимаясь с Ксено, вы повышаете его уровень доверия к вам
Tips/tipAnimalsXeno3	Remember to meet Xeno's needs, otherwise he will be forced to meet them elsewhere	Помни да задоволиш нуждите на Ксено, иначе ще ги задоволи някъде другаде.	N'oubliez pas de satisfaire aux besoins de Xeno, sinon il faudra qu'il les satisfasse lui-même	Не забывайте следить за потребностями Ксено, иначе он будет вынужден уйти, чтобы удовлетворять их самостоятельно
Tips/tipAnimalsXeno4	Xeno is very fond of rat meat treats	Ксено много обича лакомства от плъхове.	Xeno adore les friandises à la viande de rat	Ксено обожает угощения из крыс
Tips/tipNuclear1	If you equip your Geiger Counter, it will automatically open when it detects a source of radiation.	Ако сложиш твоя Гайгер брояч, той автоматично ще се отвори, когато засече източник на радиация.	Si vous équipez votre compteur Geiger, il s’ouvrira automatiquement lorsqu’il détectera une source de radiation.\n	Если вы экипируете свой счетчик Гейгера, он автоматически откроется при обнаружении источника радиации.\n
Tips/tipNuclear2	Radiated items are hidden everywhere! Use a Geiger Counter to find them.	Радиоактивни предмети са скрити навсякъде! Използвай Гайгеров брояч, за да ги намериш.	Des objets irradiés sont cachés partout ! Utilisez un compteur Geiger pour les trouver.\n	Облучённые предметы спрятаны повсюду! Используйте счётчик Гейгера, чтобы их найти.\n
Tips/tipNuclear3	Anti-radiation extract is the best method to quickly reduce the Prepper's radiation level.	Антирадиационният екстракт е най-добрият начин бързо да намалиш радиацията на препъра.	L’extrait anti-radiation est la meilleure méthode pour réduire rapidement le niveau de radiation de Prepper.\n	Антирадиационный экстракт — лучший способ быстро снизить уровень радиации Prepper.\n
Tips/tipNuclear4	Nap, sleep or eat to reduce Prepper's radiation level.	Почивай, спи или яж, за да намалиш нивото на радиация на Препъра.	Fais une sieste, dors ou mange pour réduire le niveau de radiation de Prepper.\n	Вздремни, поспи или поешь, чтобы снизить уровень радиации Prepper.\n
Tips/tipNuclear5	You can safely keep Nuclear Material in your inventory. Its radiation level is too small to affect you.	Можеш спокойно да държиш ядрени материали в инвентара си. Нивото на радиация е твърде ниско, за да те засегне.	Vous pouvez conserver du matériel nucléaire en toute sécurité dans votre inventaire. Son niveau de radiation est trop faible pour vous affecter.\n	Вы можете безопасно хранить ядерный материал в своём инвентаре. Уровень его радиации слишком мал, чтобы вам навредить.\n
Tips/tipNuclear6	Keeping irradiated items in your inventory makes the Prepper's radiation level grow.	Съхраняването на радиоактивни предмети в инвентара ти увеличава нивото на радиация на Препъра.	Garder des objets irradiés dans votre inventaire fait augmenter le niveau de radiation de Prepper.\n	Хранение радиоактивных предметов в вашем инвентаре увеличивает уровень радиации Prepper.\n
Tips/tipNuclear7	Some of the irradiated items can respawn. 	Някои от радиоактивните предмети могат да се появят отново.	Certains des objets irradiés peuvent réapparaître.\n	Некоторые из облучённых предметов могут появляться снова.\n
Tips/tipNuclear8	Dr Edward, the scientist, can give you recipes for items that automate planting and harvesting. 	Д-р Едуард, ученият, може да ти даде рецепти за предмети, които автоматизират засаждането и прибирането на реколтата.	Le Dr Edward, le scientifique, peut vous donner des recettes pour des objets qui automatisent la plantation et la récolte.\n	Доктор Эдвард, учёный, может дать вам рецепты предметов, которые автоматизируют посадку и сбор урожая.\n
Tips/tipNuclear9	Use a Pitter to get seeds out of fruits, vegetables and other items.	Използвай питър, за да извадиш семена от плодове, зеленчуци и други неща.	Utilisez un dénoyauteur pour extraire les graines des fruits, légumes et autres objets.\n	Используйте косточковыдавливатель, чтобы достать семена из фруктов, овощей и других предметов.\n
Tips/tipNuclear10	Keep irradiated items away from food and plants.	Дръж радиоактивните предмети далеч от храната и растенията.	Gardez les objets irradiés éloignés de la nourriture et des plantes.\n	Держите облучённые предметы подальше от еды и растений.\n
Tips/tipNuclear11	Centrifuge can be used to clear some items of radiation.	Центрофугата може да се използва за премахване на радиация от някои предмети.	Une centrifugeuse peut être utilisée pour débarrasser certains objets de la radiation.\n	Центрифугу можно использовать, чтобы очистить некоторые предметы от радиации.\n
Tips/tipNuclear12	If you don't know where to find an item from a Scientist's Request, just ask him!	Ако не знаеш къде да намериш нещо от задача на учен, просто го попитай!	Si vous ne savez pas où trouver un objet d’une demande du scientifique, demandez-lui simplement !\n	Если вы не знаете, где найти предмет из запроса учёного, просто спросите его!\n
Tips/tipNuclear13	Crane Minigame price resets every day.	Цената на минииграта на кран се нулира всеки ден.	Le prix du mini-jeu de grue se réinitialise chaque jour.\n	Цена мини-игры с краном сбрасывается каждый день.\n
Tutorial/FirstFight1	Combat: [Q] - attack left, [E] - attack right	Бой: [Q] - атака наляво, [E] - атака надясно	Votre premier combat va commencer.	В бою: [Q] - атака слева, [E] - атака справа
Tutorial/FirstFight2	Move away to dodge wolfthem.	Отдръпни се, за да избегнеш вълка.	Cliquer sur le loup pour l'attaquer.	
Tutorial/FirstFight3	Hold <color=yellow>Left Control</color> to block the wolf's attacks	Дръж <color=yellow>Left Control</color> за да блокираш атаките на вълка	Maintenez ctrl gauche pour parer les attaques du loup	Зажмите левый Ctrl, чтобы блокировать атаку волка,
Tutorial/FirstFight3Port	Hold <sprite index=Button26_UIAtlas> to block the wolf's attacks	Дръж <sprite index=Button26_UIAtlas> за да блокираш атаките на вълка	Maintenez <sprite index=Button26_UIAtlas> enfoncée pour bloquer les attaques du loup	Удерживай <sprite index=Button26_UIAtlas> чтобы заблокировать атаку волка
Tutorial/FirstFight4	or move away to dodge them.	или се отдръпни, за да ги избегнеш.	ou éloignez-vous de lui pour éviter ses attaques.	или отойдите, чтобы уклониться.
Tutorial/FirstFight5	Use your bat in fight.	Използвай бухалката си в битка.	Utilisez votre batte pour combattre.	Деритесь битой.
Tutorial/FirstFight6	Good luck!	Успех!	Bonne chance!	Удачи!
Tutorial/FirstFightAddon1	Oh wait--	Ох, чакай--	Oh attendez--	Ой, минутку...
Tutorial/FirstFightAddon2	--you don't have a baseball bat!	--нямаш бейзболна бухалка!	--vous n'avez pas de batte de baseball!	...у вас же нет бейсбольной биты!
Tutorial/FirstFightAddon3	In this case...	В този случай...	Dans ce cas...	Что ж, тогда...
Tutorial/FirstFightAddon4	...you should RUN!	...трябва да бягаш!	...vous devriez COURIR!	...УНОСИТЕ НОГИ!
Tutorial/tt1	Tutorial	Урок	Tutoriel	Обучение
Tutorial/tt2	Controls	Контроли	Contrôles	Управление
Tutorial/tt3	Nap time	Време за сън	Sieste	Пора вздремнуть
Tutorial/tt4	Hunger	Глад	Faim	Голод
Tutorial/tt5	Preparedness	Готовност	Préparation	Живучесть
Tutorial/tt6	New escape plan	Нов план за бягство	Nouveau plan d'évasion	Новый план побега
Tutorial/tt7	Build a bunker	Построй бункер	Construire un bunker	Строительство бункера
Tutorial/tt8	Old friend	Стар приятел	Vieil ami	Старый друг
Tutorial/tt9	Workbench	Работна маса	Établi	Верстак
Tutorial/tt10	Trading	Търговия	Échange	Торговля
Tutorial/tt11	Forest	Гора	Forêt	Лес
Tutorial/tt12	Collecting	Събиране	Récolte	Собирательство
Tutorial/tt13	Back home	Вкъщи	Retour à la maison	Пора домой
Tutorial/tt14	Disassemble	Разглоби	Démonter	Разбор
Tutorial/tt15	You've got mail	Имаш поща	Vous avez du courrier	Вам письмо
Tutorial/tt16	Refresh	Опресни	Rafraîchir	Обновление
Tutorial/tt17	Ladder	Стълба	Échelle	Лестница
Tutorial/tt18	Place the ladder	Постави стълбата	Placez l'échelle	Поставить лестницу
Tutorial/tt19	Light	Светлина	Lampe	Свет
Tutorial/tt20	Light	Светлина	Lampe	Свет
Tutorial/tt21	Light	Светлина	Lampe	Свет
Tutorial/tt22	Night time	Нощта	Nuit	Ночь
Tutorial/tt23	Agent inspection	Проверка от агент	Inspection de l'Agent	Проверка Агента
Tutorial/tt24	Report	Докладвай	Rapport	Отчет
Tutorial/tt25	Workbench	Работна маса	Établi	Верстак
Tutorial/tt26	Breakfast	Закуска	Petit déjeuner	Завтрак
Tutorial/tt27	Journal	Дневник	Journal	Блокнот
Tutorial/				
Tutorial/td1	This is a tutorial. Let me show you around.	Това е урок. Нека ти покажа наоколо.	Ceci est un tutoriel. Laissez-moi vous guider.	Добро пожаловать в обучение. Сейчас я вам все покажу.
Tutorial/td2	Get familiar with the basic controls.	Запознай се с основните контроли.	Familiarisez-vous avec les contrôles de base.	Ознакомьтесь с управлением.
Tutorial/td3	You are tired after your escape attempt. You deserve a <color=yellow>nap</color>.	Уморен си след опита си за бягство. Заслужаваш <color=yellow>дрямка</color>.	Vous êtes fatigué après votre tentative d'évasion. Vous méritez de faire une <color=yellow>sieste</color>.	Вы устали после попытки побега. Пора <color=yellow>вздремнуть</color> – вы заслужили.
Tutorial/td4	You are hungry. Go <color=yellow>eat</color> something. 	Гладък си. Оти <color=yellow>изяди</color> нещо.	Vous avez faim. Allez <color=yellow>manger</color> quelque chose. 	Вы голодны. <color=yellow>Съешьте</color> что-нибудь.
Tutorial/td5	Keep your Preparedness high.	Поддържай своята Готовност висока.	Gardez votre état de Préparation élevé.	Держите живучесть на высоком уровне.
Tutorial/td6	Check your new <color=yellow>escape plan</color>.	Провери своя нов <color=yellow>план за бягство</color>	Examinez votre nouveau <color=yellow>plan d'évasion</color>.	Взгляните на свой новый <color=yellow>план побега</color>.
Tutorial/td7	Build the first room of your bunker.	Построй първата стая на бункера си.	Construisez la première pièce de votre bunker.	Постройте первую комнату в бункере.
Tutorial/td7Port	Build the first room of your bunker. Select Room option, point place to create room and confirm with<sprite index=Button0_UIAtlas>	Изгради първата стая на твоя бункер. Избери опция Стая, укажи мястото за създаване на стаята и потвърди с<sprite index=Button0_UIAtlas>	Construisez la première salle de votre bunker. Sélectionnez l'option Pièce, sélectionnez l'endroit où vous souhaitez créer la pièce et validez avec<sprite index=Button0_UIAtlas>	Построй первое помещение своего бункера. Выбери опцию Комната, укажи место, в котором ты желаешь создать комнату, и подтверди<sprite index=Button0_UIAtlas>
Tutorial/td8	You need to craft a <color=yellow>ladder</color> for your bunker. \nFirst, uncover your trusty <color=yellow>workbench</color>. 	Трябва да изработиш <color=yellow>скала</color> за бункера си. \nПърво, открий надеждната си <color=yellow>работна маса</color>.	Vous devez fabriquer une <color=yellow>échelle</color> pour votre bunker. \nPremièrement, découvrez votre fidèle <color=yellow>établi</color>. 	Нужно сделать <color=yellow>лестницу</color>.\nСначала снимите покрывало со своего верного <color=yellow>верстака</color>.
Tutorial/td9	Your workbench is a bit rusty. \nLet's see what you need to refresh it.	Работната ти маса е малко ръждясала. \nДа видим какво ти трябва, за да я освежиш.	Votre établi est un peu rouillé. \nVoyons ce qu'il faut pour le remettre en état.	Ваш верстак слегка заржавел.\nПосмотрим, как можно его обновить.
Tutorial/td10	You will need some metal and some wood. Start with buying <color=yellow>8 units of metal</color>.	Ще ти трябват метал и дърво. Започни с купуването на <color=yellow>8 единици метал</color>.	Vous aurez besoin de métal et de bois. Commencez par acheter <color=yellow>8 unités de métal</color>.	Вам понадобится металл и дерево. Для начала купите <color=yellow>8 единиц металла</color>.
Tutorial/td11	Go to the forest and find some wood. 	Отиди в гората и намери малко дърво.	Allez dans la forêt pour trouver du bois.	Отправляйтесь в лес и раздобудьте бревен.
Tutorial/td12	# wood logs.	# дървени трупи.	# rondins de bois	Бревна: #.
Tutorial/td13	Go back home.	Върни се у дома.	Revenez à la maison.	Отправляйтесь домой.
Tutorial/td14	Disassemble 3 logs to get wood. \n<color=yellow># logs disassembled<color=yellow>.	Разглоби 3 клонки за дърво. \n<color=yellow># разглобени клонки<color=yellow>.	Coupez 3 rondins pour obtenir du bois. \n<color=yellow># rondins coupés<color=yellow>.	Разберите 3 бревна.\n<color=yellow>Бревен разобрано: #<color=yellow>.
Tutorial/td15	Receive your metal.	Получи своя метал.	Réceptionnez votre métal.	Заберите свой металл.
Tutorial/td16	Upgrade your workbench.	Подобри работната маса.	Améliorez votre établi.	Улучшите свой верстак.
Tutorial/td17	You can finally craft a ladder!	Можеш най-накрая да направиш стълба!	Enfin vous pouvez fabriquer une échelle!	Наконец-то можно сделать лестницу!
Tutorial/td18	Just place the ladder. Drag & drop it.	Просто постави стълбата. Плъзни и пусни.	Placez l'échelle. Faites-la glisser et déposez-la.	Просто поставьте лестницу. Зажмите и перетащите.
Tutorial/td19	You need <color=yellow>lamps</color> for your bunker. You need <color=yellow>glass</color> to make them. Let's disassemble something at the workbench.	Трябва ти <color=yellow>лампи</color> за бункера си. Трябва ти <color=yellow>стъкло</color> да ги направиш. Разглоби нещо на работната маса.	Vous avez besoin de <color=yellow>lampes</color> pour votre bunker. Vous avez besoin de <color=yellow>verre</color> pour les fabriquer. Allons démonter quelque chose à l'établi.	В бункере нужны <color=yellow>лампы</color>. Чтобы их сделать, понадобится <color=yellow>стекло</color>. Давайте разберем что-нибудь на верстаке.
Tutorial/td20	Craft a wall lamp.	Изработи лампа за стена.	Fabriquez une applique.	Сделайте настенную лампу.
Tutorial/td21	Place wall lamp in the bunker. Drag & drop it.	Постави лампа на стената в бункера. Плъзни и пусни.	Placez l'applique dans le bunker. Faites-la glisser et déposez-la.	Установите лампу в бункере. Зажмите и перетащите.
Tutorial/td21Port	Place wall lamp in the bunker.	Постави лампа на стената в бункера.	Accrochez la lampe murale dans le bunker.	Повесь настенный светильник в бункере.
Tutorial/td22	You NEED to go to sleep before <color=yellow>3 AM</color>. 	Трябва да си легнеш преди <color=yellow>3 ч. през нощта</color>.	Vous DEVEZ aller dormir avant <color=yellow>3h00</color>. 	До <color=yellow>3 ночи</color> ОБЯЗАТЕЛЬНО нужно лечь спать.
Tutorial/td23	The Agent will come soon. You need to <color=yellow>hide or grab suspicious items</color> and open the door for him.	Агентът ще дойде скоро. Трябва да <color=yellow>се скриеш или вземеш подозтелни предмети</color> и да му отвориш вратата.	L'Agent va bientôt arriver. Vous devez <color=yellow>cacher ou prendre les objets suspects</color> et lui ouvrir la porte.	Скоро придет Агент. Нужно <color=yellow>спрятать или взять все подозрительные предметы</color> и открыть ему дверь.
Tutorial/td24	This is the Agent's report. Keep your house in unchanged state so the reports stay positive.	Това е докладът на агента. Поддържай къщата си в непроменено състояние, за да останат докладите положителни.	Ceci est le rapport de l'Agent. Gardez votre maison dans le même état afin que les rapports restent positifs.	Это отчет Агента. Чтобы отчеты были хорошие, не меняйте ничего в доме.
Tutorial/td25	Place the workbench in your bunker.	Постави работната маса в бункера си.	Placez l'établi dans votre bunker.	Поставьте верстак в бункере.
Tutorial/td26	Cook and eat some food.	Готви и яж нещо.	Cuisinez et mangez de la nourriture.	Приготовьте себе поесть.
Tutorial/td27	Check your journal.	Провери дневника си.	Examinez votre journal.	Загляните в свой блокнот.
Tutorial/tutPrep1	This is your Preparedness.	Това е твоята готовност.	Ceci est votre jauge de Préparation.	Это ваша живучесть.
Tutorial/tutPrep2	It's your most valuable stat.	Това е най-ценната ти статистика.	C'est votre stat la plus précieuse.	Живучесть – самая важная характеристика.
Tutorial/tutPrep3	If it drops to zero, you will faint.	Ако падне на нула, ще припаднеш.	Si elle tombe à zéro, vous vous évanouirez.	Если она опустится до нуля, вы упадете в обморок.
Tutorial/tutPrep4	Stay well fed and well rested to keep it high.	Дръж се добре нахранен и отпочинал, за да поддържаш нивото си високо.	Restez bien nourri et bien reposé pour la garder élevée.	Ешьте и отдыхайте, чтобы она оставалась высокой.
Tutorial/tutFoodSource	Establish \na food source	Установи \n източник на храна	Établir\nune source de nourriture	Найти\nисточник пищи
Tutorial/tutBuildFirstRoom	Build the first room	Построй първата стая	Construire la première pièce	Построить первую
Tutorial/tutBuildFirstRoom2	of my bunker.	на моя бункер.	de mon bunker.	комнату бункера
Tutorial/tutGrowPlant	Grow some plants	Отгледай някои растения	Faire pousser quelques plantes	Посадить в бункере
Tutorial/tutGrowPlant2	in my bunker.	в моя бункер.	dans mon bunker.	растения
Tutorial/tutBasic0	or	или	ou	или
Tutorial/tutBasic1	to see what you can do with it	да видиш какво можеш да направиш с него	pour voir ce que vous pouvez faire avec	для взаимодействия
Tutorial/tutBasic2	with	с	avec	с помощью
Tutorial/tutBasicCamera	Move camera using	Премести камерата с I2.	Déplacez la caméra en utilisant	Перемещение камеры
Tutorial/tutBasicPrepper	Move Mr. Prepper	Премести препъра	Déplacez Mr.Prepper	Управляйте Выживальщиком
Tutorial/tutBasicRun	Double click to run	Кликни два пъти, за да бягаш	Double cliquez pour courrir	Двойное нажатие для бега
Tutorial/tutBasicRunPort	Double press <sprite index=Button0_UIAtlas> to run	Двойно натисни <sprite index=Button0_UIAtlas> за бягане	Appuyez deux fois sur le Bouton A pour courir	Дважды нажми кнопку A, чтобы начать бежать
Tutorial/tutBasicClickOn	on any object	върху всеки обект	sur n'importe quel objet	по любому объекту
Tutorial/tutCantDoThat	You can't do that in the tutorial!	Не можеш да направиш това в туториала!	Vous ne pouvez pas faire ça dans le tutoriel!	Нельзя сделать это во время обучения!
Tutorial/tutPlants1.1	To make your basic underground farm you will need:	За да направиш основната си подземна ферма, ще ти трябват:	Pour créer votre ferme souterraine de base vous aurez besoin de:	Чтобы сделать самую простую подземную ферму, вам понадобится:
Tutorial/tutPlants1.2	<color=yellow>5x Room Soil</color> - can be crafted in the workbench	<color=yellow>5x Почвена почва</color> - можеш да я направиш в работната маса	<color=yellow>5x parcelles de terre</color> - peut être créée à l'établi	<color=yellow>5х комнатной почвы</color> (можно сделать на верстаке)
Tutorial/tutPlants1.3	<color=yellow>5x Seed bags</color> - you may find some in your home	<color=yellow>5x Чанци с семена</color> - можеш да намериш някои в дома си	<color=yellow>5x sacs de graines</color> - vous en trouverez quelques-uns chez vous	<color=yellow>5x пакетов семян</color> (можно найти в доме)
Tutorial/tutPlants1.4	Seeds can also be bought in trade.	Семената също могат да се купят в търговията.	Les graines peuvent également être achetées et échangées.	Семена также можно купить.
Tutorial/tutPlants2.1	Plants need <color=yellow>water</color> and <color=yellow>light</color> to grow.	Растенията се нуждаят от <color=yellow>вода</color> и <color=yellow>светлина</color> за да растат.	Les plantes ont besoin d'<color=yellow>eau</color> et de <color=yellow>lumière</color> pour pousser	Растениям нужна <color=yellow>вода</color> и <color=yellow>свет</color>, чтобы расти.
Tutorial/tutPlants2.2	You can take some water from a <color=yellow>sink</color>.	Можеш да вземеш вода от <color=yellow>мивка</color>	Vous pouvez prendre de l'eau grâce à l'<color=yellow>évier</color>	Воду можно взять в <color=yellow>раковине</color>.
Tutorial/tutPlants2.3	Keep your farm room <color=yellow>well lit</color>.\nMore light - faster growth.	Дръж стаята си за ферма <color=yellow>добре осветена</color>.\nПовече светлина - по-бърз растеж.	Gardez votre ferme <color=yellow>bien éclairée</color>\nPlus de lumière - croissance plus rapide	Ферма всегда должна быть <color=yellow>хорошо освещена</color>.\nЧем больше света, тем быстрее рост.
Tutorial/tutDriveAvoid	Hold <color=yellow>LMB</color> or <color=yellow>SPACE</color> to change the lane and avoid obstacles	Дръж <color=yellow>LMB</color> или <color=yellow>SPACE</color> за смяна на лентата и избягване на препятствия	Maintenez <color=yellow>CLIC GAUCHE</color> ou <color=yellow>ESPACE</color> pour changer de voie et éviter les obstacles	Удерживайте <color=yellow>ЛКМ</color> или <color=yellow>ПРОБЕЛ</color>, чтобы изменить направление и избежать препятствий
Tutorial/tutDriveAvoidPort	Hold <sprite index=Button0_UIAtlas> to change the lane and avoid obstacles	Дръж <sprite index=Button0_UIAtlas> за смяна на лентата и за избягване на препятствията	Maintenez <sprite index=Button0_UIAtlas> enfoncé pour changer de voie et éviter les obstacles	Удерживай <sprite index=Button0_UIAtlas>, чтобы менять полосу и избегать препятствий
Tutorial/tutDriveJump	Hold <color=yellow>RMB</color> or <color=yellow>LEFT SHIFT</color> to boost the car acceleration when the car goes up the ramp and jump safely	Дръж <color=yellow>RMB</color> или <color=yellow>LEFT SHIFT</color> за да ускори автомобила при изкачване на наклон и да прескочи безопасно	Maintenez <color=yellow>CLIC DROIT</color> ou <color=yellow>SHIFT GAUCHE</color> pour booster votre accélération lorsque la voiture monte une rampe et sauter en toute sécurité	Удерживайте <color=yellow>ПКМ</color> или <color=yellow>ЛЕВЫЙ SHIFT</color>, чтобы ускорить автомобиль, когда он поднимается, и безопасно прыгнуть
Tutorial/tutDriveJumpPort	Hold <sprite index=Button3_UIAtlas> to boost the car acceleration when the car goes up the ramp and jump safely	Дръж <sprite index=Button3_UIAtlas> за по-бързо ускорение на колата при изкачване по наклон и за безопасно скачане	Maintenez <sprite index=Button3_UIAtlas> enfoncé pour augmenter l’accélération de la voiture lors de la montée sur la rampe et sauter en toute sécurité	Удерживай <sprite index=Button3_UIAtlas>, чтобы увеличить ускорение машины при подъёме по рампе и совершить безопасный прыжок
Tutorial/cooking1	Remember that you will get the most of your food\nif you cook it first.	Помни, че ще получиш най-много от храната си\nако го сготвиш първо.	N'oubliez pas que vous obtiendrez plus de votre nourriture\nsi vous la faites cuire en premier.	Не забывайте: только приготовленная еда по-настоящему питательна.
Tutorial/cooking2	Try to start with a soup or a smoothie.	Опитай с супа или смути.	Essayez de commencer par une soupe ou un smoothie.	Для начала можете приготовить суп или смузи.
Tutorial/cooking3	Soups additionally require water - you can get it from the sink.	Супите изискват и вода - можеш да я вземеш от мивката.	Les soupes nécessitent de l'eau - vous pouvez en obtenir grâce à l'évier.	Чтобы приготовить суп, вам понадобится вода. Подойдет вода из-под крана.
Tutorial/blackOut1	It's a blackout. Too many things are using electricity.	Има прекъсване на тока. Прекалено много неща използват електричество.	C'est une panne de courant. Trop de choses utilisent de l'électricité.	Отключился свет. Слишком много предметов были подключены к сети.
Tutorial/blackOut2	This is your electricity box.	Това е твоят електрически панел.	Ceci est votre boîtier électrique.	Это счетчик электроэнергии.
Tutorial/blackOut3	Here you can check the percentage of electricity being used.	Тук можеш да провериш процента на използваната електроенергия.	Ici, vous pouvez vérifier le pourcentage d'électricité utilisé.	Здесь можно узнать расходуемый процент электричества.
Tutorial/blackOut4	Electricity supply provided by the government is very limited.	Електричеството от правителството е много ограничено.	L'approvisionnement en électricité fourni par le gouvernement est très limité.	Государство поставляет ограниченное количество электроэнергии.
Tutorial/blackOut5	For now, you have to turn something off to get power back.	Засега трябва да изключиш нещо, за да върнеш тока.	Pour l'instant, vous devez éteindre quelque chose pour rétablir le courant.	Пока что вам придется отключить какой-то предмет, чтобы вернуть электричество.
Tutorial/blackOut6	Later on you will be able to build your own generators to get more electricity.	По-късно ще можеш да си построиш собствени генератори, за да имаш повече електричество.	Plus tard, vous pourrez construire vos propres générateurs pour obtenir plus d'électricité.	В дальнейшем вы научитесь изготавливать собственные генераторы, чтобы производить больше энергии.
Tutorial/trustTut1	This is your mutual trust level with this neighbor.	Това е нивото на взаимно доверие с този съсед.	C'est votre niveau de confiance mutuelle avec ce voisin.	Это уровень доверия с соседом.
Tutorial/trustTut2	Every time you level up your trust,	Всеки път, когато повишиш доверието си,	Chaque fois que vous augmentez votre confiance,	Каждый раз, когда уровень доверия повышается,
Tutorial/trustTut3	you will get access to more and better offers.	ще получиш достъп до повече и по-добри оферти.	vous aurez accès à des offres plus nombreuses et de meilleure qualité.	вы получаете доступ к новым, более выгодным предложениям.
Tutorial/trustTut4	You may also unlock more traders this way via neighbor's recommendation.	Можеш също така да отключиш повече търговци по този начин чрез препоръка на съсед.	Vous pouvez également débloquer plus de commerçants de cette manière grâce à la recommandation des voisins.	А еще по рекомендации соседа можно познакомиться с новыми торговцами.
Tutorial/upgradeTut1	Room upgrade acquired!	Стая за надграждане придобита!	Amélioration de pièce acquis!	Получено улучшение для комнаты!
Tutorial/upgradeTut2	Put it inside a room upgrade box to upgrade a room.	Постави го в кутия за надграждане на стая, за да надградиш стая.	Mettez-la dans une boîte d'amélioration de pièce pour améliorer une pièce. 	Поместите его в ящик, чтобы улучшить комнату.
Tutorial/upgradeTut3	The number of room upgrade modules required to upgrade a room depends on the room size.	Броят на модулите за надграждане на стая зависи от размера на стаята.	Le nombre de modules d'amélioration requis pour améliorer une pièce dépend de la taille de cette pièce. 	Чем больше комната, тем больше для нее нужно модулей улучшений.
Tutorial/mazeTut1	Reach the end of the maze.	Стигни до края на лабиринта.	Atteignez le bout du labyrinthe.	Доберитесь до конца лабиринта
Tutorial/mazeTut2	The maze will close once you leave it.	Лабиринтът ще се затвори, щом го напуснеш.	Le labyrinthe fermera dès que vous l'aurez quitté.	Лабиринт закроется, когда вы его покинете.
Tutorial/mazeTut3	The maze has 5 levels of difficulty.	Лабиринтът има 5 нива на трудност.	Le labyrinthe possède 5 niveaux de difficulté.	У лабиринта 5 уровней сложности.
Tutorial/mazeTut4	Keep completing maze runs to reach the higher difficulty levels.	Продължавай да минаваш през лабиринтите, за да стигнеш до по-трудните нива.	Traversez le labyrinthe plusieurs fois pour atteindre les niveaux de difficulté supérieurs.	Продолжайте попытки выбраться, чтобы открыть новые уровни сложности.
Tutorial/dogExpeditionTut1	Your friendship with Xeno is already at such a high level that he has allowed himself for a little trip. 	Приятелството ти с Ксено е толкова високо, че той си е позволил малко пътуване.	Votre niveau d'amitié avec Xeno est déjà tellement élevé que celui-ci s'est permis d'aller faire un petit tour.	Вы настолько сдружились с Ксено, что он позволил себе отправиться в небольшое путешествие.
Tutorial/dogExpeditionTut2	After taking care of his doggy affairs, he will definitely come back to you.	След като се погрижи за кучето си, той със сигурност ще се върне при теб.	Il reviendra quand il aura fini de s'occuper de ses affaires de chien.	Он обязательно вернется, когда разберется со своими песьими делами.
Tutorial/fishingTut1	Let's get you through the process of fishing.	Нека те преведем през процеса на риболов.	Nous allons apprendre comment procéder pour pêcher des poissons.	Давайте познакомимся с азами рыбалки.
Tutorial/fishingTut2	It's not so easy to get yourself a fresh fish to eat. If you want to win the fight with a fish on the other end of the fishing line, you have to be successful in two types of events on this wheel.	Не е толкова лесно да си набавиш прясна риба за ядене. Ако искаш да спечелиш битката с риба на другия край на въдицата, трябва да успееш в два типа събития на това колело.	Ce n'est pas si facile de se procurer un poisson frais à manger. Si vous voulez gagner le combat avec un poisson à l'autre bout de la ligne, vous devez réussir deux types d'épreuves sur cette roue.	Выловить рыбку из пруда – не так уж и просто. Если вы хотите выйти победителем из сражения между человеком и рыбой по другой конец удочки, вам нужно преуспеть в двух видах испытаний на этом колесе.
Tutorial/fishingTut3	Thin semicircles are about clicking in the right time. When you see a thin semicircle, click LMB or RMB right at the moment when a semicircle touches the inside circle.	Тънките полукръгове са за кликване в точното време. Когато видиш тънък полукръг, кликни с ЛКМ или ДКМ точно в момента, когато полукръгът докосне вътрешния кръг.	Les demi-cercles fins servent à cliquer au bon moment. Lorsque vous voyez un demi-cercle fin, effectuez un clic gauche ou droit juste au moment où le demi-cercle touche le cercle intérieur.	Когда вы видите тонкий полукруг, щелкайте левой или правой кнопкой мыши в момент, когда он касается внутреннего круга. Главное в этом испытании – нажать на кнопку в подходящий момент.
Tutorial/fishingTut4	When you see a thick semicircle, hold LMB or RMB throughout the whole time when a semicircle touches the inside circle.	Когато видиш дебела полукръгла линия, задръж LMB или RMB през цялото време, докато полукръглата линия докосва вътрешния кръг.	Lorsque vous voyez un demi-cercle épais, maintenez un clic droit ou gauche pendant tout le temps où le demi-cercle touche le cercle intérieur.	Если же вы видите толстый полукруг и он касается внутреннего круга, нажимайте и УДЕРЖИВАЙТЕ ЛКМ или ПКМ.
Tutorial/fishingTutLabel1	Fishing Minigame	Риболовна миниигра	Mini-jeu Pêche	Мини-игра «рыбалка»
Tutorial/fishingTutLabel2	Click semicircle	Кликни на полукръга.	Cliquez sur le demi-cercle	Полукруг для нажатия
Tutorial/fishingTutLabel3	Hold semicircle	Дръж полукръг.	Maintenez le demi-cercle	Полукруг для зажатия
Tutorial/postApoTut60Seconds0	Collect all the things important to you from the surface before more exposures happen.	Събери всичко важно от повърхността, преди да се случат още излагания.	Ramassez à la surface tous les objets importants pour vous avant la prochaine exposition.	Соберите с поверхности все важные вещи до следующего выброса радиации.
Tutorial/postApoTut60Seconds1	Hurry up becasue you have only <color=red>60 SECONDS</color>!	Побързай защото имаш само <color=red>60 СЕКУНДИ</color>!	Hurry up becasue you have only <color=red>60 SECONDS</color>!	Торопитесь, у вас всего <color=red>60 СЕКУНД</color>!
Tutorial/tipCombatUpdate1	Use [Q] & [E] to attack.	Използвай [Q] и [E], за да атакуваш.	Utilisez [Q] et [E] pour attaquer.	Атакуйте с помощью [Q] и [E].
Tutorial/tipCombatUpdate2	You can change the preferred attack mode in the gameplay settings.	Можеш да промениш предпочитания режим на атака в настройките на играта.	Vous pouvez modifier le mode d'attaque dans les paramètres du jeu.	Вы можете менять тип атаки в настройках игрового процесса.
Tutorial/tipEggsCollect1	Right click on the chicken coop and choose <color=yellow>Collect</color> to quickly collect all eggs at once.	Кликни с десния бутон върху пилешния кошар и изберете <color=yellow>Събери</color> за бързо събиране на всички яйца едновременно	Faites un clic droit sur le poulailler et choisissez <color=yellow>Collecter</color> pour prendre rapidement tous les œufs d'un seul coup.	Щелкните правой кнопкой мыши по курятнику и выберите <color=yellow>«Собрать»</color>, чтобы быстро забрать все яйца.
Tutorial/tutMountainItemPlacement1	When placing items on the mountain,\na <color=blue>blue</color> highlight means Prepper will need to climb to reach that spot.	Когато поставяш предмети в планината,\n<color=blue>синьото</color> осветяване означава, че Препър ще трябва да се изкачи, за да стигне до това място.		
Tutorial/tutMountainItemPlacement2	He might not be able to get there,\nbut he will give it a try.	Той може и да не успее да стигне дотам,\nно ще опита.		
Tutorial/tutMountainClimbDebuff1	Prepper needs <color=#388942>stamina</color> to climb.	Препър се нуждае от <color=#388942>издръжливост</color> за катерене		
Tutorial/tutMountainClimbDebuff2	The more stamina he has, the longer he can keep climbing.	Колкото повече издръжливост има, толкова по-дълго може да се катери.		
Tutorial/tutMountainClimbDebuff3	While climbing, the stamina bar <color=#BEC05C>fills up</color>, showing how close Prepper is to his limit.	Докато качваш, барът за издръжливост <color=#BEC05C>запълва се</color>, показва колко е близо препър до границата си.		
Tutorial/tutMountainClimbDebuff4	When the stamina bar starts turning <color=red>red</color>, Prepper is overexerting himself, activating a debuff that drains his stamina.	Когато барът за издръжливост започне да става <color=red>червен</color>, препър се пренапрега и активира дебаф, който изтощава неговата издръжливост.		
Tutorial/tutMountainClimbDebuff5	If the stamina bar fills completely, Prepper will fall.	Ако лентата за издръжливост се напълни напълно, Препър ще падне.		
Locations/Bob	Bob's House	Къщата на Боб	Maison de Bob	Дом Боба
Locations/Citydumbs	Junkyard	Сметище	Décharge	Свалка
Locations/Forest	Forest	Гора	Forêt	Лес
Locations/Grocery	Grocery	Магазин за хранителни стоки	Épicerie	Продуктовый
Locations/Home	Home	Дом	Maison	Дом
Locations/Jenny	Jenny	Джени	Jenny	Дженни
Locations/Jetsons	Jetsons' House	Къщата на Джексъновите	Maison de Jetson	Дом Джетсонов
Locations/Mine	Old Creek Mine	Стара река - мина	Mine du Vieux Ruisseau	Шахта у ручья
Locations/Nancy	Nancy's House	Къщата на Нанси	Maison de Nancy	Дом Нэнси
Locations/OilStation	Gas station	Бензиностанция	Station Essence	Заправка
Locations/Supermarket	Supermarket	Супермаркет	Supermarché	Супермаркет
Locations/Hunter	Huntress	Ловджийката	Chasseuse	Охотница
Locations/Gourmet	Gourmet	Гурме	Gourmet	Гурман
Locations/HomeLable	Home	Начало	Maison	Дом
Locations/ForestLable	Forest	Гора	Forêt	Лес
Locations/MineLable	Old Creek Mine	Стара река - мина	Mine du Vieux Ruisseau	Шахта у ручья
Locations/DesertLable	Desert	Пустиня	Désert	Пустыня
Locations/ForestHutLable	Hut	Хижа	Cabane	Хижина
Locations/ForestJennyLable	Jenny's Hut	Хижата на Джени	Cabane de Jenny	Хижина Дженни
Locations/MinutMan	Minuteman	Чистач	Minuteman	Минитмен
Locations/Sergiej	Sergey	Сергей	Sergey	Сергей
Locations/Joe	Joe	Джо	Joe	Джо
Locations/				
Locations/FortEntrance	Fort Observer - Entrance	Вход в бункера на наблюдателя	Fort Observer - Entrée	База «Наблюдатель» – Вход
Locations/FortMain	Fort Observer	Наблюдател на крепостта	Fort Observer	База «Наблюдатель»
Locations/FortStorage	Fort Observer - Storage	Бункер - Склад	Fort Observer - Stockage	База «Наблюдатель» – Склад
Locations/Entrance	Entrance	Вход	Entrée	Вход
Locations/Level	Level	Ниво	Niveau	Уровень
Locations/LevelUnknown	Level Unknown	Неизвестно ниво	Niveau Inconnu	Уровень неизвестен
Locations/Tailor	Tony the Tailor	Тони шивачът	Tony le tailleur	Портной Тейлор
Locations/Will	Will the Farmer	Фермерът ще	Will le fermier	Фермер Уилл
Locations/Hen	Henry the Chicken	Хенри пилето	Henry la poule	Курица Генри
Locations/Farm	White Sands Farm	Ферма „Бялата пустиня“	Ferme de White Sands	Ферма «Белые пески»
Locations/Lake	Lake	Езеро	Lac	Озеро
Locations/Maze	Wheat Maze	Пъзел с пшеница	Labyrinthe de blé	Лабиринт в пшенице
Locations/UFOship	UFO Ship	Космически кораб	OVNI	НЛО
Locations/WheatField	Wheat Field	Поле с пшеница	Champ de blé	Пшеничное поле
Locations/UFOMaze	Mysterious Maze	Мистериозен лабиринт	Labyrinthe mystérieux	Загадочный лабиринт
Locations/DeeperMine	Deeper Mine	По-дълбока мина	Mine Plus Profonde\n	Глубокая шахта\n
Locations/PowerPlant	Power Plant	Електроцентрала	Centrale électrique\n	Электростанция\n
Locations/ExpeditionMine	Mine	Мина	Mine\n	Шахта\n
Locations/Mountain	Mountain	Планина		
Locations/MountainRailWay	Railway Station	Гара		
Locations/MountainRailWaySubText	out of 10	от 10		
Locations/MountainTrader	Climber	Алпинист		
Buff/Full	<b>Full</b>\nOm nom nom. \nYour fullness decreases slower.	<b>Пълен</b>\nОм ном ном. \nТвоята пълнота намалява по-бавно.	<b>Rassasié</b>\nMiam miam miam. \nVotre faim diminue plus lentement.	<b>Набитый желудок</b>\nНям-ням.\nСытость снижается медленнее.
Buff/Hungry	<b>Hungry</b>\nYou are very hungry. \nYour Preparedness decreases faster. \nYou should eat something.	<b>Гладък</b>\nТи си много гладен.\nТвоята Готовност намалява по-бързо.\nТрябва да ядеш нещо.	<b>Faim</b>\nVous avez très faim.\nVotre Préparation diminue plus vite. \nVous devriez manger quelque chose.	<b>Голод</b>\nВы очень голодны.\nЖивучесть снижается быстрее.\nСъешьте что-нибудь.
Buff/NightTime	<b>Nighttime</b>\nIt's nighttime. \nYou can call it a day and go to sleep.	<b>Нощ</b>\nНастъпи нощ. \nМожеш да приключиш за деня и да отидеш да спиш.	<b>Nuit</b>\nC'est la nuit. \nVous pouvez terminer la journée et aller dormir.	<b>Ночь</b>\nНа дворе ночь.\nМожно сворачиваться и отправляться спать.
Buff/Sleeping	<b>Sleeping</b>\nYou are asleep. \nYour stamina is regenerating.	<b>Сън</b>\nТи спиш.\nТвоята издръжливост се възстановява.	<b>Endormi</b>\nVous êtes endormi.\nVotre endurance se régénère.	<b>Сон</b>\nВы спите.\nВыносливость восстанавливается.
Buff/Sleepy	<b>Sleepy</b>\nYou're feeling drowsy.\nYour stamina decreases fast and you cannot nap.	<b>Сънлив</b>\nЧувстваш се съноблив.\nТвоята издръжливост намалява бързо и не можеш да полезеш.	<b>Somnolent</b>\nVous êtes somnolent.\nVotre endurance diminue rapidement et vous ne pouvez pas faire de sieste.	<b>Сонливость</b>\nВы чувствуете себя вяло.\nВыносливость быстро снижается, нельзя дремать.
Buff/Tired	<b>Tired</b>\nYou are very tired. \nYour Preparedness decreases faster. \nYou should have a nap or go to sleep.	<b>Уморен</b>\nТи си много уморен.\nТвоята Готовност намалява по-бързо.\nТрябва да полезеш или да си спиш.	<b>Fatigué</b>\nVous êtes très fatigué. \nVotre préparation diminue plus vite. \nVous devriez faire une sieste ou aller dormir.	<b>Усталость</b>\nВы очень устали.\nЖивучесть снижается быстрее.\nВздремните или ложитесь спать.
Buff/Working	<b>Working</b>\nYou are working. \nYour stamina decreases faster.\nYour Preparedness decreases slower.	<b>Работи</b>\nТи работиш. \nТвоята издръжливост намалява по-бързо.\nТвоята Готовност намалява по-бавно.	<b>Travail</b>\nVous travaillez. \nVotre endurance diminue plus vite.\nVotre Préparation diminue plus lentement.	<b>Работа</b>\nВы работаете.\nВыносливость снижается быстрее.\nЖивучесть снижается медленнее.
Buff/InGoodCondition	<b>In Good Condition</b>\nYou are well fed and well rested.\nYour Preparedness is not decreasing and you can work faster.	<b>В добро състояние</b>\nТи си добре нахранен и добре почивал.\nТвоята Подготвеност не намалява и можеш да работи по-бързо.	<b>En Bonne Condition</b>\nVous êtes bien nourri et bien reposé.\nVotre Préparation ne diminue pas et vous travaillez plus vite.	<b>Хорошее состояние</b>\nВы плотно поели и хорошо отдохнули.\nЖивучесть не снижается, вы можете работать быстрее.
Buff/InBadCondition	<b>In Bad Condition</b>\nYour Preparedness is decreasing.\nGet your stamina and health over 50% to get into good condition!	<b>В лошо състояние</b>\nТвоята подготвеност намалява.\nПостави издръжливостта и здравето си над 50%, за да се намериш в добро състояние!	<b>En Mauvaise Condition</b>\nVotre Préparation diminue.\nMaintenez votre endurance et votre santé au dessus de 50% pour être en bonne condition!	<b>Плохое состояние</b>\nЖивучесть снижается.\nПоднимите выносливость и здоровье выше 50%, чтобы состояние стало хорошим!
Buff/Cold1	<b>Cold</b>\nYou are cold. Your stamina decreases faster.\nCraft some warm clothes to counter it.	<b>Хипотермия</b>\nЧувстваш се студено. Твоята издръжливост намалява по-бързо.\nИзработи си топли дрехи, за да се справиш с това.	<b>Froid</b>\nVous avez froid. Votre endurance diminue plus vite.\nFabriquez des vêtements chauds pour contrer ça.	<b>Холод</b>\nВам холодно. Выносливость снижается быстрее.\nСмастерите теплую одежду.
Buff/Cold2	<b>Very Cold</b>\nYou are very cold. Your stamina and Preparedness decreases faster. \nCraft some warm clothes to counter it.	<b>Много студено</b>\nТи си много замръзнал. Твоята издръжливост и подготвеност намаляват по-бързо. \nИзработи си някакви топли дрехи, за да компенсираш това.	<b>Très Froid</b>\nVous avez très froid. Votre endurance et votre préparation diminuent plus vite. \nFabriquez des vêtements chauds pour contrer ça.	<b>Сильный холод</b>\nВам очень холодно. Выносливость и живучесть снижаются быстрее.\nСмастерите теплую одежду.
Buff/Cold3	<b>Freezing</b>\nYou are extremely cold! All your stats decrease fast!\nEquip warm clothes or run away from here! 	<b>Мразене</b>\nСигурно си изключително студено! Всички твои статистики спадат бързо!\nОблекти се с топли дрехи или избягай оттук!	<b>Gelé</b>\nVous avez extrêmement froid! Toutes vos stats diminuent rapidement!\nÉquipez-vous de vêtements chauds ou prenez la fuite! 	<b>Собачий холод</b>\nВам невероятно холодно! Все ваши характеристики быстро снижаются!\nНаденьте теплую одежду и уносите отсюда ноги!
Buff/				
Buff/BeatenUpName	Beaten Up	Набит	Battu	Побои
Buff/BeatenUp1	<b>Beaten Up</b>\nRough night... Your max Preparedness is lowered. \nIt will go back to normal after you sleep through the night. 	<b>Още един удар</b>\nТрудна нощ... Твоята максимална Готовност е намалена. \nЩе се върне към нормалното след като поспиш цяла нощ.	<b>Battu</b>\nDure nuit... Votre Préparation maximale est diminuée. \nElle reviendra à la normale après avoir dormi le restant de la nuit. 	<b>Побои</b>\nТяжелая ночка... Максимальная живучесть снижена.\nОна вернется в норму после того, как вы проспите ночь.
Buff/BeatenUp2	<b>Beaten Up Twice</b>\nRough night... Your max Preparedness is halved. \nIt will get better after you sleep through the night. 	<b>Убит два пъти</b>\nТруден нощ... Твоята максимална Готовност е намалена наполовина. \nЩе стане по-добре след като поспиш цяла нощ.	<b>Battu 2 fois</b>\nDure nuit... Votre Préparation maximale est diminuée de moitié. \nÇa ira mieux après avoir dormi le restant de la nuit. 	<b>Двойные побои</b>\nТяжелая ночка... Максимальная живучесть снижена в два раза.\nОна вернется в норму после того, как вы проспите ночь.
Buff/BeatenUp3	<b>Beaten Up Thrice</b>\nRough night... You know the drill.\nIt will get better after you sleep through the night. \nMake sure to sleep and eat a lot! Stay safe.	<b>Удар три пъти</b>\nТрудна нощ... Знаеш как е.\nЩе стане по-добре след като поспиш цяла нощ. \nУвери се, че спиш и ядеш много! Бъди сигурен.	<b>Battu 3 fois</b>\nDure nuit... Vous connaissez la musique.\nÇa ira mieux après avoir dormi le restant de la nuit. \nSoyez sûr de bien dormir et de bien manger! Restez prudent.	<b>Тройные побои</b>\nТяжелая ночка... Ну, вы сами все знаете.\nГотовность вернется в норму после того, как вы проспите ночь.\nСон и плотный обед – залог успеха! Берегите себя.
Buff/Poison	<b>Poison</b>\nYou are poisoned. Have you eaten something raw or old?\nYou will get less health points from food.\nYou need to wait it out or sleep it off.	<b>Отрова</b>\nТи си отровен. Имаш ли ядело нещо сурово или старо?\nЩе получаваш по-малко точки за здраве от храната.\nТрябва да изчакаш да премине или да спиш.	<b>Poison</b>\nVous êtes empoisonné. Avez-vous mangé quelque chose cru ou périmé?\nVous gagnerez moins de points de santé provenant de la nourriture.\nVous devez attendre ou aller dormir pour guérir.	<b>Яд</b>\nВы отравились. Съели что-то сырое или старое?\nЕда восстанавливает меньше очков здоровья.\nНужно либо дождаться, пока эффект пройдет, либо лечь спать.
Buff/Covard1	<b>Chicken</b>\nRunning from fights makes you feel... unPrepared.	<b>Пиле</b>\nБегството от битките прави да се чувстваш... неподготвен.	<b>Poule Mouillée</b>\nFuir les combats vous fait sentir... mal Préparé.	<b>Трусишка</b>\nУбегать от драк – это не по-выживальчески.
Buff/Covard2	<b>Coward</b>\nRunning from fights makes you feel unPrepared.\nWin a fight or go to sleep to fix that.	<b>Трусовец</b>\nБегството от битките прави препърания да се чувстваш неподгот.\nПечели битка или отиди да спиш, за да поправиш това.	<b>Lâche</b>\nFuir les combats vous fait sentir mal Préparé.\nGagnez un combat ou allez dormir pour changer ça.	<b>Трус</b>\nУбегать от драк – это не по-выживальчески.\nПобедите в драке или ложитесь спать.
Buff/Covard3	<b>Co- Co- Co- Coward</b>\nRunning from fights makes you feel unPrepared.\nWin a fight or go to sleep to fix that.	<b>Ко- Ко- Ко- Търкач</b>\nБегството от битките прави препърът да се чувства неподгот.\nПечели битка или отиди да спиш, за да поправиш това.	<b>Lâ- Lâ- Lâ- Lâche</b>\nFuir les combats vous fait sentir mal Préparé.\nGagnez un combat ou allez dormir pour changer ça.	<b>Тру-у-ус</b>\nУбегать от драк – это не по-выживальчески.\nПобедите в драке или ложитесь спать.
Buff/KeepCalm	<b>Keep Calm</b>\nYour attributes are not changing during conversation.	<b>Остани спокоен</b>\nТвоите характеристики не се променят по време на разговор.	<b>Restez Calme</b>\nVos stats restent inchangés.	<b>Спокойствие</b>\nВаши характеристики не меняются во время разговора.
Buff/AgentP	<b>Agent Happy</b>\nYour Agent's Report was positive.\nYour Preparedness decreases slower.	<b>Agent Happy</b>\nДокладът на твоя агент беше положителен.\nТвоята подготвеност намалява по-бавно.	<b>Agent Content</b>\nLe rapport de l'Agent était positif.\nVotre Préparation diminue plus lentement.	<b>Довольный Агент</b>\nВаш Агент написал положительный отчет.\nЖивучесть снижается медленнее.
Buff/AgentN	<b>Agent Unhappy</b> \nYour Agent's Report was negative. \nYour Preparedness decreases faster.	<b>Агент Нещастен</b> \nДокладът на твоя агент беше негативен. \nТвоята подготвеност намалява по-бързо.	<b>Agent Mécontent</b> \nLe rapport de l'Agent était négatif. \nVotre Préparation diminue plus vite.	<b>Недовольный Агент</b>\nВаш Агент написал отрицательный отчет.\nЖивучесть снижается быстрее.
Buff/UFO	A UFO will apear on the farm on Sunday.	НЛО ще се появи на фермата в неделя.	Un OVNI va apparaître à la ferme dimanche	НЛО появится на ферме в воскресенье.
Buff/PreUFO	Something will happen on a farm at 3 AM on Sunday.	Нещо ще се случи на фермата в 3 часа сутринта в неделя.	Quelque chose va se produire à la ferme dimanche à 3:00 du matin	3 часа ночи в воскресенье: на ферме что-то произойдет.
Buff/PrePreUFO	Something happens on a farm on Sunday.	Нещо се случва на фермата в неделя.	Quelque chose va se produire à la ferme dimanche	В воскресенье на ферме что-то произойдет.
Buff/BestfirendDog1	<b>Comfort Animal</b>\nA dog is a man's best friend.\nYou feel more prepared. 	<b>Успокояващо животно</b>\nКучето е най-добрият приятел на човека.\nЧувстваш се по-подготвен.	<b>Animal de confort</b>\nLe chien est le meilleur ami de l'homme.\nVous vous sentez mieux préparé.	<b>Животное эмоциональной поддержки</b>\nСобака – лучший друг человека.\nВы чувствуете себя более подготовленным.
Buff/BestfirendDog2	<b>Best Friend</b>\nA true friend leaves paw prints on your heart.\nYou feel even more prepared. 	<b>Най-добър приятел</b>\nИстински приятел оставя следи в сърцето ти.\nЧувстваш се още по-подготвен.	<b>Meilleurs amis</b>\nUn véritable ami laisse ses empreintes de pattes dans votre cœur.\nVous vous sentez encore mieux préparé.	<b>Лучший друг</b>\nЕсли собака – это все, что у вас есть, вы все равно богатый человек.\nВы чувствуете себя более подготовленным.
Buff/BestfirendDog3	<b>Companion for Life</b>\nDogs are not our whole life, but they make our lives whole.\nYou feel prepared for everything with your best friend. 	<b>Приятел за цял живот</b>\nКучетата не са целият ни живот, но изпълват живота ни.\nС най-добрия си приятел си готов за всичко.	<b>Compagnon pour la vie</b>\nLes chiens ne sont pas toute notre vie, mais ils rendent nos vies entières.\nVous vous sentez prêt à tout avec votre meilleur ami.	<b>Жизненный спутник</b>\nСобака – это не смысл жизни, но благодаря ей жизнь обретает смысл.\nБлагодаря своему лучшему другу, вы чувствуете, что готовы ко всему на свете. 
Buff/BestFriend	Dogs are not our whole life, but they make our lives whole.' -- Roger Caras	Кучетата не са целият ни живот, но те изпълват живота ни. — Роджър Карас	«Les chiens ne sont pas toute notre vie, mais ils rendent notre vie entière. » Roger Caras	«Собака – это не смысл жизни, но благодаря ей жизнь обретает смысл». -- Роджер Карас
Buff/Preppared	<b>Prepared</b>\nYour preparedness regenerates for a limited time.	<b>Подготвен</b>\nТвоята подготвеност се регенерира за ограничен период.	<b>Preparé</b>\nVotre niveau de préparation se régénère pour un temps limité.	<b>Подготовленный</b>\nВаша живучесть какое-то время восстанавливается сама по себе.
Buff/GamingTime	<b>Gaming Time</b>\nYour preparedness does not decrease and time moves slower.	<b>Време за игра</b>\nТвоята подготвеност не намалява и времето тече по-бавно.	<b>Temps de jeu</b>\nVotre préparation ne diminue pas et le temps s'écoule plus lentement.	<b>Игровое время</b>\nВаша готовность не уменьшается, и время идет медленнее.
Buff/Irradiation1	<b>Low-dose Ionized</b>\nYou received a small dose of radiation.\nYou lose preparedness a bit faster. 	<b>Нискодоза Ионизирана</b>\nПолучих малка доза радиация.\nТвоята подготовка намалява малко по-бързо.	<b>Ionisation faible dose</b>\nVous avez reçu une petite dose de radiation.\nVous perdez un peu de préparation plus rapidement.\n	<b>Низкоуровневая ионизация</b>\nВы получили небольшую дозу радиации.\nВаша подготовленность снижается немного быстрее.\n
Buff/Irradiation2	<b>Radiation Burn</b>\nYou lose preparedness fast. \nLeave the contaminated area and remove radioactive items from your inventory.	<b>Изгаряне от радиация</b>\nЗагубваш бързо подготовката си. \nНапусни заразената зона и извади радиоактивните предмети от инвентара си.	<b>Brûlure radiative</b>\nVous perdez rapidement votre préparation.\nQuittez la zone contaminée et retirez les objets radioactifs de votre inventaire.\n	<b>Лучевой ожог</b>\nВы быстро теряете подготовленность.\nПокиньте заражённую зону и удалите радиоактивные предметы из инвентаря.\n
Buff/Irradiation3	<b>Acute Radiation Syndrome</b>\nYoOu re((|3ved a sUb$tan4_ial d0se of r4d|at|on. You l%se pr#pare-ness f@st. \nLe4ve the co%tami$ated ar#a and re&ove radio@#ctive it#ms fr.m your inv&*tory.	<b>Остър радиационен синдром</b>\nПолучил си значителна доза радиация. Бързо губиш подготовка.\nНапусни заразената зона и извади радиоактивните предмети от инвентара си.	<b>Syndrome d’irradiation aiguë</b>\nVous avez reçu une dose substantielle de radiation. Vous perdez votre préparation rapidement.\nQuittez la zone contaminée et retirez les objets radioactifs de votre inventaire.\n	<b>Острая радиационная болезнь</b>\nВы получили значительную дозу радиации. Вы быстро теряете подготовленность.\nПокиньте заражённую зону и удалите радиоактивные предметы из инвентаря.\n
Buff/Climb	<b>Climbing Strain</b>\nYour stamina decreases much faster.	<b>Напрежение при катерене</b>\nТвоята издръжливост намалява много по-бързо.		
Buff/Bonfire1	<b>Campfire Resting</b>\nYour stamina regenerats over time.	<b>Почивка около огън</b>\nТвоята издръжливост се възстановява с времето.		
Buff/Bonfire2	<b>Lit Campfire Resting</b>\nYour stamina regenerats fast over time.	<b>Огън за почивка</b>\nТвоята издръжливост се възстановява бързо с времето.		
Buff/WarmedUp	<b>Warmed Up</b>\nYou are partialy protected from coldness.	<b>Загрял си се</b>\nЧастично си защитен от студа.		
Buff/ChalkedHands1	<b>Bearly Chalked Hands</b>\nClimbing is easier. This buff deteriorates while climbing and is nearly gone.	<b>Почти без кал</b>\nКатеренето е по-лесно. Този баф се изчерпва докато катериш и е почти изчерпан.		
Buff/ChalkedHands2	<b>Well-Chalked Hands</b>\nClimbing is easier. This buff deteriorates while climbing.	<b>Добре изчистени ръце</b>\nКатеренето е по-лесно. Този баф се изчерпва по време на катерене.		
Buff/ColdAcclimation	<b>Cold Acclimation</b>\nYou have some coldness resistance. Your stamina decrease slower. \nWhile this buff persist you can't use Cryo Sleep Pod.	<b>Адаптация към студа</b>\nИмаш някаква устойчивост към студа. Твоята издръжливост намалява по-бавно.\nДокато този баф действа, не можеш да използваш Cryo Sleep Pod.		
Buff/ImprovedHealth	<b>Improved Health</b>\nYour max health is temporarily increased.	<b>Подобрено здраве</b>\nТвоят максимален живот е временно увеличен.	<b>Santé améliorée</b>\nVotre santé maximale est temporairement augmentée.	<b>Улучшенное здоровье</b>\nВаше максимальное здоровье временно увеличено.
Buff/ImprovedStamina	<b>Improved Stamina</b>\nYour max stamina is temporarily increased.	<b>Подобрена издръжливост</b>\nТвоята максимална издръжливост е временно увеличена.	<b>Endurance améliorée</b>\nVotre endurance maximale est temporairement augmentée.	<b>Улучшенная выносливость</b>\nВаша максимальная выносливость временно увеличена.
Buff/ImprovedPreparedness	<b>Improved Preparedness</b>\nYour max preparedness is temporarily increased.	<b>Подобна подготвеност</b>\nТвоята максимална подготвеност е временно увеличена.	<b>Préparation améliorée</b>\nVotre préparation maximale est temporairement augmentée.	<b>Улучшенная подготовленность</b>\nВаша максимальная подготовленность временно увеличена.
Fonts/Standard	Handwritten font	Ръкописен шрифт		Caveat-Regular SDF
Fonts/Letter	Handwritten font	Ръкописен шрифт		Caveat-Regular SDF
Quests/herb1				
Quests/quest1_description	ENG Idź panie wilka wychłostaj	Бункерирай, господин вълк, изчисти.		
Quests/quest1_name	ENG Zielarka	БГ Целителката		
Quests/quest2_description	ENG Zabij wilka	Убий вълка		
Quests/quest2_name	ENG Wilk	БГ Вълк		
Images/preparationStart	Preparation Start	Започни подготовка	Début de la Préparation 	Начало подготовки
Images/escapePlan	Escape Plan	План за бягство	Plan d'Évasion	План побега
Images/runPrepper	Run, Prepper, Run	Бягай, препър, бягай!	Cours, Prepper, Cours	Беги, Выживальщик, беги
Images/ready	Ready to go?	Готов ли си?	Prêt à partir?	Вы готовы?
Images/				
Images/imgPreparationStart	prepStart	Започни подготовката	prepStart_fr	prepStart_rus
Images/imgReady	rocket_ready	ракета_готови	ready_fr	ready_rus
Images/imgRun	escape_icon	икона за бягство	escape_fr	escape_rus
Journal/herbq1Title	The Granny and the Wolf	Баба и вълкът	La Grand-mère et le Loup	Бабушка и волк
Journal/herbq1	Jenny, the local herbalist, has asked me to kill the wolf standing in the way to her cabin. I would need to fix the ropeway to get to him. It would also be nice not to fight the beast empty-handed.	Джени, местната билкарка, ме помоли да убия вълка, който пречи да стигна до нейната къща. Трябва да поправя въжената линия, за да стигна до него. Също така ще е хубаво да не се бия с чудовището с празни ръце.	Jenny, l'herboriste locale, m'a demandé de tuer le loup sur le chemin de sa cabane. J'aurai besoin de réparer le téléphérique pour y aller. Ce serait bien aussi de ne pas le combattre à mains nues.	Дженни, местная травница, попросила меня убить волка, преградившего ей путь к хижине. Чтобы добраться до него, нужно починить канатную дорогу. И было бы неплохо найти какое-нибудь оружие, чтобы не бросаться на зверя с голыми руками.
Journal/herbq1::1	Repair the ropeway in the forest.	Поправи въжената линия в гората.	Réparez le téléphérique dans la forêt.	Почините канатную дорогу в лесу.
Journal/herbq1::2	Kill the wolf that blocks the way to Jenny's cabin on forest level 2.	Убий вълка, който блокира пътя към колибата на Джени на горски ниво 2.	Tuez le loup qui bloque le passage vers la cabane de Jenny au niveau 2 de la forêt.	Убить волка, преградившего путь к хижине Дженни на втором лесном уровне.
Journal/herbq1::3	Visit Jenny at her cabin.	Посети Джени в нейната колиба.	Rendez visite à Jenny à sa cabane.	Навестите Дженни в ее хижине.
Journal/herbqDEMO	Jenny has asked me to grow $item$ for her.	Джени ме помоли да отгледам $item$ за нея.	Jenny m'a demandé de faire pousser $item$ pour elle.	Дженни попросила меня вырастить для нее: $item$.
Journal/herbq2Title	Mushrooms	Гъби	Champignons	Грибы
Journal/herbq2	Jenny has asked me to bring her <color=yellow>8 mushrooms</color> from the mine. She want to use it to make tea.	Джени ме е помолила да ѝ донеса <color=yellow>8 гъби</color> от рудника. Тя иска да ги използва за чай.	Jenny m'a demandé de lui rapporter <color=yellow>8 Champignons</color> de la mine. Elle veut s'en servir pour faire du thé.	Дженни попросила меня принести ей из шахты <color=yellow>8 грибов</color>. Они ей для чая.
Journal/herbq2bck	Jenny has asked me to bring her $item$ from the mine. She want to use it to make tea.	Джени ме помоли да й донеса $item$ от мината. Иска да го използва, за да си направи чай.	Jenny m'a demandé de lui rapporter $item$ de la mine. Elle veut s'en servir pour faire du thé.	Дженни попросила меня принести ей из шахты: $item$. Они ей для чая.
Journal/herbq2::1	Bring Jenny <color=yellow>8 mushrooms</color> from the mine.	Донеси на Jenny <color=yellow>8 гъби</color> от рудника	Apportez <color=yellow>8 Champignons</color> de la mine à Jenny.	Принести Дженни из шахты <color=yellow>8 грибов</color>.
Journal/herbq2::1bck	Bring Jenny $item$ from the mine.	Донеси на Джени $item$ от мината.	Apportez $item$ de la mine à Jenny.	Принести Дженни из шахты: $item$.
Journal/herbq2::2	To be continued in full version	Продължава в пълната версия	La suite dans la version complète	Продолжение в полной версии
Journal/herbq3Title	Exotic Fruits	Екзотични плодове	Fruits exotiques	Экзотические фрукты
Journal/herbq3	Jenny has asked me to bring her <color=yellow>8 guarana</color> from the forest. I need to repair the ropeway on forest level 2 to get there.	Джени ме е помолила да ѝ донеса <color=yellow>8 гуарана</color> от гората. Трябва да поправя каната на ниво 2 в гората, за да стигна до нея.	Jenny m'a demandé de lui apporter <color=yellow>8 guarana</color> de la forêt. Je dois réparer le téléphérique au niveau 2 de la forêt pour y arriver.	Дженни попросила принести из леса <color=yellow>8 плодов гуараны</color>. Чтобы попасть туда, нужно починить канатную дорогу на втором лесном уровне.
Journal/herbq3bck	Jenny has asked me to bring her $item$ from the forest. I need to repair the ropeway on forest level 2 to get there.	Джени ме помоли да й донеса $item$ от гората. Трябва да поправя въжената линия на ниво 2 в гората, за да стигна дотам.	Jenny m'a demandé de lui apporter $item$ de la forêt. Je dois réparer le téléphérique au niveau 2 de la forêt pour y arriver.	Дженни попросила принести из леса: $item$. Чтобы попасть туда, нужно починить канатную дорогу на втором лесном уровне.
Journal/herbq3::1	Repair the ropeway in the forest level 2.	Поправи въжената линия в гората на ниво 2.	Réparez le téléphérique au niveau 2 de la forêt.	Починить канатную дорогу на втором лесном уровне.
Journal/herbq3::2	Bring Jenny <color=yellow>8 guarana</color> from forest level 3.	Донеси на Jenny <color=yellow>8 гуарана</color> от ниво 3 на гората.	Apportez à Jenny <color=yellow>8 guarana</color> du niveau 3 de la forêt.	Принести Дженни с третьего лесного уровня <color=yellow>8 плодов гуараны</color>.
Journal/herbq3::2bck	Bring Jenny $item$ from forest level 3.	Донеси на Джени $item$ от ниво 3 на гората.	Apportez à Jenny $item$ du niveau 3 de la forêt.	Принести Дженни с третьего лесного уровня:  $item$.
Journal/herbq4Title	Underground Plantation	Подземен разсадник	Plantation souterraine	Подземная плантация
Journal/herbq4	Jenny has asked me to grow guarana plants seeds and bring her my harvest. <color=yellow>20 guarana</color> should be enough.	Джени ме е помолила да отглеждам семена на гуарана и да ѝ донеса реколтата си. <color=yellow>20 гуарана</color> трябва да е достатъчно.	Jenny m'a demandé de faire pousser des graines de guarana et de lui apporter ma récolte. <color=yellow>20 guarana</color> devraient suffire.	Дженни попросила меня посадить семена гуараны, а затем принести ей урожай. Нужно <color=yellow>20 плодов гуараны</color>.
Journal/herbq4bck	Jenny has asked me to grow guarana plants seeds and bring her my harvest. $item$ should be enough.	Джени ме помоли да отгледам семена от гуарана и да й донеса реколтата. $item$ трябва да е достатъчно.	Jenny m'a demandé de faire pousser des graines de guarana et de lui apporter ma récolte. $item$ devraient suffire.	Дженни попросила меня посадить семена гуараны, а затем собрать и принести урожай. Нужно: $item$.
Journal/herbq4::1	Plant 4 guarana seeds.	Засади 4 семена от гуарана.	Plantez 4 graines de guarana.	Посадить 4 семени гуараны.
Journal/herbq4::2	Bring Jenny <color=yellow>20 guarana</color>.	Принесени на Jenny <color=yellow>20 гуарана</color>	Apportez <color=yellow>20 guarana</color> à Jenny.	Принести Дженни: <color=yellow>20 плодов гуараны</color>.
Journal/herbq4::2bck	Bring Jenny $item$.	Донеси на Джени $item$.	Apportez $item$ à Jenny.	Принести Дженни: $item$.
Journal/herbq5Title	Air Crash Investigation	Разследване на самолетни катастрофи	Enquête sur le crash aérien	Авиакатастрофа
Journal/herbq5	Jenny has asked me to clear the way to the crashed plane in the forest. I will need to repair the ropeway on forest level 4 to get there.	Джени ме помоли да разчистя пътя до катастрофиралия самолет в гората. Ще трябва да поправя въжената линия на ниво 4 в гората, за да стигна дотам.	Jenny m'a demandé de dégager le chemin jusqu'à l'avion qui s'est écrasé dans la forêt. Je devrai réparer le téléphérique au niveau 4 de la forêt pour y arriver.	Дженни попросила меня расчистить путь к самолету, который разбился в лесу. Чтобы попасть туда, нужно починить канатную дорогу на четвертом лесном уровне.
Journal/herbq5::1	Repair the ropeway on forest level 4.	Поправи въжената линия на горско ниво 4.	Réparez le téléphérique au niveau 4 de la forêt.	Починить канатную дорогу на четвертом лесном уровне.
Journal/herbq5::2	Find the plane wreckage on forest level 5.	Намери останките от самолета на горски ниво 5.	Trouvez l'épave de l'avion au niveau 5 de la forêt.	Найти останки крушения самолета на пятом лесном уровне.
Journal/herbq6Title	Be More Exotic	Бъди по-екзотичен	Soyez plus exotique	Больше экзотики
Journal/herbWaitTitle	Jenny	Дневник/чакане за билки	Jenny	Дженни
Journal/herbWait::1	Visit Jenny at her cabin.	Посети Джени в нейната колиба.	Rendez visite à Jenny dans sa cabane.	Навестите Дженни в ее хижине.
Journal/herbq6	Jenny needs even more guarana. She has asked me to bring her <color=yellow>99 guarana</color>.	Джени се нуждае още от гуарана. Помоли ме да ѝ донеса <color=yellow>99 гуарана</color>.	Jenny a besoin d'encore plus de guarana. Elle m'a demandé de lui apporter <color=yellow>99 guarana</color>.	Дженни нужно больше гуараны. Она попросила принести <color=yellow>99 плодов</color>.
Journal/herbq6bck	Jenny needs even more guarana. She has asked me to bring her $item$.	Джени има нужда от още гуарана. Поискала е да ѝ донеса $item$.	Jenny a besoin d'encore plus de guarana. Elle m'a demandé de lui apporter $item$.	Дженни нужно больше гуараны. Она попросила принести: $item$.
Journal/herbq6::1	Bring Jenny <color=yellow>99 guarana</color>.	Принесени на Jenny <color=yellow>99 гуарана</color>	Apportez <color=yellow>99 guarana</color> à Jenny.	Принести Дженни <color=yellow>99 плодов гуараны</color>.
Journal/herbq6::1bck	Bring Jenny $item$.	Дай на Джени $item$.	Apportez $item$ à Jenny.	Принести Дженни: $item$.
Journal/herbq7Title	The Pill	Хапчето	La Pilule	Таблетка
Journal/herbq7	Jenny can't give me the pill yet. She said something about gaining trust of the Sleepless first. Wonder how can I do it?	Джени все още не може да ми даде хапчето. Каза нещо за това, че трябва първо да спечеля доверието на Безсънните. Чудя се как мога да го направя?	Jenny ne peut pas encore me donner la pilule. Elle a dit quelque chose à propos de gagner la confiance des Éveillés, en premier. Je me demande comment je peux y arriver? 	Дженни пока не может отдать мне таблетку. Она сказала, что нужно добиться доверия Неспящих. Но как?
Journal/herbq7::1	Find a way to get the pill from Jenny.	Намери начин да вземеш хапчето от Джени.	Trouvez un moyen d'obtenir la pilule de Jenny.	Найти способ получить у Дженни таблетку.
Journal/herbq8	quest 8	задача 8		
Journal/herbq9	quest 9	задача 9		
Journal/herbq10	quest 10	задача 10		
Journal/				
Journal/rocketInspirationTitle	New Escape Plan	Нов план за бягство	Nouveau Plan d'Évasion	Новый план побега
Journal/rocketInspiration	I haven't come up with a good escape plan yet. I need to find some inspiration and make some more planning.	Все още не съм измислил добър план за бягство. Трябва да намеря малко вдъхновение и да направя още малко планиране.	Je n'ai pas encore trouvé un bon plan d'évasion. J'ai besoin de trouver de l'inspiration et de planifier davantage.	У меня все еще нет хорошего плана побега. Нужно где-то найти вдохновение и заняться планированием.
Journal/rocketInspiration::1	Find inspiration for your ultimate escape plan.	Намери вдъхновение за твоя краен план за бягство.	Trouvez l'inspiration pour votre plan d'évasion ultime.	Найдите вдохновение, чтобы придумать грандиозный план побега.
Journal/rocketPlan1	This rocket schematic is actually very inspiring…	Тази ракета е много вдъхновяваща…	Ce schéma de fusée est vraiment très inspirant...	Изображение этой ракеты действительно очень вдохновляет...
Journal/rocketInspiration::2	Use the rocket image for inspiration for your ultimate escape plan.	Използвай изображението на ракетата за вдъхновение за твоя краен план за бягство.	Utilisez l'image de la fusée pour trouver l'inspiration pour votre plan d'évasion ultime.	Используйте изображение ракеты для вдохновения, чтобы придумать грандиозный план побега.
Journal/herbFirstLetterTitle	The Herbalist	Билкарят	L'Herboriste	Травница
Journal/herbFirstLetter	A local herbalist can be met in the forest during the daytime.	Местен билкар може да се срещне в гората през деня.	Une herboriste local peut être rencontré dans la forêt pendant la journée.	Днем в лесу можно встретить местную травницу.
Journal/herbFirstLetter::1	Go to the forest in the daytime and meet the herbalist.	Отиди в гората през деня и срещни билкаря.	Allez dans la forêt pendant la journée et rencontrez l'herboriste.	Отправьтесь днем в лес и встретьтесь с травницей.
Journal/minutMan1Title	Minuteman	Чистач	Minuteman	Минитмен
Journal/minutMan1	A strange person calling himself 'Minuteman' sends letters to me. He had previously sent me a detailed rocket image, and now he wants a blueberry jam. I think I will make it for him as a token of goodwill.	Един странен човек, който се нарича "Минуteman", ми изпраща писма. Преди това ми изпрати подробна снимка на ракета, а сега иска конфитюр от боровинки. Мисля, че ще му го направя като жест на добра воля.	Une personne étrange qui s'appelle lui-même "Minuteman" m'envoie des lettres. Il m'avait auparavant envoyé une image détaillée de la fusée, et maintenant il veut de la confiture de myrtilles. Je pense que j'en ferai pour lui en signe de bonne volonté.	Мне пишет письма странный человек. Он называет себя «Минитменом». Сначала прислал детальную схему ракеты, а теперь ему понадобилась банка черничного варенья. Думаю, отправлю ее в знак доброй воли.
Journal/minutMan1::1	Send Minuteman a jar of blueberry jam	Изпрати на Минуteman буркан с боровинково сладко	Envoyez un pot de confiture à la myrtille pour Minuteman	Отправить Минитмену банку черничного варенья
Journal/minutMan2Title	Nuclear Warfare	Ядрена война	Guerre Nucléaire	Ядерная война
Journal/minutMan2	Minuteman is looking for a good book about nuclear warfare. I need to find one.	Минуteman търси добра книга за ядрена война. Трябва да намеря такава.	Minuteman est à la recherche d'un bon livre sur la guerre nucléaire. Je dois en trouver un.	Минитмен попросил хорошую книгу о ядерной войне. Мне нужно ее найти.
Journal/minutMan2::1	Find a book about nuclear warfare.	Намери книга за ядрена война.	Trouvez un livre sur la guerre nucléaire et donnez-le au Minuteman.	Найдите книгу о ядерной войне
Journal/minutMan2::2	Deliver the book about nuclear warfare to Minuteman.	Достави книгата за ядрена война на Минуteman.	Donnez le livre sur la guerre nucléaire à Minuteman.	Отправьте книгу о ядерной войне Минитмену.
Journal/minutMan3Title	Not Great, Not Terrible	Не е лошо, не е и зле	Pas Génial, Pas Terrible	Серединка на половинку
Journal/minutMan3	Minuteman is getting more and more into the topic of atomic bombs and radioactivity. He appears to know something... Anyway, he wants a Geiger counter. I need to find one and deliver it to him.	Минуteman все повече се интересува от атомни бомби и радиация. Изглежда, че знае нещо... Както и да е, иска Гайгер брояч. Трябва да намеря един и да му го доставя.	Minuteman s'intéresse de plus en plus aux bombes atomiques et à la radioactivité. Il semble savoir quelque chose ... Dans tous les cas, il veut un compteur Geiger. Je dois en trouver un et lui donner.	Минитмен все больше говорит об атомных бомбах и радиоактивности. Он явно что-то знает... Но к делу, сейчас ему нужен счетчик Гейгера. Нужно найти его и доставить.
Journal/minutMan3::1	Find a Geiger counter.	Намери гейгер брояч.	Trouvez un compteur Geiger.	Найти счетчик Гейгера.
Journal/minutMan3::2	Deliver the Geiger counter to Minuteman.	Достави гайгеровия брояч на Минуteman.	Donnez le compteur Geiger à Minuteman.	Доставить счетчик Гейгера Минитмену.
Journal/minutMan4Title	Bless the President	Боже, пази президента	Gloire au Président	Боже, храни Президента
Journal/minutMan4	Minuteman says there is an Agent who is dangerous to him, and by extension - to me. But he has a plan: he wants to discredit him in the Agency. I need to find an offensive and illegal object and find a way to plant it in the Agent's home.	Минуteman казва, че има агент, който е опасен за него, а оттам и за мен. Но той има план: иска да го дискредитира в Агенцията. Трябва да намеря нещо офанзивно и незаконно и да намеря начин да го сложа в дома на агента.	Minuteman dit qu'il y a un agent qui est dangereux pour lui, et par extension - pour moi. Mais il a un plan: il veut le discréditer de l'Agence. Je dois trouver un objet offenssant et illégal et trouver un moyen de le cacher chez l'agent.	Один Агент представляет серьезную угрозу Минитмену, а значит, и мне. По крайней мере, так говорит Минитмен. Но у него есть план: он хочет скомпрометировать этого человека в глазах Агентства. Мне нужно найти что-нибудь оскорбительное и незаконное и подложить Агенту домой.
Journal/minutMan4::1	Find an offensive and illegal item.	Намери незаконен и обиден предмет.	Trouvez un objet choquant et illégal.	Найти что-нибудь оскорбительное и незаконное.
Journal/minutMan4::2	Convince the Postman to plant the offensive figurine.	Убеди Пощальона да засади нападателната фигурка.	Convaincre le facteur de livrer la figurine choquante.	Убедить Почтальона подложить оскорбительную фигурку.
Journal/minutMan5Title	Care Package 	Пакет за грижа	Colis de Première Nécessité	Посылка с припасами
Journal/minutMan5	Minuteman goes into hiding and needs some long lasting food. I will send him some.	Минуteman се крие и има нужда от дълготрайна храна. Ще му изпратя малко.	Minuteman se cache et a besoin de nourriture durable. Je vais lui en envoyer.	Минитмен ушел в подполье, и теперь ему нужна еда с большим сроком годности. Я отправлю ему немного таких припасов.
Journal/minutMan5::1	Deliver long-lasting food to Minuteman.	Достави дълготрайна храна на Минуteman.	Envoyez des aliments durables à Minuteman.	Отправить Минитмену еду с большим сроком годности.
Journal/minutMan6Title	Locked & Loaded	Заключено и заредено	Verrouillé et chargé	Заряжен и готов
Journal/minutMan6	Minuteman feels in danger and needs some firepower to defend himself with. 	Минуteman се чувства в опасност и има нужда от малко огнева мощ, за да се защити.	Minuteman se sent en danger et a besoin d'une puissance de feu pour se défendre.	Минитмен считает, что он в опасности, и ему нужно оружие, чтобы себя защитить.
Journal/minutMan6::1	Deliver a rifle and some ammunition to Minuteman.	Достави пушка и малко муниции на Минуteman.	Envoyez un fusil et des munitions à Minuteman.	Отправить Минитмену винтовку и немного патронов.
Journal/minutMan7	m7	minutMan7		
Journal/minutMan8	m8	minutMan8		
Journal/minutMan4::3	Ask the Postman about the illegal delivery.	Попитай пощальона за незаконната доставка.	Interrogez le Facteur sur la livraison illégale.	Спросить Почтальона о нелегальной посылке.
Journal/ForestPillarTitle	Into the Woods	В гората	Dans les Bois	Чем дальше в лес
Journal/ForestPillar	The ropeway in the forest would be a great way to move around, but it's long broken. I should fix it.	Въжената линия в гората би била страхотен начин да се придвижваш, но е дълго счупена. Трябва да я поправя.	Le téléphérique dans la forêt serait d'une bonne aide pour me déplacer, mais ça fait des années qu'il n'est plus en état de marche. Je devrais le réparer.	Канатная дорога – отличный способ перемещаться по лесу. Но сначала нужно ее починить.
Journal/ForestPillar::1	Repair the forest ropeway on level 1 (<color=yellow>lever</color>).	Поправи дървената кабина на ниво 1 (<color=yellow>ръчка</color>)	Réparez le téléphérique au niveau 1 de la forêt (<color=yellow>levier</color>)	Отремонтируйте лесную канатную дорогу на 1 уровне (<color=yellow>рычаг</color>).
Journal/ForestPillar::1bck	Repair the forest ropeway on level 1 ($items$).	Поправи въжената линия в гората на ниво 1 ($items$).	Réparez le téléphérique au niveau 1 de la forêt ($items$)	Отремонтируйте лесную канатную дорогу на 1 уровне ($items$).
Journal/ForestPillar::2	Repair the forest ropeway on level 2 (<color=yellow>lever</color>, <color=yellow>15 metal</color>).	Поправи лесната кабина на ниво 2 (<color=yellow>ръчка</color>, <color=yellow>15 метал</color>).	Réparez le téléphérique au niveau 2 de la forêt (<color=yellow>levier</color>, <color=yellow>15 métal</color>)	Отремонтируйте лесную канатную дорогу на 2 уровне (<color=yellow>рычаг</color>, <color=yellow>15 металла</color>).
Journal/ForestPillar::2bck	Repair the forest ropeway on level 2 ($items$).	Поправи въжената линия в гората на ниво 2 ($items$).	Réparez le téléphérique au niveau 2 de la forêt ($items$)	Отремонтируйте лесную канатную дорогу на втором уровне ($items$).
Journal/ForestPillar::3	Repair the forest ropeway on level 3 (<color=yellow>lever</color>, <color=yellow>20 metal</color>, <color=yellow>10 plastic</color>).	Поправи го лесово каблирано пътеводие на ниво 3 (<color=yellow>ръчка</color>, <color=yellow>20 метал</color>, <color=yellow>10 пластмаса</color>).	Réparez le téléphérique au niveau 3 de la forêt (<color=yellow>levier</color>, <color=yellow>20 métal</color>, <color=yellow>10 plastique</color>)	Отремонтируйте лесную канатную дорогу на 3 уровне (<color=yellow>рычаг</color>, <color=yellow>20 металла</color>, <color=yellow>10 пластика</color>).
Journal/ForestPillar::3bck	Repair the forest ropeway on level 3 ($items$).	Поправи въжената линия в гората на ниво 3 ($items$).	Réparez le téléphérique au niveau 3 de la forêt ($items$)	Отремонтируйте лесную канатную дорогу на третьем уровне ($items$).
Journal/ForestPillar::4	Repair the forest ropeway on level 4 (<color=yellow>lever</color>, <color=yellow>20 plastic</color>, <color=yellow>10 electronics</color>).	Поправи лесната кабина на ниво 4 (<color=yellow>ръчка</color>, <color=yellow>20 пластмаса</color>, <color=yellow>10 електроника</color>).	Réparez le téléphérique au niveau 4 de la forêt (<color=yellow>levier</color>, <color=yellow>20 plastique</color>, <color=yellow>10 composants électroniques</color>)	Отремонтируйте лесную канатную дорогу на 4 уровне (<color=yellow>рычаг</color>, <color=yellow>20 пластика</color>, <color=yellow>10 электроники</color>).
Journal/ForestPillar::4bck	Repair the forest ropeway on level 4 ($items$).	Поправи въжената линия в гората на ниво 4 ($items$).	Réparez le téléphérique au niveau 4 de la forêt ($items$)	Отремонтируйте лесную канатную дорогу на четвертом уровне ($items$).
Journal/ForestPillar::5	Repair the forest ropeway on level 5 (<color=yellow>lever</color>, <color=yellow>30 electronics</color>, <color=yellow>30 metal</color>).	Поправи лесната кабина на ниво 5 (<color=yellow>ръчка</color>, <color=yellow>30 електроника</color>, <color=yellow>30 метал</color>).	Réparez le téléphérique au niveau 5 de la forêt (<color=yellow>levier</color>, <color=yellow>30 composants électroniques</color>, <color=yellow>30 métal</color>)	Отремонтируйте лесную канатную дорогу на 5 уровне (<color=yellow>рычаг</color>, <color=yellow>30 электроники</color>, <color=yellow>30 металла</color>).
Journal/ForestPillar::5bck	Repair the forest ropeway on level 5 ($items$).	Поправи въжената линия в гората на ниво 5 ($items$).	Réparez le téléphérique au niveau 5 de la forêt ($items$)	Отремонтируйте лесную канатную дорогу на пятом уровне ($items$).
Journal/RocketTitle	The Countdown	Обратното броене	Le Compte à Rebours	Обратный отсчет
Journal/Rocket	I need to escape from here. I have decided to build a functional rocket. 	Трябва да избягам оттук. Реших да построя функционална ракета.	Je dois m'échapper d'ici. J'ai décidé de construire une fusée.	Мне нужно выбраться отсюда. Я решил построить рабочую ракету.
Journal/Rocket::1	Build a rocket silo (<color=yellow>50 stone</color>, <color=yellow>20 metal</color>, <color=yellow>10 glass</color>).	Изгради ракетен сил (<color=yellow>50 камък</color>, <color=yellow>20 метал</color>, <color=yellow>10 стъкло</color>).	Construisez un silo à fusée (<color=yellow>50 pierre</color>, <color=yellow>20 métal</color>, <color=yellow>10 verre</color>).	Постройте ракетную шахту (<color=yellow>50 камня</color>, <color=yellow>20 металла</color>, <color=yellow>10 стекла</color>).
Journal/Rocket::1bck	Build a rocket silo ($items$).	Построй ракета ($items$).	Construisez un silo à fusée ($items$).	Постройте ракетную шахту ($items$).
Journal/Rocket::2	Finish phase 2 of building a rocket. Item needed: <color=yellow>60 metal</color>, <color=yellow>20 plastic</color>, <color=yellow>Artificial Horizon</color>.	Завърши фаза 2 от изграждането на ракета. Нужни предмети: <color=yellow>60 метал</color>, <color=yellow>20 пластмаса</color>, <color=yellow>Изкуствен Хоризонт</color>.	Finir la phase 2 de la construction de la fusée. Objets nécessaires: <color=yellow>60 métal</color>, <color=yellow>20 plastique</color>, <color=yellow>Horizon Artificiel </color>.	Завершите 2 фазу строительства ракеты. Требуется: <color=yellow>60 металла</color>, <color=yellow>20 пластика</color>, <color=yellow>авиагоризонт</color>.
Journal/Rocket::2bck	Finish phase 2 of building a rocket. Item needed: $items$.	Завърши фаза 2 от изработката на ракета. Необходим предмет: $items$.	Finir la phase 2 de la construction de la fusée. Objets nécessaires: $items$.	Завершите 2-ю фазу строительства ракеты. Требуется: $items$.
Journal/Rocket::3	Finish phase 3 of building a rocket. Item needed: <color=yellow>20 electronics</color>, <color=yellow>40 metal</color>, <color=yellow>Hydrogen</color>.	Завърши фаза 3 от изграждането на ракета. Нужни са: <color=yellow>20 електроника</color>, <color=yellow>40 метал</color>, <color=yellow>Водород</color>.	Finir la phase 3 de la construction de la fusée. Objets nécessaires: <color=yellow>20 composants électroniques</color>, <color=yellow>40 métal</color>, <color=yellow>Hydrogène</color>.	Завершите 3 фазу строительства ракеты. Требуется: <color=yellow>20 электроники</color>, <color=yellow>40 металла</color>, <color=yellow>водород</color>.
Journal/Rocket::3bck	Finish phase 3 of building a rocket. Item needed: $items$.	Завърши фаза 3 от изработката на ракета. Необходим предмет: $items$.	Finir la phase 3 de la construction de la fusée. Objets nécessaires: $items$.	Завершите 3-ю фазу строительства ракеты. Требуется: $items$.
Journal/Rocket::4	Finish phase 4 of building a rocket. Item needed: <color=yellow>50 plastic</color>, <color=yellow>20 electronics</color>, <color=yellow>10 textile</color>, <color=yellow>Rocket control module</color>.	Завърши фаза 4 от изграждането на ракета. Нужни предмети: <color=yellow>50 пластмаса</color>, <color=yellow>20 електроника</color>, <color=yellow>10 текстил</color>, <color=yellow>Модул за управление на ракетата</color>.	Finir la phase 4 de la construction de la fusée. Objets nécessaires: <color=yellow>50 plastique</color>, <color=yellow>20 composants électroniques</color>, <color=yellow>10 tissu</color>, <color=yellow>Module de contrôle de fusée</color>.	Завершите 4 фазу строительства ракеты. Требуется: <color=yellow>50 пластика</color>, <color=yellow>20 электроники</color>, <color=yellow>10 ткани</color>, <color=yellow>модуль управления ракетой</color>.
Journal/Rocket::4bck	Finish phase 4 of building a rocket. Item needed: $items$.	Завърши фаза 4 от изграждането на ракета. Необходим предмет: $items$.	Finir la phase 4 de la construction de la fusée. Objets nécessaires: $items$.	Завершите 4-ю фазу строительства ракеты. Требуется: $items$.
Journal/FoodSource1Title	Ultimate Plan	Крайна цел	Plan Ultime	Грандиозный план
Journal/FoodSource1	I should start with checking my ultimate plan.	Трябва да започна с проверка на крайния си план.	Je devrais commencer par examiner mon plan ultime.	Надо бы проверить свой грандиозный план.
Journal/FoodSource1::1	Check your ultimate escape plan.	Провери своя краен план за бягство.	Examinez votre plan d'evasion ultime.	Проверьте свой грандиозный план побега.
Journal/FoodSource2Title	Self-Reliant	Самостоятелен	Autosuffisant	Самодостаточность
Journal/FoodSource2	I need to establish a food source for myself.	Трябва да си създам източник на храна.	J'ai besoin de me constituer une source de nourriture.	Мне нужно создать собственный источник питания.
Journal/FoodSource2::1	Place 5 patches of soil in your bunker.	Постави 5 парчета почва в бункера си.	Placez 5 parcelles de terre dans votre bunker.	Положите 5 участков почвы в свой бункер.
Journal/FoodSource2::2	Collect 5 bags of seeds.	Събери 5 торби със семена.	Récuperez 5 sacs de graines.	Соберите 5 мешков семян.
Journal/FoodSource2::3	Plant the seeds.	Засади семената.	Plantez les graines.	Нужно посадить семена.
Journal/FoodSource2::4	Provide plants with water and light.	Поливай растенията и им осигурявай светлина.	Fournissez à vos plantes de l'eau et de la lumière.	Обеспечьте растения водой и светом.
Journal/FoodSource4	Provide plants with water and light	Поливай растенията и им осигурявай светлина	Fournissez à vos plantes de l'eau et de la lumière.	Обеспечьте растения водой и светом
Journal/AfterFoodSource	Food source ready. I should go back to my ultimate escape plan.	Храна готова. Трябва да се върна към крайния си план за бягство.	Source de nourriture prête. Je devrais retourner voir mon plan d'évasion ultime.	Источник питания готов. Мне нужно вернуться к своему грандиозному плану побега.
Journal/UltimatePlanTitle	Ultimate Plan	Крайна цел	Plan Ultime	Грандиозный план
Journal/UltimatePlan::AfterFoodSource	Check your ultimate escape plan.	Провери своя краен план за бягство.	Examinez votre plan d'évasion ultime.	Проверьте свой грандиозный план побега.
Journal/joeq1Title	Mind Control Protection	Защита от контрол на ума	Protection de contrôle mental	Свобода сознания
Journal/joeq0	Broken revolver	Счупен револвер	Revolver cassé	Сломанный револьвер
Journal/joeq0::1	Bring the broken revolver to Joe.	Донеси счупения револвер на Джо.	Apportez le revolver cassé à Joe.	Принести Джо сломанный револьвер.
Journal/joeq1	Joe seeks to protect himself from the mind-controlling waves he believes are around. He wants tinfoil for this, of course.	Джо иска да се защити от мисловните вълни, които смята, че са наоколо. За това му трябва фолио.	Joe cherche à se protéger des ondes de contrôle mental qui, selon lui, existent. Bien sûr, il veut du papier aluminium pour ça.	Джо пытается защитить себя от контролирующих сознание волн, которые якобы окружают его. Ему, конечно же, нужна фольга.
Journal/joeq1::1	Bring Joe <color=yellow>1 foil</color>.	Принесе му на Джо <color=yellow>1 фойл</color>	Apportez <color=yellow>1 papier aluminium</color> à Joe.	Принести Джо <color=yellow>1 фольгу</color>.
Journal/joeqWaitTitle	Joe	Дневник/Заглавие на чакане на Джоуи	Joe	Джо
Journal/joeqWait::1	Come another day.	Ела пак утре.	Revenez un autre jour.	Прийти в другой день.
Journal/joeq2Title	The Missing Cryptid	Липсващото криптид	Le Cryptide Disparu	Пропавший криптид
Journal/joeq2	Chupacabra, Joe's beloved dog, is missing. I need to help find him.	Чупакабра, любимото куче на Джо, изчезна. Трябва да помогна да го намеря.	Chupacabra, le chien bien-aimé de Joe, est porté disparu. Je dois l'aider à le retrouver.	Чупакабра, любимый пес Джо, пропал. Мне нужно помочь найти его.
Journal/joeq2::1	Repair the forest ropeway on level 3.	Поправи въжената линия в гората на ниво 3.	Réparez le téléphérique au niveau 3 de la forêt.	Восстановить лесную канатную дорогу на уровне 3.
Journal/joeq2::2	Find Chupacabra in the forest.	Намери Чупакабра в гората.	Trouvez Chupacabra dans la forêt.	Найти Чупакабру в лесу.
Journal/joeq2::3	Come back to Joe.	Върни се при Джо.	Retournez voir Joe.	Вернуться к Джо.
Journal/joeqWait::2	Try coming another day for something new.	Опитай пак утре за нещо ново.	Essayez de revenir un autre jour pour de nouvelles choses.	Попробовать прийти в другой день за чем-нибудь новым.
Journal/joeq3Title	Radio Free North America	Радио Свободна Северна Америка	Radio North America Libre	Свобода радио
Journal/joeq3	There are rumours about a broadcast in English coming from Mexico, warning American citizens and exposing lies of the government. I want to catch it somewhere from the desert.	Има слухове за излъчване на английски от Мексико, което предупреждава американските граждани и разкрива лъжите на правителството. Искам да го хвана някъде в пустинята.	Il y a des rumeurs sur une émission en anglais en provenance du Mexique, mettant en garde les citoyens américains et dénonçant les mensonges du gouvernement. Je veux la capter quelque part dans le désert.	Ходят слухи о передаче из Мексики на английском языке. Она предупреждает американских граждан и разоблачает ложь правительства. Хочу поймать ее где-нибудь в пустыне.
Journal/joeq3::1	Bring Joe <color=yellow>5 electronics</color>.	Донеси на Джо <color=yellow>5 електроника</color>	Apportez <color=yellow>5 composants électroniques</color> à Joe.	Принести Джо <color=yellow>5 электроники</color>.
Journal/joeq3::1bck	Bring Joe $item$.	Дай на Джо $item$.	Apportez $item$ à Joe.	Принести Джо: $item$.
Journal/joeq3::2	Come back to Joe later.	Върни се при Джо по-късно.	Revenez voir Joe plus tard.	Вернуться к Джо позже.
Journal/joeq3::3	Catch the signal.	Хвани сигнала.	Captez le signal.	Поймать сигнал.
Journal/joeq3::4	Come back to Joe and tell him about the broadcast.	Върни се при Джо и му разкажи за излъчването.	Retournez voir Joe et parlez-lui de l'émission.	Вернуться к Джо и рассказать ему о передаче.
Journal/fortObserverTitle	Who Observes the Observer?	Кой наблюдава наблюдателя?	Qui observe l'observateur?	А наблюдатели кто?
Journal/fortObserver	I need to get to the Fort Observer and obtain a rocket control module from there.	Трябва да стигна до наблюдателната кула на крепостта и да взема ракетен контролен модул оттам.	Je dois me rendre au Fort Observer et obtenir un module de contrôle de fusée.	Мне нужно добраться до базы «Наблюдатель» и раздобыть модуль управления ракетой.
Journal/fortObserver::1	Ask Joe about the location of Fort Observer.	Попитай Джо за местоположението на Форт Наблюдател.	Demandez à Joe l'emplacement de Fort Observer.	Спросить Джо о местоположении базы «Наблюдатель».
Journal/fortObserver::2	Earn Joe's trust.	Спечели доверието на Джо.	Gagnez la confiance de Joe.	Заслужить доверие Джо.
Journal/fortObserver::3	Ask Joe about Fort Observer.	Попитай Джо за Fort Observer.	Questionnez Joe à propos de Fort Observer.	Спросить Джо о базе «Наблюдатель».
Journal/fortObserver::4	Go to Fort Observer.	Отиди в бункера.	Allez à Fort Observer.	Отправиться на базу «Наблюдатель».
Journal/fortObserver::5	Find control module that you can use in your rocket.	Намери контролен модул, който можеш да използваш в твоята ракета.	Trouvez le module de contrôle que vous pourrez utiliser dans votre fusée	Найти модуль управления ракетой.
Journal/fortObserver::6	Find a way to trick AI to release you with control module.	Намери начин да измамиш AI да те освободи с контролния модул.	Trouvez un moyen de tromper l'IA pour vous laisser avec le module de contrôle	Найти способ обмануть ИИ, чтобы вынести модуль управления.
Journal/bobq1Title	This Elevator of Mine	Моят асансьор	Mon Élévateur	Кто ты без лифта?
Journal/bobq1	I met Bob, a slightly shady character taking care of the mine. He wants me to fix the elevator.	Срещнах Боби, малко съмнителен тип, който се грижи за мината. Иска да поправя асансьора.	J'ai rencontré Bob, un mec un peu louche qui s'occupe de la mine. Il me demande de réparer l'ascenseur.	Я познакомился с Бобом, немного подозрительным типом, который присматривает за шахтой. Он хочет, чтобы я починил лифт.
Journal/bobq1::1	Check the elevator.	Провери асансьора.	Vérifiez l'ascenseur.	Осмотреть лифт.
Journal/bobq1::2	Fix the elevator. You need <color=yellow>10 metal</color>.	Поправи асансьора. Тръгват ти <color=yellow>10 метал</color>.	Réparez l'ascenseur. Vous avez besoin de <color=yellow>10 métal</color>.	Починить лифт. Нужно <color=yellow>10 металла</color>.
Journal/bobq1::2bck	Fix the elevator. You need $items$.	Поправи асансьора. Трябва ти $items$.	Réparez l'ascenseur. Vous avez besoin de $items$.	Починить лифт. Нужно: $items$.
Journal/bobq1::3	Go back to Bob.	Върни се при Боб.	Retournez voir Bob.	Вернуться к Бобу.
Journal/bobq2Title	Bob's Jacket	Якето на Боб	Veste de Bob	Куртка Боба
Journal/bobq2	Bob needs his warm jacket back. He has lost it somewhere in the mine.	Боб иска да си върне топлата яке. Загубил го е някъде в мината.	Bob a besoin de récupérer sa veste chaude. Il l'a perdue quelque part dans la mine.	Боб хочет вернуть свою теплую куртку. Он потерял ее где-то в шахтах.
Journal/bobq2::1	Find Bob's jacket.	Намери якето на Боб.	Trouvez la veste de Bob.	Найти куртку Боба.
Journal/bobq2::2	Get back to Bob with the jacket.	Върни се при Боб с якето.	Retournez voir Bob avec la veste.	Вернуть Бобу куртку.
Journal/bobq3Title	Bob's Glasses	Очилата на Боб	Lunettes de Bob	Очки Боба
Journal/bobq3	Bob needs his glasses. I think I saw glasses on another Bob... 	Боб има нужда от очилата си. Мисля, че видях очила на друг Боб...	Bob a besoin de ses lunettes. Je pense avoir vu des lunettes sur un autre Bob...	Бобу нужны очки. Кажется, очки носит другой Боб...
Journal/bobq3::1	Find glasses for Bob.	Намери очила за Боб.	Trouvez les lunettes pour Bob.	Найти очки для Боба.
Journal/bobq3::2	Get back to Bob with glasses.	Върни се при Боб с очилата.	Retournez voir Bob avec les lunettes.	Вернуть очки Бобу.
Journal/bobq4Title	Ivy Bob: Hydrogen Storage	Ива Боб: Съхранение на водород	Ivy Bob: stockage d'hydrogène	Боб-плющ: водород
Journal/bobq4	There might be a hydrogen storage on level -5, even if Bob denies it.	Може да има водородно хранилище на ниво -5, дори ако Боб отрича.	Il pourrait y avoir un stock d'hydrogène au niveau -5, même si Bob le nie.	Боб это, конечно, отрицает, но на -5 уровне может храниться водород.
Journal/bobq4::1	Take a look at level -5.	Погледни ниво -5.	Jetez un œil au niveau -5.	Взглянуть на -5 уровень.
Journal/bobq5Title	Sleepless Base	Безсънна база	Base des Éveillés	База Неспящих
Journal/bobq5	The Sleepless have their own base, apparently. It would be worth paying a visit.	Безсънните имат своя база, явно. Струва си да им отидем на гости.	Les Éveillés ont leur propre base, apparemment. Ça vaudrait la peine de leur rendre visite.	Похоже, у Неспящих есть собственная база. Стоит проверить.
Journal/bobq5::1	Follow Bob to the base at level -5.	Следвай Боб до базата на ниво -5.	Suivez Bob à la base au niveau -5.	Следовать за Бобом на -5 уровень базы.
Journal/bobq6Title	Bob's Proposition	Предложението на Боб	Proposition de Bob	Предложение Боба
Journal/bobq6	Bob needs help with the Operation Awakening. I should let the Sleepless know when I'm ready for the rocket launch.	Боб има нужда от помощ с операция „Събуждане“. Трябва да кажа на Безсънните, когато съм готов за изстрелването на ракетата.	Bob a besoin d'aide pour l'Opération Éveil. Je dois informer les Éveillés quand je serai prêt pour le lancement de la fusée.	Боб просить помочь ему с операцией «Пробуждение». Я должен сообщить Неспящим, когда буду готов запускать ракету.
Journal/bobq6::1	Put on a red light to notify the Sleepless about the incoming launch.	Включи червена светлина, за да уведомиш Безсънните за предстоящото изстрелване.	Allumez une lumière rouge pour informer les Éveillés du lancement imminent.	Включить красный свет, чтобы сообщить Неспящим о запуске ракеты.
Journal/inFullVersion	(Available in full version)	(Достъпно във пълната версия)	(Disponible dans la version complète)	(Доступно в полной версии)
Journal/endGameTitle	The Launch	Стартирането	Le lancement	Запуск
Journal/endGame	It's time to end this and fly away.	Време е да приключим и да избягаме.	Il est temps d'en finir et de s'envoler.	Пришло время покончить с этим и улететь.
Journal/endGame::1	Finish building the rocket.	Завърши изграждането на ракетата.	Terminez la construction de la fusée.	Завершить строительство ракеты.
Journal/endGame::2	Activate the alarm switch on the top floor to inform the Sleepless. (After doing that, there is no way back.)	Активирай алармата на горния етаж, за да уведомиш Безсънните. (След това няма връщане назад.)	Activez l'interrupteur de l'alarme au premier étage pour informer les Éveillés. (Après avoir fait ça, il n'y aura pas de retour en arrière possible.)	Включить красный свет на верхнем этаже, чтобы уведомить Неспящих о запуске. (После этого пути назад не будет.)
Journal/endGame::3	Go to your backyard and wait for the Sleepless to arrive.	Отиди в двора си и чакай Безсънните да пристигнат.	Allez dans votre jardin et attendez l'arrivée des Éveillés.	Пойти на задний двор и ждать прибытия Неспящих.
Journal/endGame::4	Say your goodbyes. 	Кажи сбогом.	Dites au revoir.	Попрощаться.
Journal/endGame::5	Open the door to the Agent.	Отвори вратата на агента.	Ouvrez la porte à l'Agent.	Открыть дверь Агенту.
Journal/endGame::6	Escape.	Бягай.	Échappez vous.	Сбежать.
Journal/missingPassTitle	Missing Mining Pass	Липсващ минен пропуск	Pass de la mine manquant	Пропуск в шахту
Journal/missingPass	The pass to the level -4 of the mine is missing. I have to find it somewhere else.	Пропускът за ниво -4 на мината липсва. Трябва да го намеря някъде другаде.	Le Pass pour le niveau -4 de la mine est introuvable. Je dois le chercher ailleurs.	У меня нет пропуска на -4 уровень шахты. Нужно его найти.
Journal/missingPass::1	Find the mining pass to the level -4	Намери миньорския пропуск за ниво -4	Trouvez le Pass de la mine pour le niveau -4	Найти недостающий пропуск на -4 уровень
Journal/letterTitle	Minuteman's Letter	Писмо от Минуteman	Lettre du Minuteman	Письмо Минитмена
Journal/letter	I have an unopened letter from Minuteman.	Имам неотворено писмо от Минуteman.	Je n'ai pas ouvert la lettre du Minuteman	У меня есть непрочитанное письмо от Минитмена.
Journal/letter::1	Open the letter from Minuteman.	Отвори писмото от Минуteman.	Ouvrez la lettre du Minuteman	Прочитать письмо Минитмена
Journal/farmTitle	Animal Farm	Ферма за животни	Animal Farm	Скотный двор
Journal/farm	Visit the farm.	Посети фермата.	Aller voir la ferme.	Посетить ферму.
Journal/farm::1	Visit the farm.	Посети фермата.	Aller voir la ferme.	Посетить ферму.
Journal/farmPreFanceTitle	Work Order	Работна поръчка	Ordre de travail	Наряд на работу
Journal/farmPreFance	Check the situation on the farm.	Провери ситуацията на фермата.	Vérifiez la situation à la ferme.	Узнать ситуацию на ферме.
Journal/farmPreFance::1	Check the situation on the farm.	Провери ситуацията на фермата.	Vérifiez la situation à la ferme.	Узнать ситуацию на ферме.
Journal/farmPreFance::2	Come back to Will.	Върни се при Уил.	Revenez voir Will.	Вернуться к Уиллу.
Journal/farmFanceTitle	Pen	Писалка	Enclos	Загон
Journal/farmFance	Repair the goats' pen. If the damage is too big, craft a new one at the workbench.	Поправи кошарата на козите. Ако щетите са твърде големи, направи нова на работната маса.	Réparez l'enclos des chèvres. Si les dégâts sont trop importants, fabriquez-en un nouveau sur l'établi.	Починить загон для коз. Если потребуется, построить новый на верстаке.
Journal/farmFance::1	Repair the goats' pen.	Поправи кошарата на козите.	Réparez l'enclos des chèvres.	Починить загон для коз.
Journal/farmFance::2	Come back to Will.	Върни се при Уил.	Revenez voir Will.	Вернуться к Уиллу.
Journal/farmWheatTitle	Grain	Зърно	Céréales	Зерно
Journal/farmWheat	Feed the chickens and the goats. You need to gather some grain. 	Нахрани пилетата и козите. Трябва да събереш малко зърно.	Nourrissez les poules et les chèvres. Vous devez récolter des céréales.	Покормить цыплят и коз. Нужно собрать зерна.
Journal/farmWheat::1	Feed the chickens and the goats.	Нахрани кокошките и козите.	Nourrissez les poules et les chèvres.	Покормить цыплят и коз.
Journal/farmWheat::1.1	Wait for the animals to eat and check on them later.	Изчакай животните да се нахранят и провери за тях по-късно.	Attendez que les animaux mangent et allez les voir après.	Дождаться, пока животные поедят, и проверить их позже.
Journal/farmWheat::1.2	Check on the animals.	Погледни животните.	Allez voir les animaux.	Проверить животных.
Journal/farmWheat::2	Milk a goat.	Дои коза.	Traire une chèvre.	Подоить козу.
Journal/farmWheat::3	Come back to Will.	Върни се при Уил.	Revenez voir Will.	Вернуться к Уиллу.
Journal/farmSizzorsTitle	Shearing	Остригане	Tonte	Стрижка
Journal/farmSizzors	Shear the goats.	Подстрижи козите.	Tondez les chèvres.	Постричь коз.
Journal/farmSizzors::1	Find the shears.	Намери ножиците.	Trouvez les ciseaux.	Найти ножницы.
Journal/farmSizzors::2	Follow the dog.	Следвай кучето.	Suivez le chien.	Проследить за собакой.
Journal/farmSizzors::3	Ask Will about the dog.	Попитай Уил за кучето.	Demandez à Will ce qu'il se passe avec le chien.	Спросить Уилла о собаке.
Journal/farmSizzors::4	Give the Will's dog some rat meat.	Дай на кучето на Уил малко плъхово месо.	Donnez au chien de Will de la viande de rat.	Дать собаке Уилла крысиное мясо.
Journal/farmSizzors::5	Shear the goats.	Подстрижи козите.	Tondez les chèvres.	Постричь коз.
Journal/farmSizzors::6	Milk the goats.	Дои козите.	Trayez les chèvres.	Подоить коз.
Journal/farmSizzors::7	Go back to Will.	Върни се при Уил.	Retournez voir Will.	Вернуться к Уиллу.
Journal/farmChickenHouseTitle	Chickens' Living Quarters	Кварталът на пилетата	Abri des poules	Куриное общежитие
Journal/farmChickenHouse	Clean up space by the chickens' coop.	Почисти пространството около кокошарника.	Nettoyez l'espace près du poulailler.	Очистить место у курятника.
Journal/farmChickenHouse::1	Clean up space by the chickens' coop.	Почисти пространството около кокошарника.	Nettoyez l'espace près du poulailler.	Очистить место у курятника.
Journal/farmMilkAndEgssTitle	Milk and Eggs	Мляко и яйца	Lait et Oeufs	Молоко и яйца
Journal/farmMilkAndEgss	Bring  <color=yellow>3 cartons of milk</color> and <color=yellow>5 eggs</color> to Will	Донеси <color=yellow>3 кутии мляко</color> и <color=yellow>5 яйца</color> на Will	Apportez <color=yellow>3 cartons de lait</color> et <color=yellow>5 œufs</color> à Will	Принести Уиллу <color=yellow>3 пакета молока</color> и <color=yellow>5 яиц</color>.
Journal/farmMilkAndEgss::1	Bring  <color=yellow>3 bottles of milk</color> and <color=yellow>5 eggs</color> to Will	Донеси <color=yellow>3 бутилки мляко</color> и <color=yellow>5 яйца</color> на Will	Apportez <color=yellow>3 bouteilles de lait</color> et <color=yellow>5 œufs</color> à Will	Принести Уиллу <color=yellow>3 бутылки молока</color> и <color=yellow>5 яиц</color>.
Journal/farmWaitTitle	Will	Ще	Will	Уилл
Journal/farmWait	Come back to Will tomorrow.	Върни се при Уил утре.	Revenez voir Will demain.	Вернуться к Уиллу завтра.
Journal/farmWait::1	Come back to Will tomorrow.	Върни се при Уил утре.	Revenez voir Will demain.	Вернуться к Уиллу завтра.
Journal/farmLostAnimalsTitle	Lost animals	Изгубени животни	Animaux perdus	Пропавшие животные
Journal/farmLostAnimals	Animals keep disappearing. Something must be done about this.	Животните изчезват. Трябва да направиш нещо по въпроса.	Les animaux continuent de disparaître. Il faut faire quelque chose.	Животные продолжают исчезать. С этим нужно что-то делать.
Journal/farmLostAnimals::1	Investigate what happened to the animals.	Разбери какво се е случило с животните.	Enquêtez sur ce qui est arrivé aux animaux.	Расследовать, что случилось с животными.
Journal/farmLostAnimals::2	Set up <color=yellow>3 bear traps with baits</color> behind the barn (requires workbench lvl 2).	Постави <color=yellow>3 медвежди капана с примамки</color> зад насажденията (изисква работна маса ниво 2).	Installez <color=yellow>3 pièges à ours avec des appâts</color> derrière l'étable (nécessite un établi de niveau 2).	Установить <color=yellow>3 медвежьих капкана с приманкой</color> за сараем (требуется верстак ур. 2).
Journal/farmLostAnimals::3	Check the traps tommorow.	Провери капаните утре.	Vérifiez les pièges demain.	Проверьте ловушки завтра.
Journal/farmLostAnimals::3.5	Report back to Will.	Докладвай на Уил.	Faites votre rapport à Will.	Сообщить Уиллу.
Journal/farmLostAnimals::4	Keep protecting the farm with traps.	Продължавай да пазиш фермата с капани.	Continuez à protéger la ferme avec des pièges.	Продолжить ставить ловушки на ферме.
Journal/farmLostAnimals::5	Check the traps.	Провери капаните.	Vérifiez les pièges.	Проверить ловушки.
Journal/farmMazeTitle	Maze	Лабиринт	Labyrinthe	Лабиринт
Journal/farmMaze	Go for a maze run.	Отиди на мазето.	Allez faire un tour de labyrinthe.	Пройти лабиринт.
Journal/farmMaze::1	Go for a maze run.	Отиди на мазето.	Allez faire un tour de labyrinthe.	Пройти лабиринт.
Journal/farmWait2Title	Will	Ще	Will	Уилл
Journal/farmWait2	Come back to Will tomorrow.	Върни се утре при Уил.	Revenez voir Will demain.	Вернуться к Уиллу.
Journal/farmWait2::1	Come back to Will tomorrow.	Върни се при Уил утре.	Revenez voir Will demain.	Вернуться к Уиллу.
Journal/farmAgentLegTitle	Black fabric	Черна тъкан	Tissu noir	Черная ткань
Journal/farmAgentLeg	I need to find out what is this black piece of fabric I have found in a trap.	Трябва да разбера какво е това черно парче плат, което намерих в капан.	Je dois découvrir qu'est ce que c'est que ce morceau de tissu noir que j'ai trouvé dans un piège.	Мне нужно узнать, как обрывок черной ткани оказался в ловушке.
Journal/farmAgentLeg::1	Ask Will about the black fabric.	Попитай Уил за черната тъкан.	Demandez à Will à propos du tissu noir.	Спросить Уилла о черной ткани.
Journal/farmAgentLeg::2	Find out who does this black fabric belong to.	Разбери на кого принадлежи тази черна тъкан.	Découvrez à qui appartient ce tissu noir.	Узнать, кому принадлежит черная ткань.
Journal/farmAgentLeg::3	Confront the Agent about the black fabric.	Изправи се срещу агента за черната тъкан.	Confrontez l'agent à la question du tissu noir.	Спросить агента о черной ткани.
Journal/farmSundayTitle	Sunday	Неделя	Dimanche	Воскресенье
Journal/farmSunday	The Agent warned me not to go to the farm on Sunday. Let's investigate why not.	Агентът ме предупреди да не ходя на фермата в неделя. Да проверим защо не.	L'agent m'a dit de ne pas aller à la ferme dimanche. Examinons pourquoi.	Агент сказал мне, что не стоит ходить на ферму в воскресенье. Пожалуй, стоит выяснить, в чем дело.
Journal/farmSunday::1	Visit the farm on Sunday.	Посети фермата в неделя.	Allez à la ferme dimanche.	Прийти на ферму в воскресенье.
Journal/farmSunday::2	Wait for more clues to come up.	Изчакай за повече улики.	Attendez que d'autres indices apparaissent.	Подождать, пока появятся новые подсказки.
Journal/farmFindAnimalsTitle	Good Shepherd	Добър пастир	Bon berger	Добрый пастырь
Journal/farmFindAnimals	Find the missing animals.	Намери липсващите животни.	Trouvez les animaux disparus.	Найти пропавших животных.
Journal/farmFindAnimals::1b	Find someone who knows a thing or two about tracking devices.	Намери някой, който знае нещо за проследяващи устройства.	Trouvez quelqu'un qui connaît une chose ou deux sur les dispositifs de traçage.	Найти человека, который знает об устройствах слежения.
Journal/farmFindAnimals::1a	Ask Joe about the tracking device.	Попитай Джо за проследяващото устройство.	Demandez à Joe à propos du dispositif de traçage.	Спросить Джо об устройстве слежения.
Journal/farmFindAnimals::2	Come back to Joe tommorow.	Върни се при Джо утре.	Revenez voir Joe demain.	Вернуться к Джо завтра.
Journal/farmFindAnimals::3	Find animals using Joe's tracking device ($x$/5 rescued).	Намери животни с проследяващото устройство на Джо ($x$/5 спасени).	Trouvez des animaux à l'aide du dispositif de traçage de Joe ($x$/5 sauvés).	Найдите животных с помощью устройства слежения Джо (спасено: $x$/5).
Journal/farmGoFishingTitle	Fishing	Риболов	Pêche	Рыбалка
Journal/farmGoFishing	Go fishing.	Лови риба.	Allez pêcher.	Порыбачить.
Journal/farmGoFishing::1	Go fishing.	Лови риба.	Allez pêcher.	Порыбачить.
Journal/farmBrokenCameraTitle	Broken Camera	Счупена камера	Caméra cassé	Сломанная камера
Journal/farmBrokenCamera	Fix the broken camera.	Поправи счупената камера.	Réparez la caméra cassée.	Починить сломанную камеру.
Journal/farmBrokenCamera::1	Inspect the broken camera.	Прегледай счупената камера.	Inspectez la caméra cassée.	Осмотреть сломанную камеру.
Journal/farmBrokenCamera::2	Find someone who can fix the broken camera.	Намери някой, който може да оправи счупената камера.	Trouvez quelqu'un qui peut réparer la caméra cassée.	Найти того, кто может починить сломанную камеру.
Journal/farmBrokenCamera::3	Ask Joe about the broken camera.	Попитай Джо за счупената камера.	Demandez à Joe à propos de la caméra cassée.	Спросить Джо о сломанной камере.
Journal/farmBrokenCamera::4	Come back to Joe tomorrow.	Върни се при Джо утре.	Revenez voir Joe demain.	Вернуться к Джо завтра.
Journal/farmConfrontationTitle	Confrontation	Сблъсък	Confrontation	Противостояние
Journal/farmConfrontation	Spend the night at the farm on Sunday.	Пренощувай на фермата в неделя.	Passez la nuit de dimanche à la ferme .	Провести ночь на ферме в воскресенье.
Journal/farmConfrontation::1	Spend the night at the farm on Sunday.	Пренощувай на фермата в неделя.	Passez la nuit de dimanche à la ferme .	Провести ночь на ферме в воскресенье.
Journal/farmDestroyUFOTitle	The Wawel Dragon	Драконът от Вавел	Le dragon du Wawel	Вавельский дракон
Journal/farmDestroyUFO	Destroy the UFO.	Унищожи НЛО-то.	Détruisez l'OVNI.	Уничтожить НЛО.
Journal/farmDestroyUFO::1	Talk to Joe about possible ways to destroy the UFO.	Говори с Джо за възможни начини да унищожиш НЛО-то.	Parlez à Joe des moyens possibles de détruire l'OVNI.	Поговорить с Джо о способах уничтожения НЛО.
Journal/farmDestroyUFO::2	Create a bomb out of a fake goat.	Направи бомба от фалшива коза.	Créez une bombe à partir d'une fausse chèvre.	Сделать бомбу в виде фальшивой козы.
Journal/farmDestroyUFO::3	Plant the fake goat at the farm on Sunday.	Засади фалшивата коза на фермата в неделя.	Mettez la fausse chèvre à la ferme dimanche.	Разместить фальшивую козу на ферме в воскресенье.
Journal/farmFishQuestTitle	Fishing Time	Време за риболов	Temps de pêche	Время рыбалки
Journal/farmFishQuest::1	Bring to Will and Henry a following fish: $x$	Донеси на Уил и Хенри следната риба: $x$	Apportez à Will et Henry le poisson suivant : $x$	Принести Уиллу и Генри рыбу: $x$
Journal/uraniumVisitJoeTitle	Glowing Glass	Светещо стъкло	Verre lumineux\n	Светящееся стекло\n
Journal/uraniumVisitJoe::1	Ask Joe about the strange glowing piece of glass.	Попитай Джо за странното светещо парче стъкло.	Demande à Joe à propos du morceau de verre étrange et lumineux.\n	Спроси Джо о странном светящемся кусочке стекла.\n
Journal/uraniumMineTitle	Where's the uranium?	Къде е уранът?	Où est l’uranium ?\n	Где уран?\n
Journal/uraniumMine::1	Ask Bob about a possible Uranium Mine in Murricaville.	Попитай Боб за възможна уранова мина в Мъррикавил.	Demande à Bob s’il y a une éventuelle mine d’uranium à Murricaville.\n	Спроси Боба о возможной урановой шахте в Murricaville.\n
Journal/uraniumMine::2	Come back to Bob tomorrow.	Върни се при Боб утре.	Reviens voir Bob demain.\n	Вернись к Бобу завтра.\n
Journal/uraniumMine::3	Search the lowest level of the mine with a Geiger Counter.	Търси в най-долния етаж на мината с Гайгеров брояч.	Fouille le niveau le plus bas de la mine avec un compteur Geiger.\n	Обыщи самый нижний уровень шахты с помощью дозиметра.\n
Journal/radiatedMushroomsTitle	Mutant Mushrooms	Мутантни гъби	Champignons mutants\n	Грибы-мутанты\n
Journal/radiatedMushrooms::1	Show a radiated mushroom to Jenny.	Покажи на Джени радиоактивна гъба.	Montre un champignon irradié à Jenny.\n	Покажи Дженни облучённый гриб.\n
Journal/radiatedMushrooms::2	Come back to Jenny tomorrow.	Върни се при Джени утре.	Reviens voir Jenny demain.\n	Вернись к Дженни завтра.\n
Journal/nuclearEngineeringTitle	Nuclear Engineering	Ядрена инженерна наука	Génie nucléaire\n	Ядерная инженерия\n
Journal/nuclearEngineering::1	Ask Bob for a book about nuclear energy and engineering.	Попитай Боб за книга за ядрена енергетика и инженерство.	Demande à Bob un livre sur l’énergie nucléaire et le génie nucléaire.\n	Спроси Боба о книге по ядерной энергии и инженерии.\n
Journal/nuclearScientistQuestTitle	Scientist's Request	Искане на учения	Demande du scientifique\n	Запрос учёного\n
Journal/nuclearScientistQuest::1	Bring the following item to Dr. Edward: $item$	Донеси следния предмет на д-р Едуард: $item$	Apporte l’objet suivant au Dr Edward : $item$\n	Принеси доктору Эдварду следующий предмет: $item$\n
Journal/nuclearOldMaskQuestTitle	Keeping the Sleepless Sleepless	Дръж Безсънния безсънен	Garder les insomniaques éveillés\n	Оставить бессонных без сна\n
Journal/nuclearOldMaskQuest::1	Bring <color=yellow>5x energy drink</color> to the Sleepless.	Принесе <color=yellow>5x енергиен напитка</color> на Безсъните.	Apporte aux Insomniaques <color=yellow>5 boissons énergétiques</color>.\n	Принеси Бессонным <color=yellow>5 энергетических напитков</color>.\n
Journal/nuclearExplorePowerPlantTitle	Power Plant	АЕЦ	Centrale électrique\n	Электростанция\n
Journal/nuclearExplorePowerPlant	Explore the abandoned power plant.	Разгледай изоставената електроцентрала.	Explore la centrale électrique abandonnée.\n	Исследуй заброшенную электростанцию.\n
Journal/nuclearExplorePowerPlant::1	Explore the abandoned power plant.	Разгледай изоставената електроцентрала.	Explore la centrale électrique abandonnée.\n	Исследуй заброшенную электростанцию.\n
Journal/nuclearTalkToScientistTitle	Dr. Edward	Д-р Едуард	Dr Edward	Доктор Эдвард\n
Journal/nuclearTalkToScientist	Talk to Dr. Edward.	Говори с д-р Едуард.	Parle avec le Dr Edward.\n	Поговори с доктором Эдвардом.\n
Journal/nuclearTalkToScientist::1	Talk to Dr. Edward.\nUse Anti-radiation extract (Optional).	Говори с д-р Едуард.\nИзползвай антирадиационен екстракт (по желание).	Parle au Dr Edward.\nUtilise l'extrait anti-radiation (facultatif).\n	Поговори с доктором Эдвардом.\nИспользуй антирадиационный экстракт (по желанию).\n
Journal/nuclearScientistQuestStage1Title	Nuclear Power Plant	АЕЦ	Centrale nucléaire\n	Атомная электростанция\n
Journal/nuclearScientistQuestStage1::1	Complete all the scientist's requests from this stage $current$	Изпълни всички задачи на учените от този етап $current$	Complète toutes les demandes du scientifique de cette étape $current$\n	Выполни все запросы учёного на этом этапе $current$\n
Journal/nuclearScientistQuestStage1	Complete all the scientist's requests to help him fix the Nuclear Generator. I can always ask him for more details if I'm not sure where to find the requested item.	Изпълни всички задачи на учените, за да му помогнеш да поправи ядрения генератор. Винаги мога да го попитам за повече подробности, ако не съм сигурен къде да намеря искания предмет.	Complète toutes les demandes du scientifique pour l’aider à réparer le Générateur nucléaire. \nJe peux toujours lui demander plus de détails si je ne sais pas où trouver l’objet demandé.\n	Выполни все задания учёного, чтобы помочь ему починить ядерный генератор. \nЯ всегда могу спросить его о дополнительных деталях, если не знаю, где найти требуемый предмет.\n
Journal/nuclearScientistQuestStage2Title	Repairing the Local Dam	Поправка на местната язовирна стена	Réparation du barrage local\n	Ремонт местной плотины\n
Journal/nuclearScientistQuestStage2	Complete all the scientist's requests to help him fix the Local Dam. I can always ask him for more details if I'm not sure where to find the requested item.	Изпълни всички задачи на учените, за да му помогнеш да поправи местната язовирна стена. Винаги мога да го попитам за повече подробности, ако не съм сигурен къде да намеря искания предмет.	Complète toutes les demandes du scientifique pour l’aider à réparer le barrage local. \nJe peux toujours lui demander plus de détails si je ne sais pas où trouver l’objet demandé.\n	Выполни все задания учёного, чтобы помочь ему починить местную плотину. \nЯ всегда могу спросить его о дополнительных деталях, если не знаю, где найти требуемый предмет.\n
Journal/nuclearScientistQuestStage2::1	Complete all the scientist's requests from this stage $current$	Изпълни всички задачи на учените от този етап $current$	Complète toutes les demandes du scientifique de cette étape $current$\n	Выполни все запросы учёного на этом этапе $current$\n
Journal/nuclearScientistQuestStage3Title	Power Plant Stabilization	Стабилизиране на електроцентралата	Stabilisation de la centrale électrique\n	Стабилизация электростанции\n
Journal/nuclearScientistQuestStage3	Complete all the scientist's requests to help him stabilize the Nuclear Generator. I can always ask him for more details if I'm not sure where to find the requested item.	Изпълни всички задачи на учените, за да му помогнеш да стабилизира ядрения генератор. Винаги мога да го попитам за повече подробности, ако не съм сигурен къде да намеря искания предмет.	Complète toutes les demandes du scientifique pour l’aider à stabiliser le Générateur nucléaire. \nJe peux toujours lui demander plus de détails si je ne sais pas où trouver l’objet demandé.\n	Выполни все задания учёного, чтобы помочь ему стабилизировать ядерный генератор. \nЯ всегда могу спросить его о дополнительных деталях, если не знаю, где найти требуемый предмет.\n
Journal/nuclearScientistQuestStage3::1	Complete all the scientist's requests from this stage $current$	Изпълни всички задачи на учените от този етап $current$	Complète toutes les demandes du scientifique de cette étape $current$\n	Выполни все запросы учёного на этом этапе $current$\n
Journal/nuclearScientistQuestStage4Title	Scientist's project: ???	Проект на учения: ???	Projet du scientifique : ???\n	Проект учёного: ???\n
Journal/nuclearScientistQuestStage4	Complete all the scientist's requests to help him... do whatever it is he's doing. I can always ask him for more details if I'm not sure where to find the requested item.	Изпълни всички задачи на учените, за да му помогнеш... да прави каквото прави. Винаги мога да го попитам за повече подробности, ако не съм сигурен къде да намеря искания предмет.	Complète toutes les demandes du scientifique pour l’aider... peu importe ce qu’il est en train de faire. \nJe peux toujours lui demander plus de détails si je ne sais pas où trouver l’objet demandé.\n	Выполни все задания учёного, чтобы помочь ему... чем бы он ни занимался. \nЯ всегда могу спросить его о дополнительных деталях, если не знаю, где найти требуемый предмет.\n
Journal/nuclearScientistQuestStage4::1	Complete all the scientist's requests from this stage $current$	Изпълни всички задачи на учените от този етап $current$	Complète toutes les demandes du scientifique de cette étape $current$\n	Выполни все запросы учёного на этом этапе $current$\n
Journal/nuclearScientistWaitTillNextDayTitle	Dr. Edward	Д-р Едуард	Dr Edward	Др. Эдвард\n
Journal/nuclearScientistWaitTillNextDay::1	Come back to the Dr. Edward the next day.	Върни се при д-р Едуард на следващия ден.	Reviens voir le Dr Edward le lendemain.\n	Вернись к доктору Эдварду на следующий день.\n
Journal/nuclearStabilizeGeneratorTitle	Stabilize the Nuclear Generator	Стабилизирай ядрения генератор	Stabiliser le générateur nucléaire\n	Стабилизируй ядерный генератор\n
Journal/nuclearStabilizeGenerator	The scientist is out of his mind. I have to take stabilizing the generator into my own hands.	Ученият е луд. Трябва сам да стабилизирам генератора.	Le scientifique a perdu la tête. Je dois prendre la stabilisation du générateur en main.\n	Учёный сошёл с ума. Мне придётся самому заняться стабилизацией генератора.\n
Journal/nuclearStabilizeGenerator::1	Find a way to stabilize the nuclear generator	Намери начин да стабилизираш ядрения генератор.	Trouve un moyen de stabiliser le générateur nucléaire\n	Найди способ стабилизировать ядерный генератор\n
Journal/nuclearStabilizeGenerator::2	I have to find a way to fix the overheating core and the damaged containment shell of the nuclear generator.	Трябва да намеря начин да поправя прегрялата сърцевина и повредената обвивка на ядрения генератор.	Je dois trouver un moyen de réparer le cœur en surchauffe et la coque endommagée du générateur nucléaire.\n	Мне нужно найти способ починить перегревающийся сердечник и повреждённую оболочку ядерного генератора.\n
Journal/nuclearStabilizeGenerator::3	I have to find a way to fix the unstable core of the nuclear generator.	Трябва да намеря начин да оправя нестабилния ядрен генератор.	Je dois trouver un moyen de réparer le cœur instable du générateur nucléaire.\n	Мне нужно найти способ починить нестабильный сердечник ядерного генератора.\n
Journal/nuclearStabilizeGenerator::4	Craft the Nuclear Generator Refueler and the Deionizing Beacon	Изработи ядреното гориво за генератора и дейонизиращия маяк	Fabrique le ravitailleur du générateur nucléaire et le balise désionisante\n	Создай дозатор топлива для ядерного генератора и деонизирующий маяк\n
Journal/nuclearStabilizeGenerator::5	Craft the Reactor Safety System	Изработи системата за безопасност на реактора	Fabrique le Système de Sécurité du Réacteur\n	Создай систему безопасности реактора\n
Journal/nuclearStabilizeGenerator::6	Install the Reactor Safety System in the Nuclear Power Plant	Инсталирай системата за ядрена безопасност в атомната електроцентрала.	Installe le Système de Sécurité du Réacteur dans la Centrale Nucléaire\n	Установи систему безопасности реактора на атомной электростанции\n
Journal/mountainTitle	Mountain.	Планина.		
Journal/mountain	Check the mountain location.	Провери мястото в планината.		
Journal/mountain::1	Check the mountain location.	Провери мястото в планината.		
Journal/mountainCryoNotesTitle	Cryo-tech Notes	Записки за криотехнологиите		
Journal/mountainCryoNotes	I want make a cryo sleep pod. I need to collect notes about cryo-tech experiments in the mountains.	Искам да направя крио сънна капсула. Трябва да събера бележки за крио-тех експерименти в планината.		
Journal/mountainCryoNotes::1	Collect Cryo-tech notes ($x$/$y$)	Събери Cryo-tech бележки ($x$/$y$)		
Journal/mountainCryoSleepPodTitle	Cryo Sleep Pod	Крио сънна капсула		
Journal/mountainCryoSleepPod	I starting to understand Agancy's cryo tech. I will try one of thayer designs - Cryo Sleep Pod.	Започвам да разбирам крио технологията на Агенцията. Ще пробвам един от проектите на Тейър - Крио Слийп Под.		
Journal/mountainCryoSleepPod::1	Craft Cryo Sleep Pod	Изработи крио-сънна капсула		
Journal/mountainCryoSleepPod::2	Try out Cryo Sleep Pod	Изпробвай Cryo Sleep Pod		
Journal/mountainCryoSleepPod::3	Identify the cause of Cryo Sleep Pod malfunction	Открий причината за повредата на Cryo Sleep Pod.		
Journal/mountainCryoSleepPod::4	Calibrate Cryo Sleep Pod	Калибрирай крио-сънна капсула		
Journal/mountainCryoSleepPod::5	Try Cryo Sleep Pod again	Опитай отново с Cryo Sleep Pod.		
Journal/mountainSaveBlankTitle	Save Blank	Запази празен		
Journal/mountainSaveBlank	Blank wants to use the cryo sleep pod on top of the mountain and she doesn't know that it need to by calibrated for her. I'm the only person that can save her life.	Бланк иска да използва крио-сънната капсула на върха на планината и не знае, че трябва да бъде калибрирана за нея. Аз съм единственият, който може да спаси живота й.		
Journal/mountainSaveBlank::1	Learn more details about Blank ($x$/$y$)	Научи повече за Blank ($x$/$y$)		
Journal/mountainSaveBlank::2	Reach the mountain top.	Стигни до върха на планината.		
Journal/mountainSaveBlank::3	Find Blank.	Намери празното.		
Journal/mountainSaveBlank::4	Inspect Blank's Cryo Sleep Pod.	Разгледай крио-сънната капсула на Бланк.		
Journal/mountainSaveBlank::5	Calibrate Blank's Cryo Sleep Pod.	Калибрирай Cryo Sleep Pod на Blank.		
Journal/mountainSaveBlank::6	Check back on Blank after some time. 	Провери отново Бланк след известно време.		
Journal/mountainSaveBlank::7	Check back on Blank. 	Провери отново Бланк.		
Articles/NP_Electricity_DamagedLines	Attention! As a result of an accident during military maneuvers, state high-voltage lines were interrupted. It is estimated that in the next few days the problem will be solved, however, the supply of electricity in some regions of the country may be withheld. If you have any questions or problems, please contact your local energy emergency services.	ВНИМАНИЕ! В резултат на инцидент по време на военни маневри, държавните високоволтови линии са прекъснати. Очаква се проблемът да бъде решен в следващите няколко дни, но е възможно електрозахранването в някои региони на страната да бъде прекъснато. Ако имаш въпроси или проблеми, моля, свържи се с местните аварийни служби за енергетика.	Attention! Suite à un accident lors de manœuvres militaires, des lignes à haute tension de l'État ont été coupées. Nous estimons que le problème sera résolu dans les prochains jours, mais l'approvisionnement en électricité dans certaines régions du pays pourrait être interrompu. Si vous avez des questions ou des problèmes, veuillez contacter votre service d'urgence local.	Внимание! Во время военных учений были повреждены линии электропередач. В ближайшие несколько дней проблема должна быть исправлена, однако в некоторые регионы страны может быть прекращена подача электричества. Пожалуйста, по всем возникающим вопросам обращайтесь в аварийные службы по месту жительства.
Articles/NP_Electricity_DamagedLines_Bold				
Articles/NP_Electricity_DamagedLines_Headline	Damaged high voltage lines	Повредени високо напреженови линии	Lignes à haute tension endommagées	Поврежденные линии электропередач
Articles/NP_Electricity_Reactor	Citizens! The government informs. As a result of the failure of the nuclear reactor in our largest state power plant, some households may temporarily be deprived of electric power. We apologize for any inconvenience. If repairs will occur as a prolonged event, our functionaries will make sure that every citizen has access to food and drinking water. Stay prepared.	Граждани! Правителството информира. В резултат на аварията в ядрения реактор на най-голямата ни държавна електроцентрала, някои домакинства може временно да останат без електричество. Извиняваме се за причиненото неудобство. Ако ремонтът се проточи, нашите служители ще се погрижат всеки гражданин да има достъп до храна и питейна вода. Бъдете подготвени.	Citoyens! Le gouvernement vous informe: Suite à la panne du réacteur nucléaire de la plus grande centrale électrique de l'État, certains ménages pourraient être temporairement privés d'électricité. Nous nous excusons pour la gêne occasionnée. Si les réparations se prolongent, nos fonctionnaires veilleront à ce que chaque citoyen ait accès à de la nourriture et à de l'eau potable. Restez préparé.	Граждане! Правительство сообщает: на самой большой электростанции штата произошла поломка ядерного реактора, из-за чего подача электричества в некоторые дома может быть приостановлена. Если ремонтные работы затянутся, наши чиновники обеспечат всех граждан доступом к еде и питьевой воде. Будьте наготове.
Articles/NP_Electricity_Reactor_Bold	Reactor's failure	Провал на реактора	Panne du réacteur	Поломка реактора
Articles/NP_Electricity_Reactor_Headline	Reactor	Реактор	Réacteur	Реактор
Articles/NP_Electricity_Thunderstorms	Meteorologists proclaim that next week will be exceptionally abundant in dangerous weather events, including storms. There may be power blackouts. Citizen, be aware! If there are characteristic signs in the sky, such as bright flares and rain and hail, stay home. If you are outside, take shelter in a nearby building or enter the car. Under no circumstances should you open an umbrella or stand under a tree.	Метеоролозите обявяват, че следващата седмица ще е изключително бурна, с много опасни метеорологични явления, включително бури. Може да има прекъсвания на тока. Граждани, бъдете нащрек! Ако видите характерни знаци в небето, като ярки светкавици и дъжд и градушка, останете вкъщи. Ако сте навън, потърсете подслон в близка сграда или влезте в колата. В никакъв случай не отваряйте чадър или не стойте под дърво.	Les météorologues prédisent pour la semaine prochaine de nombreux événements météorologiques particulièrement dangereux, notamment des tempêtes. Il pourrait y avoir des coupures de courant. Citoyen, soyez prudent! S'il y a des signes caractéristiques dans le ciel, comme des éclairs, de la pluie et de la grêle. Restez à la maison. Si vous êtes à l'extérieur, réfugiez-vous dans un bâtiment voisin ou montez dans une voiture. Vous ne devez en aucun cas ouvrir un parapluie ou rester sous un arbre.	Синоптики сообщают, что следующая неделя будет богата опасными природными явлениями, в том числе грозами. Возможны перебои в подаче электричества. Граждане, будьте наготове! Если замечаете в небе характерные признаки приближающейся грозы - яркие вспышки, дождь, град, - оставайтесь дома. Если вы находитесь в этот момент на улице, ищите укрытие в ближайших зданиях или машинах. Ни в коем случае не открывайте зонтики и не становитесь под деревья.
Articles/NP_Electricity_Thunderstorms_Bold	Thunderstorms	Бури	Orages	Грозы
Articles/NP_Electricity_Thunderstorms_Headline	Blackout	Прекъсване на тока	Coupures d'électricité	Отключение электричества
Articles/NP_Trade_Embargo	Citizens! Due to a treacherous embargo imposed by the foreign powers, the upcoming week will be particularly hard for us. The import of goods is inhibited and this will negatively affect trade.	Граждани! Поради коварен ембарго, наложен от чуждите сили, предстоящата седмица ще бъде особено трудна за нас. Вносът на стоки е възпрепятстван и това ще се отрази негативно на търговията.	Citoyens! En raison d'un embargo malhonnête imposé par les puissances étrangères, la semaine à venir sera particulièrement difficile pour nous. L'importation de marchandises est entravée et cela affectera négativement le commerce.	Граждане! Из-за вероломного эмбарго, введенного иностранными державами, предстоящая неделя будет особенно тяжелой. Импорт товаров затруднен, и это негативно скажется на торговле.
Articles/NP_Trade_Embargo_Bold	No Trading	Няма търговия	Pas d'Echange	Запрет торговли
Articles/NP_Trade_Embargo_Headline				
Articles/NP_Trade_LabourDay	Embargo	Ембарго	Embargo	Эмбарго
Articles/				
Articles/NP_Trade_LabourDay_Bold	Labour Day	Ден на труда	Fête du Travail	Праздник трудящихся
Articles/NP_Trade_LabourDay_Headline	Labour Day	Ден на труда	Fête du Travail	Праздник трудящихся
Articles/NP_Trade_LostPostman	The local police informs that yesterday an investigation was initiated regarding the search for the missing Mr. Postman. We expect delays in the delivery of letters and other postal goods. All citizens who have been in contact with those missing in the last days are asked to provide information at the local police station. Remember, civic responsibility is the highest virtue.	Местната полиция информира, че вчера е започнато разследване за изчезналия пощальон. Очакваме забавяне в доставката на писма и други пощенски стоки. Всички граждани, които са били в контакт с изчезналите през последните дни, са помолени да предоставят информация в местното полицейско управление. Помни, гражданската отговорност е най-висшата добродетел.	La police locale vous informe qu'hier une enquête a été ouverte concernant la disparition de Mr. Facteur. Nous pouvons nous attendre à des retards dans la distribution des lettres et autres colis postaux. Tous les citoyens qui ont été en contact avec la personne disparue au cours des derniers jours sont priés de fournir des informations au poste de police local. N'oubliez pas que l'entraide citoyenne est la plus vertueuse.	Полиция уведомляет, что вчера началось расследование по делу пропажи мистера Почтальона. Ожидаются задержки в доставке писем и посылок. Просим горожан, которые вступали за последние дни в контакт с пропавшим, предоставить информацию в свой полицейский участок. Помните, гражданская помощь невероятно ценна.
Articles/NP_Trade_LostPostman_Bold	Lost Mr. Postman	Изгубен г-н Пощальон	Disparition de Mr. Facteur	Пропажа мистера Почтальона
Articles/NP_Trade_LostPostman_Headline	Postman	Пощальон	Facteur	Почтальон
Articles/NP_Water_Pipeline	This week the weather wasn't exceptional. As a result of periodic glaciations in the northern parts of the country, the integrity of our main pipelines was compromised. We can expect the delivery of water to be stopped in a few days. Our workers will take care of the crisis as soon as possible. Support them, citizens, and stay prepared.	Тази седмица времето не беше изключително. В резултат на периодичните заледявания в северните части на страната, целостта на основните ни тръбопроводи беше компрометирана. Очакваме доставката на вода да спре след няколко дни. Нашите работници ще се погрижат за кризата възможно най-скоро. Подкрепете ги, граждани, и останете подготвени.	Cette semaine, la météo ne fût pas exceptionnelle. En raison des gelées à répétition dans le nord du pays, l'étanchéité de nos principaux pipelines a été compromise. Nous pouvons nous attendre à une interruption de l'approvisionnement en eau dans quelques jours. Nos ouvriers s'occuperont de la crise aussi vite que possible. Soutenez-vous les uns les autres et restez préparés.	На этой неделе стояла неблагоприятная погода. Из-за периодических оледенений в северной части страны пострадали значимые трубопроводы. Ожидаются перебои в подаче воды в течение нескольких дней. Наши работники стараются как можно быстрее разобраться с проблемой. Поддержите их, граждане, и будьте наготове.
Articles/NP_Water_Pipeline_Bold	Pipeline failure.	Проблем с тръбопровода.	Fuite des pipelines.	Поломка трубопровода
Articles/NP_Water_Pipeline_Headline	Pipeline	Водопровод	Pipeline	Трубопровод
Articles/NP_Water_Substances	The health service informs: citizen, drink only boiled water! There have been cases of serious illness after ingesting tap water. According to the local police and fire brigade, there are suspicious poisonous substances in the water. For further research and for the safety of our citizens, the supply of water will soon be cut off. We ask for your understanding. Remember! Your health is most important.	Здравеопазването информира: граждани, пийте само преварена вода! Има случаи на сериозни заболявания след пиене на чешмяна вода. Според местната полиция и пожарната, във водата има подозрителни отровни вещества. За по-нататъшно изследване и за безопасността на нашите граждани, водоснабдяването скоро ще бъде прекъснато. Молим за вашето разбиране. Помнете! Вашето здраве е най-важно.	Le service de santé vous informe: Citoyen, ne buvez que l'eau que vous avez fait bouillir! Il y a eu des cas de maladies graves après avoir bu l'eau du robinet. Selon la police locale et les pompiers, des substances toxiques suspectes sont présentes dans l'eau. Pour des recherches plus appronfondies et pour la sécurité de nos concitoyens, l'approvisionnement en eau sera bientôt coupé. Merci de votre compréhension. Rappellez-vous! Votre santé est la plus importante.	Служба здравоохранения сообщает: граждане, пейте только кипяченую воду! Зафиксированы случаи серьезных отравлений после употребления воды из-под крана. Полиция и пожарные сообщают, что в воде были обнаружены подозрительные ядовитые вещества. Чтобы исследовать проблему и уберечь ваше здоровье, в скором времени будет отключена подача воды. Просим отнестись с пониманием. Помните, нет ничего важнее здоровья!
Articles/NP_Water_Substances_Bold				
Articles/NP_Water_Substances_Headline	Suspicious substances in water	Подозрителни вещества във водата	Substance suspecte dans l'eau	Подозрительные вещества в воде
Articles/NP_Water_Tame	As a result of an unexpected accident, the work of the great state dam on the East Coast will be stopped. The dam's employees started maintenance and repair work in order to resume the unit's functioning as soon as possible. If repairs get drawn out, our functionaries will make sure that every citizen has access to food and drinking water. Stay prepared.	В резултат на неочаквано произшествие, работата на голямата държавна язовирна стена на Източното крайбрежие ще бъде спряна. Служителите на язовира започнаха поддръжка и ремонтни дейности, за да възобновят функционирането на съоръжението възможно най-скоро. Ако ремонтите се проточат, нашите служители ще се погрижат всеки гражданин да има достъп до храна и питейна вода. Бъди подготвен.	À la suite d'un accident inattendu, l'exploitation du grand barrage d'État sur la côte Est sera interrompue. Les ouvriers du barrage ont commencé les travaux d'entretien et de réparation afin de refaire fonctionner l'unité dans les plus brefs délais. Si les réparations se prolongent, nos fonctionnaires veilleront à ce que chaque citoyen ait accès à de la nourriture et de l'eau potable. Restez préparé.	Из-за неожиданного происшествия будет приостановлена работа гигантской плотины на Восточном побережье. Работники плотины начали ремонтные работы, чтобы как можно быстрее вернуть ее в рабочее состояние. Если ремонтные работы затянутся, наши чиновники обеспечат всех граждан доступом к еде и питьевой воде. Будьте наготове.
Articles/NP_Water_Tame_Bold	Dam	Язовир	Barrage	Плотина
Articles/NP_Water_Tame_Headline	Dam	Язовир	Barrage	Плотина
Articles/ForeignNewspaperBobContent	Discussion continues after the last week's shooting rampage perpetrated by a 27-year old man in Nottingham. Commentators draw comparisons to previous attacks in Kyoto, Malaga, Tehran, and Erfurt. Despite the different methods of attacks, in each of these cases the perpetrator had no criminal record and no discernible political motive, and they seemed to choose their victims at random. Moreover, all of the attackers exhibited a very unusual behaviour: they fell asleep shortly after their rampages, making arresting them very easy.\n“The similarities are too striking to be accidental,” says Professor Clementine Montebello from University of Birmingham. “The profile of perpetrators and their modus operandi suggests a mind control technique of some sort is involved.”\nPoliticians are quicker to draw conclusions. “The attacks are obviously caused by the Brazen Serpent mind control satellite,” says Dominic Maralinga, the Foreign Secretary. “If the US administration does not shut down the programme immediately, there will be grave consequences.”\nThe White House has once again declined any comment on the matter.\n	Обсъждането продължава след стрелбата от миналата седмица, извършена от 27-годишен мъж в Нотингам. Коментаторите правят сравнения с предишни атаки в Киото, Малага, Техеран и Ерфурт. Въпреки различните методи на атаките, във всеки от тези случаи извършителят нямаше криминално досие и нямаше забележим политически мотив, а изглеждаше, че избира жертвите си на случаен принцип. Освен това, всички нападатели проявяваха много необичайно поведение: заспиваха скоро след своите погроми, което улесняваше арестуването им.\n„Сходствата са твърде поразителни, за да са случайни“, казва професор Клементин Монтебело от Университета в Бирмингам. „Профилът на извършителите и техният начин на действие предполагат, че е замесена някаква техника за контрол на ума.“\nПолитиците са по-бързи в правенето на заключения. „Атаките очевидно са причинени от сателита за контрол на ума Brazen Serpent“, казва Доминик Марангала, външен министър. „Ако американската администрация не спре програмата незабавно, ще има сериозни последици.“\nБелият дом отново отказа всякакъв коментар по въпроса.\n	Les discussions se poursuivent après le déchaînement de tirs perpétré la semaine dernière par un homme de 27 ans à Nottingham. Les journalistes font des comparaisons avec les attaques précédentes à Kyoto, Malaga, Téhéran et Erfurt. Malgré les différentes méthodes d'attaques, dans chacun de ces cas, les agresseurs avaient ni casier judiciaire, ni motivation politique notable, et semblaient choisir leurs victimes au hasard. De plus, tous les assaillants ont montré un comportement très inhabituel: ils se sont endormis peu de temps après leurs attaques, rendant leur arrestation des plus facile.\n"Les similitudes sont trop frappantes pour être accidentelles", explique le professeur Clementine Montebello de l'Université de Birmingham. "Le profil des auteurs et leur mode opératoire suggèrent qu'une sorte de contrôle mental est impliquée."\nLes politiciens sont plus rapides à tirer des conclusions. "Les attaques sont évidemment causées par le satellite de contrôle mental, Serpent d'Airain", explique Dominic Maralinga, ministre des Affaires étrangères. "Si l'administration américaine ne ferme pas le programme immédiatement, cela aura de graves conséquences."\nLa Maison Blanche a une nouvelle fois refusé tout commentaire à ce sujet.	Продолжаются обсуждения произошедшего на прошлой неделе в Ноттингеме: мужчина двадцати семи лет застрелил большое количество людей. Комментаторы сравнивают это с нападениями в Киото, Малаге, Тегеране и Эрфурте. Несмотря на разные способы нападения, в каждом из перечисленных случаев у нападавших не было судимостей и ярко выраженных политических мотивов. Также они выбирали жертв случайным образом. К тому же, все нападавшие вели себя крайне необычно: засыпали сразу после своих приступов безумия, из-за чего их было очень легко арестовать.\n«Сходства слишком яркие, чтобы быть случайными, – говорит профессор Клементина Монтебелло из бирмингемского университета. – Черты нападавших и их методы работы указывают на использование техники контроля над разумом».\nПолитики делают выводы еще быстрее. «Нападения вызваны спутником "Медный змий", который способен контролировать разум, – заявляет министр иностранных дел Доминик Маралинга. – Если правительство США немедленно не остановит программу, последствия будут ужасны».\nБелый дом вновь отказался от комментариев.
Articles/ForeignNewspaperBobTitle	International Pressure on the US Mounts after Nottingham Attack\n	Международен натиск върху САЩ след атаката в Нотингам\n	Pression Internationale sur les monts US après l'Attaque de Nottingham	Давление зарубежных стран на США возрастает после нападения в Ноттингеме
Articles/NP_SideArt_1	As the beneficial effects of the Brazen Serpent satellite on the health and wellbeing of American citizens persist, the foreign powers continue to slander our flagship project. Lavrentiy Pervukhin, the Soviet Union's Chairman of the Council of Ministers, has sounded his suspicion that the Brazen Serpent is a "mass surveillance tool aimed at our citizens", and British Empire's PM, Gilbert Ellice, has called it "a dangerous experiment on the population of the US and other countries". The President staunchly opposes depicting the Brazen Serpent as anything other than a very effective medical device. He says the foreign politicians spread lies out of jealousy, trying to hide their own incompetence in providing security and healthcare for their citizens.	Докато полезните ефекти на сателита Brazen Serpent върху здравето и благосъстоянието на американските граждани продължават, чуждестранните сили продължават да клеветят нашия водещ проект. Лаврентий Първухин, председател на Съвета на министрите на Съветския съюз, изрази съмнението си, че Brazen Serpent е "инструмент за масово наблюдение, насочен към нашите граждани", а британският премиер, Гилбърт Елис, го нарече "опасен експеримент върху населението на САЩ и други страни". Президентът твърдо се противопоставя на представянето на Brazen Serpent като нещо различно от много ефективно медицинско устройство. Той казва, че чуждестран	Alors que les effets bénéfiques du satellite Serpent d'Airain sur la santé et le bien-être des citoyens américains persistent, les puissances étrangères continuent de calomnier notre projet phare. Lavrentiy Pervukhin, le président du Conseil des ministres de l'Union soviétique, a émis des soupçons sur le fait que le Serpent d'Airain est un "outil de surveillance de masse visant nos citoyens", et le Premier ministre de l'Empire britannique, Gilbert Ellice, l'a appelé "une expérience dangereuse sur la population des États-Unis et des autres pays". Le Président s'oppose fermement à qualifier le Serpent d'Airain comme autre chose qu'un dispositif médical très efficace. Il affirme que les politiciens étrangers répandent ces mensonges par jalousie, essayant de cacher leur propre incompétence à fournir sécurité et soins de santé à leurs citoyens.	По мере усиления благотворного воздействия спутника "Медный змий" на здоровье и благополучие американских граждан иностранные державы продолжают поливать наш передовой проект грязью. Председатель Совета Министров СССР Лаврентий Первухин заявил, что "Медный змий" - "инструмент массового наблюдения за нашими гражданами", а премьер-министр Британской империи Гилберт Эллис назвал спутник "опасным экспериментом над населением США и других стран". Президент категорически заявляет, что "Змий" - крайне эффективный медицинский прибор, а иностранные политики распространяют ложь из зависти и пытаются скрыть свою некомпетентность в обеспечении безопасности и охраны здоровья.
Articles/NP_SideArt_1_Headline	Who's afraid of the Americans' good health?	Кой се страхува от доброто здраве на американците?	Qui a peur de la bonne santé des Américains?	Кто боится здоровых американцев?
Articles/NP_SideArt_2	The regenerative and protective effects of the Brazen Serpent waves are already well known, but the new study conducted by researchers from New Mexico University Alamogordo suggests that they are beneficial also to pets, especially dogs. Animals that received a dosage of healing waves were more obedient and less aggressive than the control group. Increased purring (in felines) and tail-wagging (in canines) were also reported. 	Вълните на Бразана Змия са известни със своите регенеративни и защитни ефекти, но ново изследване, проведено от учени от Университета в Аламогордо, Ню Мексико, предполага, че те са полезни и за домашни любимци, особено за кучета. Животните, които са получили доза от лечебните вълни, са били по-послушни и по-малко агресивни от контролната група. Увеличено мъркане (при котките) и размахване на опашката (при кучетата) също са били докладвани.	Les effets régénératifs et protecteurs des ondes du Serpent d'Airain sont déjà bien connus, mais la nouvelle étude menée par des chercheurs de l'Université du Nouveau-Mexique à Alamogordo suggère qu'ils sont également bénéfiques pour les animaux de compagnie, en particulier les chiens. Les animaux qui ont reçu une dose d'ondes de guérison étaient plus obéissants et moins agressifs que le groupe témoin. Une augmentation des ronronnements (chez les félins) et des remuements de la queue (chez les chiens) a également été signalée.	Регенеративное и защитное воздействие волн «Медного змия» уже хорошо изучено, но новое исследование, проведенное учеными из университета Нью-Мексико в Аламогордо, позволяет предположить, что оно полезно и для домашних животных, особенно собак. Животные, получившие дозу целебных волн, стали более послушными и менее агрессивными, чем животные контрольной группы. Сообщалось также об усиленном мурлыкании (у кошек) и вилянии хвостом (у собак).
Articles/NP_SideArt_2_Headline	Brazen Serpent is also good for pets, study says	Змията също е добра за домашни любимци, казва проучване	Le Serpent d'Airain est également bon pour les animaux de compagnie, selon une étude	Ученые утверждают, что «‎Медный змий» полезен для животных
Articles/NP_SideArt_3	Remember: a good night's sleep makes you a better citizen! It lightens up your mood, reinforces your strength, and benefits your memory. A well-rested citizen is willing and ready to work for our country's prosperity, cooperates well with others and complies with all the security and wellbeing protocols. Don't be a sluggish night owl, citizen! Sleep well so you can rise and shine!	Помни: една добра нощ сън те прави по-добър гражданин! Той подобрява настроението ти, укрепва силата ти и помага на паметта ти. Един добре отпочинал гражданин е готов и желае да работи за благоденствието на нашата страна, сътрудничи добре с другите и спазва всички протоколи за сигурност и благополучие. Не бъди ленив нощна птица, гражданино! Спи добре, за да можеш да станеш и да блеснеш!	N'oubliez pas: une bonne nuit de sommeil fait de vous un meilleur citoyen! Cela allège votre humeur, renforce votre force et votre mémoire en profite. Un citoyen bien reposé est prêt et disposé à travailler pour la prospérité de notre pays, il coopère bien avec les autres et respecte tous les protocoles de sécurité et de bien-être. Ne soyez pas un oiseau de nuit paresseux, citoyen! Dormez bien pour vous lever et briller!	Помни: хороший гражданин - выспавшийся гражданин! Крепкий сон улучшает настроение, восстанавливает силы организма и улучшает память. Отдохнувший гражданин прилежно трудится на благо страны, успешно работает в коллективе и следует всем протоколам безопасности и благополучия. Не будь ленивой совой, гражданин! Высыпайся - и каждый новый день будет полон радости!
Articles/NP_SideArt_3_Headline	Good sleep is a citizen's work!	Добрият сън е граждански дълг!	Un bon sommeil est un travail de citoyen!	Хороший сон - гражданский долг!
Articles/NP_SideArt_4	Officers of the Agency have raided a house of a man in Cactus Springs, Nevada, finding a sizeable collection of subversive materials, including banned books, unapproved textbooks, non-standard furniture, and an offensive image of the President. The owner has been interrogated in order to identify any accomplices and - after a prompt fair trial - sentenced to 30 years in a rehabilitation facility.	Агенцията нахлу в къщата на мъж в Катус Спрингс, Невада, и откри значителна колекция от подривни материали, включително забранени книги, неодобрени учебници, нестандартни мебели и обидна снимка на президента. Собственикът е бил разпитан, за да се идентифицират съучастници, и след бърз справедлив процес е осъден на 30 години в рехабилитационен център.	Des officiers de l'Agence ont perquisitionné la maison d'un homme à Cactus Springs, Nevada. Ils ont trouvé sur place une collection importante de documents subversifs, comprenant des livres interdits, des manuels non approuvés, des meubles non standard et même une image choquante du président. Le propriétaire a été interrogé afin d'identifier d'éventuels complices et - après un rapide procès équitable - condamné à une peine de 30 ans dans un centre de rééducation.	Работники Агентства провели обыск в доме жителя Кактус-Спрингс, штат Невада, и обнаружили обширную коллекцию бунтарских материалов: запрещенные книги, несанкционированные учебники, нестандартную мебель и оскорбительное карикатуры на Президента. Собственника допросили с целью установить личности возможных сообщников. После незамедлительного справедливого суда он был приговорен к 30 годам в реабилитационном центре.
Articles/NP_SideArt_4_Headline	Subversive and offensive materials confiscated, owner sentenced	Материалите, подриващи и обидни, са конфискувани, собственикът е осъден.	Matériel subversif et choquant confisqué, propriétaire condamné	Бунтарские и оскорбительные материалы были конфискованы, собственник - приговорен
Articles/NP_SideArt_5_Headline	A new pathogen ravages Mexico, government unable to help the population	Нов патоген опустошава Мексико, правителството не може да помогне на населението	Un nouvel agent pathogène ravage le Mexique, le gouvernement incapable d'aider la population	Новый патоген опустошает Мексику, правительство беспомощно
Articles/NP_SideArt_5	A newly discovered protozoan pathogen is responsible for an outbreak of a very infectious and highly deadly disease in Mexico. The protozoan spreads through contact, airborne transmission is also suspected. Mexican healthcare is overwhelmed, people die in hundreds. In order to avoid the "Mexican virus", as the President has called it in his speech, security alongside the US-Mexican border will be strengthened. Any contact with anyone coming from Mexico should be reported immediately.\nThe US citizens, however, have no reason to fear the new pathogen thanks to the protective waves of the Brazen Serpent. And as some new research from the University of California, San Diego indicates, the beneficial effects of the Brazen Serpent go even further than initially thought - the waves seem to be effective in alleviating and even curing dementia.	Нов протозоен патоген е виновен за епидемия от много заразна и силно смъртоносна болест в Мексико. Протозоят се разпространява чрез контакт, подозира се и въздушно предаване. Здравната система в Мексико е претоварена, хората умират на стотици. За да се избегне "мексиканският вирус", както го нарече президентът в речта си, сигурността по границата между САЩ и Мексико ще бъде засилена. Всеки контакт с някой, идващ от Мексико, трябва да бъде докладван незабавно.\nАмериканските граждани обаче нямат причина да се страхуват от новия патоген благодарение на защитните вълни на Бразана Змия.	Un pathogène protozoaire récemment découvert est responsable de l'épidémie d'une maladie très infectieuse et extrêmement mortelle au Mexique. Le protozoaire se propage par contact, une transmission par voie aérienne est également suspectée. Le système de santé Mexicain est débordé, les gens meurent par centaines. Afin d'éviter le "Virus Mexicain", comme l'a appelé le Président dans son discours, la sécurité le long de la frontière américano-mexicaine sera renforcée. Tout contact avec une personne venant du Mexique doit être immédiatement signalé.\nLes citoyens américains, cependant, n'ont aucunes raisons de craindre le nouvel agent pathogène grâce aux ondes protectrices du Serpent d'Airain. Et comme l'indique une nouvelle recherche de l'Université de Californie de San Diego, les effets bénéfiques du Serpent d'Airain vont encore plus loin qu'on ne le pensait initialement - les ondes semblent être efficaces pour soulager et même guérir la démence.	Недавно обнаруженный простейший патоген вызвал вспышку очень заразной и смертоносной болезни в Мексике. Протозоан распространяется через контакт и, возможно, воздушно-капельным путем. Мексиканское здравоохранение перегружено, люди умирают сотнями. Чтобы защититься от «‎мексиканского вируса», как его назвал Президент, будет усилен контроль за безопасностью на американо-мексиканской границе. О любом контакте с кем-либо, приехавшим из Мексики, нужно будет немедленно сообщить.\r\nУ граждан США, однако, нет причин опасаться нового патогена благодаря защитным волнам «‎‎Медного змия». Как показывают новые исследования, проведенные в Калифорнийском университете в Сан-Диего, благотворное воздействие спутника распространяется еще дальше, чем предполагалось: похоже, его волны эффективны при лечении слабоумия.
Inspect/state	Status	Състояние	État	Состояние
Inspect/noSeed	needs a new seed	трябва ти ново семе	besoin de nouvelles graines	нужны новые семена
Inspect/growing	growing	растеж	en croissance	растет
Inspect/growingFruits	growing	расте	en croissance	растет
Inspect/needsWater	needs more water	иска още вода	besoin de plus d'eau	нужно больше воды
Inspect/needsLight	needs more light	искаш повече светлина	besoin de plus de lumière	нужно больше света
Inspect/readyForHarvest	ready for harvest	готов за прибиране	prêt à être récolté	можно собирать
Inspect/notWorking	not working, maybe it needs something?	не работи, може би нещо му трябва?	ça ne fonctionne pas, il y a peut-être besoin de quelque chose?	не работает, может, чего-то не хватает?
Inspect/working	working, please wait, not ready to collect	работи, моля изчакай, не е готов за събиране	ça marche! Patientez s'il vous plait, pas encore prêt à être collecté	в работе, ожидайте, пока нельзя собрать
Inspect/ready	ready to collect	готов за събиране	prêt à être collecté	можно собрать
Inspect/nRain	needs rain	иска дъжд	besoin de pluie	нужен дождь
Inspect/overload	overload. not enough power.	претоварване. недостатъчна мощност.	Surcharge. Pas assez de puissance.	перегрузка. не хватает заряда.
Inspect/overload2	build generator or turn something off	построи генератор или изключи нещо	Construisez un générateur ou éteignez quelque chose.	постройте генератор или что-нибудь выключите
Inspect/overloadToColor	overload.	претоварване.	Surcharge.	перегрузка.
Inspect/				
Inspect/herbBed	But grandmother! What small cabin do you have, said Little Prepp Riding Hood.	Но бабо! Каква малка къщичка имаш, каза Малкият Препър Червеношапчица.	Mais grand-mère! Quelle petite cabane vous avez, dit le petit chaperon Prepp.	«Но бабушка, какой же у тебя маленький домик», – сказала Выживальческая шапочка.
Inspect/herbDeerTrophy	A hunter's trophy? Perhaps there is more to the Herbalist than meets the eye.\nAnd what's the deal with these antlers?	Трофей на ловец? Може би има повече в този билкар, отколкото изглежда на пръв поглед.\nИ какво е това с тези рога?	Un trophée de chasse? Il y en a peut-être plus à savoir sur l'herboriste qu'il n'y paraît.\nEt c'est quoi le truc avec ces bois de cerf?	Охотничий трофей? Может, травница не так уж и проста.\nКстати, а что за дела с этими рогами?
Inspect/herbGrowingBox	A growing box. Somehow I have a feeling these are not only decorative plants.	Кутия за отглеждане. Някак си имам чувството, че тези растения не са само декоративни.	Une serre. Bizarement, j'ai l'impression que ce ne sont pas que des plantes décoratives.	Теплица. Что-то мне подсказывает, что эти растения здесь не просто для украшения.
Inspect/herbTV	There's nothing worthwhile on TV since the Plague, only news about successes of government, outdated educational programs, and old westerns.	Няма нищо смислено по телевизията след Чумата, само новини за успехите на правителството, остарели образователни програми и стари уестърни.	Il n'y a rien de bien à la télévision depuis la Peste, que des nouvelles sur les succès du gouvernement, des programmes éducatifs dépassés et de vieux westerns.	Со времен начала Чумы по телевизору не идет ничего стоящего, крутят только новости об успехах правительства, устаревшие образовательные передачи и старые вестерны.
Inspect/herbWeedHook	This is probably a weeding tool. But it could definitely kill you.	Това вероятно е инструмент за плевене. Но със сигурност може да те убие.	C'est peut-être un outil de désherbage. Mais il peut certainement vous tuer.	Похоже, это садовый инструмент. Но им наверняка и убить можно.
Inspect/herbDaisyGrubber	A gardening tool or a torture device? I don't trust the cute daisy painted on it. 	Градински инструмент или устройство за мъчения? Не вярвам на сладкото детелиново цвете, нарисувано върху него.	Un outil de jardinage ou un instrument de torture? Je ne fais pas confiance à la mignonne marguerite peinte dessus.	Садовый инструмент или устройство для пыток? Эта милая маргаритка не внушает доверия.
Inspect/bobHideoutSupPosters	Apart from his books and comics, Bob has a collection of posters. It might be the most colorful place in whole Murricaville.	Освен книгите и комиксите си, Боб има и колекция от плакати. Може би това е най-цветното място в цялата Мъррикавил.	À part ses livres et ses bandes dessinées, Bob a aussi une collection de posters. Ça pourrait être l'endroit le plus coloré de tout Murricaville.	Кроме книг и комиксов, у Боба есть коллекция плакатов. Возможно, это самое красочное место во всем Мерикосвиле.
Inspect/bobHideoutBeetle	I don't recognize this exotic language, but it looks like something about an invasion of deadly giant bugs. Very cool.	Не разпознавам този екзотичен език, но изглежда, че става въпрос за нашествие на смъртоносни гигантски буболечки. Много готино.	Je ne reconnais pas cette langue exotique, mais ça ressemble à quelque chose sur une invasion d'insectes mortels géants. Super cool.	Я не узнаю этот экзотический язык, но, похоже, речь идет о вторжении смертоносных гигантских жуков. Очень круто.
Inspect/bobHideoutBless	This poster just tells it like it is. I also like to start the day with saluting the president's head in the sky. 	Този плакат просто казва нещата такива, каквито са. Аз също обичам да започвам деня с поздрав към главата на президента в небето.	Cette affiche le montre tel qu'il est. J'aime aussi commencer la journée en saluant la tête du président dans le ciel.	Этот плакат очень жизненный. Я тоже люблю начинать день с приветствия головы Президента в небе.
Inspect/bobHideoutPC	A top-notch information technology. Too bad nobody had invented a wider network for these things.	Топ-ноу-хау в информационните технологии. Жалко, че никой не е измислил по-широка мрежа за тези неща.	Une technologie de l'information de premier ordre. Dommage que personne n'ait inventé un réseau plus grand pour ça.	Высококлассная информационная технология. Жаль, что никто не изобрел более широкую сеть для таких вещей.
Inspect/bobHideoutBoard	Post-it notes always make the interior look professional.	Постоянните бележки винаги правят интериора да изглежда професионално.	Les post-it donnent toujours un aspect professionnel.	Стикеры всегда придают интерьеру солидный вид.
Inspect/bobSleeplessBasePillows	So here's where all the herbal teas from Jenny are being tested, I think.	Ето къде тестват всички билкови чайове от Джени, мисля.	Donc voici où toutes les tisanes de Jenny sont testées, je pense.	Похоже, именно здесь тестируется травяной чай Дженни.
Inspect/bobSleeplessBasePosters	Catchy. Properly disturbing. Not sure if effective, though.	Завладяващо. Наистина обезпокоително. Не съм сигурен дали е ефективно, обаче.	Captivant. Bien dérangeant. Pas sûr que ce soit efficace par contre.	Броско. По-настоящему жутко. Но не думаю, что очень эффективно.
Inspect/bobSleeplessBaseChairs	I wonder how many Sleepless are there. Do they hold regular meetings?	Чудя се колко са безсънните. Имат ли редовни срещи?	Je me demande combien d'Éveillés sont là. Tiennent-ils régulièrement des meetings?	Интересно, сколько здесь Неспящих. Они проводят регулярные встречи?
Inspect/bobSleeplessBaseContainers	There's a lot of dangerous stuff for an area that's supposedly full of hydrogen.	Има много опасни неща за район, който уж е пълен с водород.	Il y a beaucoup de choses dangereuses pour une zone supposée remplie d'hydrogène.	Тут слишком много опасных вещей для места, в котором, предположительно, полно водорода.
SteamAchievements/NEW_ACHIEVEMENT_1_0_NAME	Mr. Prepper's Path	Пътят на г-н Препър	La Voie de Mr. Prepper	Путь мистера Выживальщика
SteamAchievements/NEW_ACHIEVEMENT_1_0_DESC	Press START GAME after selecting a slot	Натисни START GAME след като избереш слот.	Appuyer sur JOUER après avoir sélectionné un emplacement	Выберите слот и нажмите НАЧАТЬ ИГРУ
SteamAchievements/NEW_ACHIEVEMENT_1_1_NAME	Obvious from the beginning	Очевидно от самото начало	Évident Depuis le Début	Сразу все понятно
SteamAchievements/NEW_ACHIEVEMENT_1_1_DESC	Finish the tutorial	Завърши урока	Terminer le tutoriel	Завершите обучение
SteamAchievements/NEW_ACHIEVEMENT_1_2_NAME	Little Prepp Riding Hood	Малката Препър Червената Шапчица	Le Petit Chaperon Prepp	Берегись, серенький волчок!
SteamAchievements/NEW_ACHIEVEMENT_1_2_DESC	Kill all the wolves around Jenny's forest hut	Убий всички вълци около къщичката на Джени в гората	Tuer tous les loups autour de la cabane de Jenny	Убейте всех волков возле домика Дженни в лесу
SteamAchievements/NEW_ACHIEVEMENT_1_3_NAME	Atlas	Атлас	Atlas	Атлант
SteamAchievements/NEW_ACHIEVEMENT_1_3_DESC	Build an underground rocket silo	Построй подземен ракетен силоз	Construire un silo à fusée souterrain	Постройте свою первую ракетную шахту
SteamAchievements/NEW_ACHIEVEMENT_1_4_NAME	It's just a start!	Това е само началото!	C'est juste un début!	Это только начало!
SteamAchievements/NEW_ACHIEVEMENT_1_4_DESC	Get to day 15	Стигни до ден 15	Arriver jusqu'au jour 15	Продержитесь 15 дней
SteamAchievements/NEW_ACHIEVEMENT_1_5_NAME	Prepp's Kitchen	Кухнята на Препър	Cuisine de Prepp	Кухня выживальщика
SteamAchievements/NEW_ACHIEVEMENT_1_5_DESC	Cook your first dish	Сготви първото си ястие	Cuisiner votre premier plat	Приготовьте свое первое блюдо
SteamAchievements/NEW_ACHIEVEMENT_1_6_NAME	Extreme Shelter Makeover	Крайно преобразяване на убежището	Relooking Extrême d'Abri 	Убежище закрыто на ремонт
SteamAchievements/NEW_ACHIEVEMENT_1_6_DESC	Upgrade a room	Подобри стая	Améliorer une pièce	Улучшите комнату
SteamAchievements/NEW_ACHIEVEMENT_1_7_NAME	Old McDonald Had a Ranch House...	Старият Макдоналд имаше ранчо...	Le Vieux McDonald avait une Ferme...	Старик МакДональд на ферме жил...
SteamAchievements/NEW_ACHIEVEMENT_1_7_DESC	Build 5 greenhouses	Построй 5 оранжерии	Construire 10 serres	Постройте 10 теплиц
SteamAchievements/NEW_ACHIEVEMENT_1_8_NAME	Expander	Разширител	Expansionniste	Мастер расширений
SteamAchievements/NEW_ACHIEVEMENT_1_8_DESC	Build more than 7 rooms in the bunker	Построй повече от 7 стаи в бункера	Construire plus de 12 pièces dans le bunker	Постройте более 12 комнат в бункере
SteamAchievements/NEW_ACHIEVEMENT_1_9_NAME	If I Were a Rich Man	Ако бях богат човек	Ah! si j'étais riche	Будь я богатым
SteamAchievements/NEW_ACHIEVEMENT_1_9_DESC	Have 1000 coins in your pocket	Имаш 1000 монети в джоба си	Avoir 1000 pièces dans votre poche	Имейте при себе 1000 монет
SteamAchievements/NEW_ACHIEVEMENT_1_10_NAME	The Way of the Plant Eater	Пътят на растителния ядец	La Voie du Mangeur de Plantes	Путь травоядного
SteamAchievements/NEW_ACHIEVEMENT_1_10_DESC	Don't eat any meat for 7 days	Не яж месо 7 дни.	Ne pas manger de viande pendant les 30 premiers jours	Не ешьте мясо первые 30 дней
SteamAchievements/NEW_ACHIEVEMENT_1_11_NAME	The Way of the Meat Eater	Пътят на месояда	La Voie du Mangeur de Viande	Путь мясоеда
SteamAchievements/NEW_ACHIEVEMENT_1_11_DESC	Eat only meat for 7 days	Яж само месо 7 дни.	Ne manger que de la viande pendant les 30 premiers jours	Ешьте только мясо первые 30 дней
SteamAchievements/NEW_ACHIEVEMENT_1_12_NAME	Scavenger	Чистач	Charognard	Падальщик
SteamAchievements/NEW_ACHIEVEMENT_1_12_DESC	Loot 25 boxes	Намери 25 кутии.	Piller 25 boîtes	Разграбьте 25 ящиков в разных локациях
SteamAchievements/NEW_ACHIEVEMENT_1_13_NAME	The Cook	Готвачът	Le Cuistot	Повар
SteamAchievements/NEW_ACHIEVEMENT_1_13_DESC	Cook 50 dishes	Сготви 50 ястия	Cuire 50 plats	Приготовьте 50 блюд
SteamAchievements/NEW_ACHIEVEMENT_1_14_NAME	Masterchef	Майстор-готвач	Chef Cuisinier	Шеф-повар
SteamAchievements/NEW_ACHIEVEMENT_1_14_DESC	Cook 200 dishes	Сготви 200 ястия	Cuire 200 plats	Приготовьте 200 блюд
SteamAchievements/NEW_ACHIEVEMENT_1_15_NAME	The Negotiator	Преговарящият	Le Négociateur	Дипломат
SteamAchievements/NEW_ACHIEVEMENT_1_15_DESC	Reach max level of negotiation skill	Достигни максимално ниво на умението за преговори	Atteindre le niveau de compétence maximal en négociation	Улучшите навык переговоров до максимума
SteamAchievements/NEW_ACHIEVEMENT_1_16_NAME	The Builder	Строителят	Le Constructeur	Строитель
SteamAchievements/NEW_ACHIEVEMENT_1_16_DESC	Read a book about building	Прочети книга за изработка	Lire un livre sur la construction	Прочитайте книгу о строительстве
SteamAchievements/NEW_ACHIEVEMENT_1_17_NAME	The Agricultural Expert	Агрономът	L'Expert en Agriculture	Эксперт по сельскому хозяйству
SteamAchievements/NEW_ACHIEVEMENT_1_17_DESC	Reach max level of gardening skill	Достигни максимално ниво на умението за градинарство	Atteindre le niveau de compétence maximal en jardinage	Улучшите навык садоводства до максимума
SteamAchievements/NEW_ACHIEVEMENT_1_18_NAME	I'll Do It Myself	Ще го направя сам	Je le Ferai Moi-même	Я и сам справлюсь
SteamAchievements/NEW_ACHIEVEMENT_1_18_DESC	Reach max level of DIY skill	Достигни максимално ниво на умението за изработка	Atteindre le niveau de compétence maximal en DIY	Улучшите навык изготовления предметов до максимума
SteamAchievements/NEW_ACHIEVEMENT_1_19_NAME	Stay Healthy	Пази се здрав	Rester en Bonne Santé	ЗОЖ
SteamAchievements/NEW_ACHIEVEMENT_1_19_DESC	Read a book about healthy eating	Прочети книга за здравословно хранене	Lire un livre sur une alimentation saine	Прочитайте книгу о правильном питании
SteamAchievements/NEW_ACHIEVEMENT_1_20_NAME	Karate Prepper	Препър по карате	Prepper Karatéka	Каратэ-выживальщик
SteamAchievements/NEW_ACHIEVEMENT_1_20_DESC	Reach max level of martial art skill	Достигни максимално ниво на умение в бойното изкуство	Atteindre le niveau de compétence maximal en arts martiaux	Улучшите навык боевых искусств до максимума
SteamAchievements/NEW_ACHIEVEMENT_1_21_NAME	No Time to Sleep	Няма време за сън	Pas le Temps pour Dormir	Нет времени на сон
SteamAchievements/NEW_ACHIEVEMENT_1_21_DESC	Read a book about sleep	Прочети книга за съня	Lire un livre sur le sommeil	Прочитайте книгу о сне
SteamAchievements/NEW_ACHIEVEMENT_1_22_NAME	The Tinkerer	Майсторът	Le bricoleur	Умелец
SteamAchievements/NEW_ACHIEVEMENT_1_22_DESC	Read a book about fuel saving	Прочети книга за пестене на гориво	Lire un livre sur comment faire des économies de carburant	Прочитайте книгу об экономии топлива
SteamAchievements/NEW_ACHIEVEMENT_1_23_NAME	Prepper 101	Препър 101	Prepper 101	Выживание для чайников
SteamAchievements/NEW_ACHIEVEMENT_1_23_DESC	Read a guide to prepping	Прочети ръководство за препъринг	Lire un guide de préparation	Прочитайте справочник выживальщика
SteamAchievements/NEW_ACHIEVEMENT_1_24_NAME	Arm Wrestler	Борец на ръце	Bras de Fer	Армрестлер
SteamAchievements/NEW_ACHIEVEMENT_1_24_DESC	Reach max level of strength	Стигни до максимално ниво на сила	Atteindre le niveau maximum de force	Улучшите силу до максимума
SteamAchievements/NEW_ACHIEVEMENT_1_25_NAME	Project Iceworm	Проект Леден Червей	Projet Iceworm	«Проект „Ледяной червь“»
SteamAchievements/NEW_ACHIEVEMENT_1_25_DESC	Read a book about surviving in low temperatures	Прочети книга за оцеляване при ниски температури	Lire un livre sur la survie par grand froid	Прочитайте книгу о выживании при низких температурах
SteamAchievements/NEW_ACHIEVEMENT_1_26_NAME	Straight to the Grandma's House	Направо към къщата на баба	Directement à la Maison de Grand-mère	В гости к бабушке
SteamAchievements/NEW_ACHIEVEMENT_1_26_DESC	Reach max level of trust with Jenny	Стигни максимално ниво на доверие с Джени	Atteindre le niveau de confiance maximal avec Jenny	Достигните максимального уровня доверия с Дженни
SteamAchievements/NEW_ACHIEVEMENT_1_27_NAME	Comics & Mining Convention	Комикси и миньорска конвенция	Convention sur les Comics et les Mines	Слет любителей комиксов и шахт
SteamAchievements/NEW_ACHIEVEMENT_1_27_DESC	Reach max level of trust with Bob	Стигни максимално ниво на доверие с Боб	Atteindre le niveau de confiance maximal avec Bob	Достигните максимального уровня доверия с Бобом
SteamAchievements/NEW_ACHIEVEMENT_1_28_NAME	Chupacabra Approved	Одобрено от Чупакабра	Approuvé par Chupacabra	Чупакабра одобряет
SteamAchievements/NEW_ACHIEVEMENT_1_28_DESC	Reach max level of trust with Joe	Стигни максимално ниво на доверие с Джо	Atteindre le niveau de confiance maximal avec Joe	Достигните максимального уровня доверия с Джо
SteamAchievements/NEW_ACHIEVEMENT_1_29_NAME	First Tool	Първи инструмент	Premier Outil	Первый инструмент
SteamAchievements/NEW_ACHIEVEMENT_1_29_DESC	Craft a pickaxe	Изработи кирка	Fabriquer une pioche	Изготовьте кирку
SteamAchievements/NEW_ACHIEVEMENT_1_30_NAME	Miner	Миньор	Mineur	Шахтер
SteamAchievements/NEW_ACHIEVEMENT_1_30_DESC	Use 50 units of fuel in the mining machines	Използвай 50 единици гориво в мините.	Utiliser 50 unités de carburant dans les machines de forage	Используйте 50 единиц топлива в добывающей машине
SteamAchievements/NEW_ACHIEVEMENT_1_31_NAME	Observing the Past	Наблюдавайки миналото	Observer le Passé	Наблюдая за прошлым
SteamAchievements/NEW_ACHIEVEMENT_1_31_DESC	Reach Fort Observer	Стигни до Форт Наблюдател	Atteindre Fort Observer	Доберитесь до военной базы «Наблюдатель»
SteamAchievements/NEW_ACHIEVEMENT_33_0_NAME	The Best Penpal	Най-добрият приятел по кореспонденция	Le Meilleur Correspondant	Лучший друг по переписке
SteamAchievements/NEW_ACHIEVEMENT_33_0_DESC	Reach max level of trust with Minuteman	Достигни максимално ниво на доверие с Минуteman	Atteindre le niveau de confiance maximal avec Minuteman	Достигните максимального уровня доверия с Минитменом
SteamAchievements/NEW_ACHIEVEMENT_33_1_NAME	Home Decorator	Декоратор на дома	Décorateur d'Intérieur	Декоратор
SteamAchievements/NEW_ACHIEVEMENT_33_1_DESC	Have lamps in all colors at the same time	Имаш лампи във всички цветове едновременно	Avoir des lampes de toutes les couleurs en même temps	Одновременно разместите лампы всех цветов
SteamAchievements/NEW_ACHIEVEMENT_33_2_NAME	Wolf Slayer	Убиец на вълци	Tueur de loups	Гроза волков
SteamAchievements/NEW_ACHIEVEMENT_33_2_DESC	Kill 100 wolves	Убий 100 вълка	Tuer 100 loups	Убейте 100 волков
SteamAchievements/NEW_ACHIEVEMENT_33_3_NAME	Sleepyhead	Сънливко	Endormi	Соня
SteamAchievements/NEW_ACHIEVEMENT_33_3_DESC	Nap during the day	Дремни през деня	Faire la sieste pendant la journée	Задремайте посреди дня
SteamAchievements/NEW_ACHIEVEMENT_33_4_NAME	Car Mechanic 	Механик на коли	Mécanicien Automobile	Автомеханик
SteamAchievements/NEW_ACHIEVEMENT_33_4_DESC	Fix the car in the junkyard	Поправи колата в автоморгата	Réparer la voiture dans la décharge	Почините машину на свалке
SteamAchievements/NEW_ACHIEVEMENT_33_5_NAME	Rocketman	Ракетамен	Rocketman	Рокетмен
SteamAchievements/NEW_ACHIEVEMENT_33_5_DESC	Build the rocket	Построй ракетата	Construire la fusée	Соорудите ракету
SteamAchievements/NEW_ACHIEVEMENT_33_6_NAME	Popular Kid	Популярен хлапак	Gamin Populaire	Знаменитость
SteamAchievements/NEW_ACHIEVEMENT_33_6_DESC	Reach max level of trust with all sellers	Достигни максимално ниво на доверие с всички продавачи	Atteindre le niveau de confiance maximal avec tous les vendeurs	Достигните максимального уровня доверия со всеми продавцами
SteamAchievements/NEW_ACHIEVEMENT_33_7_NAME	Kung Fu Fighting	Бой с кунг-фу	Kung Fu Fighting	Боец кунг-фу
SteamAchievements/NEW_ACHIEVEMENT_33_7_DESC	Kill a wolf with your fists only	Убий вълк само с юмруци.	Tuer un loup à mains nues uniquement	Убейте волка одними кулаками
SteamAchievements/NEW_ACHIEVEMENT_33_8_NAME	Gunslinger	Стрелец	Pistolero	Стрелок
SteamAchievements/NEW_ACHIEVEMENT_33_8_DESC	Fire 6 bullets in 3 seconds with a revolver	Изстреляй 6 куршума за 3 секунди с револвер	Tirer 6 balles en 3 secondes avec un revolver	Выстрелите из револьвера 6 раз за 3 секунды
SteamAchievements/NEW_ACHIEVEMENT_33_9_NAME	Vampire Hunter	Ловец на вампири	Chasseur de Vampire	Охотник на вампиров
SteamAchievements/NEW_ACHIEVEMENT_33_9_DESC	Kill 60 bats	Убий 60 прилепа	Tuer 60 chauves-souris	Убейте 60 летучих мышей
SteamAchievements/NEW_ACHIEVEMENT_33_10_NAME	Sleepless	Безсънен	Éveillé	Неспящий
SteamAchievements/NEW_ACHIEVEMENT_33_10_DESC	Get a drug to stay awake through the night	Вземи наркотик, за да останеш буден през нощта	Prendre un médicament pour rester éveillé toute la nuit	Примите лекарство, чтобы не спать всю ночь
SteamAchievements/NEW_ACHIEVEMENT_33_11_NAME	Everything is Bob	Всичко е наред	Bob est Partout	Вездесущий Боб
SteamAchievements/NEW_ACHIEVEMENT_33_11_DESC	Inspect every plant in the game	Прегледай всяко растение в играта	Inspecter chaque plante du jeu	Осмотрите каждое растение в игре
SteamAchievements/NEW_ACHIEVEMENT_33_12_NAME	Novice Prepper	Нов препър	Prepper Novice	Выживальщик-новичок
SteamAchievements/NEW_ACHIEVEMENT_33_12_DESC	Survive 1 month	Преживей 1 месец	Survivre 1 mois	Выживайте в течение 1 месяца
SteamAchievements/NEW_ACHIEVEMENT_33_13_NAME	Intermediate Prepper	Среден препър	Prepper Intermédiaire	Выживальщик средней руки
SteamAchievements/NEW_ACHIEVEMENT_33_13_DESC	Survive 2 months	Преживей 2 месеца	Survivre 2 mois	Выживайте в течение 2 месяцев
SteamAchievements/NEW_ACHIEVEMENT_33_14_NAME	Advanced Prepper	Напреднал препър	Prepper Avancé	Опытный выживальщик
SteamAchievements/NEW_ACHIEVEMENT_33_14_DESC	Survive 4 months	Преживей 4 месеца	Survivre 4 mois	Выживайте в течение 4 месяцев
SteamAchievements/NEW_ACHIEVEMENT_33_15_NAME	The Original Prepper	Оригиналният Препър	Le Prepper Original	Прирожденный выживальщик
SteamAchievements/NEW_ACHIEVEMENT_33_15_DESC	Survive 1 year	Преживей 1 година	Survivre 1 année	Выживайте в течение 1 года
SteamAchievements/NEW_ACHIEVEMENT_33_16_NAME	Slacker	Мързеливец	Flemmard\n	Лежебока
SteamAchievements/NEW_ACHIEVEMENT_33_16_DESC	Nap 3 times on 1 day	Подремни 3 пъти за 1 ден.	Faire la sieste 3 fois en 1 jour	Задремайте трижды за 1 день
SteamAchievements/NEW_ACHIEVEMENT_33_17_NAME	No time to waste, there's prepping to do!	Няма време за губене, има препър за правене!	Pas de temps à perdre, il faut se Préparer!	Нечего спать, пора выживать!
SteamAchievements/NEW_ACHIEVEMENT_33_17_DESC	Do not nap for 7 days	Не дремвай 7 дни	Ne pas faire de sieste pendant les 30 premiers jours	Не дремайте в течение 30 первых дней
SteamAchievements/NEW_ACHIEVEMENT_33_18_NAME	Government Property	Имот на правителството	Propriété du Gouvernement	Государственная собственность
SteamAchievements/NEW_ACHIEVEMENT_33_18_DESC	Keep your house unchanged for 7 days	Дръж къщата си непроменена 7 дни	Garder la maison inchangée pendant les 30 premiers jours	В течение первых 30 дней ничего не меняйте в доме
SteamAchievements/NEW_ACHIEVEMENT_33_19_NAME	Blueberrylicious	Синя боровинка вкусна	Myrtillelicieux	Объягодение
SteamAchievements/NEW_ACHIEVEMENT_33_19_DESC	Survive 7 days on blueberries only	Преживей 7 дни само на боровинки	Survivre les 30 premiers jours avec uniquement des\nmyrtilles	Выживите первые 30 дней, питаясь только черникой
SteamAchievements/NEW_ACHIEVEMENT_33_20_NAME	Booksmart	Умни книжки	Intello	Книгочей
SteamAchievements/NEW_ACHIEVEMENT_33_20_DESC	Read all the skills books	Прочети всички книги със умения	Lire tous les livres de compétences	Прочитайте все книги навыков
SteamAchievements/NEW_ACHIEVEMENT_33_21_NAME	The Poacher	Бракониерът	Le Braconnier	Браконьер
SteamAchievements/NEW_ACHIEVEMENT_33_21_DESC	Catch 50 animals with traps	Улови 50 животни с капани	Attraper 50 animaux avec des pièges	Поймайте 50 животных в капканы
SteamAchievements/NEW_ACHIEVEMENT_33_22_NAME	Invincible	Непобедим	Invincible	Неуязвимый
SteamAchievements/NEW_ACHIEVEMENT_33_22_DESC	Complete the game without fainting	Завърши играта без да припаднеш.	Terminer le jeu sans s'évanouir	Пройдите игру, ни разу не потеряв сознания
SteamAchievements/NEW_ACHIEVEMENT_33_23_NAME	Fair Trial	Справедлив процес	Procès Équitable	Справедливый суд
SteamAchievements/NEW_ACHIEVEMENT_33_23_DESC	Get arrested	Бъди арестуван	Être arreté	Попадите под стражу
SteamAchievements/NEW_ACHIEVEMENT_33_24_NAME	Gentleman	Джентълмен	Gentleman	Джентльмен
SteamAchievements/NEW_ACHIEVEMENT_33_24_DESC	Do not run for 7 days	Не бягай 7 дни	Ne pas courir pendant les 30 premiers jours	Не бегайте в течение первых 30 дней
SteamAchievements/NEW_ACHIEVEMENT_33_25_NAME	Speedrunner	Бързоходец	Speedrunner	Спидранер
SteamAchievements/NEW_ACHIEVEMENT_33_25_DESC	Finish the game in 30 days	Завърши играта за 30 дни	Terminer le jeu en 30 jours	Пройдите игру за 30 дней
SteamAchievements/NEW_ACHIEVEMENT_33_26_NAME	Counting Stars	Броене на звезди	Compter les étoiles 	Считая звезды
SteamAchievements/NEW_ACHIEVEMENT_33_26_DESC	Collect all names in the credits	Събери всички имена в кредитите	Collecter tous les noms dans les crédits	Соберите все имена в титрах
SteamAchievements/NEW_ACHIEVEMENT_33_27_NAME	Perfect Ending	Перфектен край	Fin Parfaite	Идеальное завершение
SteamAchievements/NEW_ACHIEVEMENT_33_27_DESC	Get full ending	Получи пълния край	Obtenir la fin complète 	Выйдете на полную концовку
SteamAchievements/				
SteamAchievements/NEW_ACHIEVEMENT_33_29_NAME	White Sands Farm	Ферма "Бели пясъци"	Ferme de White Sands	Ферма «Белые пески»
SteamAchievements/NEW_ACHIEVEMENT_33_29_DESC	Visit the farm for the first time	Посети фермата за първи път	Allez voir la ferme de White Sands pour la première fois	Посетите ферму в первый раз
SteamAchievements/NEW_ACHIEVEMENT_33_30_NAME	Employee of the Month	Служител на месеца	L'employé du mois	Работник месяца
SteamAchievements/NEW_ACHIEVEMENT_33_30_DESC	Repair everything that can be repaired on the farm	Поправи всичко, което може да се поправи на фермата.	Réparez tout ce qui peut l'être dans la ferme	Почините на ферме все, что только можно
SteamAchievements/NEW_ACHIEVEMENT_33_31_NAME	The Lake	Езерото	Le Lac	Озеро
SteamAchievements/NEW_ACHIEVEMENT_33_31_DESC	Discover the lake	Открий езерото	Découvrez le lac	Откройте озеро
SteamAchievements/NEW_ACHIEVEMENT_43_0_NAME	Abduction	Отвличане	Enlèvement	Похищение
SteamAchievements/NEW_ACHIEVEMENT_43_0_DESC	Get abducted by the UFO	Бъди отвлечен от НЛО	Faites-vous enlever par l'OVNI	Окажитесь похищенными НЛО
SteamAchievements/NEW_ACHIEVEMENT_43_1_NAME	Until Dawn	До зори	Jusqu'à l'aube	Дожить до рассвета
SteamAchievements/NEW_ACHIEVEMENT_43_1_DESC	Escape the UFO 	Избягай от НЛО-то	Échappez-vous de l'OVNI	Сбегите от НЛО
SteamAchievements/NEW_ACHIEVEMENT_43_2_NAME	Skub the Shoemaker	Skub обущарят	Skub le cordonnier	Сапожник Скуб
SteamAchievements/NEW_ACHIEVEMENT_43_2_DESC	Destroy the UFO	Разруши НЛО-то	Détruisez l'OVNI	Уничтожьте НЛО
SteamAchievements/NEW_ACHIEVEMENT_43_3_NAME	Search and Rescue	Търсене и спасяване	Mission de sauvetage	Поисково-спасательная операция
SteamAchievements/NEW_ACHIEVEMENT_43_3_DESC	Find all the missing animals	Намери всички липсващи животни	Trouvez tous les animaux manquants	Найдите всех пропавших животных
SteamAchievements/NEW_ACHIEVEMENT_43_4_NAME	Egg Hunt	Търсене на яйца	Chasse aux œufs	Охота за яйцами
SteamAchievements/NEW_ACHIEVEMENT_43_4_DESC	Collect 60 eggs from chickens	Събери 60 яйца от кокошките.	Rassemblez 60 œufs de poule	Соберите 60 куриных яиц
SteamAchievements/NEW_ACHIEVEMENT_43_5_NAME	Milkman	Млекар	Le Laitier	Молочник
SteamAchievements/NEW_ACHIEVEMENT_43_5_DESC	Collect 100 milk units by milking animals	Събери 100 единици мляко, като доиш животни.	Rassemblez 100 unités de lait par animal laitier	Выдоите 100 единиц молока животных
SteamAchievements/NEW_ACHIEVEMENT_43_6_NAME	Hamster-powered	Захранван от хамстери	Énergie hamsterienne	Хомячковая энергия
SteamAchievements/NEW_ACHIEVEMENT_43_6_DESC	Have the whole shelter powered by hamsters only	Захранвай целия бункер само с хамстери	Alimentez tout votre abris avec de l'électricité produite par les hamsters	Запитайте убежище электричеством только от хомячков
SteamAchievements/NEW_ACHIEVEMENT_43_7_NAME	Beekeeper	Пчелар	Apiculteur	Пчеловод
SteamAchievements/NEW_ACHIEVEMENT_43_7_DESC	Collect 30 units of honey from beehives	Събери 30 единици мед от кошерите.	Rassemblez 30 unités de miel dans votre rucher	Соберите 30 единиц меды из ульев
SteamAchievements/NEW_ACHIEVEMENT_43_8_NAME	Dog Owner	Стопанин на куче	Propriétaire de chien	Собаковод
SteamAchievements/NEW_ACHIEVEMENT_43_8_DESC	Reach the 1st friendship level with Xeno	Постигни 1-во ниво на приятелство с Xeno	Atteignez le premier niveau d'amitié avec Xeno	Достигните первого уровня дружбы с Ксено
SteamAchievements/NEW_ACHIEVEMENT_43_9_NAME	Dog Person	Човекът-куче	Amateur de chiens	Любитель собак
SteamAchievements/NEW_ACHIEVEMENT_43_9_DESC	Reach the 2nd friendship level with Xeno	Достигни 2-ро ниво на приятелство с Xeno	Atteignez le second niveau d'amitié avec Xeno	Достигните второго уровня дружбы с Ксено
SteamAchievements/NEW_ACHIEVEMENT_43_10_NAME	Best Friend	Най-добър приятел	Meilleur ami	Лучший друг
SteamAchievements/NEW_ACHIEVEMENT_43_10_DESC	Reach maximum friendship level with Xeno	Стигни до максимално ниво на приятелство с Xeno	Atteignez le niveau d'amitié maximum avec Xeno	Достигните максимального уровня дружбы с Ксено
SteamAchievements/NEW_ACHIEVEMENT_43_11_NAME	Gotta Pet 'Em All	Трябва да ги галиш всичките	Caressez-les tous	Погладь их всех
SteamAchievements/NEW_ACHIEVEMENT_43_11_DESC	Pet all the animal types	Погали всички видове животни.	Caressez tous les types d'animaux	Погладьте животных всех видов
SteamAchievements/NEW_ACHIEVEMENT_43_12_NAME	Maze Runner	Търсач на лабиринти	Coureur de labyrinthe	Бегущий в лабиринте
SteamAchievements/NEW_ACHIEVEMENT_43_12_DESC	Unlock maximum maze level	Отключи максималното ниво на лабиринта	Débloquez le niveau de labyrinthe le plus élevé	Разблокируйте максимальный уровень лабиринта
SteamAchievements/NEW_ACHIEVEMENT_43_13_NAME	Night Runner	Нощен бегач	Coureur nocturne	Бегущий в ночи
SteamAchievements/NEW_ACHIEVEMENT_43_13_DESC	Finish the 5th level of the night maze	Завърши 5-то ниво на нощната пътека	Terminez le 5eme niveau de labyrinthe nocturne	Пройдите пятый уровень ночного лабиринта
SteamAchievements/NEW_ACHIEVEMENT_43_14_NAME	Golden Fish	Златна рибка	Poisson doré	Золотая рыбка
SteamAchievements/NEW_ACHIEVEMENT_43_14_DESC	Catch golden fish	Улови златна рибка	Attrapez un poisson doré	Выловите золотую рыбу
SteamAchievements/NEW_ACHIEVEMENT_43_15_NAME	The Fisher King	Кралят на рибарите	Roi des pêcheurs	Повелитель рыб
SteamAchievements/NEW_ACHIEVEMENT_43_15_DESC	Catch all the fish types	Улови всички видове риба	Attrapez toutes les espèces de poissons	Поймайте рыбу всех видов
SteamAchievements/NEW_ACHIEVEMENT_43_16_NAME	Novice Fisherman	Новобранец Рибар	Pêcheur débutant	Начинающий рыбак
SteamAchievements/NEW_ACHIEVEMENT_43_16_DESC	Reach the novice fisherman rank	Стани начинаещ рибар	Atteignez le niveau de pêcheur débutant	Достигните в рыболовстве уровня новичка
SteamAchievements/NEW_ACHIEVEMENT_43_17_NAME	Apprentice Fisherman	Рибар-ученик	Apprenti pêcheur	Рыбак-любитель
SteamAchievements/NEW_ACHIEVEMENT_43_17_DESC	Reach the apprentice fisherman rank	Стани чирак рибар.	Atteignez le niveau d'apprenti pêcheur	Достигните в рыболовстве уровня любителя
SteamAchievements/NEW_ACHIEVEMENT_43_18_NAME	Advanced Fisherman	Напреднал рибар	Pêcheur avancé	Продвинутый рыбак
SteamAchievements/NEW_ACHIEVEMENT_43_18_DESC	Reach the advanced fisherman rank	Стани напреднал рибар	Atteignez le niveau de pêcheur avancé	Достигните в рыболовстве продвинутого уровня
SteamAchievements/NEW_ACHIEVEMENT_43_19_NAME	Expert Fisherman	Експертен рибар	Pêcheur expert	Рыбак-эксперт
SteamAchievements/NEW_ACHIEVEMENT_43_19_DESC	Reach the expert fisherman rank	Стани експертен рибар	Atteignez le niveau de pêcheur expert	Достигните в рыболовстве уровня эксперта
SteamAchievements/NEW_ACHIEVEMENT_43_20_NAME	Master Fisherman	Майстор рибар	Maître pêcheur	Мастер-рыбак
SteamAchievements/NEW_ACHIEVEMENT_43_20_DESC	Reach the master fisherman rank	Стани майстор рибар	Atteignez le niveau de maître pêcheur	Достигните в рыболовстве уровня мастера
SteamAchievements/NEW_ACHIEVEMENT_44_1_NAME	Initiating Chain Reaction	Започване на верижна реакция	Déclenchement de la réaction en chaîne\n	Инициация цепной реакции\n
SteamAchievements/NEW_ACHIEVEMENT_44_1_DESC	Visit the nuclear power plant for the first time	Посети ядрената електроцентрала за първи път	Visitez la centrale nucléaire pour la première fois\n	Посетите атомную электростанцию впервые\n
SteamAchievements/NEW_ACHIEVEMENT_44_2_NAME	Lab Assistant	Асистент в лабораторията	Assistant de laboratoire\n	Лабораторный ассистент\n
SteamAchievements/NEW_ACHIEVEMENT_44_2_DESC	Finish stage 1 of scientist's item quests	Завърши етап 1 от задачите на учените за предмети	Terminez l’étape 1 des quêtes d’objets du scientifique\n	Завершите 1 этап квестов с предметами учёного\n
SteamAchievements/NEW_ACHIEVEMENT_44_3_NAME	Junior Researcher	Младши изследовател	Chercheur junior\n	Младший исследователь\n
SteamAchievements/NEW_ACHIEVEMENT_44_3_DESC	Finish stage 2 of scientist's item quests	Завърши етап 2 от задачите на учените за предмети	Terminez l’étape 2 des quêtes d’objets du scientifique\n	Завершите 2 этап квестов с предметами учёного\n
SteamAchievements/NEW_ACHIEVEMENT_44_4_NAME	Field Research Specialist	Специалист по полеви изследвания	Spécialiste en recherche sur le terrain\n	Специалист по полевым исследованиям\n
SteamAchievements/NEW_ACHIEVEMENT_44_4_DESC	Finish stage 3 of scientist's item quests	Завърши етап 3 от задачите на учените за предмети	Terminez l’étape 3 des quêtes d’objets du scientifique\n	Завершите 3 этап квестов с предметами учёного\n
SteamAchievements/NEW_ACHIEVEMENT_44_5_NAME	Chief Science Partner	Главен научен партньор	Partenaire scientifique principal\n	Главный научный партнёр\n
SteamAchievements/NEW_ACHIEVEMENT_44_5_DESC	Finish stage 4 of scientist fetch quests	Завърши етап 4 от задачите за събиране на учени.	Terminez l’étape 4 des quêtes de collecte du scientifique\n	Завершите 4 этап заданий на сбор предметов для учёного\n
SteamAchievements/NEW_ACHIEVEMENT_44_6_NAME	Talked Him Off the Tesla Coil	Свали го от Те́сла бобината	Je l’ai convaincu de descendre de la bobine Tesla\n	Отговорил его от катушки Тесла\n
SteamAchievements/NEW_ACHIEVEMENT_44_6_DESC	Save the scientist from himself	Спаси учения от самия него	Sauvez le scientifique de lui-même\n	Спаси учёного от самого себя\n
SteamAchievements/NEW_ACHIEVEMENT_44_7_NAME	Radioactive Geocaching	Радиоактивно геокеширане	Géocaching radioactif\n	Радиоактивный геокешинг\n
SteamAchievements/NEW_ACHIEVEMENT_44_7_DESC	Find 20 radioactive items with Geiger counter	Намери 20 радиоактивни предмета с Гайгеров брояч	Trouvez 20 objets radioactifs avec le compteur Geiger\n	Найди 20 радиоактивных предметов с помощью счётчика Гейгера\n
SteamAchievements/NEW_ACHIEVEMENT_44_8_NAME	Bikini Atoll	Бикини Атол	Atoll de Bikini\n	Атолл Бикини\n
SteamAchievements/NEW_ACHIEVEMENT_44_8_DESC	Find a mannequin on the desert	Намери манекен в пустинята	Trouvez un mannequin dans le désert\n	Найди манекен в пустыне\n
SteamAchievements/NEW_ACHIEVEMENT_44_9_NAME	Environmental Consequences	Екологични последици	Conséquences environnementales\n	Экологические последствия\n
SteamAchievements/NEW_ACHIEVEMENT_44_9_DESC	Find a rare mutated plant in the forest	Намери рядко мутирало растение в гората	Trouvez une plante mutée rare dans la forêt\n	Найди редкое мутировавшее растение в лесу\n
SteamAchievements/NEW_ACHIEVEMENT_44_10_NAME	Meltdown Threshold	Праг на прегряване	Seuil de fusion\n	Порог расплавления\n
SteamAchievements/NEW_ACHIEVEMENT_44_10_DESC	Reach maximum level of irradiation	Достигни максимално ниво на радиация	Atteignez le niveau maximal d’irradiation\n	Достигните максимального уровня облучения\n
SteamAchievements/NEW_ACHIEVEMENT_44_11_NAME	Uranium Mine	Уранова мина	Mine d’uranium\n	Урановая шахта\n
SteamAchievements/NEW_ACHIEVEMENT_44_11_DESC	Enter the uranium mine	Влез в урановата мина	Entrez dans la mine d’uranium\n	Войдите в урановую шахту\n
SteamAchievements/NEW_ACHIEVEMENT_44_12_NAME	Prize Collector	Събирач на награди	Collectionneur de prix\n	Собиратель призов\n
SteamAchievements/NEW_ACHIEVEMENT_44_12_DESC	Get 20 prize boxes using the crane machine	Вземи 20 наградни кутии с помощта на крана.	Obtenez 20 boîtes de prix avec la machine à grue\n	Получите 20 коробок с призами с помощью крана\n
SteamAchievements/NEW_ACHIEVEMENT_44_13_NAME	Peaceful Atom	Спокойна Атомна Бомба	Atome pacifique\n	Мирный атом\n
SteamAchievements/NEW_ACHIEVEMENT_44_13_DESC	Craft a nuclear generator	Изработи ядрен генератор	Fabriquez un générateur nucléaire\n	Создайте ядерный генератор\n
SteamAchievements/NEW_ACHIEVEMENT_44_14_NAME	When Life Gives You Lemons	Когато животът ти поднесе лимони	Quand la vie te donne des citrons\n	Когда жизнь даёт тебе лимоны\n
SteamAchievements/NEW_ACHIEVEMENT_44_14_DESC	Buy 20 lemonades	Купи 20 лимонади	Achetez 20 limonades\n	Купите 20 лимонадов\n
SteamAchievements/NEW_ACHIEVEMENT_44_15_NAME	Expedition 33	Експедиция 33	Expédition 33\n	Экспедиция 33\n
SteamAchievements/NEW_ACHIEVEMENT_44_15_DESC	Complete expeditions to all locations at max level	Изпълни експедиции до всички локации на максимално ниво	Terminez les expéditions vers tous les emplacements au niveau maximum\n	Завершите экспедиции во все локации на максимальном уровне\n
SteamAchievements/NEW_ACHIEVEMENT_44_16_NAME	The Gadget	Устройството	Le gadget\n	Гаджет\n
SteamAchievements/NEW_ACHIEVEMENT_44_16_DESC	Detonate Nuclear bomb	Взриви ядрена бомба	Détoner la bombe nucléaire\n	Подорви ядерную бомбу\n
SteamAchievements/NEW_ACHIEVEMENT_44_17_NAME	Crane Machine Veteran	Ветеран на крана	Vétéran de la machine à grue\n	Ветеран крана\n
SteamAchievements/NEW_ACHIEVEMENT_44_17_DESC	Reach level 10 in the crane machine	Достигни ниво 10 в машината за кранове	Atteignez le niveau 10 à la machine à grue\n	Достигните 10 уровня в игре с краном\n
SteamAchievements/NEW_ACHIEVEMENT_44_18_NAME	Two Birds, One Claw	Две птици, един нокът	Deux oiseaux, une griffe\n	Две птицы одним когтем\n
SteamAchievements/NEW_ACHIEVEMENT_44_18_DESC	Win two prize boxes in a single crane machine move	Спечели две награди от една игра на крана	Gagnez deux boîtes de prix en un seul mouvement de la machine à grue\n	Выиграй две призовые коробки одним ходом крана\n
New Text	kolrotr\t			
afterDeath	You were unconscious for	Ти беше в безсъзнание за	Vous avez été inconscient pendant	Вы были без сознания
days	days	дни	jours	дней
day	day	ден	jour	день
dead	dead	мъртъв	mort	мертв
fainted	fainted	припаднал	évanoui	потерял сознание
houres	hours	часове	heures	ч.
houresUnder5	hours	часове	heures	ч.
hour	hour	час	heure	ч.
minutes	minutes	минути	minutes	мин.
minutesUnder5	minutes	минути	minutes	мин.
minut	minute	минут	minute	мин.
dayShort	d		j	д
hourShort	h		h	ч
minutShort	m		m	м
refresher	olin	олин		
test	The electricity has been cut off!	Токът е спрян!	L'électricité a été coupée!	Электричество отключено!
test2	force	сила	force	ускорить
Bought	bought	купен	acheté	куплено
sold	SOLD	продаден	VENDU	ПРОДАНО
soldSale	No, thanks	Не, благодаря	Non merci	Нет, спасибо
inStock	in stock	на склад	en stock	в наличии
inStockSale	needed	необходим	besoin de	нужно
inspiration	Inspiration	Вдъхновение	Inspiration	Вдохновение
and	and	и	et	и
Sell	Sell	Продай	Vendre	Продать
Give	Give	Дай	Donner	Отдать
total	total	общо	total	всего
demoFinished	        \n<color=#FFC700FF><size=175%>CONGRATULATIONS!\n<line-height=59%><color=#FFFFFFFF><size=100%>You have finished the demo.\nWe really hope that you have enjoyed it. Please feel free to share your feedback so we can make this game better.\n<line-height=70%>\n<pos=4%>Wanna continue playing?	\n<color=#FFC700FF><size=175%>ПОЗДРАВЛЯВАМ!\n<line-height=59%><color=#FFFFFFFF><size=100%>Завърши си демото.\nНадяваме се да си хареса. Сподели мнението си, за да направим играта по-добра.\n<line-height=70%>\n<pos=4%>Искаш да продължиш да играеш?	<color=#FFC700FF><size=175%>FÉLICITATIONS!\n<line-height=59%><color=#FFFFFFFF><size=100%>Vous avez terminé la démo. \nNous espérons vraiment que vous l'avez appréciée. N'hésitez pas à partager vos commentaires afin que nous puissions améliorer le jeu.\n<line-height=70%>\n<pos=4%>Voulez-vous continuer à jouer?	<color=#FFC700FF><size=175%>ПОЗДРАВЛЯЕМ!\n<line-height=59%><color=#FFFFFFFF><size=100%>Вы прошли демоверсию.\nОчень надеемся, что вам понравилось. Не стесняйтесь делиться своими впечатлениями, это поможет улучшить игру.\n<line-height=70%>\n<pos=4%>Хотите поиграть еще?
yes	YES!	Да	OUI!	ДА!
No	No	Не	Non	Нет
openAgent	Open the door, the Agent has come!	Отвори вратата, агентът е тук!	Ouvrez la porte, l'Agent est arrivé!	Агент прибыл, откройте дверь!
tutorialQ	Do you want to play the tutorial?	Искаш ли да играеш туториала?	Voulez-vous jouer le tutoriel?	Хотите пройти обучение?
saveing	Saving	Запазване	Sauvegarde	Сохранение
myCash	My cash	Моите пари	Mon argent	Мои деньги
Buy	Buy	Купи	Acheter	Купить
Inspect	Inspect	Прегледай	Inspecter	Осмотр
exitG	Exit	Изход	Quitter	Выйти
exitW	Exit to windows	Изход от играта	Quitter vers Windows	Выйти в WIN
Settings	Settings	Настройки	Options	Настройки
exitM	Exit to menu	Изход към менюто	Quitter vers le menu	Выйти в меню
Hold	Hold	Дръж	Pause	Прервать
Controls	Controls	Контроли	Contrôles	Управл.
Audio	Audio	Аудио	Audio	Аудио
Results	Results	Резултати	Résultats	Итоги
Volume	Volume	Основен звук	Volume	Громкость
Game	Game	Игра	Jeu	Игра
Graphics	Graphics	Графика	Graphismes	Графика
Music	Music	Музика	Musique	Музыка
Ambient	Ambient	Околна среда	Ambiance	Окружение
Effects	Effects	Ефекти	Effets	Эффекты
Always Run	Always Run	Постоянно бягане	Toujours Courir	Всегда бежать
Language	Language	Език	Langue	Язык
Keyboard Camera Speed	Keyboard Camera Speed	Скорост на камерата	Vitesse Caméra (clavier)	Скорость камеры с клавиатуры
Keyboard Camera SpeedPort	Camera Speed	Скорост на камерата	Vitesse de la Caméra	Скорость камеры
Screen Edge Camera Speed	Screen Edge Camera Speed	Скорост на камерата по ръба на екрана	Vitesse Caméra (souris)	Скорость камеры по краям экрана
Show Tips	Show Tips	Показване на съвети	Montrer Les Astuces	Показывать подсказки
Resolution	Resolution	Резолюция	Résolution	Разрешение
Fullscreen	Fullscreen	Цял екран	Plein Ecran	Во весь экран
V-sync	V-sync	Синхронизация V-Sync	Synchro. Verticale	Вертикальная синхронизация
Brightness	Brightness	Яркост	Luminosité	Яркость
Antialiasing	Antialiasing	Антиалиасинг	Antialiasing	Сглаживание
Extra Antialiasing	Extra Antialiasing	Допълнително изглаждане на ръбовете	Extra Antialiasing	Экстрасглаживание
Depth Of Field	Depth Of Field	Дълбочина на фокуса	Profondeur De Champ	Глубина резкости
Ambient Occlusion	Ambient Occlusion	Амбиент оклузия	Occlusion Ambiante	Рассеянное затенение
Ambient Obscurance	Ambient Obscurance	Околна тъмнина	Obscurance Ambiante	Улучшенное рассеянное затенение
Bloom	Bloom	Сияние	Bloom	Свечение
Shadow Quality	Shadow Quality	Сенчесто качество	Qualité des Ombres	Качество теней
Texture Quality	Texture Quality	Качество на текстурите	Qualité des Textures	Качество текстур
Detail Level	Detail Level	Ниво на детайлност	Niveau de Details	Качество детализации
Forward Rendering	Forward Rendering	Напредничаво рендиране	Rendu 3D	Прямой рендеринг
Attack Type	Attack Type	Тип атака	Type d'attaque	Тип атаки
Low	Low	Ниско	Bas	Низкое
Medium	Medium	Среден	Moyen	Среднее
High	High	Високо	Haut	Высокое
Framerate Limit	Framerate Limit	Ограничение на кадрите	Limite d'IPS	Ограничение частоты кадров
No Limit	No Limit	Без лимит	Pas de Limite	Без огр.
V-sync Limit	V-sync Limit	Ограничение на V-sync	Limite V-Sync	Огр. верт. синх.
deposite	Deposit All	Депозирай всичко	Tout Déposer	Положить все
apply	Apply	Приложи	Appliquer	Подтвердить
takeAll	Take All	Вземи всичко	Tout Prendre	Взять все
Journal	Journal	Дневник	Journal	Блокнот
Gear	Gear	Екипировка	Équipement	Снаряжение
eatAll	Eat All	Изяж всичко	Tout Manger	СЪЕСТЬ ВСЕ
reload	Reload?	Презареди?	Recharger?	Перезагрузиться?
moreRocket	More of the rocket\nin the full version	Повече ракети\nв пълната версия	Plus sur la fusée dans la version complète	Ракета вернется\nв полной версии
traded	TRADED	ТЪРГОВИРАНО	ÉCHANGÉ	ПРОДАНО
Continue	Continue	Продължи	Continuer	Продолжить
New Game	New Game	Нова игра	Nouvelle Partie	Новая игра
Options	Options	Опции	Options	Настройки
Exit	Exit	Изход	Quitter	Выйти
Play	Play	Играй	Jouer	Играть
Remove	Remove	Премахни	Effacer	Удалить
TooHeavy	Too heavy	Прекалено тежко	Trop lourd	Слишком тяжело
SomeNews	maybe some news?	може би някакви новини?	Peut-être quelques nouvelles?	Есть новости?
NeedFuel	you need fuel	ти имаш нужда от гориво	Vous avez besoin de carburant	Вам нужно топливо
NeedWater	You need water	Имаш нужда от вода	Vous avez besoin d'eau	Вам нужна вода
WrongContainer	not proper container	не е подходящ контейнер	mauvais conteneur	Не подходит
NotReady	Not ready	Не е готов	Pas prêt	Не готово
WayBlocked	Way is blocked	Пътят е блокиран	Le passage est bloqué	Путь перекрыт
CantGo	Can't go there	Не можеш да отидеш там	Impossible d'aller là	Пройти не удастся
saved	saved	запазено	Sauvegardé	Сохранено
time	time	време	temps	время
NotPrepared	You were not prepared	Не беше подготвен	Vous n'étiez pas préparé	Вы не подготовились
PrologueExitShowcase0	FULL GAME\nINCLUDES	ПЪЛНАТА ИГРА\nВКЛЮЧВА	LE JEU COMPLET CONTIENT	ПОЛНАЯ ВЕРСИЯ\nВКЛЮЧАЕТ
PrologueExitShowcase1	ROOM\nUPGRADES	ПОПРАВИ\nОБНОВЛЕНИЯ	AMÉLIORATIONS DE PIÈCES	УЛУЧШЕНИЯ\nКОМНАТ
PrologueExitShowcase2	WATER SUPPLY\nSYSTEMS	ВОДОПРОВОДНА СИСТЕМА\nСИСТЕМИ	SYSTÈMES D'ALIMENTATION EN EAU	СИСТЕМЫ ПОДАЧИ\nВОДЫ
PrologueExitShowcase3	POWER SUPPLY\nSYSTEMS	ЕЛЕКТРОЗАХРАНВАНЕ\nСИСТЕМИ	SYSTÈMES D'ALIMENTATION ÉLECTRIQUE	СИСТЕМЫ \nЭЛЕКТОПИТАНИЯ
PrologueExitShowcase4	VARIOUS FARM\nTYPES	РАЗЛИЧНИ ВИДОВЕ ФЕРМИ\nТИПОВЕ	DIFFÉRENTS TYPES DE CULTURE	РАЗНЫЕ ТИПЫ\nФЕРМ
PrologueExitShowcase5	MINING	ДОБИВ НА РЕСУРСИ	MINAGE	ГОРНОЕ ДЕЛО
PrologueExitShowcase6	FULL STORY AND\nQUEST SYSTEM	ПЪЛНАТА ИСТОРИЯ И\nСИСТЕМА ЗА ЗАДАЧИ	HISTOIRE COMPLÈTE ET QUÊTES	ВСЮ ИСТОРИЮ И\nСИСТЕМУ КВЕСТОВ
PrologueExitShowcase7	AND THAT IS ONLY\nTHE BEGINNING!	И ТОВА Е САМО\nНАЧАЛОТО!	ET CE N'EST QUE LE DÉBUT!	И ЭТО ТОЛЬКО\nНАЧАЛО!
PrologueExitShowcase8	VISIT MR. PREPPER\nSTEAM PAGE	ПОСЕТИ ПРЕПЪР\nСТРАНИЦА В STEAM	VISITEZ LA PAGE STEAM DE MR. PREPPER	ЗАХОДИТЕ НА СТРАНИЦУ\nMR. PREPPER В STEAM
createDate	created	създаден	créé	создано
saveDate	saved	запазено	sauvegardé	сохранено
version	version	версия	version	версия
VersionsInfographicsPrologue	<size=125%><color=#FFDA3EFF>What's the prologue?</color></size>\n+ Tutorial\n+ Basic Mechanics\n+ Extended Mechanics\n+ Beginning of the story	<size=125%><color=#FFDA3EFF>Какво е прологът?</color></size>\n+ Урок\n+ Основни механики\n+ Разширени механики\n+ Начало на историята	<size=125%><color=#FFDA3EFF>Qu'est-ce que le prologue?</color></size>\n+ Tutoriel\n+ Mécaniques de base\n+ Mécaniques avancées\n+ Début de l'histoire	<size=125%><color=#FFDA3EFF>Что вы увидите в прологе?</color></size>\n+ Обучение\n+ Основные механики\n+ Продвинутые механики\n+ Начало истории
VersionsInfographicsPrologueButton	<align="center"><size=125%><color=#FFDA3EFF>Wanna play prologue?</color></size>\n<size=125%><align="center"><cspace=1.4em>[click here]</cspace>	<align="center"><size=125%><color=#FFDA3EFF>Искаш ли да играеш пролога?</color></size>\n<size=125%><align="center"><cspace=1.4em>[click here]</cspace>	<align="center"><size=125%><color=#FFDA3EFF>Voulez-vous jouer au prologue?</color></size>\n<size=125%><align="center"><cspace=1.4em>[cliquez ici]</cspace>	<align="center"><size=125%><color=#FFDA3EFF>Хотите поиграть в пролог?</color></size>\n<size=125%><align="center"><cspace=1.4em>[нажмите сюда]</cspace>
VersionsInfographicsDemo	<size=125%><color=#FFDA3EFF>What's the demo?</color></size>\n+ Tutorial\n+ Basic Mechanics	<size=125%><color=#FFDA3EFF>Какво е демото?</color></size>\n+ Урок\n+ Основни механики	<size=125%><color=#FFDA3EFF>Qu'est-ce que la démo?</color></size>\n+ Tutoriel\n+ Mécaniques de base	<size=125%><color=#FFDA3EFF>Что вы увидите в демоверсии?</color></size>\n+ Обучение\n+ Основные механики
VersionsInfographicsDemoLabel	<size=125%><color=#FFDA3EFF>You're playing demo <align="center">right now</color></size>	<size=125%><color=#FFDA3EFF>Играеш демо <align="center">сега</color></size>	<size=125%><color=#FFDA3EFF>Vous jouez à la démo <align="center">en ce moment</color></size>	<size=125%><color=#FFDA3EFF>Сыграйте в демоверсию <align="center">прямо сейчас</color></size>
Keep Cursor Inside Window	Keep the cursor inside the window	Дръж курсора вътре в прозореца	Garder le curseur dans la fenêtre	Оставить курсор внутри окна
Display Mode	Display mode	Режим на показване	Mode d'affichage	Режим экрана
Windowed	Window	Прозорец	Fenêtré	Оконный
Fullscreen Window	Borderless window	Безрамков прозорец	Fenêtre sans bordure	Окно без рамок
Maximized Window	Maximized window	Максимизиран прозорец	Fenêtre agrandie	Развернутое окно
Exclusive Mode	Fullscreen	Цял екран	Plein écran	Полноэкранный
Buffering	Buffering	Буфериране	Échantillonnage	Буферизация
Off	Off	Изключено	Désactivé	Выкл.
Grain	Film grain	Зърнистост на филма	Grain de film	Зернистость
lightsMinigame	Lights On	Светлини Включени	Lumières allumées	Да будет свет
blocksMinigame	Block Out	Блокирай	Suppression des blocs	Блокировка
pushMe	Push me	Натисни ме	Poussez-moi	Толкни меня
FBaitRunoutPopup	I've run out of fishing bait.	Изчерпал съм риболовната стръв.	Je n'ai plus d'appâts pour pêcher	Наживка закончилась.
FMissRodPopup	What...? Where is my fishing rod?	Какво...? Къде ми е въдицата?	Quoi... ? Où est ma canne à pêche?	Что?.. Где моя удочка?
FEndOfFishsesPopup	All fish have run away.	Всички риби са избягали.	Tous les poissons se sont échappés.	Здесь больше нет рыбы.
mazeMinigameWin	You won!	Спечели!	Vous avez gagné!	Вы победили!
FUIOpenPopup	You can't continue fishing with the equipment open.	Не можеш да продължиш да ловиш с отворена екипировка.	Vous ne pouvez pas continuer à pêcher si votre équipement est ouvert.	Вы не можете продолжить рыбачить с открытой экипировкой.
mazeGranadesMinigameTitle	Throw Grenades	Хвърли гранати	Jet de Grenades	Бросайте гранаты
mazeShootingMinigameTitle	Shoot the Target	Свали мишената	Tir à la Cible	Стреляйте в цель
openingSoon	OPENING SOON	Скоро	OUVRE BIENTÔT	ОТКРЫТИЕ УЖЕ СКОРО
cast	Cast	Използвай магията.	Lancer	Забросить
quit	Quit	Изход	Quitter	Выйти
cancel	Cancel	Отказва се	Annuler	Отменить
toLake	To the lake	Към езерото	Vers le lac	На озеро
toFarm	To the farm	На фермата	Vers la ferme	На ферму
toWheat	To the Wheat Field	До житната нива	Vers le champ de blé	На пшеничное поле
rank1	Novice	Начинаещ	Novice	Новичок
rank2	Apprentice	Чирак	Apprenti	Любитель
rank3	Advanced	Напреднал	Avancé	Продвинутый
rank4	Expert	Експерт	Expert	Эксперт
rank5	Master	Майстор	Maître	Мастер
Change Combat Mode	Fight Mode	Режим на бой	Mode combat	Боевой режим
Chop Mine	Chop/Mine	Сечи/Копай	Hacher/Mien	Чоп/Мой
Climb Down	Climb down	Слез надолу	Descendre	Слезать
Climb Up	Climb up	Изкачи се нагоре	Grimper\r	Поднимитесь вверх
Fast Forward TIme	Fast Forward Time	Бързо напредване на времето	Accélérer le temps	Ускорить время
HoldButton	Hold	Натисни и задръж	prise	держать
Swap	Transfer	Прехвърли	Transfert	Передача
Vibrations	Vibration	Вибрации	Vibration	Вибрация
take	Take	вземи	Prendre	Взять
mountainZone	zone	зона		
mountainZones	zones	зони		
Test/aaaaa	gfffs			
