# key	english	bulgarian	french	russian
UI/Blueprint	Blueprint	Блупринт	Plan	Чертеж
UI/Continue	Continue	Продължи	Continuer	Продолжить
UI/Craft	Craft	Изработка	Créer	Создать
UI/Disassemble	Disassemble	Разглоби	Démonter	Разобрать
UI/Eat	Eat	Яж	Manger	Съесть
UI/EventBlackout	The electricity has been cut off!	Електричеството е спряно!	L'électricité a été coupée!	Электричество отключили!
UI/EventNoWater	The water has been cut off!	Водата е спряна!	L'eau a été coupée!	Воду отключили!
UI/EventTrade	The Postman is missing!	Пощальонът изчезна!	Le facteur est absent!	Почтальон пропал!
UI/Food	Food	Храна	Nourriture	Еда
UI/Gear	Gear	Екипировка	Équipement	Снаряжение
UI/Grab	Grab	Хвани	Prendre	ВЗЯТЬ
UI/Item	Items	Предмети	Objets	Предметы
UI/Material	Materials	Материали	Matériaux	Материалы
UI/Separate	Separate	Отдели	Séparer	РАЗДЕЛИТЬ
UI/Trade	Trade	Търговия	Échanger	Торговать
UI/Use	Use	Използвай	Utiliser	Использ.
UI/Hide	Hide	Скрий	Cacher	Спрятать
UI/Unhide	Unhide	Разкрий	Révéler	Достать
UI/LadderHide	Cover	Покрив	Recouvrir	НАКРЫТЬ
UI/LadderUnhide	Uncover	Разкрий	Découvrir	СНЯТЬ
UI/PlanHide	Turn	Смени	Retourner	ПОВЕРНУТЬ
UI/PlanUnhide	Turn	Обърни	Retourner	ПОВЕРНУТЬ
UI/				
UI/agentClock	Open the door, the Agent has arrived!	Отвори вратата, агентът пристигна!	Ouvrez la porte, l'agent est arrivé!	Открывайте дверь, пришел Агент!
UI/reportHeader	Inspection Result	Резултат от проверката	Résultat d'Investigation	Результаты расследования
UI/reportMissingItems	Essential items lacking	Липсващи основни предмети	Objets essentiels manquants	Недостающие обязательные предметы
UI/reportRedundantItems	Suspicious items	Подозрителни предмети	Objets suspects	Подозрительные предметы
UI/reportAdditionalText	We remind you to be a good citizen.	Напомняме ти да бъдеш добър гражданин.	Nous vous rappelons qu'il faut être un bon citoyen.	Просим вас быть примерным гражданином.
UI/reportNone	none	няма	aucun	нет
UI/reportNextVisit	Next visit	Следващо посещение	Prochaine visite	Следующий визит
UI/reportNextVisitDemo	- 		- 	
UI/reportConsumption	Consumption	Консумация	Consommation	Потребление
UI/reportSuspicion	Suspicion level	Ниво на подозрение	Niveau de suspicion	Уровень подозрительности
UI/reportPreparedness	Preparedness	Готовност	Préparation	Живучесть
UI/reportPositive	Result: <i>Positive score</i>	Резултат: <i>Положителна оценка</i>	Résultat: <i>Score positif</i>	Результат: <i>Хорошая оценка</i>
UI/reportNegative	Result: <i>Negative score</i>	Резултат: <i>Отрицателен резултат</i>	Résultat: <i>Score négatif</i>	Результат: <i>Плохая оценка</i>
UI/reportGrade	Grade	Оценка	rang	Оценка
UI/reportResult	Result:	Резултат:	Résultat:	Результат:
UI/reportItemRedundant	Too many:	Прекалено много:	Trop nombreux:	Слишком много:
UI/reportItemMissing	Too little:	Твърде малко:	Trop peu:	Слишком мало:
UI/reportAnyItem	any	всякакъв	n'importe quel	любой(ая)
UI/reportGradeTooltip	The grade depends on the result of the visit.	Оценката зависи от резултата на посещението.	Le rang dépend du résultat de la visite.	Оценка зависит от результатов проверки.
UI/reportSuspicionTooltip	The suspicion level depends on the results from all visits.\nIf the Agent doesn't suspect anything, you get a buff.\nIf the Agent suspects something, you get a debuff.	Нивото на подозрение зависи от резултатите от всички посещения.\nАко агентът не подозира нищо, получаваш бонус.\nАко агентът подозира нещо, получаваш наказание.	Le niveau de suspicion dépend des résultats de toutes les visites.\nSi l'agent ne soupçonne rien, vous obtenez un bonus.\nSi l'agent suspecte quelque chose, vous obtenez un malus.	Уровень подозрительности зависит от результатов всех посещений.\nЕсли Агент ничего не заподозрит, вы получите временный бонус.\nЕсли Агент начнет что-то подозревать, вы получите временный штраф.
UI/reportConsumptionTooltip	Keep consumption below suspect values	Дръж консумацията под подозрителни стойности	Maintenez la consommation en dessous des valeurs suspectes	Потребление не должно превышать стандартные показатели
UI/reportWaterTooltip	Average daily water consumption	Средно дневно потребление на вода	Consommation moyenne d'eau par jour	Среднее потребление воды в день
UI/reportElectricityTooltip	Electricity consumption	Консумация на електричество	Consomation électrique	Потребление электричества
UI/reportNextVisitTooltip	The agent will visit you on:	Агентът ще те посети на:	L'agent vous rendra visite le:	Агент придет к вам:
UI/reportNextVisitTooltipDay	day	ден	jour	день
UI/reportNextVisitTooltipMonth	month	месец	mois	месяц
UI/reportManualHeader	Citizen Inspection Protocol	Протокол за проверка на гражданите	Protocole d'inspection des citoyens	Протокол инспекции граждан
UI/reportManualNextVisit	To be conducted in 1–7 days intervals, depending on the suspicion level.	Да се извършва на интервали от 1 до 7 дни, в зависимост от нивото на подозрение.	À effectuer tous les 1 à 7 jours, selon le niveau de suspicion.	Проводится с интервалом в 1-7 дней в зависимости от уровня подозрительности.
UI/reportManualItems	Standard house equipment	Стандартно оборудване за къща	Équipement standard de la maison	Стандартное домашнее оборудование
UI/reportManualConsumption	Consumption rate up to	Скорост на консумация до	Taux de consommation jusqu'à	Уровень потребления до
UI/reportManualItemsText	The rating is up to your judgement, but you should pay attention to the lack of certain items or excess thereof (relative to the standard).	Оценката зависи от теб, но трябва да обърнеш внимание на липсата на някои предмети или излишъка им (спрямо стандарта).	La note dépend de votre évaluation, mais vous devriez faire attention à l'absence de certains objets ou à leurs trop grands nombres (par rapport à la norme).	Рейтинг – на ваше усмотрение. Обращайте внимание на отсутствие или избыток предметов (относительно стандарта).
UI/reportManualEleInfo	Check the electricity box	Провери електрическата кутия	Vérifiez le boîtier électrique	Проверяйте электрический ящик
UI/reportManualSinkInfo	Check the sink	Провери мивката	Vérifiez l'évier	Проверяйте раковину
UI/reportManualWaterInfo	Water usage per day (since the last visit)	Използване на вода на ден (от последното посещение)	Consommation quotidienne en eau (depuis la dernière visite)	- воды/день (с последнего визита)
UI/reportManualBorderRed	The most\nSuspicious	Най-много\nПодозрителен	Le plus\nSuspect	Особенно\nподозрительно
UI/reportManualBorderOrange	More\nSuspicious	По-подозрителен\nПо-подозрителен	Plus\nSuspect	Более\nподозрительно
UI/tooltipQuantity	Safe quantity	Безопасно количество	Quantité sûre	Уровень безопасности
UI/tooltipType	For all items of the category	За всички предмети от категорията	Pour tous les objets de la catégorie	Для всех предметов категории
UI/reportNotOpen	I'll come tomorrow. Avoiding inspection has serious consequences!	Ще дойда утре. Избягването на проверка има сериозни последици!	Je reviendrais demain. Eviter une inspection entraine de sérieuses conséquences!	Завтра я снова приду. Попытки избежать проверок ведут к серьезным последствиям!
UI/reportUnsuccessful	Unsuccessful	Неуспешно	Infructueux	Неудача
UI/pcs	pcs.	бр.	pcs.	штук.
UI/EventBlackoutC	The electricity has been cut off!	Електричеството е спряно!	L'électricité a été coupée!	Электричество отключили!
UI/EventNoWaterC	The water has been cut off!	Водата е спряна!	L'eau a été coupée!	Воду отключили!
UI/EventTradeC	The Postman is missing!	Пощальонът изчезна!	Le Facteur est absent!	Почтальон пропал!
UI/EventAgentC	The Agent	Агентът	L'Agent	Агент
UI/shelterSpaceOccupied	Shelter space is already occupied	Убежището вече е заето	Espace de l'abri déjà occupé	Место в убежище уже занято
UI/shelterSiloUnreachable	The silo is unreachable. Build more rooms to reach it.	Силозът е недостъпен. Постройте повече стаи, за да го достигнете.	Le silo est hors d'atteinte. Construisez des pièces supplémentaires pour l'atteindre.	Невозможно пройти к шахте. Постройте другие комнаты, чтобы добраться до нее.
UI/demoBlockText	Not available in the demo	Не е налично в демото	Pas disponible dans la démo	Недоступно в демоверсии
UI/endOfDemo	Demo Ends	Демото свършва	Fin de la démo	Конец демоверсии
UI/LimitBar	Sleep to recover	Заспивай, за да се възстановиш	Dormez pour récupérer	Поспите, чтобы восстановить
UI/BlueprintsIcon	Blueprints [Tab]	Чертежи [Tab]	Plans [Tab]	Чертежи [Tab]
UI/StatusIcon	Prepper Status [U]	Статус на препъра [U]	Statut Prepper [U]	Статус выживальщика [U]
UI/ClockIcon	Clock [T]	Часовник [T]	Horloge [T]	Часы [T]
UI/ConstructionIcon	Construction [B]	Строителство [B]	Construction [B]	Стройка [B]
UI/InventoryIcon	Inventory [I]	Инвентар [I]	Inventaire [I]	Инвентарь [I]
UI/Bunker	Bunker	Бункер	Bunker	Бункер
UI/Farming	Farming	Селско стопанство	Agriculture	Фермерство
UI/Decorative	Decorative	Декоративен	Décoration	Украшения
UI/Food0	Basic recipes	Основни рецепти	Recettes de base	Простые рецепты
UI/Food1	Cookbook 1	Кулинарна книга 1	Livre de recettes 1	Кулинарная книга 1
UI/Food2	Cookbook 2	Кулинарна книга 2	Livre de recettes 2	Кулинарная книга 2
UI/Food3	Cookbook 3	Кулинарна книга 3	Livre de recettes 3	Кулинарная книга 3
UI/FoodFarm	Farm Cookbook	Кулинарна книга за фермата	Livre de recettes de la ferme	Кулинарная книга фермера
UI/AnimalFarmDLC	Animal Farm	Ферма на животните	Animal Farm	Скотный двор
UI/controlEsc	Menu	Меню	Menu	Меню
UI/controlTab	Blueprints	Чертежи	Plans	Чертежи
UI/controlCtrl	Fast forward	Бързо напред	Avance rapide	Быстрая перемотка
UI/controlQ	Change weapon	Смени оръжието	Changer d'arme	Сменить оружие
UI/controlWSAD	Move camera	Премести камерата	Bouger la camera	Подвинуть камеру
UI/controlT	Time control	Контрол на времето	Contrôle du temps	Упр. временем
UI/controlB	Bunker construction	Строителство на бункер	Construction bunker	Строительство бункера
UI/controlU	Gear / Journal	Екипировка / Дневник	Équipement / Journal	Оборудование / блокнот
UI/controlI	Inventory	Инвентар	Inventaire	Инвентарь
UI/controlSpace	Center the camera / Drive around obstacles	Центрирай камерата / Шофирай около препятствията	Centrer la camera / Contourner les obstacles	Отцентрировать камеру / Объехать препятствия
UI/controlSpacePort	Center the camera	Центрирай камерата	Centrer la caméra	Выровняй камеру по центру
UI/controlLMB	Move / Quick action	Премести се/Бързо действие	Bouger / Action rapide	Движение / быстрое действие
UI/controlRMB	Interact	Взаимодействай	Intéragir	Взаимодействовать
UI/controlKeyboardLayout	Keyboard layout	Подредба на клавиатурата	Disposition du Clavier	Раскладка клавиатуры
UI/controlQuickGrab	Quick grab	Бързо вземане	Prendre rapidement	Быстрый подбор
UI/controlGrid	Alternate item placement grid	Алтернативна мрежа за поставяне на предмети	Grille de placement d'objet alternative	Изменить отображение расположения предметов
UI/controlBoost	Drive Boost	Ускорение за шофиране	Boost Véhicule	Ускорение машины
UI/contextEAT	EAT	Яж	MANGER	ЕСТЬ
UI/contextSLEEP	SLEEP	Сън	DORMIR	СПАТЬ
UI/contextCRAFT	CRAFT	ИЗРАБОТКА	CRÉER	СОЗДАТЬ
UI/contextTRADE	Trade	Търговия	Échanger	ТОРГОВАТЬ
UI/contextRECEIVE	RECEIVE	Получи	RECEVOIR	ПОЛУЧИТЬ
UI/contextRECHARGE	RECHARGE	ПРЕЗАРЕДИ	RECHARGER	ЗАПРАВИТЬ
UI/contextWATER	WATER	Вода	ARROSER	ПОЛИТЬ
UI/contextPLANT	PLANT	Засади	PLANTER	ПОСАДИТЬ
UI/contextHARVEST	HARVEST	ЖЪНЕЖ	RECOLTER	СОБРАТЬ
UI/contextREAD	READ	Прочети	LIRE	ЧИТАТЬ
UI/contextTURNON	TURN ON	Включи	ALLUMER	ВКЛЮЧИТЬ
UI/contextNAP	NAP	СПИ	SIESTE	ВЗДРЕМНУТЬ
UI/contextCOOK	COOK	Сготви	CUISINER	ПРИГОТОВИТЬ
UI/contextEQUIP	EQUIP	ОБЛЕКЛО	ÉQUIPER	ВЗЯТЬ
UI/contextTALK	TALK	ГОВОРИ	PARLER	ПОГОВОРИТЬ
UI/contextCOLLECT	COLLECT	Събери	COLLECTER	СОБРАТЬ
UI/contextCHANGECOLOR	CHANGE COLOR	Смени цвета	CHANGER DE COULEUR	СМЕНИТЬ ЦВЕТ
UI/contextUSE	USE	ИЗПОЛЗВАЙ	UTILISER	ИСПОЛЬЗ.
UI/contextREPAIR	Repair	Поправи	Réparer	ПОЧИНИТЬ
UI/contextMINE	MINE	Рудник	MINER	КОПАТЬ
UI/contextQUICK_PLANT	QUICK PLANT	БЪРЗО ЗАСАДИ	PLANTATION RAPIDE	БЫСТ. ПОСАД.
UI/contextQUICK_SET	QUICK SET	БЪРЗО НАСТРОЙКИ	INSTALLATION RAPIDE	БЫСТРО УСТАНОВИТЬ
UI/contextLAUNCH_ROCKET	LAUNCH THE ROCKET	ИЗСТРЕЛЯЙ РАКЕТАТА		ЗАПУСТИТЬ РАКЕТУ
UI/contextOPEN	OPEN	ОТВОРИ	OUVRIR	ОТКРЫТЬ
UI/contextINSPECT	INSPECT	ПРЕГЛЕДАЙ	INSPECTER	ОСМОТРЕТЬ
UI/contextGRAB	GRAB	ВЗЕМИ	PRENDRE	ВЗЯТЬ
UI/contextBUILD	BUILD	ИЗРАБОТИ	CONSTRUIRE	ПОСТРОИТЬ
UI/contextHIDE	HIDE	Скрий	CACHER	СПРЯТАТЬ
UI/contextPOWERON	POWER ON	Включи	ALLUMER	ВКЛЮЧИТЬ
UI/contextPOWEROFF	POWER OFF	ИЗКЛЪЧВАНЕ	ÉTEINDRE	ВЫКЛЮЧИТЬ
UI/contextDESTROY	DESTROY	Унищожи	DÉTRUIRE	УНИЧТОЖИТЬ
UI/contextCHOP	CHOP	ОТСЕЧИ	COUPER	РУБИТЬ
UI/contextCANCEL	CANCEL	Отмени	ANNULER	ОТМЕНИТЬ
UI/contextDOWN	Down 	Надолу	Descendre	ВНИЗ
UI/contextUP	Up 	Нагоре	Monter	ВВЕРХ
UI/contextGETBACK	Get back 	Върни се	Remonter	ВЕРНУТЬСЯ
UI/contextMELT	Melt	Стопи	Fondre	РАСПЛАВИТЬ
UI/contextDRY	Dry	Сух	Sécher	СУШИТЬ
UI/contextGIVE	Give	Дай	Donner	ОТДАТЬ
UI/contextLEVEL	LEVEL	НИВО	NIVEAU	УРОВЕНЬ 
UI/contextAsk	Ask	Попитай	Demander	СПРОСИТЬ
UI/contextFort	Fort Observer	Наблюдател на крепостта	Fort Observer	«НАБЛЮДАТЕЛЬ»
UI/contextCustomize	Customize	Персонализирай	Personnaliser	ИЗМЕНИТЬ
UI/attributeStamina	Stamina	Издръжливост	Endurance	выносливость
UI/attributeHealth	Health	Здраве	Santé	здоровье
UI/attributePrep	Preparedness	Готовност	Préparation	живучесть
UI/Resume	Resume	Продължи	Reprendre	Вернуться
UI/Back	<back	Назад	<retour	< Назад
UI/BackPort	back	назад	retour	Назад
UI/Apply	Apply	Приложи	Appliquer	Принять
UI/habitat	habitat	убежище	habitat	Место обитания
UI/planBunker	Build the bunker	Построй бункера	Construire un bunker	Построить бункер
UI/planFood	Establish a food source	Намери храна	Établir une source de nourriture	Найти источник еды
UI/planMakeAPlan	Make a plan	Направи план	Faire un plan	Придумать план
UI/planRocket1	Ultimate Rocket Plan Phase 1	Крайна фаза на ракетата 1	Plan de Fusée Ultime Phase 1	Грандиозный ракетный план, фаза 1
UI/planRocket2	Ultimate Rocket Plan Phase 2	Окончателен план за ракета - Фаза 2	Plan de Fusée Ultime Phase 2	Грандиозный ракетный план, фаза 2
UI/planRocket3	Ultimate Rocket Plan Phase 3	Окончателен план за ракета - Фаза 3	Plan de Fusée Ultime Phase 3	Грандиозный ракетный план, фаза 3
UI/planRocket4	Ultimate Rocket Plan Phase 4	Крайна фаза на плана за ракета 4	Plan de Fusée Ultime Phase 4	Грандиозный ракетный план, фаза 4
UI/actionPlan	Plan	План	Plan	Спланировать
UI/rocketProlog	More of the rocket\nin the full version	Повече от ракетата\nв пълната версия	Plus sur la fusée dans la version complète	Ракета вернется\nв полной версии
UI/railWayProlog	You need the full version \nof the game to repair that	Имаш нужда от пълната версия \nна играта за да поправи това	Vous devez attendre la version complète pour réparer ça.	Ремонт доступен\nв полной версии игры
UI/demoEnd1	Thank you for playing the demo!	Благодаря ти, че играеш демото!	Merci d'avoir joué à la démo!	Спасибо, что сыграли в демо!
UI/demoEnd2	   If you want to try to survive in the bunker and live the Prepper's story we encourage you to visit Mr. Prepper's full game Steam Page: 	Ако искаш да опиташ да оцелееш в бункера и да изживееш историята на препъра, те насърчаваме да посетиш пълната игра на Mr. Prepper в Steam:	   Si vous voulez essayer de survivre dans le bunker et vivre l'histoire de Prepper, nous vous encourageons à visiter la page Steam du jeu complet de Mr. Prepper:	   Если вы хотите испытать себя и выжить в бункере, а также узнать всю историю Mr. Prepper, рекомендуем посетить страницу игры в Steam:
UI/demoEnd3	Mr. Prepper steam page	Препър страница в Steam	Page Steam de Mr. Prepper	Страница Mr. Prepper в Steam
UI/demoEnd4	   Add it to your Wishlist and Subscribe to be up to date!\n   We hope you enjoyed this small part of our game!\n	   Добави го в списъка си с желания и се абонирай, за да си в крак!\n   Надяваме се, че ти хареса тази малка част от нашата игра!\n	    Ajoutez-le à votre liste de souhaits et abonnez-vous pour être à jour!\n    Nous espérons que vous avez apprécié cette petite partie de notre jeu!	   Добавьте игру в список желаемого и подпишитесь, чтобы быть в курсе всех новостей!\n   Надеемся, вам понравился этот небольшой кусочек нашей игры!
UI/demoEnd5	Kind regards,\nRejected Games	С уважение,\nОтхвърлени игри	Bien cordialement,\nRejected Games	С уважением,\nRejected Games.
UI/demoEnd6	   P.S. although this is the end of demo, and the rest of the content is only available in the full version, you can continue playing if you wish ;D	П.С. макар че това е краят на демото и останалата част от съдържанието е достъпна само във пълната версия, можеш да продължиш да играеш, ако искаш ;D	    P.S. bien que ce soit la fin de la démo et que le reste du contenu ne soit disponible que dans la version complète, vous pouvez continuer à jouer si vous le souhaitez ;D	   P.S. На этом демо заканчивается, и остальную часть игры вы увидите в полной версии, но если хотите, можете продолжить играть ;D
UI/demoEnd7	Exit Game	Излез от играта	Quitter le Jeu	Выйти
UI/demoEnd8	Continue playing	Продължи да играеш	Continuer à jouer	Продолжить играть
UI/myCash	My cash	Моите пари	Mon argent	Мои деньги
UI/trust	trust	доверие	confiance	Доверие
UI/lowPrep	Your preparedness is low	Твоята готовност е ниска	Votre Préparation est basse	Низкий уровень живучести
UI/SeedsOnly	Seeds only	Само семена	Graines uniquement	Для семян
UI/BaitsOnly	Baits only	Само примамки	Pièges uniquement	Для приманки
UI/Prepper	Set up	Направи	Piéger	Заготовить
UI/FoodOnly	Food only	Само храна	Nourriture uniquement	Для еды
UI/WaterOnly	Water only	Само вода	Eau uniquement	Для воды
UI/Upgrade	Upgrade	Подобри	Amélioration	Улучшить
UI/ChooseSlot	Choose a slot	Избери слот	Choisir un emplacement	Выберите слот
UI/UI	UI	Потребителски интерфейс	Interface Utilisateur	Интерфейс
UI/Suspiciousness	Suspiciousness	Подозрителност	Suspicion	Подозрительность
UI/Skills	Skills	Умения	Compétences	Навыки
UI/warning	Warning!!!	Внимание!!!	Attention!!!	Внимание!!!
UI/deleteSave	Are you sure you want to pernamently <color=red>delete</color> this save file?	Сигурен ли си, че искаш окончателно <color=red>изтриване</color> на този запис?	Êtes-vous sûr de vouloir <color=red>effacer</color> de façon permanante cette sauvegarde?	Вы действительно хотите навсегда <color=red>удалить</color> это сохранение?
UI/sleepWarning	You should go to sleep	Трябва да си легнеш.	Vous devriez aller dormir	Вам нужно поспать
UI/GoToSleepClock	Time to sleep! You will collapse soon.	Време е за сън! Скоро ще се сринеш.	C'est l'heure de dormir! Vous allez bientôt vous évanouir.	Пора спать! Скоро вы просто рухнете на пол.
UI/unlocked	unlocked	отключен	débloqué	– открыто
UI/pillar	Ropeway pillar	Стълб на въжената линия	Pilier du téléphérique	Столб канатки
UI/Trash	Trash	Смет	Déchets	Мусорка
UI/changeWeaponTip	Press [Q] to change weapon/tool	Натисни [Q], за да смениш оръжието/инструмента.	Appuyez sur Q pour changer d'arme/d'outil	Нажмите [Q], что сменить оружие/инструмент
UI/changeWeaponTipPort	Press <sprite index=Button30_UIAtlas> to change weapon/tool	Натисни <sprite index=Button30_UIAtlas> за смяна на оръжие/инструмент	Déplacez <sprite index=Button30_UIAtlas> vers le haut pour changer d'arme / d'outil	Перемести <sprite index=Button30_UIAtlas> вверх, чтобы сменить оружие/инструмент
UI/grabTip	[Alt] + LMB to quick grab	[Alt] + ЛКМ за бързо хващане	Alt + clic gauche pour prendre rapidement	[Alt] + ЛКМ – быстрый подбор
UI/grabTipPort	Hold <sprite index=Button26_UIAtlas> and press <sprite index=Button0_UIAtlas> to quick grab	Дръж <sprite index=Button26_UIAtlas> и натисни <sprite index=Button0_UIAtlas> за бързо вземане	Maintenez <sprite index=Button26_UIAtlas> enfoncée et appuyez sur <sprite index=Button0_UIAtlas> pour une prise rapide	Удерживай <sprite index=Button26_UIAtlas> и нажми <sprite index=Button0_UIAtlas>, чтобы быстро схватить
UI/fastForwardTip	Hold [Left Ctrl] to fast forward	Дръж [Left Ctrl], за да превърташ бързо напред	Maintenez la touche Ctrl gauche pour accélérer le temps	Зажатый [левый Ctrl] – ускоренная перемотка
UI/prologueEnd1	This storyline is to be continued in the full version!	Тази история ще продължи в пълната версия!	Le scénario est à continuer dans la version complète!	История продолжится в полной версии!
UI/prologueEnd2	If you want to try to survive in the bunker and live the Prepper's story, we encourage you to visit Mr. Prepper's full game Steam Page: 	Ако искаш да опиташ да оцелееш в бункера и да изживееш историята на препъра, те насърчаваме да посетиш пълната игра на Mr. Prepper в Steam:	    Si vous voulez essayer de survivre dans le bunker et vivre l'histoire de Prepper, nous vous encourageons à visiter la page Steam du jeu complet de Mr. Prepper:	Если вы хотите испытать себя и выжить в бункере, а также узнать всю историю Mr. Prepper, рекомендуем посетить страницу игры в Steam:
UI/prologueEnd3	Mr. Prepper Steam page	Страница на Mr. Prepper в Steam	Page Steam de Mr. Prepper	Страница Mr. Prepper в Steam
UI/prologueEnd4	   Add it to your Wishlist and Subscribe to be up to date!\n   We hope you enjoyed this part of our game!\n	   Добави го в списъка си с желания и се абонирай, за да си в крак!\n   Надяваме се, че ти хареса тази част от нашата игра!\n	    Ajoutez-le à votre Liste de souhaits et abonnez-vous pour être à jour!\n    Nous espérons que vous avez apprécié cette partie de notre jeu!	   Добавьте игру в список желаемого и подпишитесь, чтобы быть в курсе всех новостей!\n   Надеемся, вам понравился этот кусочек нашей игры!
UI/prologueEnd5	Kind regards,\nRejected Games	С уважение,\nОтхвърлени игри	Bien cordialement,\nRejected Games	С уважением,\nRejected Games.
UI/prologueEnd6	   P.S. Although this is the end of Prologue's story it's not the end of the content you can discover. Feel free to continue! :)	П.С. Въпреки че това е краят на историята от Пролога, това не е краят на съдържанието, което можеш да откриеш. Продължавай смело! :)	    P.S. bien que ce soit la fin du prologue, ce n'est pas la fin du contenu que vous pouvez découvrir. N'hésitez pas à continuer! :)	   P.S. Сюжет пролога закончился, но это не значит, что закончился контент. Вы можете продолжить играть :)
UI/prologueEnd7	Exit Game	Излез от играта	Quitter le Jeu	Выйти
UI/prologueEnd8	Continue playing	Продължи да играеш	Continuer à jouer	Продолжить играть
UI/gearTip1	To equip a baseball bat, open your gear	За да облечеш бейзболна бухалка, отвори своя инвентар	Pour équiper la batte de baseball, ouvrez votre équipement	Чтобы взять биту, откройте свое снаряжение
UI/gearTip2	Double click a baseball bat to equip it	Кликни два пъти върху бейзболна бухалка, за да я въоръжиш.	Double cliquez sur la batte de baseball pour l'équiper	Дважды щелкните по бите, чтобы взять ее в руки
UI/gearTip2Port	Double press <sprite index=Button0_UIAtlas> on a baseball bat to equip it	Двойно натисни <sprite index=Button0_UIAtlas> на бейсболова бита, за да го екипираш	Appuyez deux fois sur <sprite index=Button0_UIAtlas> de la batte de baseball pour l’équiper	Дважды нажми <sprite index=Button0_UIAtlas> на бейсбольной бите, чтобы её экипировать
UI/gearTip3	Press Q to toggle your weapon	Натисни Q, за да превключиш оръжието си.	Appuyez sur A pour changer d'arme	Нажмите Q, чтобы поменять оружие
UI/gearTip3Port	Press <sprite index=Button30_UIAtlas> to toggle your weapon	Натисни <sprite index=Button30_UIAtlas> за превключване на оръжието си	Déplacez <sprite index=Button30_UIAtlas> vers le haut pour basculer l'arme	Перемести <sprite index=Button30_UIAtlas> вверх, чтобы переключить оружие
UI/skip	Skip	Пропусни	Passer	Пропустить
UI/prologueFarmingInfo1	In Prologue, ways of upgrading your farm are limited,	В Пролога начините за надграждане на твоята ферма са ограничени,	Dans le Prologue, l'amélioration des cultures est limitée,	В прологе не так много способов улучшить ферму,
UI/prologueFarmingInfo2	which makes survival very challenging in the long run.	което прави оцеляването много трудно в дългосрочен план.	ce qui rend la survie plus dure dans le temps.	из-за этого выживать довольно непросто.
UI/prologueFarmingInfo3	In the full version, you will gain access to better, more efficient plants,	В пълната версия ще имаш достъп до по-добри и по-ефективни растения.	Dans la version complète, vous aurrez accès à plus de plantes de meilleures qualités,	В полной версии вы получите доступ к более эффективным растениям,
UI/prologueFarmingInfo4	more tools to make your plants grow faster,	повече инструменти за по-бърз растеж на растенията ти,	plus d'outils pour faire pousser vos plantes plus vite,	новым инструментам для ускорения их роста
UI/prologueFarmingInfo5	and more ways of obtaining water and electricity.	и още начини за получаване на вода и електричество.	et d'autres moyens pour obtenir de l'eau et de l'électricité.	и новым способам получения воды и электричества.
UI/arrested	Arrested	Арестуван	Arrêté	Арестован
UI/escape	Escape	Изход	Fuir	Сбежать
UI/drive	Drive	Карай	Conduire	ЕХАТЬ
UI/driveForward	Drive Forward	Напред	Conduire	Ехать вперед
UI/backToJoe	Back to Joe	Върни се при Джо	Retour vers Joe	Вернуться к Джо
UI/toggleFortObserver	Fort Observer	Наблюдател на крепостта	Fort Observer	База «Наблюдатель»
UI/toggleScavenge	Scavenge	Чисти	Piller	Искать припасы
UI/driveTooltipBeta	You can't go further in beta	Не можеш да продължиш в бета.	Vous ne pouvez pas aller plus loin dans la beta	В бета-версии дальше не заедешь.
UI/inFullVersion	(In full version)	(В пълната версия)	(Dans la version complète)	(В полной версии)
UI/driveToFort	Drive to the fort	Отиди до крепостта	Conduire jusqu'au fort 	Ехать на базу
UI/driveForwardTooltip				
UI/backToJoeTooltip	Back to the junkyard	Върни се в автоморгата	Retour à la décharge	Вернуться на свалку
UI/driveToFortTootlip				
UI/driveForwardDesc	Take a risk	Рискувай	Prendre le risque	Рискнуть
UI/driveToFortDesc				
UI/tooLittleFuel	Not enough fuel	Недостатъчно гориво	Pas assez de carburant	Недостаточно топлива
UI/PutOnBackPack	Put on a backpack to unlock	Сложи раница, за да отключиш	Mettre le sac à dos pour déverrouiller	Наденьте рюкзак, чтобы разблокировать
UI/tutTipDisassemble1	Mr. Prepper can learn new recipes by disassembling items.	Препър може да научи нови рецепти, като разглобява предмети.	M. Prepper peut apprendre de nouvelles recettes en démontant des objets.	Мистер Выживальщик может узнавать новые рецепты, разбирая предметы.
UI/tutTipDisassemble2	If you disassemble something from your house,	Ако разглобиш нещо от къщата си,	Si vous démontez quelque chose de votre maison,	Если вы разберете что-то из своего дома,
UI/tutTipDisassemble3	you will always be able to reconstruct it.	винаги ще можеш да го сглобиш отново.	vous pourrez toujours le reconstruire.	то всегда сможете заново создать эти вещи.
UI/tipAdventuringGear1	With the backpack equipped, you can now use quick access slots.	С раницата, вече можеш да използваш бързите слотове.	Avec le sac à dos équipé, vous pouvez maintenant utiliser les emplacements d'accès rapide.	Надев рюкзак, вы можете использовать слоты быстрого доступа.
UI/tipAdventuringGear2	You can equip food, combat gear and other consumables here.	Тук можеш да облечеш храна, бойна екипировка и други консумативи.	Vous pouvez y équiper des aliments, des équipements de combat et autres consommables.	В них вы можете поместить еду, другие расходуемые предметы или боевое снаряжение.
UI/tipAdventuringGear3	You can use them any time with keyboard keys 1–4.	Можеш да ги използваш по всяко време с клавишите 1-4 на клавиатурата.	Vous pouvez les utiliser à tout moment avec les touches 1 à 4.	Вы можете использовать их в любое время с помощью клавиш 1-4.
UI/tipAdventuringGear3Port	You can use them any time by hold <sprite index=Button2_UIAtlas> and press <sprite index=Button36_UIAtlas>	Можеш да ги използваш по всяко време като натиснеш <sprite index=Button2_UIAtlas> и <sprite index=Button36_UIAtlas>	Vous pouvez y accéder à tout moment en maintenant <sprite index=Button2_UIAtlas> enfoncé et en appuyant sur <sprite index=Button36_UIAtlas>	Можешь использовать их в любое время, удерживая <sprite index=Button2_UIAtlas> и нажимая <sprite index=Button36_UIAtlas>
UI/youSureExit	Are you sure you want to exit? Your progress is being saved only when you sleep or nap.	Сигурен ли си, че искаш да излезеш? Твоят напредък се запазва само когато спиш или подремнеш.	Êtes-vous sûr de vouloir quitter? Votre progression est enregistrée uniquement lorsque vous dormez.	Вы уверены, что хотите выйти? Прогресс сохраняется только во время сна.
UI/CenterCamera	Center Camera	Центрирай камерата	Centrer la caméra	Отцентрировать камеру
UI/Up	Up	Нагоре	Haut	Вверх
UI/Down	Down	Надолу	Bas	Вниз
UI/Left	Left	Ляво	Gauche	Влево
UI/Right	Right	Дясно	Droite	Вправо
UI/Blueprints	Blueprints	Чертежи	Plans	Чертежи
UI/ChangeWeapon	Switch weapons	Смени оръжията	Changer d'armes	Сменить оружие
UI/Reload	Reload	Презареди	Recharger	Перезарядить
UI/GearSlot1	Gear Slot 1	Слот за оборудване 1	Emplacement d'équipement 1	Слот снаряжения 1
UI/GearSlot2	Gear Slot 2	Слот за оборудване 2	Emplacement d'équipement 2	Слот снаряжения 2
UI/GearSlot3	Gear Slot 3	Работна маса 3	Emplacement d'équipement 3	Слот снаряжения 3
UI/GearSlot4	Gear Slot 4	Слот за оборудване 4	Emplacement d'équipement 4	Слот снаряжения 4
UI/Timer	Timer	Таймер	Horloge	Таймер
UI/SpeedUp	Speed Up	Ускори	Accélérer	Ускорение
UI/Pouse	Pause	Пауза	Pause	Пауза
UI/Construction	Construction	Изработка	Construction	Постройка
UI/Inventory	Inventory	Инвентар	Inventaire	Инвентарь
UI/QuickGrab	Quick Grab	Бързо вземане	Prendre Rapidement	Быстрый подбор
UI/Avoid	Change Lane (Car)	Смени лента (кола)	Changer de voie (voiture)	Сменить полосу (машина)
UI/Boost	Boost (Car)	Ускорение (кола)	Boost (voiture)	Ускориться (машина)
UI/BasicBind	Default Bind	По подразбиране	Touches par défaut	Клавиши по умолчанию
UI/CustomBind	Custom Bind	Персонализиране на клавишите	Touches personnalisées	Пользовательские
UI/ReloadSave	Load Last Save	Зареди последното запаметяване	Charger la dernière sauvegarde	Загрузить посл. сохр.
UI/ReloadFurther	Go Further Back	Върни се още назад	Revenir plus loin	Вернуться раньше
UI/Load	Load	Зареди	Charger	Загрузить
UI/Block	Block	Блок	Parer	Блокировать
UI/TryAgain	Try Again	Опитай отново	Réessayer	Заново
UI/betaEnd1	You have finished all main quests in the beta version	Завършил си всички основни задачи в бета версията.	Vous avez terminé toutes les quêtes principales de la version beta	Вы завершили все основные задания в бета-версии
UI/betaEnd2	Thank you for playing the beta version!	Благодаря ти, че играеш бета версията!	Merci d'avoir joué à la version beta!	Спасибо, что сыграли в бета-версию!
UI/betaEnd3	   P.S. Although this is the end of Beta, it's not the end of the content you can discover. Feel free to continue! :)	П.С. Въпреки че това е краят на бета версията, това не е краят на съдържанието, което можеш да откриеш. Продължавай смело! :)	P.S. Bien que ce soit la fin de la bêta, ce n'est pas la fin du contenu que vous pouvez découvrir. N'hésitez pas à continuer! :)	   P.S. Пусть бета-версия и подошла к концу, в игре есть еще много неисследованного вами контента. Продолжайте, не стесняйтесь! :)
UI/lounch	Launch The Rocket	Изстреляй ракетата	Lancement de la Fusée	Запустить ракету
UI/MaterialsOnly	Materials Only	Само материали	Matériaux uniquement 	Только материалы
UI/CommunityLanguageAsk	The current language has been translated by the community. Some parts might be unfinished.\nDo you still want to use it?	Текущият език е преведен от общността. Някои части може да не са завършени.\nИскаш ли все пак да го използваш?	La langue actuelle a été traduite par la communauté. Certaines parties peuvent être inachevées.\nVoulez-vous continuer?	Выбранная локализация была создана сообществом. Она может быть не завершена.\nВы хотите продолжить играть с текущим переводом?
UI/GraphicsSettingsAsk	Do you want to keep the current display settings?\n(Yes - keep, No - back to default)	Искаш ли да запазиш текущите настройки на дисплея?\n(Да - запази, Не - върни се към стандартните)	Voulez-vous conserver les paramètres d'affichage actuels?\n(Oui - conserver, Non - revenir aux paramètres par défaut) 	Сохранить текущие настройки экрана?\n(Да – сохранить, нет – вернуть параметры по умолчанию)
UI/creditsBob	Live well and read well!	Живей добре и чети добре!	Vivez bien et lisez bien!	Хорошей тебе жизни и книжек!
UI/creditsHunter	Hunt down \nall of them!	Преследвай \nвсичките!	Traquez-les\nJusqu'au dernier!	Выследи \nих всех!
UI/creditsPrep	See ya!	До скоро!	À plus!	Бывай!
UI/creditsJoe	Find yourself a nice junkyard!	Намери си хубав автоморга!	Trouvez-vous une belle décharge!	Подыщи там себе хорошую свалку!
UI/creditsJenny	Live long and flourish!	Живей дълго и процъфтявай!	Vivez longtemps et épanouissez-vous!	Живи долго и процветай!
UI/creditsPostman	Send a nice postcard \nonce you're there!	Изпрати красива картичка \nведнъж там!	Envoyez une jolie carte postale\nune fois là-bas! 	Пошли красивую открытку, \nкогда долетишь!
UI/creditsProducers	Producers	Производители	Producteurs	Продюсеры
UI/creditsProgrammers	Programmers	Програмисти	Programmeurs	Программисты
UI/creditsGraphic	Graphical Assets	Графични активи	Assets Graphiques	Графические ассеты
UI/creditsWriter	Script Writer	Сценарист	Scénariste	Сценарист
UI/creditsMusic	Music and Sound Effects	Музика и звукови ефекти	Musique et Effets Sonores	Музыка и звуковые эффекты
UI/creditsDesign	Gameplay Design	Дизайн на играта	Gameplay Design	Геймдизайн
UI/creditsTranslators	Translators	Преводачи	Traducteurs	Переводчики
UI/creditsCommunity	Community Managers	Мениджъри на общността	Community Managers	Комьюнити-менеджеры
UI/creditsKillers	Bug Hunters	Ловци на бъгове	Chasseurs de Bugs	Охотники на баги
UI/creditsQA	Quality Assurance	Контрол на качеството	Assurance Qualité	Контроль качества
UI/creditsBeta	Beta Testers	Бета тестери	Beta Testeurs	Бета-тестеры
UI/creditsSpecial	Special Thanks	Специални благодарности	Remerciement Spécial à	Особая благодарность
UI/creditsExternal	External Producers	Външни производители	Producteurs Externes	Продюсеры от издателя
UI/creditsConcept	Based on a concept by	По идея на	Basé sur un concept de	Основано на концепте
UI/thx	Thank you for playing	Благодаря ти, че играеш!	Merci d'avoir joué	Спасибо, что поиграли!
UI/stop	Stop	Спри	Stop	Остановить
UI/lvl	lvl	ниво	lvl	ур.
UI/max	MAX	Макс	MAX	МАКС.
UI/car	Fuel Tank	Резервоар	Réservoir	Топливный бак
UI/Car	Car		Voiture	Автомобиль
UI/contextENTRANCE	Entrance	Вход	Entrée	ВХОД
UI/contextUNKNOWNLEVEL	Level ?	Ниво ?	Niveau ?	УРОВЕНЬ ?
UI/immortal	Immortal	Бессмертен	Immortel	Бессмертие
UI/mode	Game Mode	Режим на игра	Mode de jeu	Режим игры
UI/creative	Creative	Креатив	Créatif	Творческий
UI/regular	Regular	Обикновен	Normal	Обычный
UI/special	Special Modes	Специални режими	Modes Spéciaux	Особые режимы
UI/regularMode	Normal Game	Нормална игра	Jeu Normal	Обычная игра
UI/creativeDesc	You have unlimited access to all items and materials and you can set to be immortal. This mode is intended for people who like to focus on creative/building part of the game without any limitations. In this mode you will not be able to unlock any achievements.	Имаш неограничен достъп до всички предмети и материали и можеш да се направи неуязвим. Този режим е за хора, които харесват да се съсредоточат върху творческата/строителна част на играта без никакви ограничения. В този режим няма да можеш да отключиш никакви постижения.	Vous avez un accès illimité à tous les objets et matériaux de construction, et vous pouvez être immortel. Ce mode est destiné aux personnes qui aiment se concentrer sur la partie création/construction du jeu, sans aucune limitation. Dans ce mode, vous ne pourrez pas débloquer de succès.	У вас есть неограниченный доступ ко всем предметам и материалам, а ваш персонаж бессмертен. Этот режим - для людей, которые хотят сконцентрироваться на творческой/строительной части игры без всяких ограничений. В данном режиме вы не сможете открывать достижения.
UI/sandbox	Sandbox	Песочница	Sandbox	Песочница
UI/sandboxDesc	All locations are unlocked from the start. This is a storyless mode - you get to make your own path. 	Всички локации са отворен от самото начало. Това е режим без сюжет – ти можеш да си направиш собствен път.	Tous les lieux sont débloqués dès le début. Il s'agit d'un mode sans scénario/histoire - vous pouvez suivre votre propre chemin.	Все области карты открыты с самого начала. Режим с меньшим упором на сюжет, где вы вольны идти своим путем. 
UI/moreComing	more to come	повече след скоро	Plus à venir	и это еще не все
UI/CreativeOp	Creative Mode Options	Опции за креативен режим	Options Mode Créatif	Настройки творческого режима
UI/creativeIcon	Creative Mode Options [C]	Опции на режим на творчество [C]	Options Mode Créatif [C]	Настройки творческого режима [C]
UI/beta	Beta	Бета	Beta	Бета
UI/diffEasy	Easy	Лесно	Facile	Легкая
UI/diffEasyDesc	For those who just want to enjoy a calm everyday life of a prepper.	За тези, които просто искат да се наслаждават на спокоен ежедневен живот на препър.	C'est plus facile	Для тех, кто хочет просто насладиться спокойной повседневной жизнью выживальщика.
UI/diffNormal	Normal	Нормален	Normal	Обычная
UI/diffNormalDesc	Intended/balanced difficulty. We recommend you to start with this one.	Предвидена/балансирана трудност. Препоръчваме да започнеш с нея.	Difficulté prévue	Задуманная сложность, с которой мы рекомендуем начать знакомство с игрой.
UI/diffHard	Hard	Трудно	Difficile	Сложная
UI/diffHardDesc	For players who want a bigger challenge.	За играчи, които искат по-голям предизвикателство.	C'est plus difficile	Для тех, кому слишком легко.
UI/diff	Difficulty	Сложност	Difficulté	Сложность
UI/diffHardcoreDesc	<U>Hardcore</U> - if you faint, your save file is deleted	<U>Хардкор</U> - ако изпаднеш, твоят сейв се изтрива	<U>Hardcore</U> - si vous vous évanouissez, votre sauvegarde sera supprimée	<U>Хардкор</U> - если вы упадете в обморок, сохранение будет удалено
UI/diffHardcore	Hardcore	Хардкор	Hardcore	Хардкор
UI/daysSurvive	Days survived	Дни оцеляване	Jours survécus	Дней пережито
UI/corruptSuc	Your save file was corrupted. Automatic recovery was successful and everything should be fine now. If you encounter any more problems, please contact us via Steam or Discord. 	Твоят файл с запазване е поврежден. Автоматичното възстановяване беше успешно и всичко вече трябва да е добре. Ако срещнеш други проблеми, свържи се с нас чрез Steam или Discord.	Votre fichier de sauvegarde a été corrompu. La récupération automatique a réussi et tout devrait bien se passer maintenant. Si vous rencontrez d'autres problèmes, veuillez nous contacter via steam ou discord.	Ваш файл сохранения был поврежден. Автоматические восстановление прошло успешно, теперь все должно быть в порядке. Если у вас возникнут другие проблемы, напишите нам через Steam или Discord.
UI/corruptFail	Your save file was corrupted. Automatic recovery failed. Corrupted save file was moved to Corr folder in your save files directory. Please contact us via Steam or Discord and we will try to help.	Твоят файл с запазено състояние е поврежден. Автоматическото възстановяване не е успя да помогне. Повреденият файл е преместен в папката Corr в директорията с файловете ти за запазване. Моля, свържи се с нас чрез Steam или Discord и ще се опитаме да помогнем.	Votre fichier de sauvegarde a été corrompu. La récupération automatique a échoué. Le fichier de sauvegarde corrompu a été déplacé vers le dossier Corr dans votre répertoire de fichiers de sauvegarde. Veuillez nous contacter via steam ou discord et nous essaierons de vous aider.	Ваш файл сохранения был поврежден. Автоматические восстановление не помогло. Поврежденный файл сохранения был перемещен в папку «Corr» в директории с вашими сохранениями. Пожалуйста, свяжитесь с нами через Steam или Discord, и мы попытаемся вам помочь.
UI/ok	OK	ОК	Ok	ОК
UI/halloween	HALLOWEEN	ХАЛОУИН	HALLOWEEN	ХЭЛЛОУИН
UI/halloweenFlyerText	MEET ME IN THE FOREST	Срещи ме в гората	RENCONTREZ-MOI DANS LA FORÊT	ВСТРЕТИМСЯ В ЛЕСУ
UI/contextCLOSE	CLOSE	ЗАБРАНИ	FERMER	ЗАКРЫТЬ
UI/contextAnimalsBand	TRACKING DEVICE	Устройство за проследяване	DISPOSITIF DE TRAÇAGE	УСТРОЙСТВО СЛЕЖЕНИЯ
UI/contextMaterial	BLACK FABRIC	ЧЕРНА ТЪКАНЩИНА	TISSU NOIR	ЧЕРНАЯ ТКАНЬ
UI/contextBrokenCamera	BROKEN CAMERA	Сломен фотоапарат	CAMÉRA CASSÉE	СЛОМАННАЯ КАМЕРА
UI/contextUFO	UFO	НЛО	OVNI	НЛО
UI/rocketNeeded0	<B>Unlock</B>: build Rocket Silo	<B>Отключи</B>: построи ракетен силоз	<B>Débloquer</B>: construction d'un silo à missiles	<B>Разблокировать</B>: постройте ракетную шахту
UI/rocketNeeded1	<B>Unlock</B>: finish building Rocket Phase 2	<B>Отключи</B>: завърши изграждането на Фаза 2 на Ракета	<B>Débloquer</B>: terminer la Phase 2 Construction de missile	<B>Разблокировать</B>: закончите вторую фазу строительства ракеты
UI/rocketNeeded2	<B>Unlock</B>: finish building Rocket Phase 3	<B>Отключи</B>: завърши изграждането на фаза 3 на ракетата.	<B>Débloquer</B>: terminer la Phase 3 Construction de missile	<B>Разблокировать</B>: закончите третью фазу строительства ракеты
UI/contextSHAVE	Shave	Бръсни	Raser	СТРИЧЬ
UI/contextMILK	Milk	Мляко	Traire	ДОИТЬ
UI/contextFEED	FEED	ПИЩАНЕ	NOURIR	КОРМИТЬ
UI/contextFILLET	Fillet	Филет	Fileter	СДЕЛАТЬ ФИЛЕ
UI/contextFILLET_ALL	Fillet All	Нарежи всичко	Fileter tout	СДЕЛАТЬ ФИЛЕ ИЗ ВСЕГО
UI/wall	Wall	Зриво	Mur	Стена
UI/floor	Floor	Етаж	Sol	Пол
UI/ceiling	Ceiling	Таван	Plafond	Потолок
UI/customRoomTextureInfo	You can use <color=yellow>your own images</color>.\nPut them in "<color=yellow>Custom Room Texture</color>" folder in your game instalation directory and reload your save file.\nImages needs to be in <color=yellow>JPG or PNG</color> format.	Можеш да използваш <color=yellow>свои изображения</color>.\nПостави ги в папката „<color=yellow>Custom Room Texture</color>“ в директорията на инсталацията на играта и презареди съхранелия си файл.\nИзображенията трябва да са в формат <color=yellow>JPG или PNG</color>.	\\GameDir\\MrPrepper\\CustomRoomTexture\\YOURIMAGE\n <color=yellow>JPG</color> / <color=yellow>PNG</color>	Вы можете использовать <color=yellow>собственные изображения</color>.\nПоместите их в папку «<color=yellow>Custom Room Texture</color>», которая находится в директории игры, и перезагрузите свое сохранение.\nИзображения должны быть в формате <color=yellow>JPG или PNG</color>.
UI/addToWhislist	Add it to your Wishlist!	Добави го към твоя списък с желания!	Ajoutez-le à votre liste de souhaits!	Добавьте в список желаемого!
UI/skipToUFO	Do you want to wait till 3:00?	Искаш да чакаш до 3:00?	Voulez-vous attendre jusqu'à 3:00?	Вы хотите подождать до 3 часов ночи?
UI/unknown	Unknown	Неизвестно	Inconnu	Неизвестно
UI/prefWeather	Preferred weather	Предпочитан метеорологичен режим	Météo préférée	Предпочитаемая погода
UI/prefTime	Preferred time	Предпочитано време	Moment préféré	Предпочитаемое время
UI/prefLocation	Preferred location	Предпочитано място	Lieu préféré	Предпочитаемая область
UI/anyConditions	Without preferences	Без предпочитания	Sans préférences	Без предпочтений
UI/bestFishingRod	Best fishing rod	Най-добра риболовна кърпа	Meilleure canne à pêche	Лучшая удочка
UI/bestBait	Best bait	Най-добна примамка	Meilleur appât	Лучшая приманка
UI/Rainy	Rainy	Дъжд	Pluvieux	Дождь
UI/Sunny	Sunny	Слънчево	Ensoleillé	Солнце
UI/Foggy	Foggy	Малко мъгла	Brumeux	Туман
UI/Stormy	Stormy	Бурено	Orageux	Буря
UI/LabirinthLake	Maze Lake	Лабиринт Езеро	Lac du labyrinthe	Озерный лабиринт
UI/Night	Nighttime	Нощ	Nuit	Ночь
UI/Morning	Morning	Сутрин	Matin	Утро
UI/FBaitBasic	Basic	Основен	Basique	Простая
UI/FBaitGood	Good	Добре	Bon	Хорошая
UI/FBaitGreat	Great	Чудесно	Très bon	Отличная
UI/FBaitExcelent	Excellent	Отлично	Excellent	Идеальная
UI/OldRod	Old fishing rod	Стара риболовна кърпа	Vieille canne à pêche	Старая удочка
UI/GoodRod	Good fishing rod	Добър риболовен кърпак	Bonne canne à pêche	Хорошая удочка
UI/ExpertRod	Expert fishing rod	Експертна риболовна кърпа	Canne à pêche expert	Профессиональная удочка
UI/Pet	Pet	Хаметар	Caresser	Погладить
UI/getFishingReward	Collect an award from Will!	Събери награда от Will!	Récupérez une récompense de la part de Will!	Заберите награду у Уилла!
UI/contextPET	PET	ПЕТ	Caresser	ПОГЛАДИТЬ
UI/contextCLEANUP	Clean up	Почисти	Ranger	ПРИБРАТЬСЯ
UI/contextOpenTrunk	Open the trunk	Отвори багажника	Ouvrir le coffre	ОТКРЫТЬ ЯЩИК
UI/contextElevatorStorage	Storage	Съхранение	Stockage	ХРАНИЛИЩЕ
UI/contextPUSH	Push	Пъхни	Pousser	ТОЛКНУТЬ
UI/autopilot	Autopilot	Автопилот	Pilote automatique	Автопилот
UI/autopilotUpgrade1	Autopilot upgrade	Автопилот ъпгрейд	Mise à niveau du pilote automatique	Улучшение «автопилот»
UI/autopilotUpgrade2	Solar panels	Соларни панели	Panneaux solaires	Солнечные панели
UI/autopilotDescription1	Your car will drive automatically, but will consume a bit more fuel.	Твоята кола ще се кара сама, но ще консумира малко повече гориво.	Votre voiture roulera automatiquement, mais consommera un peu plus de carburant.	Ваша машина будет управляться автоматически, но будет потреблять немного больше топлива.
UI/autopilotDescription2	Your car will drive automatically without any additional cost.	Твоята кола ще се кара автоматично без допълнителни разходи	Votre voiture roulera automatiquement sans frais supplémentaires.	Ваша машина будет управляться автоматически без штрафа к потреблению топлива.
UI/contextWEATHER_TODAY	TODAY'S FORECAST	ДАНАС ПРОГНОЗ	PRÉVISIONS DU JOUR	ПРОГНОЗ НА СЕГОДНЯ
UI/contextWEATHER_TOMORROW	TOMORROW'S FORECAST	Прогноза за утре	LES PREVISIONS DE DEMAIN	ПРОГНОЗ НА ЗАВТРА
UI/contextPLAY	Play	Играй	Jouer	ИГРАТЬ
UI/contextSHOOT	Shoot	Изстрел	Tirer	СТРЕЛЯТЬ
UI/dogeUndergroundTut1	Xeno will be uncomfortable underground.	Xeno ще се чувства нещачен под земята	Xeno ne va pas se sentir bien sous terre.	Ксено будет неуютно под землей.
UI/dogeOvergroundTut1	Xeno is still getting to know you.	Xeno все още те познава	Xeno ne s'est pas encore habitué à vous.	Ксено все еще присматривается к вам.
UI/dogeOvergroundTut2	You need to feed him and play with him to raise your friendship level.	Трябва да го храниш и да играеш с него, за да повишиш нивото на приятелството си.	Vous devez le nourrir et jouer avec lui pour augmenter votre niveau d'amitié.	Чтобы укрепить свою дружбу, кормите его и играйте с ним.
UI/dogeOvergroundTut3	By raising friendship level, Xeno will learn new behaviors and keep you more Prepared.	Чрез повишаване на нивото на приятелство, Xeno ще научи нови навици и ще те подготви по-добре.	Avec l'accroissement de votre niveau d'amitié, Xeno apprendra de nouveaux comportements et augmentera votre niveau de Préparation.	С повышением уровня дружбы, Ксено будет учиться новым моделям поведения, а вы будете чувствовать себя более подготовленным.
UI/anyMeat	Any Meat	Всяка месо	Viande au choix	Любое мясо
UI/anyVege	Any food without meat	Всички храни без месо	Nourriture sans viande au choix	Любая еда без мяса
UI/anySeed	Any Seed	Всяко семе	Graine au choix	Любое семя
UI/anyFruit	Any fruit	Всяко плод	Fruit au choix	Любой фрукт
UI/bestFood	Best Food	Най-добра храна	La meilleure des nourritures	Лучшая еда
UI/goodFood	Good Food	Добро храна	Bonne nourriture	Хорошая еда
UI/okayFood	Okay Food	Добре храна	Nourriture mangeable	Обычная еда
UI/animalPet	Pet	Хаметар	Caresser	Погладить
UI/barnHole	Hole in the barn	Отвор в наврата	Trou dans l'étable	Дыра в сарае
UI/brokenFence	Broken fence	Счупена ограда	Clôture cassée	Сломанный забор
UI/mazeLevel	Maze level	Ниво на лабиринта	Niveau de Labyrinthe	Уровень лабиринта
UI/mazeUnlocked	unlocked	отключен	débloqué	разблокирован
UI/mazeLocked	locked	заключен	bloqué	заблокирован
UI/mazeProgressInfo	This panel displays unlocked maze levels and progress towards the next level. \nEach time you reach end of maze you are progressing towards unlocking the next level. \nHigher maze levels are longer, harder and give better rewards.\nEach day maze level is chosen randomly from your unlocked maze levels.	Този панел показва отворения нива на лабиринта и твоето напредване към следващото ниво. \nВсеки път, когато стигнеш до края на лабиринта, напредваш към отключване на следващото ниво. \nПо-високите нива на лабиринта са по-дълги, по-трудни и дават по-добри награди.\nВсеки ден нивото на лабиринта се избира случайно от твоите отворени нива.	Ce panneau affiche les niveaux de labyrinthe débloqués ainsi que la progression jusqu'au niveau suivant. Chaque fois que vous atteignez le bout du labyrinthe, vous vous rapprochez du déblocage du niveau suivant. Les niveaux de labyrinthe plus élevés sont plus longs et plus difficiles mais rapportent de meilleures récompenses. Le niveau de labyrinthe est tiré au sort chaque jour parmi les niveaux de labyrinthe que vous avez débloqués.	В этом меню отображаются разблокированные уровни лабиринта и ваш прогресс по открытию следующих. \r\nДобираясь до конца лабиринта, вы увеличиваете прогресс по открытию следующего уровня. \r\nБолее сложные уровни длиннее и труднее, но растет и награда.\r\nКаждый день уровень лабиринта выбирается случайным образом из тех, которые вы успели открыть.
UI/contextGiveTreat	GIVE TREAT	ДАЙ ПОДАРА	DONNER UNE FRIANDISE	УГОСТИТЬ
UI/fishingCaughtFish	You caught	Улови	Vous avez attrapé:	Ваш улов:
UI/fishingNotCaughtFish	Close one, maybe next time!	Закрий го, може следващия път!	Vous n'étiez pas loin, la prochaine fois, peut être!	Почти получилось, повезет в другой раз!
UI/fishingMinigameMiss	Miss	Пропусна	Vous n'avez pas réussi	Неудача
UI/fishingMinigameGoodJob	Good Job!	Добре работеше	Bon travail!	Отлично!
UI/fishingSignTooltip	Fish have their preferences regarding weather, time of the day and other things.\n\nThe weather is variable, so if you want to plan your fishing, check the weather forecast on the radio.\n\nIn the case of the time of day, the fish like these times:\nMorning: Till 12:00\nDay: 12:00 - 17:00\nNight: From 17:00	Рибите имат предпочитания спрямо времето, часа на деня и други неща.\n\nВремето е променливо, така че ако искаш да планираш риболов, провери прогнозата на радио.\n\nВ случай на часа на деня, рибите харесват тези времена:\nСутрин: До 12:00\nДен: 12:00 - 17:00\nНощ: От 17:00	Les poissons ont leurs préférences en ce qui concerne la météo, le moment de la journée et autres.\n\nLa météo est changeante, donc si vous voulez aller à la pêche, vérifiez la météo à la radio.\n\nEn ce qui concerne le moment de la journée, les poissons aiment les heures suivantes :\nMatin : Jusqu'à 12h00\nJournée : 12h00 - 17h00\nNuit : À partir de 17h00	Разные виды рыб предпочитают разную погоду, время суток и прочее.\n\nПогода может меняться, так что если вы планируете порыбачить, проверьте прогноз погоды.\n\nЧто же касается времени суток, рыбе нравятся следующие часы:\nУтро: до 12:00\nДень: 12:00 - 17:00\nНочь: с 17:00
UI/menuDLCInfo	Playing the DLC starts on the tenth day of game time, when you receive a letter with a work order from the Agency.	Играенето на допълнителното съдържание започва на десетия ден от игровото време, когато получавате писмо с работна поръчка от Агенцията.	Le DLC commence le dixième jour du jeu, lorsque vous recevez une lettre de l'Agence avec un ordre de travail.	Чтобы начать дополнение, дождитесь десятого дня и наряда на работу от Агентства.
UI/menuDLCEnable	DLC is enabled.	Разширението е активирано.	Le DLC est activé.	Дополнение включено.
UI/menuDiscord	Join Discord	Присъедини се към Discord	Rejoignez le discord	Заходите в Discord
UI/DLCs	DLCs	DLC	DLC	DLC
UI/farmDLC	Animal Farm	Зооферма	Animal Farm	Скотный двор
UI/dlcSave	<b><size=20>incompatible</size></b>\n\nThis game file was saved with DLC(s) enabled. Install the DLC(s) listed in the save file description to load this game.	<b><size=20>не съвместимо</size></b>\n\nТози файл на играта е запазен с активирани DLC(s). Инсталирай DLC(s) изброени в описанието на файла, за да заредиш играта.	<b><size=20>incompatible</size></b>\n\nCe fichier de jeu a été enregistré avec le(s) DLC activé(s). Installez le(s)DLC répertorié(s) dans la description du fichier de sauvegarde pour charger ce jeu.	<b><size=20>несовместимо</size></b>\n\nВ этом сохранении используется DLC. Чтобы загрузить его, установите DLC, перечисленные в описании сохранения.
UI/farmDLCFirstEnableInfo	<b><size=20>Animal Farm</size></b>\n\nAnimal Farm DLC is enabled. You can play it on an old save file or start a new one. The recommended way to enjoy the Animal Farm DLC is starting it with a fresh save file. Have fun!	<b><size=20>Animal Farm</size></b>\n\nDLC Animal Farm е активирано. Може да го играеш със стар сейв файл или да започнеш нов. Препоръчваме да започнеш с чист сейв файл, за да се насладиш на DLC Animal Farm. Ужасявай се!	<b><size=20>Animal Farm</size></b>\nLe DLC Animal Farm est activé. Vous pouvez jouer sur un ancien fichier de sauvegarde ou en créer un nouveau. Pour profiter du DLC Animal Farm, nous vous recommandons de démarrer avec un nouveau fichier de sauvegarde. Amusez-vous bien!	<b><size=20>Скотный двор</size></b>\n\nDLC «Скотный двор» включено. Вы можете начать его, загрузив старое сохранение или создав новую игру. Мы считаем, что интереснее всего будет начать игру сначала, но в любом случае – наслаждайтесь!
UI/dogeUpperFloorTut1	Xeno will be uncomfortable if you close him on the upper floor.	Xeno ще се изнерви, ако го затвориш на горния етаж	Xeno ne va pas se sentir bien si vous l'enfermez au premier étage.	Ксено будет неуютно, если вы закроете его на верхнем этаже.
UI/contextLAUNCH_ROCKET_SATELITE	Set the target: Brazen Serpent	Задай цел: Бръсен Змей	Déterminez la cible : Serpent d'Airain	УСТАНОВИТЬ ЦЕЛЬ «МЕДНЫЙ ЗМИЙ»
UI/farmDLCAvailable	Available in the Animal Farm DLC	Налично в Animal Farm DLC	Disponible dans le DLC Animal Farm	Доступно в DLC «Скотный двор»
UI/notEnoughGranades	You need grenades to play this	Трябва ти гранати за това	Pour jouer, il vous faut des grenades	Для прохождения необходимы гранаты
UI/TwoButtonsAttack	Attack with [Q] to the left. Attack with [E1] to the right.	Атакувай с [Q] наляво. Атакувай с [E1] надясно.	Attaquer vers la gauche avec [Q]. Attaquer vers la droite avec [E1].	Чтобы атаковать слева, нажмите [Q]. Чтобы атаковать справа, нажмите [E1].
UI/TwoButtonsAttackPort	Attack with <sprite index=27> to the left. Attack with <sprite index=28> to the right.	Атакувай с <sprite index=27> наляво. Атакувай с <sprite index=28> надясно.	Attaquer vers la gauche avec <sprite index=27>. Attaquer vers la droite avec <sprite index=28>.	Чтобы атаковать слева, нажмите <sprite index=27>. Чтобы атаковать справа, нажмите <sprite index=28>.
UI/CursorAttack	Attack with [E2] in the direction of the cursor.	Атакувай с [E2] в посока на курсора	Attaquer avec [E2] dans la direction du curseur.	Атакуйте с помощью [E2] в направлении курсора.
UI/CursorAttackPort	Attack in the direction you're aiming with <sprite index=28>.	Атакувай в посоката, към която цели с <sprite index=28>.	Attaquer avec <sprite index=28> dans la direction où vous visez.	Атакуйте с помощью <sprite index=28> в направлении, в котором целитесь.
UI/OldCombatSystem	Click on an enemy to attack them.	Кликни върху враг, за да атакуваш	Cliquer sur un ennemi pour l'attaquer.	Нажмите на врага, чтобы атаковать его.
UI/OldCombatSystemPort	Press <sprite index=Button0_UIAtlas> on an enemy to attack them.	Натисни <sprite index=Button0_UIAtlas> върху враг, за да атакуваш.		
UI/CombatTutTittle1	How to fight	Как да се биеш	Comment combattre	Как сражаться
UI/CombatTutDescription1	There are two attack buttons. \nClick to attack once or hold to keep attacking.	Има две бутона за атака. \nКликни за едно нападение или задръж, за да продължи да атакуваш.	Il y a deux boutons d'attaque.\nCliquez pour attaquer une fois ou maintenez pour continuer à attaquer.	Чтобы атаковать, предусмотрено две кнопки. \nЩелкните кнопкой мыши или зажмите ее, чтобы продолжить атаку.
UI/AttackLeftTut	Attack to the left with [Q]	Атакувай наляво с [Q]	Attaquer vers la gauche avec [Q]	Атакуйте в левую сторону с помощью [Q]
UI/AttackRightTut	Attack to the right with [E]	Атакувай вдясно с [E]	Attaquer vers la droite avec [E]	Атакуйте в правую сторону с помощью [E]
UI/CombatTutTittle2	options	Опции	Options	настройки
UI/CombatTutDescription2	You can customize attacking to fit your own preferences in the gameplay settings menu.	Можеш да персонализираш атаката според своите предпочитания в менюто за настройки на играта.	Vous pouvez personnaliser l'attaque en fonction de vos préférences dans le menu de configuration du jeu.	Если вы хотите изменить управление под себя, зайдите в настройки игрового процесса.
UI/calMon	Monday	Понеделник	Lundi	Понедельник
UI/calTue	Tuesday	Вторник	Mardi	Вторник
UI/calWed	Wednesday	Сряда	Mercredi	Среда
UI/calThu	Thursday	Четвъртък	Jeudi	Четверг
UI/calFri	Friday	Петък	Vendredi	Пятница
UI/calSat	Saturday	Събота	Samedi	Суббота
UI/calSun	Sunday	Неделя	Dimanche	Воскресенье
UI/Attack	Attack	Атака	Attaquer	Атака
UI/AttackLeft	Attack to the left	Нападение отляво	Attaquer vers la gauche	Атака слева
UI/AttackRight	Attack to the right	Нападение надясно	Attaquer vers la droite	Атака справа
UI/keyBindsConflict	Some key bindings are in conflict!	Някои клавишни комбинации се конфликт!	Il y a un conflit d'attribution des touches!	Назначенные клавиши конфликтуют друг с другом!
UI/dlcLoadWarning	You are loading a save file that has not been saved with your currently enabled DLC(s). After you do that, you will not be able to load this save file without your currently enabled DLC(s). Do you want to continue?	Зареждаш файл с запазване, който не е запазен с твоите текущи активирани DLC(s). След това няма да можеш да заредиш този файл без твоите текущи активирани DLC(s). Искаш ли да продължиш?	Vous êtes en train de charger un fichier de sauvegarde qui n'a pas été sauvegardé avec le(s) DLC actuellement activé(s). Une fois que vous aurez effectué cette action, vous ne pourrez pas charger ce fichier de sauvegarde sans le(s) DLC actuellement activé(s). Souhaitez-vous continuer?	Вы загружаете сохранение, в котором не активировано одно или несколько установленных дополнений. После загрузки вы больше не сможете запускать это сохранение без активированных на данный момент дополнений. Вы хотите продолжить?
UI/dogeFriendshipLevel1	You feel more prepared. Xeno will now start reacting to the postman and the neighbors arriving.	Чувш се по-подготвен. Xeno вече ще започне да реагира на пристигането на пощенския и съседите.	Vous vous sentez plus préparé. Xeno va commencer à réagir lorsque le facteur ou les voisins arriveront.	Вы чувствуете себя более подготовленным. Ксено начнет реагировать на прибытие почтальона и ваших соседей.
UI/dogeFriendshipLevel2	Xeno will be bringing you newspapers and hiding when the agent arrives.	Xeno ще ти носи новини и ще се скрие, когато пристигне агентът.	Xeno vous apportera le journal et se cachera quand un agent arrivera.	Ксено будет приносить вам газеты и прятаться по приходу Агента.
UI/dogeFriendshipLevel3	Xeno will be hiding his bowl from the Agent and will be bringing you gifts from time to time.	Xeno ще крие купата си от Агента и от време на време ще ти носи подаръци	Xeno cachera sa gamelle pour que l'agent ne la trouve pas et vous apportera des cadeaux de temps en temps.	Ксено будет прятать от Агента свою миску и время от времени приносить вам подарки.
UI/dogeFriendshipLevelLabel	Xeno Friendship Level:	Ниво на приятелство с Зено:	Niveau d'amitié avec Xeno:	Уровень дружбы с Ксено:
UI/dogeFriendshipBenefLabel	Friendship benefits	Преди приятелство	Bénéfices de l'amitié	Преимущества дружбы
UI/allCategory	All	Всички	Tout	Все
UI/dogFriendshipTooltip	When you interact with Xeno - for instance, you pet him, \ngive him snacks or react to his behavior - your friendship will increase.\nHowever, if you leave him alone at home at night or you \nneglect his needs to the point when he escapes, your friendship will decrease.\nThese are not the only factors that affect your friendship. \nPay attention to Xeno and his reactions in order to notice \nwhat changes your friendship level.	Когато взаимодействаш с Ксено - например, го галиш, \nдай му лакомства или реагирай на поведението му - приятелството ви ще се увеличи.\nВъпреки това, ако го оставиш сам вкъщи през нощта или ти \nАко пренебрегнеш нуждите му до такава степен, че избяга, приятелството ти ще намалее.\nТова не са единствените фактори, които влияят на приятелството ви. \nОбърни внимание на Ксено и неговите реакции, за да забележиш \nкакво променя нивото на приятелството ти.	Lorsque vous interagissez avec Xeno, par exemple lorsque vous le caressez, lui donnez quelque chose à manger ou réagissez à son comportement, votre niveau d'amitié augmente.\nMais si vous le laissez seul à la maison la nuit ou s'il s'échappe parce que vous avez négligé ses besoins, votre niveau d'amitié chutera.\nCe ne sont pas les seuls facteurs qui affectent votre niveau d'amitié. Soyez attentif à Xeno et à ses réactions afin de remarquer ce qui modifie votre niveau d'amitié.	Когда вы взаимодействуете с Ксено (например, гладите его,\r\nкормите или реагируете на его поведение), вы повышаете уровень дружбы.\r\nОднако если вы будете оставлять его одного на ночь\r\n(или пренебрегать его нуждами до такой степени, что он сбежит),\r\nуровень дружбы уменьшится. Это не все, что влияет на ваши отношения.\r\nНаблюдайте за реакцией Ксено на ваши действия, чтобы понять,\r\nчто меняет уровень дружбы.
UI/creditsAnimalFarm	Additional help with Animal Farm DLC	Допълнителна помощ с допълнението "Животинска ферма"	Aide supplémentaire avec le DLC Animal Farm	Дополнительная помощь с DLC «Скотный двор»
UI/creditsWill	Respect the land or it'll bite you	Уважавай земята или тя ще те хапне	Respectez la terre, sinon elle vous mordra	Уважай землю, или она тебя покусает
UI/credits	Credits	Автори	Crédits	Авторы
UI/translationInProgress	Translation in progress - coming soon	Превод в процес - скоро	Traduction en cours - bientôt disponible	Перевод в процессе - скоро будет доступен
UI/ultimateFishBoard	Ultimate Fish Board	Крайна рибна дъска	Tableau des poissons	Рыболовный справочник
UI/advancedCombatMode	This book activates advanced combat mode, allowing you to attack and move simultaneously. It can be disabled later. Enable now?	Тази книга активира режим на напреднал бой, позволявайки ти да атакуваш и се движиш едновременно. По-късно можеш да го изключиш. Активирай сега?	Ce livre active le mode de combat avancé, vous permettant d'attaquer et de vous déplacer simultanément. Il peut être désactivé ultérieurement. Voulez-vous l'activer maintenant ?	Эта книга активирует расширенный режим боя, позволяя вам атаковать и двигаться одновременно. Его можно отключить позже. Включить сейчас?
UI/advancedCombatModeNo	You still get other benefits from this book: \nbetter speed and damage. 	Все още получаваш други ползи от тази книга: \nпо-бърза и по-силна. 	Vous bénéficiez toujours des autres avantages de ce livre : une vitesse supérieure et des dégâts plus importants.	Вы все еще получаете другие преимущества этой книги:\nлучшую скорость и урон.
UI/advancedCombatModeSetting	Stop when attacking	Спре при атака	Arrêtez-vous lorsque vous attaquez	Остановиться при атаке
UI/contextKILL	Kill	Убий	Tuer	
UI/fishingMinigameToEarly	Too Early!	Твърде рано!	Trop tôt!	
UI/fishingMinigameToLate	Too Late!	Твърде късно!	Trop tard!	
UI/minigameEvent	event	събитие	événement	событие
UI/minigameBeat	Reach the score:	Достигни резултат:	Faites mieux que le score	Превзойти результат
UI/minigameToGet	to get a prize of	за да вземеш награда от	et reçois une récompense en argen	и получи денежный приз
UI/minigameWin	We have a winner!!!	Имаме победител!!!	Nous avons un gagnant!	У нас есть победитель!
UI/minigameWin2	The reward will be delivered to your mail box.	Наградата ще бъде изпратена в твоята поща	La récompense sera déposée dans votre boîte aux lettres.	Награда будет доставлена в ваш почтовый ящик.
UI/minigameEventFreedomRoad	Beat the target score in a Freedom Road event!	Достигни целевия резултат в събитието Freedom Road!	Faites mieux que le score cible dans un événement Freedom Road	Превзойти целевой результат в мероприятии Freedom Road
UI/minigameEventUndeadHell	Beat the target score in an Undead Hell event!	Достигни целевия резултат в събитието Undead Hell!	Faites mieux que le score cible dans un événement Undead Hell	Превзойдите целевой результат на мероприятии Undead Hell
UI/minigameGetScoreUndeadHell1	Nights to survive:	Нощувки за оцеляване:	Survis autant de nuits	Пережить столько ночей
UI/minigameGetScoreFreedomRoad	Reach the level:  	Достигни ниво:	Atteindre le niveau	Достигни уровня
UI/minigameFlierTitle	GAME COMPETITION	ГРАНИЧЕН ТОРГ	CONCOURS DANS LE JEU	КОНКУРС В ИГРЕ
UI/minigameCongratulation	CONGRATULATIONS	ПОЗДРАВЛЕНИЯ	FÉLICITATIONS 	ПОЗДРАВЛЯЕМ 
UI/minigameCongratulation2	MR. PREPPER!	Г-н Препър!	M. PREPPER !	МИСТЕР ПРЕППЕР!
UI/minigameReachedTargetScore	YOU'VE REACHED THE TARGET SCORE IN THE GAME:	Достигнах си целевия резултат в играта:	VOUS AVEZ ATTEINT LE SCORE CIBLE DANS LE JEU :	ВЫ ДОСТИГЛИ ЗАДАННЫЙ БАЛЛ В ИГРЕ:
UI/minigameYouWon	YOU WON	Победи	VOUS AVEZ GAGNÉ	ВЫ ВЫИГРАЛИ
UI/minigameOutstandingJob	OUTSTANDING JOB! SEE YOU IN THE NEXT EVENT	ВЪРШИ! Свидане ти на следващото събитие	EXCELLENT TRAVAIL ! À LA PROCHAINE ÉVÉNEMENT !	ОТЛИЧНАЯ РАБОТА! УВИДИМСЯ НА СЛЕДУЮЩЕМ МЕРОПРИЯТИИ!
UI/minigameGameingClub	NEIGHBORHOOD GAMING CLUB	НАЙБЛИЗКИЯ КЛУБ	CLUB DE JEUX DU QUARTIER	КЛУБ ИГРОВОГО СОСЕДСТВА
UI/computerNotebookContentText	Tuesday\n\nDear Diary... ah, damn, no, I can't do it like this.\n\nWednesday\n\nOkay, once again. I decided to start making some notes as an exercise. My memory feels bad and all days seem to be the same. It is said that journaling makes you remember stuff better. I will try and see how this works out.\n\nThursday\n\nToday I was just walking around Murricaville area. I think such long walks help me concentrate. I need to get to know the surroundings better.\n\nFriday\n\nThe forest seems familiar somehow: the plants, the light, the scents. One thing surprised me though, and it was the sound of howling. Since when do we have wolves around here? \n\nSaturday \n\nRestless today. Did some small chores and repairs around the house. I can't help thinking that the town is too quiet. What is missing? The traffic, maybe? The daily chatter of neighbors? Barking of dogs?\n\nSunday\n\nA dream about flying. Gaining speed. Exhilaration. I don't actually know whether I'm in an airplane or not. I'm flying right above the treeline, I feel I'm reaching my destination, but I don't slow down for landing, I just go faster, treetops are closer. I wake up with a twitch of my whole body.\n\nTuesday\n\nDecided to drive around Murricaville for a bit. Not much going on. Neighbors greet each other with "Bless the President!". The postman delivers "One Truth" (what happened to other newspapers?). Everything looks the same. Nothing is happening. Everything is thoroughly, deeply, incredibly boring.\n\nShould I drive further and see how it is in other places?\n\nWednesday\n\nI dreamt about dogs tonight. Don't remember the details, but it wasn't a pleasant dream. Barking, growling. Why they were so agitated? I don't know.\n\nThursday\n\nLiterally nothing happened today. I'm so bored I don't even know what to write here.\n\nSaturday\n\nOkay, I'm leaving tomorrow. I have a full tank. I really, really need to see other places.\n\n	Вторник\n\nСкъпо дневниче... а, по дяволите, не, не мога да го напиша така.\n\nСряда\n\nДобре, отново. Реших да започна да си водя бележки като упражнение. Паметта ми се чувства зле и всички дни изглеждат еднакви. Казват, че воденето на дневник помага да запомниш нещата по-добре. Ще опитам и ще видя как ще се получи.\n\nЧетвъртък\n\nДнес просто се разхождах из района на Мюрикавил. Мисля, че такива дълги разходки ми помагат да се концентрирам. Трябва да опозная по-добре околностите.\n\nПетък\n\nГората изглежда някак позната: растенията, светлината, ароматите. Едно нещо обаче ме изненада, и това беше звукът на вой. От кога имаме вълци наоколо? \n\nСъбота \n\nНеспокоен днес. Направих някои дребни домакински работи и ремонти. Не мога да не си мисля, че градът е твърде тих. Какво липсва? Трафикът, може би? Ежедневният брътвеж на съседите? Лаенето на кучетата?\n\nНеделя\n\nСън за летене. Набиране на скорост. Възбуда. Не знам дали съм в самолет или не. Летя точно над горския пояс, чувствам, че достигам целта си, но не забавям за кацане, просто ускорявам, върховете на дърветата са по-близо. Събуждам се с потрепване на цялото тяло.\n\nВторник\n\nРеших да покарам из Мюрикавил за малко. Няма много случващи се неща. Съседите се поздравяват с "Боже, пази президента!". Пощальонът доставя "Една истина" (какво стана с другите вестници?). Всичко изглежда същото. Нищо не се случва. Всичко е досадно, много досадно.\n\nДа продължа ли да карам и да видя как е на други места?\n\nСряда\n\nСънувах кучета тази нощ. Не помня подробностите, но не беше приятен сън. Лаене, ръмжене. Защо бяха толкова развълнувани? Не знам.\n\nЧетвъртък\n\nНищо не се случи днес. Толкова съм отегчен, че дори не знам какво да напиша тук.\n\nСъбота\n\nДобре, утре заминавам. Имам пълен резервоар. Наистина, наистина трябва да видя други места.\n\n	Mardi\n\nCher journal... ah, zut, non, je ne peux pas le faire comme ça.\n\nMercredi\n\nBon, encore une fois. J'ai décidé de commencer à prendre des notes en guise d'exercice. Ma mémoire est défaillante et tous les jours semblent se ressembler. On dit que tenir un journal permet de mieux se souvenir des choses. Je vais essayer et voir comment cela fonctionne.\n\nJeudi\n\nAujourd'hui, je me suis promené dans la région de Murricaville. Je pense que ces longues promenades m'aident à me concentrer. Il faut que j'apprenne à mieux connaître les environs.\n\nVendredi\n\nLa forêt me semble familière : les plantes, la lumière, les odeurs. Mais une chose m'a surpris, c'est le bruit des hurlements. Depuis quand y a-t-il des loups dans le coin ? \n\nSamedi \n\nAujourd'hui, je n'ai pas eu le temps de m'endormir. J'ai fait quelques petites tâches et réparations dans la maison. Je ne peux m'empêcher de penser que la ville est trop calme. Qu'est-ce qui manque ? La circulation, peut-être ? Le bavardage quotidien des voisins ? Les aboiements des chiens ?\n\nDimanche\n\nRêve de vol. Prendre de la vitesse. L'exaltation. Je ne sais pas vraiment si je suis dans un avion ou non. Je vole juste au-dessus de la limite des arbres, je sens que j'arrive à destination, mais je ne ralentis pas pour l'atterrissage, j'accélère, la cime des arbres est plus proche. Je me réveille avec un tremblement de tout mon corps.\n\nMardi\n\nJ'ai décidé de rouler un peu dans Murricaville. Il ne se passe pas grand-chose. Les voisins se saluent avec des ""Bless the President !"". Le facteur livre ""Une vérité"" (qu'est-il advenu des autres journaux ?). Tout se ressemble. Il ne se passe rien. Tout est complètement, profondément, incroyablement ennuyeux.\n\nDois-je aller plus loin et voir comment c'est ailleurs ?\n\nMercredi\n\nJ'ai rêvé de chiens cette nuit. Je ne me souviens pas des détails, mais ce n'était pas un rêve agréable. Des aboiements, des grognements. Pourquoi étaient-ils si agités ? Je n'en sais rien.\n\nJeudi\n\nIl ne s'est littéralement rien passé aujourd'hui. Je m'ennuie tellement que je ne sais même pas quoi écrire ici.\n\nSamedi\n\nOk, je pars demain. J'ai le réservoir plein. J'ai vraiment, vraiment besoin de voir d'autres endroits.	Вторник\n\nДорогой дневник... ах, черт, нет, я так не могу.\n\nСреда\n\nИтак, еще раз. Я решил начать делать какие-то заметки в качестве упражнения. У меня плохая память, и все дни кажутся одинаковыми. Говорят, что ведение дневника помогает лучше запоминать. Я попробую и посмотрю, что из этого получится.\n\nЧетверг\n\nСегодня я просто гулял по окрестностям Муррикавилля. Думаю, такие длительные прогулки помогают мне сосредоточиться. Мне нужно получше узнать окрестности.\n\nПятница\n\nЛес кажется каким-то знакомым: растения, свет, запахи. Но одно меня удивило - это звук воя. С каких это пор здесь водятся волки? \n\nСуббота \n\nСегодня неспокойно. Занимался мелкими делами и ремонтом по дому. Не могу отделаться от мысли, что в городе слишком тихо. Чего не хватает? Может быть, автомобильного движения? Ежедневной болтовни соседей? Лая собак?\n\nВоскресенье\n\nСон о полете. Набирает скорость. Ликование. Я не знаю, на самом деле я в самолете или нет. Я лечу прямо над линией деревьев, чувствую, что достигаю цели, но не снижаю скорость для посадки, а только ускоряюсь, деревья все ближе. Просыпаюсь от того, что все тело подергивается.\n\nВторник\n\nРешил немного покататься по Муррикавилю. Ничего особенного не происходит. Соседи приветствуют друг друга словами "Благословите президента!". Почтальон приносит ""Единую правду" (что случилось с другими газетами?). Все выглядит одинаково. Ничего не происходит. Все очень, очень, очень скучно.\n\nМожет быть, мне стоит проехать дальше и посмотреть, как обстоят дела в других местах?\n\nСреда\n\nСегодня ночью мне снились собаки. Подробностей не помню, но сон был не из приятных. Лай, рычание. Почему они были так возбуждены? Не знаю.\n\nЧетверг\n\nСегодня буквально ничего не произошло. Мне так скучно, что я даже не знаю, что здесь писать.\n\nСуббота\n\nЛадно, завтра я уезжаю. У меня полный бак. Мне очень, очень нужно увидеть другие места.
UI/AttackType1	Attack with [Q] and [E1]	Атакувай с [Q] и [E1]	Attaquer avec [Q] et [E1]	Атаковать с [Q] и [E1]
UI/AttackType1Port	Attack with <sprite index=27> and <sprite index=28>	Атакувай с <sprite index=27> и <sprite index=28>	Attaquer avec <sprite index=27> et <sprite index=28>	Атаковать с <sprite index=27> и <sprite index=28>
UI/AttackType2	Attack with [E2]	Атакувай с [E2]	Attaquer avec [E2]	Атаковать с [E2]
UI/AttackType2Port	Attack with <sprite index=28>	Атакувай с <sprite index=28>	Attaquer avec <sprite index=28>	Атаковать с <sprite index=28>
UI/AttackType3	Old Combat System	Стар боен режим	Ancien Système de Combat	Старая система боя
UI/loadSaveConfirmationText	Do you want to load this save?	Искаш да заредиш този сейв?	Voulez-vous charger cette sauvegarde ?	Хотите загрузить этот сохраненный файл?
UI/loadSaveMenuLabel	Load game	Зареди игра	Charger le jeu	Загрузить игру
UI/sortButtonTooltip	Sort	Сортирай	Trier	Сортировать
UI/diffCustom	Custom	Персонализиран	Personnalisé	Настраиваемый
UI/diffCustomdesc	Tailor the game to your preferences by adjusting individual parameters. Choose your own balance between challenge and creativity by customizing elements such as combat difficulty, speed of certain actions, events and more. This mode offers the ultimate flexibility for players who want to craft their own unique gameplay experience.\r	Настройте играта според вашите предпочитания, като коригирате индивидуални параметри. Изберете своя баланс между предизвикателство и креативност, като персонализирате елементи като трудност на битката, скорост на определени действия, събития и още. Този режим предлага върхова гъвкавост за играчи, които искат да създадат свой уникален геймплей опит.\r	Adaptez le jeu à vos préférences en ajustant des paramètres individuels. Choisissez votre propre équilibre entre défi et créativité en personnalisant des éléments tels que la difficulté des combats, la vitesse de certaines actions, les événements et plus encore. Ce mode offre une flexibilité ultime aux joueurs qui souhaitent créer leur propre expérience de jeu unique.\n	Настройте игру в соответствии с вашими предпочтениями, регулируя отдельные параметры. Выберите собственный баланс между сложностью и креативностью, настраивая такие элементы, как сложность боя, скорость выполнения определённых действий, события и многое другое. Этот режим предлагает максимальную гибкость для игроков, которые хотят создать уникальный игровой опыт.\n
UI/diffCustomSettings	Custom mode settings	Настройки за персонализиран режим	Paramètres du mode personnalisé\r\n	Настройки пользовательского режима\r
UI/applySettings	Apply settings	Приложи настройките	Appliquer les paramètres	Применить настройки
UI/customSettingsCreative	Creative mode	Режим на творчество	Mode créatif	Творческий режим
UI/customSettingsSandbox	Sandbox mode	Режим "Пясъчник"	Mode bac à sable	Режим песочницы
UI/customSettingsHardcore	Hardcore mode	Режим "Твърдо ядро"	Mode hardcore	Хардкорный режим
UI/customSettingsEnemyQuantity	Enemies quantity multiplier	Множител за количество врагове	Multiplicateur de quantité d'ennemis	Множитель количества врагов
UI/customSettingsPlayerDmgTaken	Player damage taken multiplier	Множител на щетите, които получаваш	Multiplicateur de dégâts subis par le joueur	Множитель получаемого игроком урона
UI/customSettingsPlayerAtkDmg	Player attack damage multiplier	Множител на щетите при атака на играча	Multiplicateur de dégâts d'attaque du joueur	Множитель урона от атак игрока
UI/customSettingsPlayerAtkSpeed	Player attack speed	Скорост на атака на играча	Vitesse d'attaque du joueur	Скорость атаки игрока
UI/customSettingsPlayerMovSpeed	Player movement speed	Скорост на движение на играча	Vitesse de déplacement du joueur	Скорость передвижения игрока
UI/customSettingsCraftingSpeed	Crafting speed	Скорост на изработка	Vitesse de fabrication	Скорость крафта
UI/customSettingsDisassembleMat	Materials received from disassembling multiplier	Материали получени от разглобяване множител	Multiplicateur de matériaux reçus lors du démontage	Множитель материалов, получаемых при разборке
UI/customSettingsPrepGain	Preparedness gain multiplier	Множител на натрупването на подготвеност	Multiplicateur de gain de préparation	Множитель прироста готовности
UI/customSettingsPrepLoss	Preparedness loss multiplier	Множител за загуба на готовност	Multiplicateur de perte de préparation	Множитель потерь готовности
UI/customSettingsStaminaGain	Stamina gain multiplier	Множител за придобиване на издръжливост	Multiplicateur de gain d'endurance	Множитель прироста выносливости
UI/customSettingsStaminaLoss	Stamina loss multiplier	Мултипликатор за загуба на издръжливост	Multiplicateur de perte d'endurance	Множитель потерь выносливости
UI/customSettingsHealthGain	Health gain multiplier	Множител на придобиване на здраве	Multiplicateur de gain de santé\n	Множитель прироста здоровья\n
UI/customSettingsHealthLoss	Health loss multiplier	Множител на загуба на здраве	Multiplicateur de perte de santé\n	Множитель потери здоровья\n
UI/customSettingsConditionDiff	Conditions difficulty	Условия на трудност	Difficulté des conditions	Сложность условий
UI/customSettingsEvents	Events	Събития	Événements	События
UI/customSettingsEventDuration	Events duration	Продължителност на събития	Durée des événements	Продолжительность событий
UI/customSettingsFoodSpoilSpeed	Food spoil speed 	Скорост на разваляне на храната	Vitesse de détérioration des aliments	Скорость порчи пищи
UI/customSettingsPlantsCanWilt	Plants can wilt	Растенията могат да увехнат	Les plantes peuvent se faner	Растения могут увядать
UI/customSettingsPlantsGrowSpeed	Plants grow speed multiplier	Множител на скоростта на растеж на растенията	Multiplicateur de vitesse de croissance des plantes	Множитель скорости роста растений
UI/customSettingsTradePrices	Trade prices multiplier	Множител за цените при търговия	Multiplicateur des prix du commerce	Множитель цен торговли
UI/customSettingsMachineFuelUse	Machines fuel usage multiplier	Машини - множител за разхода на гориво	Multiplicateur de consommation de carburant des machines	Множитель расхода топлива машин
UI/customSettingsDayDuration	Day duration multiplier	Дневна продължителност множител	Multiplicateur de durée du jour	Множитель продолжительности дня
UI/conditionDiffTooltip	Influences effects of player buffs and debuffs like hungry, tired, etc.	Влияе на ефектите от баферите и дебафърите на играча като гладен, уморен и т.н.	Influence les effets des buffs et debuffs du joueur, tels que la faim, la fatigue, etc.	Влияет на эффекты баффов и дебаффов игрока, такие как голод, усталость и т. д.
UI/eventsAndEventsDurationTooltip	Electricity cut off, water cut off, postman missing events	Прекъсват електричеството, прекъсват водата, изчезвания на пощенски	Coupure d'électricité, coupure d'eau, événements de disparition du facteur	Отключение электроэнергии, отключение воды, пропажа почтальона
UI/eventDurationShort	Short	Кратко	Court	Короткий
UI/eventDurationLong	Long	Дълго	Long	Длинный
UI/eventDurationNormal	Normal	Нормален	Normal	Нормальный
UI/customSettingsSurpriseAgentVisits	Surprise agent visits	Изненадващ агент посещава бункера ви!	Visites surprises d'agents\r	Неожиданные визиты агента
UI/customSettingsGunsCanBreak	Guns can break	Оръжията могат да се счупят	Les armes peuvent se casser\r	Оружие может сломаться\r
UI/shareCustomPresetButton	Share with developers	Сподели с разработчиците	Partager avec les développeurs	Поделиться с разработчиками
UI/todaysLimit	today's limit:	дневният лимит:	limite d'aujourd'hui :\r	сегодняшний лимит:\r\n
UI/todaysLimitReached	today's limit reached	достигнал е дневен лимит	limite d'aujourd'hui atteinte	достигнут сегодняшний лимит
UI/customModeSettingsShare	Custom mode settings share	Споделяне настройки кастомна игра	Partager les paramètres du mode personnalisé	Поделиться настройками пользовательского режима
UI/customModeSettingsShareDesc	Help us come up with awesome custom mode settings to try. We may feature your settings in feature updates. This will send your current custom mode settings to us. Please provide name and description of your custom setting suggestion.	Помогни ни да измислим страхотни настройки за кастомния режим за тестване. Може да представим твоите настройки в бъдещи актуализации. Това ще изпрати твоите текущи настройки на кастомния режим към нас. Моля, дай име и описание на твоята идея за кастомна настройка.	Aidez-nous à concevoir des paramètres de mode personnalisé géniaux à essayer. Vos paramètres pourraient être inclus dans de futures mises à jour. Cela enverra vos paramètres de mode personnalisé actuels à notre équipe. Veuillez fournir le nom et la description de votre suggestion de paramètre personnalisé.\n	Помогите нам придумать отличные настройки пользовательского режима для тестирования. Возможно, мы включим ваши настройки в будущие обновления. Это отправит ваши текущие настройки пользовательского режима к нам. Пожалуйста, укажите название и описание вашего предложения по настройкам.\n
UI/customModeSettingsShareNamePlaceholder	Name your custom setting...	Името на твоята настройка...	Nommez votre paramètre personnalisé...	Назовите свою пользовательскую настройку...
UI/customModeSettingsShareDescPlaceholder	Describe your custom setting...	Опиши твоите настройки...	Décrivez votre paramètre personnalisé...	Опишите свою пользовательскую настройку...
UI/customModeSettingsShareSend	Send	Изпрати	Envoyer	Отправить
UI/customModeSettingsShareWarning	Name and description are required	Име и описание са задължителни	Le nom et la description sont requis	Название и описание обязательны
UI/radiatedItemsTutorialMessage	Warning! Having irradiated items in your inventory \nmakes the Prepper's radiation level grow.	Внимание! Имането на излъчващи предмети в инвентара ти \nувеличава нивото на радиация на препъра.	Attention ! Avoir des objets irradiés dans votre inventaire \naugmente le niveau de radiation du Prepper.\n	Внимание! Наличие радиоактивных предметов в вашем инвентаре \nувеличивает уровень радиации у Prepper.\n
UI/uraniumGlowingGlassJoeAsk	Glowing Glass	Светящо стъкло	Verre lumineux\n	Светящееся стекло\n
UI/uraniumMineBobAsk	Uranium Mine	Руда от уранов рудник	Mine d'uranium\n	Урановая шахта\n
UI/radiatedMushroomsAsk	Weird Mushrooms	Странни гъби	Champignons étranges\n	Странные грибы\n
UI/nucklearEngineeringBookAsk	Nuclear DIY	Ядрена самоделка	DIY nucléaire\n	Ядерное «сделай сам»\n
UI/contextCentrifuge	Activate	Активирай	Activer\n	Активировать\n
UI/contextBUY	Buy	Купи	Acheter\n	Купить\n
UI/contextExtract	Extract	Извлечи	Extraire\n	Извлечь\n
UI/noElectricityDisabled	Electricity cut off event is permanently disabled	Събитието прекъсване на електричеството е постоянно деактивирано	L'événement de coupure d'électricité est désactivé définitivement\n	Событие отключения электричества навсегда отключено\n
UI/noWaterDisabled	Water cut off event is permanently disabled	Събитието за прекъсване на водата е постоянно деактивирано	L'événement de coupure d'eau est désactivé définitivement\n	Событие отключения воды навсегда отключено\n
UI/postamMissingDisabled	Postman missing event is permanently disabled	Събитието Пощенският е изключено постоянно	L'événement du facteur disparu est désactivé définitivement\n	Событие «Пропал почтальон» навсегда отключено\n
UI/expeditionSend	Send expedition	Изпрати експедиция	Envoyer l'expédition\n	Отправить экспедицию\n
UI/expeditionCancel	Cancel expedition	Отмени експедицията	Annuler l'expédition\n	Отменить экспедицию\n
UI/expeditionCost	Cost	Цена	Coût\n	Стоимость\n
UI/expeditionDuration	Duration	Продължителност	Durée\n	Продолжительность\n
UI/expeditionLoot	Loot	Плячка	Butin\n	Добыча\n
UI/expeditionLootCommon	Common	Общ	Commun\n	Обычное\n
UI/expeditionLootRare	Rare	Редък	Rare\n	Редкое\n
UI/expeditionLootEpic	Epic	Епичен	Épique\n	Эпическое\n
UI/nuclearDLC	Uranium Project	Проект Уран	Projet Uranium\n	Проект уран\n
UI/contextEXPEDITION	Expedition	Експедиция	Expédition\n	Экспедиция\n
UI/currentExpedition	Current expedition:	Текуща експедиция:	Expédition en cours :\n	Текущая экспедиция:\n
UI/craneTittle	Crane Machine	Машина крана	Grue\n	Кран\n
UI/craneLevel	Level	Ниво	Niveau\n	Уровень\n
UI/craneLevelInfo	You gain experience points by retrieving boxes with the crane machine. \nYou gain extra experience points for clearing all boxes in the room. \nLevels grant perks that increase chances of better boxes and unlock additional mechanics.	Печелиш точки за опит, като изваждаш кутии с крана. \nПечелиш допълнителни точки за опит, като изчистиш всички кутии в стаята. \nНивата дават бонуси, които увеличават шансовете за по-добри кутии и отключват допълнителни механики.	Vous gagnez des points d'expérience en récupérant des coffres avec la machine à grue. \nVous gagnez des points d'expérience supplémentaires en vidant tous les coffres de la pièce. \nLes niveaux offrent des avantages qui augmentent les chances d'obtenir de meilleurs coffres et débloquent des mécaniques supplémentaires.\n	Вы получаете очки опыта, вытаскивая коробки с помощью крана. \nВы получаете дополнительные очки опыта за очистку всех коробок в комнате. \nУровни дают бонусы, которые повышают шансы на лучшие коробки и открывают дополнительные механики.\n
UI/craneCostInfo	Every next game is more expensive, but the cost resets every day.	Всеки следващ игра е по-скъп, но цената се рестартира всеки ден.	Chaque partie suivante coûte plus cher, mais le coût se réinitialise chaque jour.\n	Каждая следующая игра дороже, но стоимость сбрасывается каждый день.\n
UI/craneRerollInfo	Reset position of current boxes.	Нулирай позицията на текущите кутии	Réinitialiser la position des coffres actuels.\n	Сбросить положение текущих коробок.\n
UI/craneCurrent	Current perks	Текущи бонуси	Avantages actuels\n	Текущие бонусы\n
UI/craneNextLevel	Next level perks	Бонуси след следващото ниво	Avantages du niveau suivant\n	Бонусы следующего уровня\n
UI/craneNoPerks	No perks	Без бонуси	Aucun avantage\n	Нет бонусов\n
UI/craneStart	Play	Играй	Jouer\n	Играть\n
UI/craneCleared	Prize boxes cleared!	Победни кутии изчистени!	Coffres à prix vidés !\n	Призовые коробки очищены!\n
UI/craneExp	exp	опит		
UI/cranePerkUncommon	for <color=#A8E6A1>uncommon</color> boxes	за <color=#A8E6A1>нечесто срещани</color> кутии	pour les coffres <color=#A8E6A1>inhabituels</color>\n	для <color=#A8E6A1>необычных</color> коробок\n
UI/cranePerkRare	for <color=#A1C9F1>rare</color> boxes	за <color=#A1C9F1>рядко</color> кутии	pour les coffres <color=#A1C9F1>rares</color>\n	для <color=#A1C9F1>редких</color> коробок\n
UI/cranePerkVeryRare	for <color=#D1A8F0>very rare</color> boxes	за <color=#D1A8F0>много редки</color> кутии	pour les coffres <color=#D1A8F0>très rares</color>\n	для <color=#D1A8F0>очень редких</color> коробок\n
UI/cranePerkLegendary	for <color=#FFE0A8>legendary</color> boxes	за <color=#FFE0A8>легендарни</color> кутии	pour les coffres <color=#FFE0A8>légendaires</color>\n	для <color=#FFE0A8>легендарных</color> коробок\n
UI/craneChancesLabel	Current boxes chances	Текущи шансове на кутиите	Chances actuelles pour les coffres\n	Текущие шансы на коробки\n
UI/craneCommon	<color=#D3D3D3>Common</color> 	<color=#D3D3D3>Общ</color>	<color=#D3D3D3>Commun</color>\n	<color=#D3D3D3>Обычное</color>\n
UI/craneUncommon	<color=#A8E6A1>Uncommon</color> 	<color=#A8E6A1>Необичаен</color>	<color=#A8E6A1>Inhabituel</color>\n	<color=#A8E6A1>Необычное</color>\n
UI/craneRare	<color=#A1C9F1>Rare</color> 	<color=#A1C9F1>Редки</color>	<color=#A1C9F1>Rare</color>\n	<color=#A1C9F1>Редкое</color>\n
UI/craneVeryRare	<color=#D1A8F0>Very Rare</color> 	<color=#D1A8F0>Много рядък</color>	<color=#D1A8F0>Très rare</color>\n	<color=#D1A8F0>Очень редкое</color>\n
UI/craneLegendary	<color=#FFE0A8>Legendary</color> 	<color=#FFE0A8>Легендарен</color>	<color=#FFE0A8>Légendaire</color>\n	<color=#FFE0A8>Легендарное</color>\n
UI/creditsUranium	Additional help with Project Uranium DLC	Допълнителна помощ с допълнението "Проект Уран"	Aide supplémentaire pour le DLC Project Uranium\n	Дополнительная помощь с DLC Project Uranium\n
UI/creditsUpdates	Additional help with Content Updates	Допълнителна помощ с актуализациите на съдържанието	Aide supplémentaire pour les mises à jour de contenu\n	Дополнительная помощь с обновлениями контента\n
UI/creditsProgramming	(Programming)	(Програмиране)	(Programmation)\n	(Программирование)\n
UI/creditsGraphics	(Graphics)	(Графика)	(Graphismes)\n	(Графика)\n
UI/creditsLemon	Bye my lemonade!	Довиждане, лимонадът ми!	Achetez ma limonade !\n	Купи мой лимонад!\n
UI/creditsFreeSounds	SFX	Звуков ефект		
UI/geigerUIEnviro	It displays the current radiation level around you.	Показва текущото ниво на радиация около теб	Affiche le niveau actuel de radiation autour de vous.\n	Отображает текущий уровень радиации вокруг вас.\n
UI/geigerUIInventory	It displays the current radiation level in your inventory.	Показва текущото ниво на радиация в твоя инвентар	Affiche le niveau actuel de radiation dans votre inventaire.\n	Отображает текущий уровень радиации в вашем инвентаре.\n
UI/contextPULL	Pull	Тягни	Tirer\n	Тянуть\n
UI/contextDETONATE	Detonate	Детонирай	Détoner\n	Детонировать\n
UI/craneMinigameLucky	Lucky Prizes\nAll prize boxes are higher rarity.	Щастливи награди\nВсички кутии с награди са по-редки.	Prix chanceux\nTous les coffres à prix ont une rareté plus élevée.\n	Счастливые призы\nВсе призовые коробки имеют повышенную редкость.\n
UI/craneMinigameOneType	Red Lights\nAll boxes have the same type.\nBonus exp for clearing all prize boxes.	Червени светлини\nВсички кутии са от един и същ тип.\nБонус XP за почистване на всички кутии с награди.	Feux rouges\nToutes les boîtes ont le même type.\nXP bonus pour vider toutes les coffres à prix.\n	Красные огни\nВсе коробки одного типа.\nБонусный опыт за очистку всех призовых коробок.\n
UI/craneMinigamePrizeBoxesCleared	Clear All Prize Boxes	Изчисти всички кутии с награди	Vider toutes les coffres à prix\n	Очистить все призовые коробки\n
UI/craneMinigamePrizeBox	Prize Box	Кутия с награди	Coffre à prix\n	Призовая коробка\n
UI/menuNuclearDLCInfo	To start the DLC side story, you need to survive until day 12 and complete a couple of quests from the main story. When these conditions are met, the scout girl will appear in the morning with information that starts the DLC.	За да започнеш страничната история от допълнителното съдържание (DLC), трябва да оцелееш до ден 12 и да изпълниш няколко задачи от основната история. Когато тези условия са изпълнени, скаут момичето ще се появи сутринта с информация, която стартира DLC-то.	Pour commencer l’histoire annexe du DLC, vous devez survivre jusqu’au 12ᵉ jour et terminer quelques quêtes de l’histoire principale. Une fois ces conditions remplies, l’éclaireuse apparaîtra le matin avec les informations lançant le DLC.	Чтобы начать побочную историю DLC, нужно выжить до 12-го дня и выполнить несколько заданий из основной истории. Когда условия будут выполнены, разведчица появится утром с информацией для запуска DLC.
UI/gasMaskAsk	Gas Mask	Газомаска	Masque à gaz	Противогаз
UI/Upgraded	Upgraded	Подобрен	Amélioré	Модернизированный
UI/buffsWindow	Player status	Статус на играча	Statut du joueur	Статус игрока
UI/creditsPort	Port by Console Way	Порт от Console Way	Porté par Console Way	Порт от Console Way
UI/sleepOnlySave	Your progress is being saved only when you sleep or nap.	Твоят напредък се запазва само когато спиш или почиваш	Votre progression n'est enregistrée que lorsque vous dormez.	Твой прогресс сохраняется только во время сна.
UI/contextFREEZE	Freeze	Замразяване		
UI/contextDIAGNOSE	Diagnose	Диагностицирай		
UI/contextCALIBRATE	Calibrate	Калибрирай		
UI/Ice	Ice	Лед		
UI/contextSCAREOFF	Scare Off	Изплаши		
UI/contextREACTIVATE	Reactivate	Активирай отново		
UI/contextTURN_ON_FIRE	Light Up	Запали		
UI/contextTURN_OFF_FIRE	Extinguish	Угаси огъня		
UI/contextTURNOFF	Turn Off	Изключи		
UI/contextSHAKE	Shake	Разклати		
UI/frozenItemTutorialMessage	Freeze-dried — this item never expires.	Сушено — този предмет никога не изтича.		
UI/mountainDLC	MountainDLC	Планински DLC		
UI/ALL_FOOD	All recipes	Всички рецепти	Toutes les recettes	Все рецепты
UI/RemainingTime	Remaining time	Оставащо време	Temps restant	Оставшееся время
UI/Under	under	под	moins de	менее
UI/ToggleReadyToCraftTip	Show only blueprints you have materials for.	Показвай само чертежите, за които имаш материали.	Afficher uniquement les plans pour lesquels vous avez les matériaux.	Показывать только чертежи, для которых у вас есть материалы.
UI/ToggleReadyToCookTip	Show only recipes you have ingredients for.	Показвай само рецепти, за които имаш съставки.	Afficher uniquement les recettes pour lesquelles vous avez les ingrédients.	Показывать только рецепты, для которых у вас есть ингредиенты.
UI/FoodAttributeRegenInfo1	Eat to regenerate [x] [y]	Яж, за да възстановиш [x] [y]	Mangez pour récupérer [x] [y]	Съешьте, чтобы восстановить [x] [y]
UI/FoodExpireInfo1	Expires after [x]	Изтича след [x]	Se périme après [x]	Испортится через [x]
UI/FoodMaxAttributeIncreaseInfo1	<b>Improved [x]</b>\n\nGain +[y] Max [x] for 24 hours.\nThis effect does not stack.	<b>Подобрен [x]</b>\n\nПолучаваш +[y] Макс [x] за 24 часа.\nТози ефект не се натрупва.	<b>[x] amélioré</b>\n\nAugmente le maximum de [x] de +[y] pendant 24 heures.\nCet effet ne se cumule pas.	<b>Улучшено: [x]</b>\n\nМаксимум [x] увеличивается на +[y] на 24 часа.\nЭффект не складывается.
UI/FoodMaxAttributeIncreaseInfo2	Eat [z] more to permanently gain +1 Max [x].	Яж [z] повече, за да получиш постоянно +1 Макс [x].	Mangez encore [z] pour obtenir définitivement +1 au maximum de [x].	Съешьте ещё [z], чтобы навсегда получить +1 к максимуму [x].
UI/FoodMaxAttributeIncreaseInfo3	Current permanent Max [x] bonus: +[a]	Текущ постоянен бонус [x]: +[a]	Bonus permanent actuel au maximum de [x] : +[a]	Текущий постоянный бонус к максимуму [x]: +[a]
UI/FoodPoisonedInfo	You will get poisoned if you eat this.	Ще се отровиш, ако ядеш това.	Vous serez empoisonné si vous mangez ceci.	Если вы съедите это, то отравитесь.
UI/FoodHealBeatenUpDebuff	Heals Beaten Up debuff.	Излекува наранен дебъф.	Supprime l'effet négatif « Battu ».	Снимает эффект «Побои».
Chop/Mine				
GAME INFO/				
GAME INFO/Arabic				
GAME INFO/Chinese				
GAME INFO/Czech				
GAME INFO/Danish				
GAME INFO/Dutch				
GAME INFO/French				
GAME INFO/German				
GAME INFO/Hungarian				
GAME INFO/Italian				
GAME INFO/Japanese				
GAME INFO/Korean				
GAME INFO/Polish				
GAME INFO/Portuguese				
GAME INFO/Russian				
GAME INFO/Spanish				
GAME INFO/Steam:				
GAME INFO/Swedish				
GAME INFO/Thai				
GAME INFO/Trailer:				
GAME INFO/Turkish				
GAME INFO/Ukrainian				
GAME INFO/https://store.steampowered.com/app/761830/Mr_Prepper/				
Parameters/				
Parameters/AWAITING REPLY IN Q A				
Parameters/IN PROGRESS				
Parameters/Korean				
Parameters/READY				
Q A/Translator	Translator | Question	Преводач | Въпрос		
Q A/please choose your language	ask questions only in English	Питай само на английски.		
Dialogues/color use	quest		quête	задание
Dialogues/colors definition	yellow		jaune	желтый
Dialogues/herbBush	<duration value=2.5>\n<voice type=surprise>\nAh! \n<voice type=surprise>\nOh fudge! I wasn't hiding, just picking some berries.\n<voice type=question>\nBob, are you okay?	<duration value=2.5>\n<voice type=surprise>\nАха! \n<voice type=surprise>\nО, по дяволите! Не се крия, просто си брах някакви горски плодове.\n<voice type=question>\nБоб, добре ли си?	<duration value=2.5>\n<voice type=surprise>\nAh! \n<voice type=surprise>\nOh mince! Je ne me cachais pas, je cueillais juste des baies.\n<voice type=question>\nBob, ça va?	<duration value=2.5>\n<voice type=surprise>\nО!\n<voice type=surprise>\nОй, батюшки!.. Я не пряталась, я просто ягодки собираю.\n<voice type=question>\nБоб, ты в порядке?
Dialogues/herbq1.1	<color=yellow>huh</color>, <S>praise</S> the forest.\nYou are here, just when i need you.\nThank god I escaped.. he had already devoured me with his eyes...\nWolf! And what did you think!\nThis bad wolf doesn't let me enter my house.\nMy flowers need water!\nYou are a strong man, please get rid of him and bring me his skin.\nIn return, I will give you something dear to my heart.	<color=yellow>хмм</color>, <S>слави</S> го гората.\nТи си тук, точно когато ти ми трябваше.\nБлагодаря на Бог, че избягах.. той вече ме беше погълнал с очите си...\nВълк! И какво си мислил!\nТози лош вълк не ме пуска в къщата ми.\nЦветчетата ми се нуждаят от вода!\nТи си силен човек, моля, отърви се от него и ми донеси кожата му.\nВ замяна ще ти дам нещо скъпо за сърцето ми.		
Dialogues/herbq1.2	I'm not your grandma.\nSo be it, flower...hi hi	Не съм ти баба.\nТака да е, цвете...хихихи		
Dialogues/herbq2.1	Oh hello there. Flower	Здравей. Цвете.		
Dialogues/herbq2.2	Where are you think your going?\nIt's not nice to sniff around in strangers houses.	Къде мислиш, че отиваш?\nНе е хубаво да се навърташ около чужди къщи.		
Dialogues/herbq3	Oh, How can I thank you.\nPlease take those precious seeds.\nAny time you need something,\nBob and I are gonna hang around here	Ох, как да ти благодаря.\nМоля, вземи тези ценни семена.\nКогато и да имаш нужда от нещо,\nБоб и аз ще се мотаем наоколо.		
Dialogues/herbr1	My name is Janny Winston.\nI live in the forest now. \nI'm known as Granny. \nI talk to flowers, \nWhat's so funny?! \nThere's a story behind that.	Моето име е Джани Уинстън.\nЖивея в гората сега.\nПозната съм като Баба.\nГоворя с цветята,\nКакво толкова смешно има?!\nИма история зад това.		
Dialogues/herbr2	There are many stories in my head\nBut they are mystery to me.. \nto us who are old.. \nand lost our minds.	Има много истории в главата ми\nНо те са мистерия за мен.. \nза нас, които сме стари.. \nи сме загубили ума си.		
Dialogues/herbr3	There's a mystery in the wood. \nthat few will know.\nBut i can tell you there are times when even big birds fall.	Има мистерия в гората. \nкоято малцина знаят.\nНо мога да ти кажа, че има моменти, когато дори големите птици падат.		
Dialogues/prepCook	Just add some raw ingredients together, apply some heat... \n<voice type=laugh>\nand voilà - FOOD. \n<voice type=acceptance>\nCooking makes your food richer.	Просто смеси някои сурови продукти, добави топлина... \n<voice type=laugh>\nи готово - ХРАНА. \n<voice type=acceptance>\nГотвенето прави храната ти по-богата.	Ajoutez simplement quelques ingrédients crus ensemble, faites un peu chauffer...\n<voice type=laugh>\net voilà - à manger. \n<voice type=acceptance>\nCuisiner rend votre nourriture meilleure.	Забросить немного сырых ингредиентов, прибавить жару...\n<voice type=laugh>\nи вуаля – ЕДА.\n<voice type=acceptance>\nПриготовленная еда намного питательней.
Dialogues/prepCraft	<voice type=thanks>\nA workbench. A prepper's best friend.\n<voice type=acceptance>\nCraft, disassemble and work magic.  \n<voice type=order>\nBut it better stay hidden from the Agency...	<voice type=thanks>\nРаботна маса. Най-добрият приятел на препъра.\n<voice type=acceptance>\nИзработваш, разглобяваш и правиш магии.  \n<voice type=order>\nНо по-добре да остане скрито от Агенцията...	<voice type=thanks>\nUn établi. Le meilleur ami du prepper.\n<voice type=acceptance>\nFabriquer, démonter et travailler.  \n<voice type=order>\nMais il vaut mieux qu'il reste caché de l'Agence ...	<voice type=thanks>\nВерстак. Лучший друг выживальщика.\n<voice type=acceptance>\nСоздавай, разбирай, твори.\n<voice type=order>\nНо Агентству лучше о нем не знать...
Dialogues/prepForest	<voice type=greeting>\nAh, the smell of adventure. \nI'm sure the forest is full of useful materials.	<voice type=greeting>\nА, мирише на приключение.\nСигурен съм, че гората е пълна с полезни материали.	<voice type=greeting>\nAh, l'odeur de l'aventure.\nJe suis sûr que la forêt regorge de matériaux utiles.	<voice type=greeting>\nМ-м, аромат приключений.\nВ лесу наверняка полно полезных материалов.
Dialogues/prepLever	Oh! A lever. Maybe it'll be useful for fixing the ropeline? 	Ох! Лост. Може би ще е полезен за оправяне на въжената линия?	Oh! Un levier. Peut-être qu'il serait utile pour réparer le câble?	О! Рычаг. Может, он поможет починить канатную дорогу?
Dialogues/prepMap	Where do I want to go today?	Къде искам да отида днес?	Où est-ce que je veux aller aujourd'hui?	Чем бы сегодня заняться?
Dialogues/prepMine	This could be a good place to look for STONE.	Това може да е добро място за търсене на КАМЪНИ.	Ça pourrait être un bon endroit pour chercher de la PIERRE.	Думаю, в этом месте найдутся КАМНИ.
Dialogues/prepPillar	It's not supposed to look like this. Is it...?	Не трябва да изглежда така. Нали?	C'est pas sensé être comme ça. N'est-ce pas...?	Оно ведь не должно так выглядеть. Да?..
Dialogues/prepRocketPlan	<voice type=order>\nGoal number one: survive.\n<voice type=order>\nGoal number two: ESCAPE!	<voice type=order>\nЦел номер едно: оцелей.\n<voice type=order>\nЦел номер две: БЯГСТВО!	<voice type=order>\nObjectif numéro un: survivre.\n<voice type=order>\nObjectif numéro deux: S'ÉCHAPPER!	<voice type=order>\nЗадача номер один: выжить.\n<voice type=order>\nЗадача номер два: СБЕЖАТЬ!
Dialogues/prepStart	It's time for my ULTIMATE PLAN. \nI gotta get out of this place.	Време е за моя УЛТИМАТИВЕН ПЛАН. \nТрябва да се измъкна оттук.	Il est temps pour mon PLAN ULTIME.\nJe dois partir d'ici.	Пора приступить к ГРАНДИОЗНОМУ ПЛАНУ.\nНадо отсюда выбраться.
Dialogues/prepTrade	<voice type=acceptance>\nSo it's time for some trading.\nMake an order, collect it in 2 hours.\n<voice type=acceptance>\nThat's how it should work.	<voice type=acceptance>\nВреме е за търговия.\nПостави ред, вземи го след 2 часа.\n<voice type=acceptance>\nТака трябва да работи.	<voice type=acceptance>\nC'est le moment de faire du commerce.\nFaites une commande, récupérez-la dans 2 heures.\n<voice type=acceptance>\nVoilà comment ça devrait fonctionner.	<voice type=acceptance>\nЧто ж, пора закупиться.\nДелаю заказ, забираю его через два часа.\n<voice type=acceptance>\nВот так это работает.
Dialogues/preph1	Ok granny. \nAnd please, don't flower me just like that.	Добре, бабо. \nИ моля те, не ме баламосвай така.		
Dialogues/preph2	So I'm a flower now.\nWell... I guess, I have to live with that.	Така че сега съм цвете.\nЕ, предполагам, ще трябва да живея с това.		
Dialogues/agentStartScene	By decision of the American Government on your last attempt to escape.\nFrom now I will conduct inspection visits.\nStay prepared.	По решение на американското правителство за последния ти опит да избягаш.\nОтсега ще провеждам инспекционни посещения.\nБъди подготвен.		
Dialogues/text2	ENG Text text	БГ Текст текст		
Dialogues/text3	ENG Text text text	БГ Текст текст текст		
Dialogues/text4	ENG Text text text text	БГ Текст текст текст текст		
Dialogues/	I'm looking for hydrogen.	Търся водород.		
Dialogues/prepHungry1	<voice type=disappointment>\nI'm so hungry!	<voice type=disappointment>\nТолкова съм гладен!	<voice type=disappointment>\nJ'ai tellement faim!	<voice type=disappointment>\nКак же я голоден!
Dialogues/prepHungry2	<voice type=hunger>\nI could really use a snack.	<voice type=hunger>\nМного ми е ладен.	<voice type=upset>\nJ'ai un petit creux.	<voice type=hunger>\nПерекусить бы.
Dialogues/prepHungry3	<voice type=hunger>\nDamn, I'm starving!	<voice type=hunger>\nБля, гладам!	<voice type=anger>\nMince, je meurs de faim!	<voice type=hunger>\nЧерт, я просто умираю с голоду!
Dialogues/prepHungry4	<voice type=upset>\nIt would be nice to eat something.	<voice type=upset>\nБи било хубаво да хапна нещо.	<voice type=upset>\nÇa serait bien de manger quelque chose.	<voice type=upset>\nЯ бы не отказался поесть.
Dialogues/prepTired1	<voice type=question>\nI'm tired. A short nap?	<voice type=question>\nУморен съм. Къса дрямка?	<voice type=question>\nJe suis fatigué. Une petite sieste?	<voice type=question>\nЯ устал. Может, вздремнуть?
Dialogues/prepTired2	I could use a short nap.	Мога да си почина малко.	Je pourrai faire une petite sieste.	Я бы не отказался вздремнуть.
Dialogues/prepTired3	I'd like to go to bed for a short nap.	Искам да си легна за кратка дрямка.	J'aimerai me coucher pour une petite sieste.	Вот бы сейчас вздремнуть под одеялом.
Dialogues/prepTired4	<voice type=upset>\nI need to rest. Just for a little while...	<voice type=upset>\nТрябва да почина. Само малко...	<voice type=upset>\nJe dois de me reposer. Juste un petit instant ...	<voice type=upset>\nМне нужно отдохнуть. Хоть чуть-чуть...
Dialogues/prepLowPrepnes1	<voice type=disappointment>\nI do not feel Prepared enough.	<voice type=disappointment>\nНе се чувствам достатъчно подготвен.	<voice type=disappointment>\nJe ne me sens pas assez Préparé.	<voice type=disappointment>\nКажется, меня подводит живучесть.
Dialogues/prepLowPrepnes2	<voice type=disappointment>\nNothing goes right, I feel un-Prepared...	<voice type=disappointment>\nНищо не се случва правилно, чувствам се неподготвен...	<voice type=disappointment>\nRien ne va, je me sens mal Préparé...	<voice type=disappointment>\nВсе идет не так, живучесть может подвести...
Dialogues/prepLowPrepnes3	<voice type=disappointment>\nMy Preparedness is low.	<voice type=disappointment>\nМоята подготовка е ниска.	<voice type=disappointment>\nMa Préparation est faible.	<voice type=disappointment>\nМоя живучесть на нуле.
Dialogues/prepLowPrepnes4	<voice type=disappointment>\nEverything's slowed down and I don't feel Prepared enough.	<voice type=disappointment>\nВсичко се забави и не се чувствам достатъчно подготвен.	<voice type=disappointment>\nTout ralenti et je ne me sens pas suffisamment Préparé.	<voice type=disappointment>\nМир словно замедлился... У меня проблемы с живучестью.
Dialogues/prepTutAfterAgent	<voice type=surprise>\nOh my, that was close. I have to be more careful.	<voice type=surprise>\nО, това беше близо. Трябва да бъда по-внимателен.	<voice type=surprise>\nOh mon Dieu, c'est pas passé loin. Je dois être plus prudent.	<voice type=surprise>\nБоже, едва пронесло. Надо быть осторожней.
Dialogues/prepTutEnd	<voice type=acceptance>\nOkay, everything is in place. Time for my Ultimate Plan. 	<voice type=acceptance>\nДобре, всичко е подготвено. Време е за Моят Краен план.	<voice type=acceptance>\nOk, tout est en place. Il est temps pour mon Plan Ultime.	<voice type=acceptance>\nХорошо, все готово. Грандиозный план, пришло твое время.
Dialogues/prepNotAllowed	It's not a good time for that.	Сега не е подходящо.	C'est pas le bon moment pour ça.	Мне сейчас не до этого.
Dialogues/prepBasics1	<voice type=order>\nLet's get this over with.	<voice type=order>\nНека го свършим	<voice type=order>\nFinissons-en avec ça.	<voice type=order>\nПокончим с этим.
Dialogues/prepBasics2	<voice type=question>\nMorning jog? Nah.	<voice type=question>\nСутрешно бягане? Не, благодаря.	<voice type=question>\nJogging matinal? Ou pas.	<voice type=question>\nУтренняя пробежка? Да ну.
Dialogues/prepBasics3	One step at a time.	Една стъпка по една.	Un pas après l'autre.	Не все сразу.
Dialogues/prepBasics4	<voice type=order>\nTime to get Prepared!	<voice type=order>\nВреме да се подготвиш!	<voice type=order>\nIl est temps de se Préparer!	<voice type=order>\nВремя ВЫЖИВАТЬ!
Dialogues/prepEat1	<voice type=upset>\nI'm so hungry.	<voice type=upset>\nМного ми е глад.	<voice type=upset>\nJ'ai tellement faim.	<voice type=upset>\nЯ такой голодный.
Dialogues/prepEat2	<voice type=question>\nMaybe I still have some leftovers in the fridge?	<voice type=question>\nМоже би все още имам някакви остатъци в хладилника?	<voice type=question>\nJ'ai peut-être encore des restes dans le réfrigérateur?	<voice type=question>\nМожет, заглянуть в холодильник, вдруг что осталось?
Dialogues/prepEat3	<voice type=order>\nLet's look for some food in the fridge.	<voice type=order>\nДа потърсим малко храна в хладилника.	<voice type=order>\nVoyons ce qu'il y a dans le réfrigérateur.	<voice type=order>\nПоищем еду в холодильнике.
Dialogues/prepEat4	I need to eat something soon.	Трябва да хапна нещо скоро.	Il faut que je mange bientôt.	Нужно что-нибудь съесть, да побыстрее.
Dialogues/prepBuild1	<voice type=acceptance>\nTime to create my secret base.	<voice type=acceptance>\nВреме е да създам моята тайна база.	<voice type=acceptance>\nIl est temps de créer ma base secrète.	<voice type=acceptance>\nПора построить секретную базу.
Dialogues/prepBuild2	I'll make the first room of my bunker.	Ще направя първата стая на моя бункер.	Je vais construire la première pièce de mon bunker.	Построю первую комнату своего бункера.
Dialogues/prepBuild3	I need to start working on my bunker.	Трябва да започна да работя по бункера си.	Je dois commencer à travailler sur mon bunker.	Нужно начать работать над своим бункером.
Dialogues/prepBuild4	<voice type=order>\nLet's dig the first room of my bunker.	<voice type=order>\nДа копаем първата стая на моят бункер.	<voice type=order>\nAllons creuser la première pièce de mon bunker.	<voice type=order>\nВыкопаем первую комнату бункера.
Dialogues/prepPlan1	I'll have a look at the plan.	Ще разгледам плана.	Je vais devoir regarder le plan.	Нужно взглянуть на план.
Dialogues/prepPlan2	Hmm...	Хмм...	Hmm...	Хм-м...
Dialogues/prepPlan3	<voice type=order>\nI need to check my ULTIMATE PLAN.	<voice type=order>\nТрябва да проверя МОЯТА ОКОНЧАТЕЛНА ПЛАН.	<voice type=order>\nJe dois examiner mon PLAN ULTIME.	<voice type=order>\nНужно свериться с ГРАНДИОЗНЫМ ПЛАНОМ.
Dialogues/prepPlan4	I need to think of what to start with.	Трябва да помисля откъде да започна.	Je dois réflechir par où commencer.	Нужно подумать, с чего начать.
Dialogues/prepFirstWork1	I will need a workbench to craft a ladder.	Ще ми трябва работна маса, за да направя стълба.	J'aurais besoin d'un établi pour fabriquer une échelle.	Чтобы сделать лестницу, мне нужен верстак.
Dialogues/prepFirstWork2	I should have an old table somewhere in the backyard...	Трябва да имам стара маса някъде в двора...	Je devrais avoir une veille table quelque part dans le jardin...	У меня во дворе должен быть старый стол...
Dialogues/prepFirstWork3	<voice type=order>\nI'll better check the backyard.	<voice type=order>\nПо-добре ще погледна задния двор.	<voice type=order>\nJe ferais mieux de vérifier le jardin.	<voice type=order>\nНадо обыскать задний двор.
Dialogues/prepFirstWork4	I need a place to work.	Имам нужда от място за работа.	J'ai besoin d'un espace pour travailler.	Мне нужно место для работы.
Dialogues/prepFirstTrade1	<voice type=acceptance>\nTime to trade with Bob, he should have some metal.	<voice type=acceptance>\nВреме е да търгуваш с Боб, той трябва да има някакъв метал.	<voice type=acceptance>\nIl est temps d'échanger avec Bob, il devrait avoir du métal.	<voice type=acceptance>\nУ Боба должен быть металл, самое время поторговаться.
Dialogues/prepFirstTrade2	<voice type=acceptance>\nWe have a small, but pretty close community of traders here.	<voice type=acceptance>\nИмаме малка, но доста сплотена общност от търговци тук.	<voice type=acceptance>\nNous avons une petite, mais assez proche communauté de commerçants.	<voice type=acceptance>\nУ нас тут есть маленькое, но сплоченное сообщество торговцев.
Dialogues/prepFirstTrade3	Trading is sometimes the only way to get what I need.	Търговията понякога е единственият начин да получа това, от което имам нужда.	Échanger est parfois la seule façon d'avoir ce dont j'ai besoin.	Иной раз иначе никак, приходится торговать.
Dialogues/prepFirstTrade4	<voice type=thanks>\nThe postman helps us with trading.\n<voice type=fear>\nIt's a bit unofficial, so let's hope the Agency doesn't find out.	<voice type=thanks>\nПощальонът ни помага с търговията.\n<voice type=fear>\nМалко е неофициално, така че да се надяваме, че Агенцията няма да разбере.	<voice type=thanks>\nLe facteur aide à faire du commerce.\n<voice type=fear>\nCe n'est pas officiel, alors espérons que l'Agence ne le découvre pas.	<voice type=thanks>\nПочтальон помогает нам с торговлей.\n<voice type=fear>\nЭто все не очень-то законно, так что будем надеяться, что Агентство ни о чем не узнает.
Dialogues/prepGoToForest1	I could go to the nearby forest to collect some wood.	Мога да отида в близката гора да събера малко дърва.	Je pourrais aller dans la forêt voisine pour récolter du bois.	Можно пойти в лес и раздобыть там древесины.
Dialogues/prepGoToForest2	The nearby forest should have plenty of wood.	Гората наблизо трябва да има много дърва.	Il devrait y avoir plein de bois dans la forêt voisine.	В ближайшем лесу должно быть более чем достаточно древесины.
Dialogues/prepGoToForest3	<voice type=question>\nBest place to look for wood would be a forest, I guess?	<voice type=question>\nНай-доброто място за търсене на дърва би било гората, нали?	<voice type=question>\nLe meilleur endroit pour chercher du bois serait dans une forêt, je suppose?	<voice type=question>\nНаверное, древесину логичнее поискать в лесу?
Dialogues/prepGoToForest4	<voice type=acceptance>\nTime to go to the forest.	<voice type=acceptance>\nВреме е да отидеш в гората.	<voice type=acceptance>\nIl est temps d'aller dans la forêt.	<voice type=acceptance>\nПора отправляться в лес.
Dialogues/prepInForest1	<voice type=thanks>\nAh, I love nature!	<voice type=thanks>\nА, обичам природата!	<voice type=thanks>\nAh, j'aime la nature!	<voice type=thanks>\nМ-м, обожаю природу!
Dialogues/prepInForest2	<voice type=thanks>\nWhat a lovely place!	<voice type=thanks>\nКакво мило място!	<voice type=thanks>\nQuel endroit charmant!	<voice type=thanks>\nКакое чудесное место!
Dialogues/prepInForest3	It would be great to collect these logs.	Ще е супер да съберем тези трупи.	Ça serait super de récolter ces rondins.	Неплохо бы собрать эти бревна.
Dialogues/prepInForest4	<voice type=order>\nLet's grab these logs and get out of here.	<voice type=order>\nХайде да вземем тези дърва и да излезем оттук.	<voice type=order>\nPrenons ces rondins et partons d'ici.	<voice type=order>\nЗаберу бревна, и можно возвращаться.
Dialogues/prepBackHome1	It would be good to get back home.	Ще е добре да се прибера вкъщи.	Ça serait bien de rentrer à la maison.	Пора бы уже домой.
Dialogues/prepBackHome2	<voice type=acceptance>\nI need to go back home.\nThere should be a roadsign somewhere around here...	<voice type=acceptance>\nТрябва да се върна вкъщи.\nТрябва да има път някъде около нас...	<voice type=acceptance>\nJe dois rentrer chez moi.\nIl doit y avoir un panneau quelque part dans le coin...	<voice type=acceptance>\nПора возвращаться домой.\nТут где-то должен быть знак...
Dialogues/prepBackHome3	Time to go back home.\n<voice type=acceptance>\nI need to look for a path.	Време е да се върна вкъщи.\n<voice type=acceptance>\nТрябва да намеря път.	Il est temps de rentrer à la maison.\n<voice type=acceptance>\nJe dois trouver un chemin.	Пора домой.\n<voice type=acceptance>\nНужно только отыскать тропинку.
Dialogues/prepBackHome4	<voice type=disappointment>\nEnough of this nature.\n<voice type=acceptance>\nTime to go home.	<voice type=disappointment>\nДостатъчно от това.\n<voice type=acceptance>\nВреме да се върна вкъщи.	<voice type=disappointment>\nAssez de cette nature.\n<voice type=acceptance>\nIl est temps de rentrer à la maison.	<voice type=disappointment>\nХватит с меня природы.\n<voice type=acceptance>\nПора идти домой.
Dialogues/prepDisLog1	<voice type=thanks>\nHome sweet home!	<voice type=thanks>\nДома си!	<voice type=thanks>\nHome sweet home!	<voice type=thanks>\nДом, милый дом!
Dialogues/prepDisLog2	<voice type=acceptance>\nTime to disassemble some stuff!\nLet me go to my workbench.	<voice type=acceptance>\nВреме е да разглобя някои неща!\nНека отида при работната си маса.	<voice type=acceptance>\nIl est temps de démonter quelques affaires!\nAllons à mon établi.	<voice type=acceptance>\nСамое время что-нибудь разобрать!\nПойду к верстаку.
Dialogues/prepDisLog3	I need to cut these logs into pieces of wood.	Трябва да нарежа тези трупи на дървени парчета.	Je dois couper ces rondins en morceaux de bois.	Мне нужно распилить эти бревна на куски древесины.
Dialogues/prepDisLog4	I need to make wood out of these logs first.\n<voice type=order>\nWorkbench time!	Първо трябва да направя дърво от тези дъски.\n<voice type=order>\nРаботна маса!	Je dois d'abord faire du bois avec ces rondins.\n<voice type=order>\nDirection l'établi!	Сначала мне нужно подготовить древесину из этих бревен.\n<voice type=order>\nВерстак, настало твое время!
Dialogues/prepIGotMail1	<voice type=surprise>\nI have mail!	<voice type=surprise>\nИмам писмо!	<voice type=surprise>\nJ'ai du courrier!	<voice type=surprise>\nМне пришла почта!
Dialogues/prepIGotMail2	I need to go to the mailbox.	Трябва да отида до пощенската кутия.	Je dois aller à la boîte aux lettres.	Надо заглянуть в почтовый ящик.
Dialogues/prepIGotMail3	<voice type=thanks>\nThe postman is a really cool guy.	<voice type=thanks>\nПощальонът е много готин пич.	<voice type=thanks>\nLe facteur est un gars vraiment sympa.	<voice type=thanks>\nКлассный ты парень, почтальон.
Dialogues/prepIGotMail4	<voice type=order>\nTime to receive ordered supplies!	<voice type=order>\nВреме е да получиш поръчаните доставки!	<voice type=order>\nIl est temps de récupérer ce que j'ai commandé!	<voice type=order>\nПора забрать заказанные припасы!
Dialogues/prepUpgrade1	Now I can upgrade my work station.	Сега мога да ъпгрейдна работната си маса.	Maintenant je peux améliorer mon poste de travail.	Теперь я могу улучшить свое рабочее место.
Dialogues/prepUpgrade2	<voice type=acceptance>\nLet's go to the workbench and upgrade it.	<voice type=acceptance>\nХайде да отидем до работната маса и да я подобрим.	<voice type=acceptance>\nAllons à l'établi pour l'améliorer.	<voice type=acceptance>\nСамое время подойти к верстаку и улучшить его.
Dialogues/prepUpgrade3	I need to go to the workbench.	Трябва да отида до работната маса.	Je dois aller à l'établi.	Мне нужно подойти к верстаку.
Dialogues/prepUpgrade4	<voice type=acceptance>\nTime to refresh my old workbench.	<voice type=acceptance>\nВреме е да обновим старата си работна маса.	<voice type=acceptance>\nIl est temps de remettre en état mon ancien établi.	<voice type=acceptance>\nНастало время обновить мой старый верстак.
Dialogues/prepPleaceLadder1	<voice type=acceptance>\nTime to place the ladder so I can go down to my bunker.	<voice type=acceptance>\nВреме е да поставиш стълбата, за да сляза в бункера си.	<voice type=acceptance>\nIl est temps de placer l'échelle pour que je puisse descendre dans mon bunker.	<voice type=acceptance>\nНадо бы приставить лестницу, чтобы я мог спуститься в свой бункер.
Dialogues/prepPleaceLadder2	<voice type=acceptance>\nI'll place the ladder, I need a convenient way to get to my bunker.	<voice type=acceptance>\nЩе сложа стълбата, трябва ми удобен начин да стигна до бункера си.	<voice type=acceptance>\nJe vais placer l'échelle, j'ai besoin d'un moyen pratique pour me rendre dans mon bunker.	<voice type=acceptance>\nПоставлю-ка лестницу, мне нужен удобный способ спускаться в бункер.
Dialogues/prepPleaceLadder3	Ladder down and I go underground.	Слизам по стълбата и отивам под земята.	Échelle en place et je descends sous terre.	Спущу лестницу, и можно спускаться под землю.
Dialogues/prepPleaceLadder4	<voice type=order>\nI need to place the ladder.	<voice type=order>\nТрябва да поставя стълбата.	<voice type=order>\nJe dois placer l'échelle.	<voice type=order>\nМне нужно установить лестницу.
Dialogues/prepLight1	<voice type=acceptance>\nI could use some light in my shelter.	<voice type=acceptance>\nТрябва ми малко светлина в убежището си.	<voice type=acceptance>\nJe pourrais avoir un peu de lumière dans mon abri.	<voice type=acceptance>\nВ моем убежище не помешало бы освещение.
Dialogues/prepLight2	<voice type=fear>\nIt's so dark!	<voice type=fear>\nТъмно е!	<voice type=fear>\nC'est si sombre!	<voice type=fear>\nТут так темно!
Dialogues/prepLight3	I should be able to craft some lamps.	Трябва да мога да направя някои лампи.	Je devrais être capable de fabriquer quelques lampes.	Думаю, я смогу сделать пару ламп.
Dialogues/prepLight4	<voice type=acceptance>\nI have to disassemble some of these old plates.\nI need glass to craft wall lamps.	<voice type=acceptance>\nТрябва да разглобя някои от тези стари чинии.\nТрябва ми стъкло за изработка на лампи за стена.	<voice type=acceptance>\nJe dois démonter certaines de ces vieilles assiettes.\nJ'ai besoin de verre pour fabriquer des appliques.	<voice type=acceptance>\nПридется разобрать парочку старых тарелок.\nЧтобы сделать настенные лампы, нужно стекло.
Dialogues/prepPleaceLight1	<voice type=thanks>\nNow I can place it in my bunker!	<voice type=thanks>\nСега мога да го сложа в бункера си!	<voice type=thanks>\nMaintenant, je peux les placer dans mon bunker!	<voice type=thanks>\nТеперь я могу установить их в бункере!
Dialogues/prepPleaceLight2	<voice type=thanks>\nNo more darkness! It's actually kind of cosy down here.	<voice type=thanks>\nНяма повече тъмнина! Тук е доста уютно.	<voice type=thanks>\nPlus d'obscurité! C'est plutôt confortable ici.	<voice type=thanks>\nПрощай, темнота! Да тут теперь даже уютно.
Dialogues/prepPleaceLight3	<voice type=laugh>\nLet there be light!	<voice type=laugh>\nНека има светлина!	<voice type=laugh>\nQue la lumière soit!	<voice type=laugh>\nДа будет свет!
Dialogues/prepPleaceLight4	I can light up my bunker now.	Мога да светна бункера си сега.	Je peux éclairer mon bunker maintenant.	Теперь я могу осветить свой бункер.
Dialogues/prepActualSleepTime1	<voice type=acceptance>\nIt's late, I need to go to sleep.	<voice type=acceptance>\nУже късно, трябва да отида да спи.	<voice type=acceptance>\nIl est tard, je dois aller me coucher.	<voice type=acceptance>\nУже поздно, пора спать.
Dialogues/prepActualSleepTime2	<voice type=negation>\nNo use of another nap, I want to sleep till morning.	<voice type=negation>\nНяма смисъл от още една дрямка, искам да спя до сутринта.	<voice type=negation>\nPas besoin de faire une autre sieste, je veux dormir jusqu'au matin.	<voice type=negation>\nЯ сейчас хочу не вздремнуть, а хорошенько поспать до утра.
Dialogues/prepActualSleepTime3	I'm tired. A plan for now: PJs, bed, sleep.	Уморен съм. План за сега: пижама, легло, сън.	Je suis fatigué. Le plan pour l'instant: pyjamas, lit, dormir.	Я устал. Ближайшие планы: пижама, кровать, сон.
Dialogues/prepActualSleepTime4	<voice type=laugh>\nThat was a good day. Time to sleep now.	<voice type=laugh>\nДнес беше добър ден. Време е да спиш.	<voice type=laugh>\nC'était une bonne journée. Il est temps d'aller dormir maintenant.	<voice type=laugh>\nХороший был день. Теперь можно и поспать.
Dialogues/prepAgentTime1	<voice type=fear>\nOh no, the Agent will be here soon, I need to hide my stuff!	<voice type=fear>\nО, не, Агентът скоро ще е тук, трябва да скрием стоките ми!	<voice type=fear>\nOh non, l'Agent sera bientôt là, je dois cacher mes affaires!	<voice type=fear>\nО нет, скоро придет Агент, нужно спрятать свои вещи!
Dialogues/prepAgentTime2	<voice type=order>\nThe ladder, the workbench, and the escape plan, I'm on it!	<voice type=order>\nСтълбата, работната маса и планът за бягство, захващам се!	<voice type=order>\nL'échelle, l'établi et le plan d'évasion, je suis sur le coup!	<voice type=order>\nЛестница, верстак и план побега. Сейчас займусь!
Dialogues/prepAgentTime3	<voice type=order>\nLet's hide the ladder, the workbench, and the escape plan, quick!	<voice type=order>\nХавай, скрий стълбата, работната маса и плана за бягство, бързо!	<voice type=order>\nCachons l'échelle, l'établi et le plan d'évasion, vite!	<voice type=order>\nНадо спрятать лестницу, верстак и план побега, быстро!
Dialogues/prepAgentTime4	<voice type=order>\nI need to hurry!	<voice type=order>\nТрябва да бързам!	<voice type=order>\nJe dois me dépêcher!	<voice type=order>\nНужно спешить!
Dialogues/prepPleaceWorkbench1	I can place my workbench now.\n<voice type=laugh>\nI wonder how these things fit into my pockets.	Може да поста работната си маса сега.\n<voice type=laugh>\nСе чудя как тези неща ще се втичат в джобовете ми.	Je peux placer mon établi maintenant.\n<voice type=laugh>\nJe me demande comment tout ça peut rentrer dans mes poches.	Теперь можно установить верстак.\n<voice type=laugh>\nИ как я умудрился запихать всю эту кучу в карман?
Dialogues/prepPleaceWorkbench2	<voice type=acceptance>\nTime to place the workbench in the bunker.\n<voice type=fear>\nI don't want the Agent to see it.	<voice type=acceptance>\nВреме е да поставиш работната маса в бункера.\n<voice type=fear>\nНе искам Агентът да я види.	<voice type=acceptance>\nIl est temps de placer l'établi dans le bunker.\n<voice type=fear>\nJe ne veux pas que l'Agent puisse le voir.	<voice type=acceptance>\nУстановлю верстак в бункере.\n<voice type=fear>\nЯ же не хочу, чтобы его увидел Агент.
Dialogues/prepPleaceWorkbench3	<voice type=acceptance>\nI need to hide the workbench in my bunker.	<voice type=acceptance>\nТрябва да скрия работната маса в бункера си.	<voice type=acceptance>\nJe dois cacher l'établi dans mon bunker.	<voice type=acceptance>\nНужно спрятать верстак в бункере.
Dialogues/prepPleaceWorkbench4	One last step - place the workbench in the bunker.	Една последна стъпка - сложи работната маса в бункера.	Une dernière étape - placer l'établi dans le bunker.	Осталось только разместить верстак в бункере.
Dialogues/prepNoAmo	<voice type=disappointment>\nI'm out of ammo!	<voice type=disappointment>\nИзчерпанах боеприпаси!	<voice type=disappointment>\nJe suis à court de munitions!	<voice type=disappointment>\nУ меня кончились боеприпасы!
Dialogues/prepOverheated	<voice type=disappointment>\nOverheated!	<voice type=disappointment>\nПрегрял си се!	<voice type=disappointment>\nTrop chauffé!	<voice type=disappointment>\r\nПерегрев!
Dialogues/prepTrap	<voice type=negation>\nIt wouldn't work here.\n<voice type=acceptance>\nI should set it in the forest.	<voice type=negation>\nНяма да работи тук.\n<voice type=acceptance>\nТрябва да го сложа в гората.	<voice type=negation>\nÇa ne fonctionnera pas ici.\n<voice type=acceptance>\nJe devrais le mettre dans la forêt.	<voice type=negation>\nЗдесь это без толку.\n<voice type=acceptance>\nМне нужно установить ее в лесу.
Dialogues/prepTrapForest	<voice type=negation>\nIt won't work here.\n<voice type=acceptance>\nI need to find an area more suitable for traps.	<voice type=negation>\nТук няма да работи.\n<voice type=acceptance>\nТрябва да намеря по-подходящо място за капани.	<voice type=negation>\nÇa ne fonctionnera pas ici.\n<voice type=acceptance>\nJe dois trouver un emplacement mieux adapté aux pièges.	<voice type=negation>\nНет смысла ставить ее здесь.\n<voice type=acceptance>\nНужно найти для ловушек более подходящее место.
Dialogues/prepNeedFuel	<voice type=negation>\nI need fuel.	<voice type=negation>\nТрябва ми гориво.	<voice type=negation>\nJ'ai besoin de carburant.	<voice type=negation>\nМне нужно топливо.
Dialogues/prepNeedWater	<voice type=negation>\nI need water.	<voice type=negation>\nИмам нужда от вода.	<voice type=negation>\nJai besoin d'eau.	<voice type=negation>\nМне нужна вода.
Dialogues/prepNeedWood	<voice type=negation>\nI need wood.	<voice type=negation>\nИмам нужда от дърво.	<voice type=negation>\nJai besoin de bois.	<voice type=negation>\nМне нужна древесина.
Dialogues/prepNoWay	<voice type=negation>\nI can't get there!	<voice type=negation>\nНе мога да стигна до там!	<voice type=negation>\nJe ne peux pas aller là!	<voice type=negation>\nЯ не могу туда попасть!
Dialogues/prepBlockedWay	<voice type=negation>\nThe way is blocked!	<voice type=negation>\nПътят е блокиран!	<voice type=negation>\nLe passage est bloqué!	<voice type=negation>\nПуть заблокирован!
Dialogues/prepTree	<voice type=negation>\nI need a higher room for this.	<voice type=negation>\nИмам нужда от по-висока стая за това.	<voice type=negation>\nJ'ai besoin d'une pièce plus grande pour ça.	<voice type=negation>\nДля этого нужна комната повыше.
Dialogues/prepTreePatch	<voice type=negation>\nI need a planter for this.	<voice type=negation>\nИмам нужда от саксия за това.	<voice type=negation>\nJ'ai besoin d'une jardinière pour ça.	<voice type=negation>\nДля этого нужна кадка.
Dialogues/prepGreenhouse	<voice type=negation>\nI need a greenhouse for this.	<voice type=negation>\nТрябва ми парник за това.	<voice type=negation>\nJ'ai besoin d'une serre pour ça.	<voice type=negation>\nДля этого нужен парник.
Dialogues/prepNeedOil	<voice type=negation>\nI need oil.	<voice type=negation>\nТрябва ми масло.	<voice type=negation>\nJ'ai besoin de pétrole.\n	<voice type=negation>\nМне нужен бензин.
Dialogues/prepGrabbingFullBoxForbidden	<voice type=negation>\nI can't grab that since it's full!	<voice type=negation>\nНе мога да взема това, защото е пълно!	<voice type=negation>\nJe ne peux pas le prendre parce que c'est plein!	<voice type=negation>\nНе могу ее поднять, она полная!
Dialogues/prepPlacingForbiddenForest	<voice type=negation>\nForest is no place for that!	<voice type=negation>\nГрижата не е място за това!	<voice type=negation>\nLa forêt n'est pas le bon endroit pour ça!	<voice type=negation>\nЗачем это в лесу?
Dialogues/prepPlacingForbiddenMines	<voice type=negation>\nA mine is no place for that!	<voice type=negation>\nМина не е място за това!	<voice type=negation>\nUne mine n'est pas le bon endroit pour ça!	<voice type=negation>\nЗачем это в шахте?
Dialogues/prepPlacingForbiddenDesert	<voice type=negation>\nA desert is no place for that!	<voice type=negation>\nПустинята не е място за това!	<voice type=negation>\nLe désert n'est pas le bon endroit pour ça!	<voice type=negation>\nЗачем это в пустыне?
Dialogues/prepPlacingForbiddenOther	<voice type=negation>\nThis is no place for that!	<voice type=negation>\nТова не е място за това!	<voice type=negation>\nCe n'est pas le bon endroit pour ça!	<voice type=negation>\nЗачем это здесь?
Dialogues/prepPlacingForbiddenQuest	<voice type=negation>\nThis one seems important. I'll better keep it!	<voice type=negation>\nТози изглежда важен. По-добре да го запазя!	<voice type=negation>\nÇa semble important. Je ferais mieux de le garder!	<voice type=negation>\nКажется, это что-то важное. Надо оставить!
Dialogues/prepPickaxeNeeded	<voice type=negation>\nI need a pickaxe for that!\nMaybe I can buy one from Bob?	<voice type=negation>\nТрябва ми кирка за това!\nМоже би мога да си купя един от Боб?	<voice type=negation>\nJ'ai besoin d'une pioche pour ça!\nPeut-être que je peux en acheter une à Bob?	<voice type=negation>\nТут не обойтись без кирки!\nИнтересно, Боб их продает?
Dialogues/prepAxeNeeded	<voice type=negation>\nI need an axe for that!\nMaybe I can buy one from Joe?	<voice type=negation>\nТрябва ми топор за това!\nМоже би мога да си купя от Джо?	<voice type=negation>\nJ'ai besoin d'une hache pour ça!\nPeut-être que je peux en acheter une à Joe?	<voice type=negation>\nТут мне понадобится топор!\nИнтересно, Джо их продает?
Dialogues/prepInsideDestroyRoom	<voice type=negation>\nI can't destroy a room I'm still in!	<voice type=negation>\nНе мога да унищожа стая в която все още съм!	<voice type=negation>\nJe ne peux pas détruire une pièce dans laquelle je suis!	<voice type=negation>\nЯ не могу уничтожить комнату, в которой нахожусь!
Dialogues/prepItemsInsideDestroyRoom	<voice type=negation>\nI can't destroy a room with items inside!	<voice type=negation>\nНе мога да унищожа стая с предмети вътре!	<voice type=negation>\nJe ne peux pas détruire une pièce avec des objets à l'intérieur!	<voice type=negation>\nЯ не могу уничтожить комнату, если в ней есть предметы!
Dialogues/prepUpgradeDestroyRoom	<voice type=negation>\nI can't destroy an upgraded room!	<voice type=negation>\nНе мога да унищожа надградена стая!	<voice type=negation>\nJe ne peux pas détruire une pièce améliorée!	<voice type=negation>\nЯ не могу разрушить улучшенное помещение!
Dialogues/prepSick1	<voice type=upset>\nI feel sick.	<voice type=upset>\nЧувствам се разстроен.	<voice type=upset>\nJe me sens pas bien.	<voice type=upset>\nМеня тошнит.
Dialogues/prepSick2	<voice type=upset>\nMy stomach hurts.	<voice type=upset>\nБоли ми стомаха.	<voice type=upset>\nJ'ai mal au ventre.	<voice type=upset>\nУ меня болит живот.
Dialogues/prepWrackPlane	Gdy prepper znajduje zdjęcie przy wraku samolotu	Когато препър намери снимка при останките на самолет		
Dialogues/prepHunterNote	<voice type=surprise>\nHmm, a local hunter. Interesting, I need to check out her stuff.	<voice type=surprise>\nХм, местна ловджийка. Интересно, трябва да проверя нещата ѝ.	<voice type=surprise>\nHmm, une chasseuse locale. Intéressant, je dois inspecter ses produits.	<voice type=surprise>\nХм-м, охотница. Любопытно, надо бы посмотреть, что у нее есть.
Dialogues/prepFirstMinutManLetter	<voice type=surprise>\nInteresting. I don't know who this guy is, but he does seem helpful. Perhaps he has more interesting items to share? Maybe he'll be willing to trade?	<voice type=surprise>\nИнтересно. Не знам кой е този човек, но изглежда полезен. Може би има по-интересни неща за споделяне? Може би ще се съгласи да пообърне?	<voice type=surprise>\nIntéressant. Je ne sais pas qui est ce gars, mais il pourrait m'aider. Peut-être qu'il a d'autres articles intéressants à partager? Peut-être qu'il serait prêt à échanger?	<voice type=surprise>\nИнтересно. Я не знаю этого парня, но вдруг он пригодится. Может, у него есть другие любопытные вещи? И он захочет поторговать?
Dialogues/prepRocketPhoto	<voice type=laugh>\nFunny, this surprisingly makes sense. I have the feeling I could actually pull this off. It will need some planning though.	<voice type=laugh>\nСмешно, това изведнъж има смисъл. Имам усещане че наистина мога да го направя. Ще ми трябва някакъв план обаче.	<voice type=laugh>\nMarrant, c'est étonnamment logique. En fait, j'ai le sentiment que je pourrais réussir. Il faudra cependant un peu de planification.	<voice type=laugh>\nКак ни смешно, а это все-таки может сработать. Мне правда так кажется. Но сначала нужно придумать план.
Dialogues/prepMakeAPlan	<voice type=question>\nHow can I escape? \n<voice type=negation>\nCar? Plane? Rocket...? No, that's just crazy.	<voice type=question>\nКак мога да избягам? \n<voice type=negation>\nКола? Самолет? Ракета...? Не, това е просто лудост.	<voice type=question>\nComment est-ce que je peux m'échapper?\n<voice type=negation>\nVoiture? Avion? Fusée...? Non, c'est juste fou.	<voice type=question>\nКак же мне сбежать?\n<voice type=negation>\nНа машине? На самолете? На ракете?.. Не, бред какой-то.
Dialogues/prepInspiration	<voice type=question>\nI need to do some more planning... How can I escape?\n<voice type=acceptance>\nI need to find some inspiration.	<voice type=question>\nТрябва да направя още малко планиране... Как мога да избягам?\n<voice type=acceptance>\nТрябва да намеря малко вдъхновение.	<voice type=question>\nJe dois planifier un peu plus ... Comment m'échapper?\n<voice type=acceptance>\nJ'ai besoin de trouver l'inspiration.	<voice type=question>\nНужно еще подумать над планом... Как мне сбежать?\n<voice type=acceptance>\nНужно вдохновение.
Dialogues/prepPrequel	<voice type=negation>\nI need to read the previous volume of this book first.	<voice type=negation>\nТрябва да прочета предишния том на тази книга първо.	<voice type=negation>\nJe dois d'abord lire le volume précédent de ce livre.	<voice type=negation>\nСначала нужно прочитать предыдущий том.
Dialogues/prepFoodSource	<voice type=acceptance>\nI need a food source. Time to kick off my underground plantation.\n<voice type=laugh>\nThe Agent would not be happy to see that.	<voice type=acceptance>\nТрябва ми източник на храна. Време е да започна моята подземна плантация.\n<voice type=laugh>\nАгентът няма да се радва на това.	<voice type=acceptance>\nJ'ai besoin d'une source de nourriture. Il est temps de démarrer ma plantation souterraine.\n<voice type=laugh>\nL'Agent ne serait pas content de voir ça.	<voice type=acceptance>\nМне нужен источник пищи. Пора создавать подземную плантацию.\n<voice type=laugh>\nАгенту это не понравится.
Dialogues/prepAfterFoodSource	<voice type=acceptance>\nFood source established. I'll check my plan again!	<voice type=acceptance>\nИзточник на храна установен. Ще прегледам отново плана си!	<voice type=acceptance>\nSource de nourriture établie. Je vais examiner mon plan à nouveau!	<voice type=acceptance>\nИтак, источник пищи – есть! Надо свериться с планом.
Dialogues/prepIntro	At last. Speed. The road before me, the space around me. An open horizon - this I haven't seen in a long time. Away from control, propaganda, boredom, from the empty-eyed people around. Heck, even those damned headaches seem to go away with every mile away from this town. To the new beginning!	Най-накрая. Скорост. Пътят пред мен, пространството около мен. Отворен хоризонт - това не съм го виждал отдавна. Далеч от контрола, пропагандата, скуката, от хората с празни очи наоколо. По дяволите, дори тези проклети главоболия изчезват с всяка миля, която се отдалечавам от този град. Към новото начало!		
Dialogues/agentBack1	<voice type=acceptance>\nAnd we are back at your place of residence, citizen.\nFor an attempted escape, we have confiscated your vehicle. This is standard procedure.\n<voice type=negation>\nObviously, you are also prohibited from buying or registering a new one.\n<voice type=order>\nThe Agency expresses hope that you will not attempt to leave Murricaville again.	<voice type=acceptance>\nИ ние се връщаме в твоето място на пребиваване, гражданино.\nЗа опита за бягство, конфискувахме вашето превозно средство. Това е стандартна процедура.\n<voice type=negation>\nОчевидно, също така ти е забранено да купуваш или регистрираш нов.\n<voice type=order>\nАгенцията изразява надежда, че няма да се опиташ да напуснеш Мъррикавил отново.	<voice type=acceptance>\nEt nous sommes de retour à votre domicile, citoyen.\nPour votre tentative d'évasion, nous avons confisqué votre véhicule. C'est la procédure standard.\n<voice type=negation>\nEvidemment, il vous est aussi interdit d'en acheter ou d'en louer une autre.\n<voice type=order>\nL'Agence espère que vous ne tenterez plus de quitter Murricaville.	<voice type=acceptance>\nМы вернулись в ваше место проживания, гражданин.\nВвиду попытки побега мы конфисковали ваш автомобиль. Это стандартная процедура.\n<voice type=negation>\nРазумеется, покупать новый вам запрещено.\n<voice type=order>\nАгентство выражает надежду, что вы не будете предпринимать дальнейших попыток покинуть Мерикосвиль.
Dialogues/prepBack2	<voice type=laugh>\nOh, sure, now I plan to fall back in love with this beautiful town.	<voice type=laugh>\nО, разбира се, сега планирам да се влюбия отново в този красив град.	<voice type=laugh>\nOh, oui bien sûr, maintenant je prévois de retomber amoureux de cette belle ville.	<voice type=laugh>\nО, конечно, уверен, что полюблю этот городишко всем сердцем.
Dialogues/agentBack3	<voice type=acceptance>\nThis is a commendable attitude, citizen. From today onwards, you are also on probation.\nI will come for a brief inspection regularly to check for any subversive actions or items.\nThis is standard procedure.\n<voice type=order>\nI am sure you will comply and my visits will only be a formality. Bless the President!	<voice type=acceptance>\nТова е стандартната процедура, гражданино. От днес и ти си под наблюдение. \nЩе идвам редовно за кратка проверка, за да търся забранени действия или предмети.\nТова е стандартната процедура.\n<voice type=order>\nСигурен съм, че ще се подчиниш и посещенията ми ще бъдат само формалност. Боже, пази президента!	<voice type=acceptance>\nC'est une attitude louable, citoyen. À partir d'aujourd'hui, vous êtes également en probation.\nJe viendrai régulièrement faire une brève inspection, afin de vérifier n'importe quel objet interdit ou action subversive.\nC'est la procédure standard.\n<voice type=order>\nJe suis sûr que vous vous y conformerez et que mes visites ne seront qu'une formalité. Gloire au Président!	<voice type=acceptance>\nПохвально, гражданин. С сегодняшнего дня вы на испытательном сроке.\nЯ буду регулярно приходить и проверять, нет ли в вашем доме следов бунтарской деятельности.\nЭто стандартная процедура.\n<voice type=order>\nНе сомневаюсь, что вы будете примерным гражданином, и мои визиты станут простой формальностью. Боже, храни Президента!
Dialogues/prepBack4	<voice type=negation>\nBless.	<voice type=negation>\nБоже, пази.	<voice type=negation>\nGloire au Président.	<voice type=negation>\nБоже, храни.
Dialogues/herbWolf1	<voice type=greeting>\nHello, buttercup! I knew you would come. \n<voice type=laugh>\nYou seem like a strong and capable young lad.	<voice type=greeting>\nЗдравей, слънчице! Знаех, че ще дойдеш. \n<voice type=laugh>\nИзглеждаш като силен и способен млад човек.	<voice type=greeting>\nBonjour, bouton d'or! Je savais que tu viendrais.\n<voice type=laugh>\nTu sembles être un jeune garçon fort et intelligent.	<voice type=greeting>\nНу здравствуй, лютик мой! А я знала, что ты придешь.\n<voice type=laugh>\nКакой сильный и способный парнишка.
Dialogues/prepWolf2	<voice type=surprise>\nIt's been a while since anybody called me “young”.\n<voice type=question>\nAnd you are...?	<voice type=surprise>\nМного време мина от както някой ме е наричал „млад“.\n<voice type=question>\nА ти си...?	<voice type=surprise>\nÇa fait un moment que personne ne m'a appelé "jeune".\n<voice type=question>\nEt vous êtes...?	<voice type=surprise>\nДавненько меня не называли парнишкой.\n<voice type=question>\nА вы?..
Dialogues/herbWolf3	<voice type=greeting>\nOh, my manners! My name is <color=yellow>Jenny</color>. I'm the one who sent you the letter.\nSorry for the secrecy, but one cannot be too cautious these days.\nYou can usually meet me here around this time.\n<voice type=order>\nI'm a herbalist. Your contact regarding all plant matters, you could say.	<voice type=greeting>\nО, колко съм нелюбезна! Казвам се <color=yellow>Джени</color>. Аз съм тази, който ти изпрати писмото.\nИзвинявай за тайнствеността, но днес не може да прекаляваш с предпазването.\nОбикновено може да ме срещеш тук по това време.\n<voice type=order>\nАз съм билкаря. Твоят контакт по всички въпроси, свързани с растенията, може да кажем.	<voice type=greeting>\nOh, pardonne mes manières! Je m'appelle <color=yellow>Jenny</color>. C'est moi qui t'ai envoyé la lettre.\nDésolée pour tant de secret, mais on ne peut jamais être trop prudent par les temps qui courent.\nTu peux généralement me voir dans les environs à cette heure-ci.\n<voice type=order>\nJe suis herboriste. Ton contact pour tout ce qui concerne les plantes.	<voice type=greeting>\nО, где же мои манеры! Меня зовут <color=yellow>Дженни</color>. Это я тебе писала.\nУж прости за всю эту конспирацию, но осторожность сейчас не лишняя.\nВ это время я обычно здесь.\n<voice type=order>\nЯ травница. Ко мне можно приходить со всем, что касается трав.
Dialogues/prepWolf4	<voice type=greeting>\nPeople call me Prepper. Nice to meet you, ma'am.	<voice type=greeting>\nНаричат ме Препър. Радвам се да се запознаем.	<voice type=greeting>\nLes gens m'appellent Prepper. Ravi de vous rencontrer, madame.	<voice type=greeting>\nА меня называют Выживальщиком. Рад познакомиться, мэм.
Dialogues/herbWolf5	<voice type=order>\nOh, just <color=yellow>Jenny</color>, please. And let me get to the point: I could use your help.\n<voice type=anger>\nSee, I have this cozy <color=yellow>cabin</color> in the <color=yellow>woods</color>. But I can't get there now.\n<voice type=fear>\nThere is a really <color=yellow>vicious wolf</color> hanging around constantly. I've tried everything. \n<voice type=laugh>\nIt didn't fall for my package of poisonous herbs inside a delicious sausage.\n<voice type=question>\nCould you get rid of it for me?	<voice type=order>\nО, просто <color=yellow>Джени</color>, моля. И нека да премина към същността: бих искала да използвам помощта ти.\n<voice type=anger>\nВиж, имам уютна <color=yellow>хижа</color> в <color=yellow>гората</color>, но сега не мога да стигна до нея.\n<voice type=fear>\nНаоколо постоянно се навърта един наистина <color=yellow>свиреп вълк</color>. Опитах всичко. \n<voice type=laugh>\nНе се хвана на пакета ми с отровни билки, скрит във вкусна наденица.\n<voice type=question>\nМожеш ли да се отървеш от него за мен?	<voice type=order>\nOh, juste <color=yellow>Jenny</color>, s'il te plaît. Et permets moi d'en venir au fait: j'ai besoin de ton aide.\n<voice type=anger>\nTu vois, j'ai cette <color=yellow>cabane</color> confortable dans les <color=yellow>bois</color>. Mais je ne peux plus y accéder actuellement.\n<voice type=fear>\nIl y a un <color=yellow>méchant loup</color> qui traîne constamment autour. J'ai tout essayé. \n<voice type=laugh>\nIl ne s'est pas fait avoir par mon paquet d'herbes toxiques caché dans une saucisse délicieuse.\n<voice type=question>\nPeux-tu t'en débarrasser pour moi?	<voice type=order>\nО, прошу, зови меня просто <color=yellow>Дженни</color>. Позволь перейти к делу: мне не помешала бы твоя помощь.\n<voice type=anger>\nВидишь ли, у меня есть чудесная <color=yellow>хижина</color> в <color=yellow>лесу</color>. Только я не могу туда попасть.\n<voice type=fear>\nТам все время бродит <color=yellow>свирепый волк</color>. Я уже все перепробовала.\n<voice type=laugh>\nОн не купился даже на вкуснейшую сосиску с ядовитыми травами.\n<voice type=question>\nНе мог бы ты от него избавиться?
Dialogues/prepWolf6	<voice type=question>\nHmm, a <color=yellow>wolf</color> and a <color=yellow>cabin</color> in the <color=yellow>woods</color>. Is a red hood and a basket required for this mission?	<voice type=question>\nХмм, <color=yellow>вълк</color> и <color=yellow>хижа</color> в <color=yellow>гората</color>. Нужни ли са червена качулка и кошница за тази мисия?	<voice type=question>\nHmm, un <color=yellow>loup</color> et une <color=yellow>cabane</color> dans les <color=yellow>bois</color>. Une capuche rouge et un panier sont-ils nécessaires pour cette mission?	<voice type=question>\nХм-м, <color=yellow>волк</color> и <color=yellow>хижина</color> в <color=yellow>лесу</color>. А корзинка и красная шапочка мне не понадобятся?
Dialogues/herbWolf7	<voice type=laugh>\nYou'd look lovely in bright red, but I'm not fashion police. Just help me so I won't have to explain big ears and teeth to anyone.\nIn return, you can take anything you want from the <color=yellow>materials</color> left in the <color=yellow>cabin</color>. I need to do some resupply soon anyway.\n<voice type=question>\nAnd once I have my cabin back, we could <color=yellow>trade</color> with each other. Do we have a deal?	<voice type=laugh>\nЩе изглеждаш прекрасно в яркочервено, но аз не съм модна полиция. Просто ми помогни, за да не се налага да обяснявам на никого за големите уши и зъби.\nВ замяна можеш да вземеш каквито <color=yellow>материали</color> искаш от <color=yellow>хижата</color>. Скоро така или иначе трябва да се снабдя отново.\n<voice type=question>\nА когато си върна хижата, можем да <color=yellow>търгуваме</color> помежду си. Съгласен ли си?	<voice type=laugh>\nTu aurais l'air ravissant en rouge vif, mais je ne suis pas fan de la mode. Aide-moi simplement pour ne pas avoir à expliquer les grandes oreilles et les dents à qui que ce soit.\nEn retour, tu peux prendre tout ce qui te plaît dans les <color=yellow>matériaux</color> restant dans la <color=yellow>cabane</color>. J'ai bientôt besoin de me réapprovisionner de toute façon.\n<voice type=question>\nEt une fois que j'aurai récupéré ma cabane, nous pourrions faire des <color=yellow>échanges</color> tous les deux. Est-ce qu'on a un accord?	<voice type=laugh>\nТебе очень пойдет светло-красный, но я не из полиции моды. Просто помоги мне, и никому не придется спрашивать, почему у меня такие большие зубы и уши.\nВзамен ты можешь забрать из моей <color=yellow>хижины</color>любые <color=yellow>материалы</color>. Я все равно собиралась обновлять ассортимент.\n<voice type=question>\nА как только я вернусь в хижину, мы сможем <color=yellow>поторговать</color>. Договорились?
Dialogues/prepWolf8	<voice type=acceptance>\nWe do. I'll deal with the <color=yellow>wolf</color>.	<voice type=acceptance>\nЩе се погрижа за <color=yellow>вълка</color>	<voice type=acceptance>\nNous en avons un. Je vais m'occuper du  <color=yellow>loup</color>.	<voice type=acceptance>\nДоговорились. Я разберусь с этим <color=yellow>волком</color>.
Dialogues/herbWolf9	<voice type=thanks>\nYou hear that, Bob? We'll have our cabin back!	<voice type=thanks>\nЧуваш ли, Боб? Ще си върнем колибата!	<voice type=thanks>\nTu entends ça, Bob? Nous aurons à nouveau notre cabane!	<voice type=thanks>\nБоб, ты слышал? Мы вернем себе хижину!
Dialogues/herbShrooms1	<voice type=thanks>\nOh hello, daisy! Me and Bob thank you for defeating the big bad! I hope you didn't get hurt.	<voice type=thanks>\nО, здравей, дейзи! Аз и Боб ви благодарим, че победи! Надявам се да не си се наранил.	<voice type=thanks>\nOh bonjour, marguerite! Bob et moi nous te remercions d'avoir vaincu le grand méchant loup! J'espère que tu n'as pas été blessé.	<voice type=thanks>\nПривет, маргариточка! Злой и страшный серый волк повержен, мы с Бобом очень тебе благодарны! Надеюсь, ты не поранился.
Dialogues/prepShrooms2	<voice type=disappointment>\nPlease don't call me… ah, whatever. You're welcome. And no, I'm fine.	<voice type=disappointment>\nМоля те, не ме наричай... абе, каквото и да е. Добре дошъл. И не, добре съм.	<voice type=disappointment>\nS'il vous plaît, ne m'appelez pas… ah, peu importe. Je vous en prie. Et non, ça va.	<voice type=disappointment>\nПрошу, хватит называть меня... А, черт с ним. Не за что. И да, я в порядке.
Dialogues/herbShrooms3	Now that I have my little sweet home and workshop back, I'd like to get back to my little cooking experiments.\nMany of my friends in the town suffer from certain <color=yellow>sleep issues</color>.\n<voice type=laugh>\nA nice old lady as I am, I want to help. I am trying out various ingredients to put in… a <color=yellow>herbal tea</color>.\nI've heard about a curious kind of <color=yellow>mushrooms</color> growing in the <color=yellow>old mine</color> just outside of town.\n<voice type=question>\nCould you bring me some of those? I have a hunch they'll fit well into my new tea.	Сега щом си върнах моят малък уютен дом и работната си маса, искам да се върна към моите малки кулинарни експерименти.\nМного от приятелите ми в града имат определени проблеми със <color=yellow>съня</color>.\n<voice type=laugh>\nКато добра стара жена, искам да помогна. Пробвам различни съставки за… <color=yellow>бита чай</color>.\nС чух за някакъв любопиен вид <color=yellow>гъби</color>, които растат в <color=yellow>старата шахта</color> точно извън града.\n<voice type=question>\nМожеш ли да ми донесеш някои от тях? Имам предчувствие, че ще се подго	Maintenant que j'ai retrouvé ma petite maison et mon atelier, je voudrais revenir à mes petites expériences culinaires.\nBeaucoup de mes amis de la ville souffrent de certains <color=yellow>problèmes de sommeil</color>.\n<voice type=laugh>\nCharmante vieille dame que je suis, je veux aider. J'essaie différents ingrédients pour préparer… une <color=yellow>tisane</color>.\nJ'ai entendu parler d'un curieux type de <color=yellow>champignons</color> poussant dans la <color=yellow>vieille mine</color> juste à l'extérieur de la ville.\n<voice type=question>\nPeux-tu m'en apporter quelques-uns? J'ai le sentiment qu'ils iront bien dans mon nouveau thé.	Мой милый дом и мастерская снова со мной. Можно возвращаться к кулинарным экспериментам.\nУ многих моих друзей в городе <color=yellow>проблемы со сном</color>.\n<voice type=laugh>\nКак и всякая милая старушка, я хочу им помочь. Чего я только не кладу в… <color=yellow>травяной чай</color>.\nЯ слышала о любопытнейших <color=yellow>грибах</color>, которые растут в <color=yellow>старой шахте</color> неподалеку от города.\n<voice type=question>\nМожешь их принести? Что-то мне подсказывает, что они отлично подойдут для нового чая.
Dialogues/prepShrooms4	Curious <color=yellow>mushrooms</color>. From the <color=yellow>old mine</color>. For a <color=yellow>tea</color>.\n<voice type=acceptance>\nYeah, sure, why not.	Любопитни <color=yellow>гъби</color> от <color=yellow>стария шахта</color> за <color=yellow>чай</color>.\n<voice type=acceptance>\nДа, разбира се, защо не.	De curieux <color=yellow>champignons</color>. De la <color=yellow>vieille mine</color>. Pour du <color=yellow>thé</color>.\n<voice type=acceptance>\nOui bien sûr, pourquoi pas.	Любопытнейшие <color=yellow>грибы</color>. Из <color=yellow>старой шахты</color>. Для <color=yellow>чая</color>.\n<voice type=acceptance>\nНу конечно, почему нет.
Dialogues/herbShrooms5	<voice type=thanks>\nLovely! Just be careful, young lad, the <color=yellow>mine</color> is a dangerous place. \nBut there's also a chance you'll meet a <color=yellow>friendly soul</color> there.	<voice type=thanks>\nЧудесно! Само бъди внимателен, млади човече, <color=yellow>мияната</color> е опасно място.\nНо има и шанс да срещнеш <color=yellow>приятелска душа</color> там.	<voice type=thanks>\nCharmant! Attention, jeune garçon, la <color=yellow>mine</color> est un endroit dangereux. \nMais il y a aussi une chance que tu y rencontres une <color=yellow>âme amicale</color>.	<voice type=thanks>\nЗамечательно! Будьте осторожны, молодой человек, <color=yellow>шахта</color> – опасное место.\nНо как знать, вдруг там можно встретить не только врага, но и <color=yellow>дружелюбного странника</color>.
Dialogues/herbGuaranaLittle1	<voice type=greeting>\nHello, buttercup! You're back already! How was the mine? Do you have the <color=yellow>mushrooms</color>?	<voice type=greeting>\nЗдравей, цъфте! Вече си тук! Как беше рудника? Имаш ли <color=yellow>гъби</color>?	<voice type=greeting>\nBonjour, bouton d'or! Tu es déjà de retour! Comment était la mine? Est-ce que tu as les <color=yellow>champignons</color>?	<voice type=greeting>\nПривет, лютик мой! Как ты быстро вернулся! Тебе понравилась шахта? <color=yellow>Грибочки</color> при тебе?
Dialogues/prepGuaranaLittle2	<voice type=acceptance>\nNot exactly a walk in the park, but it was fine. Here they are.	<voice type=acceptance>\nНе е точно разходка в парка, но беше добре. Ето ги.	<voice type=acceptance>\nPas vraiment une promenade de santé, mais ça a été. Les voici.	<voice type=acceptance>\nНе сказал бы, что было просто, но я справился. Вот грибы.
Dialogues/herbGuaranaLittle3	<voice type=thanks>\nWonderful! I'll come up with a recipe for a new <color=yellow>tea</color> very soon.\n<voice type=upset>\nMeanwhile, more and more people have been complaining to me about <color=yellow>sleep issues</color>, weird headaches and concentration problems. \n<voice type=question>\nDo you also have those, sweetheart?	<voice type=thanks>\nЧудесно! Скоро ще си надумам рецепта за нов <color=yellow>чай</color>.\n<voice type=upset>\nМеждувременно все повече хора ми се жалят за <color=yellow>проблеми със съня</color>, странни главоболия и проблеми с концентрацията. \n<voice type=question>\nИ ти имаш такива, милостна?	<voice type=thanks>\nMagnifique! Je proposerai très bientôt une recette pour un nouveau <color=yellow>thé</color>.\n<voice type=upset>\nPendant ce temps, de plus en plus de gens se plaignent de <color=yellow>problèmes de sommeil</color>, de maux de tête étranges et de problèmes de concentration. \n<voice type=question>\nEn as-tu aussi, mon chéri?	<voice type=thanks>\nПрекрасно! Рецепт нового <color=yellow>чая</color> скоро будет готов.\n<voice type=upset>\nК слову, мне все больше жалуются на <color=yellow>проблемы со сном</color> и странные головные боли, а кто-то просто не может сосредоточиться.\n<voice type=question>\nТебя тоже беспокоят такие недуги, мой милый?
Dialogues/prepGuaranaLittle4	<voice type=upset>\nWell, since you mention it… Yes, it happens.	<voice type=upset>\nЕ, докато споменаваш… Да, става.	<voice type=upset>\nEh bien, puisque vous en parlez… Oui, ça arrive.	<voice type=upset>\nНу, раз уж вы об этом заговорили... Да, случается.
Dialogues/herbGuaranaLittle5	<voice type=disappointment>\nSee? Trust the old lady: it must be something in the air. And my usual herbal remedies don't seem to work as they should.\n<voice type=order>\nSo I think I need to step up a bit and try some new mixes. \n<color=yellow>Deeper</color> in the <color=yellow>woods</color>, there are some <color=yellow>guarana plants</color>. You'll know them for their <color=yellow>red fruits</color>. Hard to mistake for anything really.	<voice type=disappointment>\nВиждаш? Вярвай на старата: трябва да е нещо в въздуха. А моите обичайни билки не работят както трябва.\n<voice type=order>\nТака ми се струва, че трябва да се подготва и да пробва нови смеси. \n<color=yellow>По-дълбоко</color> в <color=yellow>гората</color> има някои <color=yellow>гуарана растения</color>. Ще ги разпознаеш по <color=yellow>червените им плодове</color>. Трудно да ги сгрешиш за нещо друго.	<voice type=disappointment>\nTu vois? Fais confiance à la vieille dame: ça doit être quelque chose dans l'air. Et mes remèdes habituels à base de plantes ne semblent pas fonctionner comme ils le devraient.\n<voice type=order>\nDonc je pense que je dois les intensifier un peu et essayer de nouveaux mélanges.\n<color=yellow>Plus loin</color> dans les <color=yellow>bois</color>, il y a des <color=yellow>plants de guarana</color>. Tu les reconnaîtras par leurs <color=yellow>fruits rouges</color>. Impossible de se tromper avec quoi que ce soit d'autre.	<voice type=disappointment>\nВот видишь? Уж поверь старушке, тут что-то нечисто. И мои травяные снадобья перестали помогать.\n<voice type=order>\nТак что я решила поэкспериментировать и придумать новые смеси.\n<color=yellow>Глубже</color> в <color=yellow>лесу</color> можно найти <color=yellow>гуарану</color>. Эти растения можно узнать по <color=yellow>красным плодам</color>. Их тяжело с чем-нибудь спутать.
Dialogues/prepGuaranaLittle6	<voice type=surprise>\n<color=yellow>Guarana</color>? Isn't it, like, an exotic plant?	<voice type=surprise>\n<color=yellow>Гуарана</color>? Не е ли екзотично растение?	<voice type=surprise>\n<color=yellow>Guarana</color>? C'est une sorte de plante exotique, n'est-ce pas?	<voice type=surprise>\n<color=yellow>Гуарана</color>? Она у нас разве растет?
Dialogues/herbGuaranaLittle7	<voice type=surprise>\nCrazy, right? I don't know where it came from, but apparently it feels at home in the woods of Murricaville County. \n<voice type=order>\nAnyways – bring me some <color=yellow>fruits</color> and I'll see if they work in my mixtures. 	<voice type=surprise>\nБеше безумно, нали? Не знам откъде е дошъл, но очевидно се чувства добре в гората на Муритикайл Каунти. \n<voice type=order>\nВъпреки това – донеси ми някои <color=yellow>плодове</color> и ще видя дали работят в моите смеси.	<voice type=surprise>\nC'est fou, non? Je ne sais pas d'où ils viennent, mais apparemment, ils se sentent comme chez eux dans les bois du comté de Murricaville. \n<voice type=order>\nQuoi qu'il en soit - apporte-moi des <color=yellow>fruits</color> et je verrai s'ils fonctionnent dans mes mélanges. 	<voice type=surprise>\nКто бы мог подумать, правда? Уж не знаю, откуда она здесь взялась, но, кажется, чувствует себя в округе Мерикосвиля как дома.\n<voice type=order>\nНу да ладно – принеси мне ее <color=yellow>плоды</color>, и посмотрим, что можно из них приготовить.
Dialogues/prepGuaranaLittle8	<voice type=acceptance>\nOK then. Anything for good <color=yellow>herbal mixes</color>, right?	<voice type=acceptance>\nДобре тогава. Всичко за доброто. <color=yellow>билкови смеси</color>Нали?	<voice type=acceptance>\nAlors ok. Tout ce qu'il faut pour de bons <color=yellow>mélanges à base de plantes</color>, n'est-ce pas?	<voice type=acceptance>\nХорошо. Все ради добротной <color=yellow>травяной смеси</color>.
Dialogues/prepGuaranaMore1	<voice type=greeting>\nHello, Jenny. I reckon these are the fruits you were looking for?	<voice type=greeting>\nЗдравей, Джени. Мисля, че това са плодовете, които търсеше?	<voice type=greeting>\nBonjour Jenny. Je crois que ce sont les fruits que vous cherchiez?	<voice type=greeting>\nЗдравствуйте, Дженни. Думаю, я нашел плоды, которые вы искали.
Dialogues/herbGuaranaMore2	<voice type=thanks>\nCorrect! See them, Bob? So red! So ripe! Thank you so much!\n<voice type=disappointment>\nNow, my first teas with the mushrooms you brought from the mine turned out a mixed blessing.\n<voice type=laugh>\nThey did help my friends to stay awake, but also made them… a bit unfocused.	<voice type=thanks>\nТочно! Виждаш ли ги, Боб? Толкова червени! Толкова зрели! Много ти благодаря!\n<voice type=disappointment>\nСега първите ми чаши с гъбите, които донесе от рудника, се оказаха смесено благо.\n<voice type=laugh>\nПомогнаха приятелите ми да останат будни, но също така ги направиха… малко разсеяни.	<voice type=thanks>\nCorrect! Tu les vois, Bob? Tellement rouges! Tellement mûrs! Merci beaucoup!\n<voice type=disappointment>\nMaintenant, mes premiers thés préparés à partir des champignons que tu m'avais rapportés de la mine ont été une réussite mitigée.\n<voice type=laugh>\nIls ont aidé mes amis à rester éveillés, mais les ont aussi rendus… un peu déconcentrés.	<voice type=thanks>\nПравильно думаешь! Видишь, Боб? Такие красные! Такие спелые! Огромное тебе спасибо!\n<voice type=disappointment>\nО, насчет тех грибов, которые ты принес из шахты. Получился ли чай? И да, и нет.\n<voice type=laugh>\nОн и правда помогает моим друзьям сохранять бодрость, но еще он… делает их немного рассеянными.
Dialogues/prepGuaranaMore3	Who would have thought.	Кой би си помислил.	Qui aurait pensé.	Кто бы мог подумать.
Dialogues/herbGuaranaMore4	So for now, I'd stick to more tested ingredients. I need <color=yellow>more guarana fruits</color>. I'll grow some myself, but I don't have much space.\n<voice type=question>\nWould you be so kind to take some of these <color=yellow>seeds</color>, and start <color=yellow>growing</color> them too?	За момента, ще се придържа към по-изпитани съставки. Трябва ми <color=yellow>повече плодове гуарана</color>. Ще отгледам някои сам, но нямам много място.\n<voice type=question>\nБи ли ми помогнал да взема някои от тези <color=yellow>семена</color> и да започна да ги <color=yellow>отглеждаш</color> също?	Donc pour l'instant, je m'en tiendrai à des ingrédients mieux testés. J'ai besoin de <color=yellow>plus de fruits de guarana</color>. J'en cultiverai bien moi-même, mais je n'ai pas beaucoup d'espace.\n<voice type=question>\nSerais-tu gentil de prendre certaines de ces <color=yellow>graines</color>, et aussi de les <color=yellow>cultiver</color>?	Так что пока я бы предпочла использовать более надежные средства. Мне нужно <color=yellow>больше плодов гуараны</color>. Я бы вырастила их сама, вот только у меня маловато места.\n<voice type=question>\nТы не отказался бы взять немного <color=yellow>семян</color> и тоже начать их <color=yellow>выращивать</color>?
Dialogues/prepGuaranaMore5	<voice type=acceptance>\nI guess I can add them to my little indoor hobby plantation.	<voice type=acceptance>\nПредполагам, че мога да ги добавя в моя малък вътрешен градински проект.	<voice type=acceptance>\nJe suppose que je peux les ajouter à ma petite plantation d'intérieur.	<voice type=acceptance>\nНу что ж, видимо, мою комнатную плантацию ждет пополнение.
Dialogues/herbGuaranaMore6	<voice type=thanks>\nSplendid!  Please come back with a crop. Me and my friends will be grateful.	<voice type=thanks>\nЧудесно! Моля, върни нещо от реколта. Аз и приятелите ми ще бъдем благодарни.	<voice type=thanks>\nSplendide! Reviens avec une récolte. Mes amis et moi t'en serons reconnaissants.	<voice type=thanks>\nЗамечательно! Тогда жду тебя с урожаем. Мы с друзьями будем тебе очень признательны.
Dialogues/herbWreck1	<voice type=thanks>\nThank you very much for the fruits! By the way - you're blooming! 	<voice type=thanks>\nБлагодаря за плодите! Между другото – цъфтиш!	<voice type=thanks>\nMerci beaucoup pour les fruits! Soit dit en passant, tu es florissant!	<voice type=thanks>\nБольшое спасибо за фрукты! Кстати, ты просто цветешь и пахнешь!
Dialogues/prepWreck2	<voice type=surprise>\nReally?	<voice type=surprise>\nНаистина?	<voice type=surprise>\nVraiment?	<voice type=surprise>\nСерьезно?
Dialogues/herbWreck3	<voice type=laugh>\nWell… At least in comparison to the rest of the townsfolk. Do you also get the feeling they're somehow… wilted? 	<voice type=laugh>\nЕ, поне в сравнение с останалите жители на града. Ти също усещаш, че са някак… увяхнали?	<voice type=laugh>\nEh bien… Au moins par rapport au reste des citadins. Est-ce que tu as également l'impression qu'ils sont en quelque sorte… flétris? 	<voice type=laugh>\nНу… По крайней мере, если сравнивать с остальными горожанами. У тебя нет такого чувства, словно они как-то… поникли?
Dialogues/prepWreck4	I'm not much of a people's person, but yes, they do look rather dull. Unlike you. Or Bob.\n<voice type=surprise>\nBy the way, do you know that a guy taking care of the mine is also named Bob?	Не съм много социален, но да, изглеждат доста скучни. За разлика от теб. Или от Боб.\n<voice type=surprise>\nМежду другото, знаеш ли, че и човекът, който се грижи за рудника, се казва Боб?	Je m'intéresse peu aux gens, mais oui, ils ont l'air plutôt ennuyeux. Contrairement à vous. Ou Bob.\n<voice type=surprise>\nAu fait, savez-vous qu'un gars qui s'occupe de la mine s'appelle aussi Bob?	Я не особо разбираюсь в людях, но да, выглядят они весьма уныло, не то что вы с Бобом.\n<voice type=surprise>\nКстати, вы знали, что парня, который занимается шахтой, тоже зовут Боб?
Dialogues/herbWreck5	<voice type=question>\nYes, and you find it funny because…?	<voice type=question>\nДа, и ти го намираш смешно, защото…?	<voice type=question>\nOui, et tu trouves ça drôle parce que…?	<voice type=question>\nДа. А почему тебя это веселит?
Dialogues/prepWreck6	<voice type=disappointment>\n…nevermind. 	<voice type=disappointment>\n…нащо.	<voice type=disappointment>\n…peu importe. 	<voice type=disappointment>\n…Неважно.
Dialogues/herbWreck7	Anyway, I wanted to ask you for another favor. It's not plant-related this time.	Все пак искам да те помоля за още една услуга. Този път не е свързано с растения.	Quoi qu'il en soit, je voulais te demander une autre faveur. Ce n'est pas lié aux plantes cette fois.	Хотела попросить тебя еще об одной услуге. На этот раз – не связанной с растениями.
Dialogues/prepWreck8	I'm shocked.	Шокиран съм.	Je suis choqué.	Я поражен.
Dialogues/herbWreck9	<voice type=question>\nSo, do you know about the <color=yellow>plane crash</color> in the forest a few months ago?	<voice type=question>\nТака че, знаеш ли за <color=yellow>самолетна катастрофа</color> в гората преди няколко месеца?	<voice type=question>\nAlors, es-tu au courant du <color=yellow>crash d'avion</color> dans la forêt il y a quelques mois?	<voice type=question>\nТы слышал об <color=yellow>авиакатастрофе</color>, которая произошла в лесу пару месяцев назад?
Dialogues/prepWreck10	<voice type=negation>\nUhm… no. I must have been… away, I guess.	<voice type=negation>\nЕх… не. Трябва да съм бил… далеч, предполагам.	<voice type=negation>\nEuh… non. Je devais être… ailleurs, je pense.	<voice type=negation>\nЭм-м… нет. Видимо, я… отсутствовал.
Dialogues/herbWreck11	You don't know much about the life of the town, do you? Anyway. A <color=yellow>plane</color> fell down one day.\n<voice type=surprise>\nLots of noise and smoke. And not a word about it in our local newspaper the days afterwards.\nIt happened <color=yellow>deep</color>, <color=yellow>deep</color> in the <color=yellow>forest</color>. The crash site is closed off by some ravines and <color=yellow>fallen tree trunks</color>.\nBut I'd like you to get there. I have a feeling the pilot was someone I know. And I'd like to check. \n<voice type=question>\nCould you find a way to get to the wreckage?\n<voice type=laugh>\nI'm sure you'll find some useful <color=yellow>items</color> and <color=yellow>materials</color> on the site.	Не знаеш много за живота в града, нали? Както и да е. Един ден <color=yellow>самолет</color> падна.\n<voice type=surprise>\nМного шум и дим. А през следващите дни в местния ни вестник не пишеше и дума за това.\nСлучи се <color=yellow>дълбоко</color>, <color=yellow>дълбоко</color> в <color=yellow>гората</color>. Мястото на катастрофата е затворено от пропасти и <color=yellow>паднали стволове</color>.\nНо бих искала да стигнеш там. Имам чувството, че пилотът е някой, когото познавам, и искам да проверя. \n<voice type=question>\nМожеш ли да намериш начин да стигнеш до останките?\n<voice type=laugh>\nСигурна съм, че ще намериш полезни <color=yellow>предмети</color> и <color=yellow>материали</color> на мястото.	Tu ne sais pas grand-chose sur la vie de la ville, n'est-ce pas? En tout cas. Un <color=yellow>avion</color> est tombé un jour.\n<voice type=surprise>\nBeaucoup de bruit et de fumée. Et pas un mot à ce sujet dans le journal local les jours suivants.\nÇa s'est produit <color=yellow>loin</color>, <color=yellow>loin</color> dans la <color=yellow>forêt</color>. Le site du crash est inaccessible à cause des ravins et des <color=yellow>troncs d'arbres tombés</color>.\nMais j'aimerais que tu y ailles. J'ai l'impression que le pilote était quelqu'un que je connaissais. Et je voudrais vérifier. \n<voice type=question>\nPourrais-tu trouver un moyen d'accéder à l'épave?\n<voice type=laugh>\nJe suis sûre que tu trouveras sur le site des <color=yellow>objets</color> et <color=yellow>matériaux</color> utiles.	Ты не разбираешься, чем живет город, да? В общем, однажды с неба упал <color=yellow>самолет</color>.\n<voice type=surprise>\nБыло много шума и дыма, но в местных газетах не написали ни слова.\nВсе случилось <color=yellow>глубоко</color>, <color=yellow>глубоко</color> в <color=yellow>лесу</color>. Дорога туда перекрыта оврагами и <color=yellow>стволами упавших деревьев</color>.\nМне бы хотелось, чтобы ты туда наведался. Я думаю, что знакома с пилотом, но хотела бы убедиться.\n<voice type=question>\nМожет, поищешь способ добраться до места катастрофы?\n<voice type=laugh>\nУверена, ты найдешь там какие-нибудь полезные <color=yellow>вещицы</color> и <color=yellow>материалы</color>.
Dialogues/prepWreck12	<voice type=acceptance>\nSounds interesting. I'll try.	<voice type=acceptance>\nЗвучи интересно. Ще опитам.	<voice type=acceptance>\nÇa a l'air intéressant. J'essaierai.	<voice type=acceptance>\nЗвучит любопытно. Я попробую.
Dialogues/bobElev1	Damn, it's no use again.\n<voice type=surprise>\nWait, who's there? Excuse me, this is a restricted area!\n	По дяволите, пак не става.\n<voice type=surprise>\nИзвинявай, кой е там? Извинявай, това е ограничена зона!\n	Mince, c'est encore hors d'usage.\n<voice type=surprise>\nAttendez, qui est là? Excusez-moi, c'est une zone interdite!	Черт, все без толку.\n<voice type=surprise>\nМинуту, кто здесь? Прошу прощения, но это запретная зона!
Dialogues/prepElev2	I'm sorry, I'm harmless! But… restricted by whom? The Agency? I haven't seen their signs.	Съжалявам, не съм опасен! Но... ограничен от кого? Агенцията? Не съм виждал техните знаци.	Je suis désolé, je suis inoffensif! Mais… interdite par qui? L'Agence? Je n'ai pas vu leurs panneaux.	Простите, я пришел с миром! Но... кто наложил запрет? Агентство? Я не видел их вывесок.
Dialogues/bobElev3	<voice type=surprise>\nUhm… No, not the Agency. It's…\nWait. You look… different, from the rest of the townspeople, I mean.\n<voice type=question>\nYour eyes seem present. And you talk sense. Who are you?\n	<voice type=surprise>\nЕ, не, не е Агенцията. Това е...\nИзчакай. Ти изглеждаш… различно, в сравнение с останалите жители на града, имам предвид.\n<voice type=question>\nОчите ти изглеждат на място. И говориш смислено. Кой си ти?\n	<voice type=surprise>\nEuh… Non, pas l'Agence. C'est…\nAttendez. vous avez l'air différent, du reste des citadins, je veux dire.\n<voice type=question>\nVos yeux semblent présents. Et ce que vous dites a du sens. Qui êtes vous?	<voice type=surprise>\nЭм… нет, не Агентство, а…\nПостойте. Вы выглядите… не так, как другие горожане.\n<voice type=question>\nВы не витаете в облаках. И можете связно говорить. Кто вы такой?
Dialogues/prepElev4	People call me Prepper. I'm… an amateur constructor, you could say. \nI know this is a mine, and I'd like to get inside. \nI'm working for a local herbalist. I'm here to collect certain… organisms.\n	Хората ме наричат Препър. Аз съм… аматьорски строител, така да се каже. \nЗнам, че това е мина и бих искал да вляза вътре. \nРаботя за местен билкар. Тук съм, за да събера определени… организми. \n	Les gens m'appellent Prepper. Je suis... un constructeur amateur, on pourrait dire.\nJe sais que c'est une mine et j'aimerais entrer à l'intérieur.\nJe travaille pour l'herboriste locale. Je suis ici pour collecter certains… organismes.	Меня называют Выживальщиком. Я... строитель-любитель, скажем так.\nЯ знаю, что это шахта, и хотел бы попасть внутрь.\nЯ помогаю местной травнице. Пришел собрать кое-какие... ингредиенты.
Dialogues/bobElev5	<voice type=surprise>\nOkay… a contructor, huh?\nI'm Bob: And here's my proposition: you do something that will be useful for both of us, and I will let you in.\nThis is an elevator that allows you to go to lower levels of the mine.\n<voice type=question>\nSounds great, right? Well, except that this junk has just broken again.\nFix it, and I'll let you into the mine.\n	<voice type=surprise>\nДобре... строител, а?\nАз съм Боб: И ето моето предложение: ти правиш нещо, което ще е полезно и за двама ни, и аз ще те пусна вътре.\nТова е асансьор, който ти позволява да стигнеш до по-ниските нива на мината.\n<voice type=question>\nЗвучи страхотно, нали? Е, освен че тази боклукчийска количка току-що се е счупила отново.\nПоправи го и ще те пусна в мината.\n	<voice type=surprise>\nD'accord… Un constructeur, hein?\nJe m'appelle Bob. Et voici ma proposition: vous faites quelque chose qui nous sera utile à tous les deux, et je vous laisserai entrer.\nIl s'agit d'un ascenseur qui permet d'accéder facilement aux niveaux inférieurs de la mine.\n<voice type=question>\nÇa vous convient, non? Eh bien, sauf que ce tas de ferraille vient encore de se casser.\nRéparez-le et je vous laisserai entrer dans la mine.	<voice type=surprise>\nПонял… Строитель, говоришь?\nМеня зовут Боб. И вот мое предложение: поучаствуешь в дельце, которое пойдет на пользу нам обоим, – и я тебя впущу.\nЭтот лифт спускается на нижние уровни шахты.\n<voice type=question>\nЗвучит здорово, да? Вот только эта рухлядь снова сломалась...\nПочини лифт – и я впущу тебя в шахту.
Dialogues/prepElev6	<voice type=acceptance>\nAn elevator. I'll see what I can do. \nAnd I hope you're the friendly soul I've been told about.\n	<voice type=acceptance>\nЕскалатор. Ще вижда какво мога да направя.\nИ ще се надявам да си приятелната душа, за която ми са разказвали.\n	<voice type=acceptance>\nUn ascenseur. Je vais voir ce que je peux faire.\nEt j'espère que vous êtes la personne amicale dont on m'a parlé.	<voice type=acceptance>\nЛифт, значит. Посмотрим, что я могу сделать.\nИ, надеюсь, это ты тот самый дружелюбный странник, о котором мне рассказывали.
Dialogues/bobElev7	Oh, I sure am!\nIf our cooperation works properly, I'll be friendly as hell.\n	О, да, сигурен съм!\nАко сътрудничеството ни върви добре, ще бъда приятелски настроен като дявол.\n	Oh, J'en suis sûr!\nSi notre coopération fonctionne bien, je serai vraiment amical.	О, естественно!\nЕсли мы сработаемся, я стану чертовски дружелюбен.
Dialogues/prepWreckFound0	<voice type=surprise>\nWhat's that?	<voice type=surprise>\nКакво е това?	<voice type=surprise>\nQu'est-ce que c'est?	<voice type=surprise>\nЧто это?
Dialogues/herbWreckFound1	<voice type=surprise>\nHey buttercup, you look like you've seen a ghost. \n<voice type=question>\nLet me guess: is that <color=yellow>you</color> in this photo?	<voice type=surprise>\nЗдравей, момиче, изглежда сякаш си видя призрак.\n<voice type=question>\nДа го отгатна: това си <color=yellow>ти</color> на тази снимка?	<voice type=surprise>\nHé bouton d'or, on dirait que tu as vu un fantôme.\n<voice type=question>\nLaisse-moi deviner: est-ce que c'est <color=yellow>toi</color> sur cette photo?	<voice type=surprise>\nЗдравствуй, лютик мой. Ты словно призрака увидел.\n<voice type=question>\nДай угадаю: на этой фотографии изображен <color=yellow>ты</color>?
Dialogues/prepWreckFound2	<voice type=upset>\nUhm… Yes… Apparently. How did you know?	<voice type=upset>\nЕх… Да… Явно. Как разбра?	<voice type=upset>\nHum… Oui… Apparemment. Comment le savez-vous?	<voice type=upset>\nЭм... да... судя по всему. А как вы узнали?
Dialogues/herbWreckFound3	<voice type=laugh>\nOld lady's intuition. You look like someone trying to <color=yellow>escape</color>. I just connected the dots.	<voice type=laugh>\nСтарата дама има интуиция. Изглеждаш като някой, който се опитва да... <color=yellow>бягство</color>Току-що свързах точките.	<voice type=laugh>\nIntuition de vieille femme. Tu ressembles à quelqu'un qui essaie de <color=yellow>s'échapper</color>. J'ai juste fait le rapprochement.	<voice type=laugh>\nСтарческая интуиция. Ты похож на человека, который пытается <color=yellow>сбежать</color>. Я просто сопоставила факты.
Dialogues/prepWreckFound4	<voice type=upset>\nI don't… I <color=yellow>don't remember</color>. Any of this. 	<voice type=upset>\nНе… не си <color=yellow>спомням</color> нищо. Нито едно от това.	<voice type=upset>\nJe ne… Je ne <color=yellow>me souviens pas</color> de la moindre chose.	<voice type=upset>\nЯ… я этого <color=yellow>не помню</color>. Совсем.
Dialogues/herbWreckFound5	<voice type=upset>\nHoney, you're not alone. Some people in the town don't remember entire decades. Some have trouble recognizing their friends.\n<voice type=order>\nAnd you at least have a plane crash to blame. 	<voice type=upset>\nСладко, не си сам. Някои хора в града не помнят целите десетилетия. Някои имат проблеми да разпознават приятелите си.\n<voice type=order>\nА ти поне имаш падане на самолет, за което да се обвиниш.	<voice type=upset>\nChéri, tu n'es pas seul. Certains habitants de la ville ne se souviennent pas de décennies entières. Certains ont du mal à reconnaître leurs amis.\n<voice type=order>\nEt au moins tu as une bonne raison, un accident d'avion.	<voice type=upset>\nРодной, ты такой не один. Некоторые жители этого города не помнят целые десятилетия. А некоторые не узнают своих друзей.\n<voice type=order>\nТы хотя бы можешь во всем винить крушение самолета.
Dialogues/prepWreckFound6	It's a military aircraft. \n<voice type=question>\nDoes it mean that I was… am… on their side? <color=yellow>One of them</color>?	Това е военен самолет. \n<voice type=question>\nТова означава, че съм… бях… на тяхната страна? <color=yellow>Един от тях</color>?	C'est un avion militaire.\n<voice type=question>\nEst-ce que ça veut dire que j'étais… suis… de leur côté? <color=yellow>L'un d'eux</color>?	Это военный самолет.\n<voice type=question>\nНеужели я был... и остаюсь... на их стороне? Я что, <color=yellow>один из них</color>?
Dialogues/herbWreckFound7	I don't know much about military things. What I know is that right now you don't seem much of a government type.\nBesides, I'm pretty sure it's them who shot you down. So, you were once one of them or not… Does it really matter now? \n<voice type=order>\nWhat matters is that you're a capable young lad. \n<voice type=laugh>\nAnd I'm sure you're coming up with a way of escaping with something <color=yellow>bigger</color> and <color=yellow>faster</color> as we speak.	Не знам много за военните неща. Знаеш само, че в момента не изглеждаш като няка от правителството.\nОсвен това, си сигурен, че са те тегли. Значи, някога си бил един от тях или не… Важно ли е това сега?\n<voice type=order>\nВажно е, че си способен млад мъж.\n<voice type=laugh>\nИ си сигурен, че вече мислиш как да избягаш с нещо <color=yellow>по-голямо</color> и <color=yellow>по-бързо</color> в момента.	Je ne connais pas grand-chose à l'armée. Ce que je sais, c'est qu'en ce moment, tu ne ressembles pas beaucoup à une personne du gouvernement.\nEn plus, je suis presque sûre que ce sont eux qui t'ont abattu. Tu étais peut-être autrefois l'un d'eux ou pas… Est-ce vraiment important maintenant?\n<voice type=order>\nCe qui compte, c'est que tu sois un jeune garçon intelligent.\n<voice type=laugh>\nEt je suis sûre que tu trouveras un moyen de t'échapper avec quelque chose de <color=yellow>plus grand</color> et <color=yellow>plus rapide</color> au moment où nous parlons.	Я совсем ничего не смыслю в военных штуках. Но кое-что я все-таки знаю: сейчас ты совсем не похож на правительственного работника.\nК тому же, я почти уверена, что именно они тебя и сбили. А то, что раньше ты был с ними... Разве это имеет значение?\n<voice type=order>\nВажно другое – ты способный парень.\n<voice type=laugh>\nИ я не сомневаюсь, что ты вот-вот придумаешь, как сбежать отсюда на чем-то <color=yellow>побольше</color> и <color=yellow>побыстрее</color>.
Dialogues/prepWreckFound8	<voice type=upset>\n…	<voice type=upset>\n…	<voice type=upset>\n…	<voice type=upset>\n…
Dialogues/herbWreckFound9	Alright darling, I'll leave you to it. You know where to find me if you want to talk about plants, memories, and other things.	Добре, скъпа, оставям те да си вършиш работата. Знаеш къде да ме намериш, ако искаш да говорим за растения, спомени и други неща.	Très bien mon chéri, je vais te laisser là. Tu sais où me trouver si tu veux parler de plantes, de souvenirs ou d'autres choses.	Ладно, милок, не буду тебя отвлекать. Если захочешь поговорить со мной о растениях, воспоминаниях или чем-то еще – ты знаешь, где меня искать.
Dialogues/prepGuaranaMixture1	<voice type=greeting>\nHello, Jenny. And Bob.	<voice type=greeting>\nЗдравей, Джени. И Боб.	<voice type=greeting>\nBonjour, Jenny. Et Bob.	<voice type=greeting>\nПривет, Дженни. И Боб.
Dialogues/herbGuaranaMixture2	<voice type=greeting>\nOh hello, buttercup! What brings you here?	<voice type=greeting>\nО, здравей, цъфте! Какво те доведе тук?	<voice type=greeting>\nOh bonjour bouton d'or! Qu'est-ce qui t'amène?	<voice type=greeting>\nО, здравствуй, лютичек! Чего желаешь?
Dialogues/prepGuaranaMixture3	<voice type=question>\nI was thinking… Do you have your <color=yellow>special mixture</color> with guarana ready? Could I get a portion?\nI'm planning to go… for a <color=yellow>long trip</color>. And I'd prefer <color=yellow>not to fall asleep</color> in the middle.	<voice type=question>\nМислех си... Имаш ли си... <color=yellow>специална смес</color> С готовия гуарана? Може ли да ми дадеш порция?\nПланирам да отида... за a <color=yellow>дълго пътуване</color>Аз бих предпочел <color=yellow>да не заспиш</color> в средата.	<voice type=question>\nJe pensais… Avez-vous préparé votre <color=yellow>mélange spécial</color> au guarana? Puis-je en avoir une portion?\nJe prévois de partir… pour un <color=yellow>long voyage</color>. Et je préférerais <color=yellow>ne pas m'endormir</color> en plein milieu.	<voice type=question>\nЯ тут подумал… У вас под рукой не найдется <color=yellow>особой микстуры</color> с гуараной? Можно мне взять одну порцию?\nЯ собираюсь отправиться… в <color=yellow>долгую дорогу</color>. И мне не хотелось бы <color=yellow>уснуть</color> на полпути.
Dialogues/herbGuaranaMixture4	<voice type=laugh>\nAh, the <color=yellow>mixture</color> turned out quite well. Some of my friends already managed to pull an <color=yellow>all-nighter</color> thanks to it!\nBut here's the thing: the mixture takes up a lot of raw material resources. And we're already out after these few tests.\n<voice type=order>\nSo I'd need you to bring <color=yellow>more fruits</color>. We need enough for our needs and to make an extra portion for you.	<voice type=laugh>\nА, ето го <color=yellow>смес</color> оказа се доста добре. Някои от приятелите ми вече успяха да извадят един <color=yellow>нощна смяна</color> благодарение на него!\nНо тук е въпросът: сместа изисква много суровини. И вече сме на привършване след тези няколко теста.\n<voice type=order>\nТака че ще ми трябва да донесеш <color=yellow>повече плодове</color>. Имаме достатъчно за нашите нужди и да направим допълнителна порция за теб.	<voice type=laugh>\nAh, le <color=yellow>mélange</color> a plutôt bien marché. Certains de mes amis ont déjà réussi à faire une <color=yellow>nuit blanche</color> grâce à lui!\nMais voilà: le mélange nécessite beaucoup de matières premières. Et nous sommes déjà en rupture après ces quelques tests.\n<voice type=order>\nJe voudrais donc que tu m'apportes <color=yellow>plus de fruits</color>. Nous en avons besoin pour nous et pour t'en préparer une portion supplémentaire.	<voice type=laugh>\nАх, <color=yellow>микстура</color> получилась очень даже удачной. Благодаря ей кое-кто из моих друзей смог протянуть всю ночь, <color=yellow>не сомкнув глаз</color>!\nНо есть одна загвоздка: для приготовления микстуры нужно много ингредиентов. А все те, что у нас были, мы израсходовали, пока проводили испытания.\n<voice type=order>\nПоэтому тебе придется принести <color=yellow>побольше плодов</color>. Нужно, чтобы их хватило и на наши нужды, и на твою порцию.
Dialogues/prepGuaranaMixture5	I'm starting to suspect you have quite a bunch of those ‘friends'. But fine, I'll grow <color=yellow>more fruits</color> for you.	Започвам да подозирам, че имаш доста от тези „приятели“. Но добре, ще вираня повече <color=yellow>плодове</color> за теб.	Je commence à soupçonner que vous avez beaucoup de ces "amis". Mais c'est bon, je cultiverai <color=yellow>plus de fruits</color> pour vous.	Начинаю подозревать, что у вас немало таких «друзей». Но ладно, я выращу для вас <color=yellow>плоды</color>.
Dialogues/prepGuaranaDone1	<voice type=greeting>\nHi Jenny. And Bob. Here's the supply of fruits. It should be enough to keep the whole town awake.	<voice type=greeting>\nЗдравей, Джени. И Боб. Ето доставката на плодове. Трябва да е достатъчно, за да държи целия град буден.	<voice type=greeting>\nSalut Jenny. Et Bob. Voici les fruits. Ça devrait être assez pour garder toute la ville éveillée.	<voice type=greeting>\nПривет, Дженни. И Боб. Держите плоды. Их много – хватит, чтобы лишить сна весь город.
Dialogues/herbGuaranaDone2	<voice type=laugh>\nTee-hee. What a funny idea!\n<voice type=thanks>\nThank you very much, young lad, I owe you!\n<voice type=acceptance>\nExpect the <color=yellow>delivery</color> in your <color=yellow>mailbox</color>. And have a good trip, buttercup!	<voice type=laugh>\nХа-ха. Каква забавна идея!\n<voice type=thanks>\nМного благодаря, младежо, дължа ти!\n<voice type=acceptance>\nОчаквай <color=yellow>доставка</color> в твоя <color=yellow>пощенска кутия</color>И приятно пътуване, слънчице!	<voice type=laugh>\nQuelle drôle d'idée!\n<voice type=thanks>\nMerci beaucoup, jeune garçon, je t'en dois une!\n<voice type=acceptance>\nAttends-toi à une <color=yellow>livraison</color> dans ta <color=yellow>boîte aux lettres</color>. Et bon voyage, bouton d'or!	<voice type=laugh>\nХи-хи. Отличная идея!\n<voice type=thanks>\nСпасибо тебе большое, дорогой, я у тебя в долгу!\n<voice type=acceptance>\n<color=yellow>Доставка</color> будет ждать тебя в <color=yellow>почтовом ящике</color>. В добрый путь, милок!
Dialogues/prepGuaranaDone3	<voice type=thanks>\nThanks. Take care, Jenny!	<voice type=thanks>\nБлагодаря. Пази се, Джени!	<voice type=thanks>\nMerci. Soyez prudente, Jenny!	<voice type=thanks>\nСпасибо. Берегите себя, Дженни!
Dialogues/prepGuaranaTooSoon1	<voice type=greeting>\nHi Jenny. And Bob. Here's the supply of fruits.	<voice type=greeting>\nЗдравей, Джени. И Боб. Ето доставката на плодове.	<voice type=greeting>\nSalut Jenny. Et Bob. Voici les fruits.	<voice type=greeting>\nПривет, Дженни. И Боб. Держите плоды.
Dialogues/herbGuaranaTooSoon2	<voice type=thanks>\nThank you very much! It helps a lot!	<voice type=thanks>\nБлагодаря ти много! Много ми помага!	<voice type=thanks>\nMerci beaucoup! Ça va beaucoup nous aider!	<voice type=thanks>\nБольшое спасибо! Ты нам очень помог!
Dialogues/prepGuaranaTooSoon3	<voice type=question>\nNow, when can I expect the <color=yellow>mixture</color>?	<voice type=question>\nКога очакваш <color=yellow>сместа</color>?	<voice type=question>\nMaintenant, quand puis-je m'attendre à avoir le <color=yellow>mélange</color>?	<voice type=question>\nНу что, когда будет готова <color=yellow>микстура</color>?
Dialogues/herbGuaranaTooSoon4	<voice type=upset>\nAh. See, buttercup, there's a small <color=yellow>problem</color>.\n<voice type=disappointment>\nI'm <color=yellow>not allowed</color> to give it to you just yet. I'm sorry, it's not really up to me.	<voice type=upset>\nАх. Виж, буто, има малък <color=yellow>проблем</color>.\n<voice type=disappointment>\nНе мога <color=yellow>да ти го дам</color> още. Съжалявам, не е в моите сили.	<voice type=upset>\nAh. Vois-tu, bouton d'or, il y a un petit <color=yellow>problème</color>.\n<voice type=disappointment>\nJe ne suis <color=yellow>pas autorisée</color> à te le donner pour l'instant. Je suis désolée, ça ne dépend pas vraiment de moi.	<voice type=upset>\nХм. Видишь ли, лютичек, есть одна <color=yellow>проблемка</color>.\n<voice type=disappointment>\nПока что мне <color=yellow>запрещено</color> тебе ее отдавать. Прости, но решения принимаю не я.
Dialogues/prepGuaranaTooSoon5	<voice type=surprise>\nWhat?! What does it mean? And who's not allowing you, Bob?	<voice type=surprise>\nКакво?! Какво означава? И кой ти не позволява, Боб?	<voice type=surprise>\nQuoi?! Qu'est-ce que ça veut dire? Et qui ne vous le permet pas, Bob?	<voice type=surprise>\nЧто?! В смысле? Кто тебе запрещает? Боб?
Dialogues/herbGuaranaTooSoon6	<voice type=anger>\nDon't be disrespectful, young man. Bob has nothing to do with this. \nMy friends really need the mixture and they are not sure they can <color=yellow>trust you</color>.\nBut I'm sure you'll earn the <color=yellow>trust</color> soon enough. At the right moment, one of my friends will send you back to me.\n<voice type=upset>\nI'm sorry, buttercup.	<voice type=anger>\nНе бъди неуважителен, млади човече. Боб няма нищо с това. \nМоите приятели наистина се нуждаят от сместа и не са сигурни дали могат да <color=yellow>доверят на теб</color>.\nНо си сигурен, че скоро ще спечелиш <color=yellow>доверие</color>. В подходящия момент един от моите приятели ще те изпрати обратно при мен.\n<voice type=upset>\nСъжалявам, цветуче.	<voice type=anger>\nNe sois pas irrespectueux, jeune homme. Bob n'a rien à voir avec ça. \nMes amis ont vraiment besoin du mélange et ils ne sont pas sûrs de pouvoir <color=yellow>te faire confiance</color>.\nMais je suis sûre que tu gagneras leur <color=yellow>confiance</color> assez vite. Au bon moment, un de mes amis te renverra vers moi.\n<voice type=upset>\nJe suis désolée, bouton d'or.	<voice type=anger>\nПрояви уважение, молодой человек. Боб тут ни при чем.\nМоим друзьям очень нужна эта микстура, а еще они не уверены, что тебе <color=yellow>можно доверять</color>.\nНо не сомневаюсь: ты совсем скоро завоюешь их <color=yellow>доверие</color>. Когда придет время, один из моих друзей отправит тебя ко мне.\n<voice type=upset>\nПрости, лютичек.
Dialogues/prepGuaranaTooSoon7	<voice type=anger>\nI don't like this at all. We had a deal. I will come back.	<voice type=anger>\nНе ми харесва това изобщо. Ние имахме договор. Ще се върна.	<voice type=anger>\nJe n'aime pas ça du tout. Nous avions un accord. Je vais revenir.	<voice type=anger>\nМне это совсем не нравится. Мы ведь договаривались. Я еще вернусь.
Dialogues/prepGuaranaFinally1	<voice type=greeting>\nHey, Jenny. I'm back to pick up my <color=yellow>mixture</color>. Bob has sent me to you. I already know about the <color=yellow>Sleepless</color>.\nI had the feeling that all those strong stimulants are for something bigger than a Sunday knitting club.	<voice type=greeting>\nЗдравей, Джени. Върнах се да взема <color=yellow>сместа</color>. Боб ме изпрати при теб. Вече знам за <color=yellow>Безсъния</color>.\nИмах предчувствие, че всички тези силни стимуланти са за нещо по-голямо от някакъв клуб за плетена сутрин.	<voice type=greeting>\nHé, Jenny. Je suis de retour pour récupérer mon <color=yellow>mélange</color>. Bob m'a envoyé vers vous. Je connais déjà les <color=yellow>Éveillés</color>.\nJ'avais le sentiment que tous ces puissants stimulants étaient pour quelque chose de plus important qu'un club de tricot du dimanche.	<voice type=greeting>\nПривет, Дженни. Я пришел за своей <color=yellow>микстурой</color>. Боб отправил меня к тебе. Я уже знаю про <color=yellow>Неспящих</color>.\nЯ подозревал, что такие сильные стимуляторы нужны не для воскресного кружка по вязанию.
Dialogues/herbGuaranaFinally2	<voice type=upset>\nApologies, buttercup. I couldn't tell you openly before, it would be risky to our cause..\n<voice type=acceptance>\nHere's the <color=yellow>mixture</color>. Good luck with your trip. 	<voice type=upset>\nИзвинявам се, цветя. Не можах да ти кажа открито преди, би било рисково за нашата цел..\n<voice type=acceptance>\nЕто <color=yellow>сместа</color>. Успех в пътуването ти.	<voice type=upset>\nToutes mes excuses, bouton d'or. Je ne pouvais pas te le dire ouvertement avant, cela aurait pu nous mettre en danger.\n<voice type=acceptance>\nVoici le <color=yellow>mélange</color>. Bonne chance pour ton voyage.	<voice type=upset>\nПрости, лютичек. Я не могла рассказать тебе все напрямую и поставить под удар нашу деятельность.\n<voice type=acceptance>\nВот твоя <color=yellow>микстура</color>. Удачи в пути.
Dialogues/prepGuaranaFinally3	<voice type=thanks>\nThank you. And I wish you folks many sleepless, subversive nights, if that's your thing.	<voice type=thanks>\nБлагодаря. И ви желая много бесънни, подривни нощи, ако това е твоята стихия.	<voice type=thanks>\nJe vous remercie. Et je vous souhaite beaucoup de nuits sans sommeil et subversives, si c'est votre truc.	<voice type=thanks>\nСпасибо. А вам, ребята, пожелаю побольше бессонных ночей, полных различных диверсий, раз вас от этого прет.
Dialogues/herbTooSoonIncomplete	<voice type=upset>\nI'm not allowed to give it to you just yet. I'm sorry, it's not really up to me.	<voice type=upset>\nВсе още не мога да ти го дам. Съжалявам, но не зависи от мен.	<voice type=upset>\nJe ne suis pas encore autorisée te le donner. Je suis désolée, ça ne dépend pas vraiment de moi.	<voice type=upset>\nМне запрещено отдать ее тебе. Прости, но решения принимаю не я.
Dialogues/herbGenericIncompleteAlt0	<voice type=question>\nHave you done what I asked for?	<voice type=question>\nНаправи ли това, което ти поисках?	<voice type=question>\nAs-tu fait ce que j'ai demandé?	<voice type=question>\nТы выполнил мою просьбу?
Dialogues/herbGenericIncomplete0	<voice type=question>\nHey buttercup, do you have what I needed?	<voice type=question>\nЗдравей, имаш ли това, което ми трябва?	<voice type=question>\nHé bouton d'or, as-tu ce qu'il me faut?	<voice type=question>\nЭй, милок, ты принес то, что мне нужно?
Dialogues/herbGenericIncomplete1	<voice type=disappointment>\nNo? Oh, that's a pity. Come back later then, me and Bob will be grateful.	<voice type=disappointment>\nНе? О, жалко. Ела по-късно тогава, аз и Боб ще сме благодарни.	<voice type=disappointment>\nNon? Oh c'est dommage. Reviens plus tard, Bob et moi t'en serons reconnaissants.	<voice type=disappointment>\nНет? Какая жалость. Ну, возвращайся поскорее, мы с Бобом будем благодарны.
Dialogues/bobJack1	<voice type=greeting>\nOh, hi Prepper! Sorry for leaving so soon last time, I needed to check something.\nMany thanks for repairing the elevator! It makes many things easier.\nAll electrical equipment seems to break easily these days.\nLike this radio. It doesn't ever turn on.\nHey, do you want it? I dont have any use out of it anyways. \n	<voice type=greeting>\nЗдравей, Препър! Извинявай, че си тръгнах толкова бързо миналия път, трябваше да проверя нещо.\nМного благодаря, че поправихте асансьора! Това прави много неща по-лесни.\nВсички електрически уреди изглежда се чупят лесно тези дни.\nКато това радио. Никога не се включва.\nХей, искаш ли го? На мен не ми трябва. \n	<voice type=greeting>\nOh, salut Prepper! Désolé d'être parti si tôt la dernière fois, je devais vérifier quelque chose.\nMerci beaucoup d'avoir réparé l'ascenseur! Cela facilite beaucoup les choses.\nTous les équipements électriques semblent se casser facilement ces jours-ci.\nComme cette radio. Elle ne s'allume jamais.\nHé, vous la voulez? Je n'en ai aucune utilité de toute façon. 	<voice type=greeting> \nО, Выживальщик, здравствуй! Прости, что я тогда так рано ушел, мне нужно было кое-что проверить. \nБольшое спасибо за починку лифта! Это многое упростило. \nНынче вся техника быстро ломается. \nВот, например, это радио. Оно даже не включается. \nХочешь забрать его? Мне оно все равно не нужно.
Dialogues/bobJack1.1	Where's my radio? I swear it was here...\nI need to drink some tea.	Къде ми е радиото? Кълна се, че беше тук...\nТрябва да си направя чай.	Où est ma radio? Je jure qu'elle était ici...\nJ'ai besoin de boire un thé. 	Где мое радио? Готов поклясться, что оно было тут... Надо бы выпить чайку.
Dialogues/bobJack1.2	Anyway...	Както и да е...	Peu importe...	Ну да ладно...
Dialogues/bobJack1.5	There is also a phone on the wall, doesn't work either. You can take it if you want.\n	Има и телефон на стената, но и той не работи. Можеш да го вземеш, ако искаш.\n	Il y a aussi un téléphone sur le mur, qui ne fonctionne pas non plus. Vous pouvez le prendre si vous voulez.	Еще на стене висит телефон, он тоже сломаный. Можешь его забрать, если хочешь.
Dialogues/bobJack1.6	<voice type=question>\nNow, what brings you down here?	<voice type=question>\nСега, какво те доведе тук?	<voice type=question>\nMaintenant, qu'est-ce qui vous amène par ici?	<voice type=question>\nИтак, что тебя сюда привело?
Dialogues/prepJack2	Let's say I'm here for some sightseeing.	Да речем, че съм тук за малко разглеждане.	Disons que je suis ici pour faire un peu de tourisme.	Скажем так, я пришел полюбоваться достопримечательностями.
Dialogues/bobJack3	<voice type=question>\nUhm, OK. While you're at it… Could you look around for my jacket? I lost it somewhere in the mine.\nIt's red and white. A bit dirty. It has… emotional value. And it's warm. Very important here.\n	<voice type=question>\nЕ, добре. Докато си там... Можеш ли да потърсиш моята яке? Изгубих го някъде в мината.\nТо е червено и бяло. Малко мръсно. Има… емоционална стойност. И е топло. Много важно тук.\n	<voice type=question>\nHeu, ok. Pendant que vous y êtes… Pourriez-vous chercher ma veste dans les alentours? Je l'ai perdu quelque part dans la mine.\nElle est rouge et blanche. Un peu sale. Elle a… une valeur sentimentale. Et elle est chaude. C'est très important ici.	<voice type=question>\nХм, ладно. Раз уж ты здесь... ты не мог бы поискать мою куртку? Я потерял ее где-то в шахте.\nОна красно-белая. Немного грязная. Но я к ней... сильно привязан. А еще она теплая. Здесь это очень важно.
Dialogues/prepJack4	Right. Sure. I'll be on the lookout and let you know.	Добре. Разбира се. Ще внимавам и ще те уведомя.	Bien sûr. Je serai attentif et je vous le ferai savoir.	Ясно. Без проблем, поищу твою куртку. Буду держать в курсе.
Dialogues/bobJack5	Just… You should know you need to be careful lower from here. There are… certain organisms in the mine.\nLike, moving ones. Biting. Scratching. Dragging your helpless body into--\n	Просто… Трябва да знаеш, че трябва да си внимателен оттук надолу. Има… определени организми в мината.\nКато, движещи се. Хапещи. Драскащи. Вързали безпомощното ти тяло в--\n	Juste… Vous devriez savoir que vous devez faire attention plus bas. Il y a… certains organismes dans la mine.\nBougeant. Mordant. Griffant. Traînant votre corps impuissant dans--	Ты главное... помни, что внизу нужно сохранять бдительность. В шахтах бродят... кое-какие организмы.\nОни, ну, знаешь, двигаются. Кусаются. Царапаются. Утаскивают твое беспомощное тельце в...
Dialogues/prepJack6	Okay, okay, enough. I'll be careful.	Добре, добре, стига. Ще внимавам.	D'accord, d'accord, c'est bon. Je ferai attention.	Ладно-ладно, хватит. Я буду осторожен.
Dialogues/bobGlass1	<voice type=question>\nHello, Prepper! Can I ask you another favor?	<voice type=question>\nЗдравей, Препър! Може ли да ти помоля за още една услуга?	<voice type=question>\nBonjour, Prepper! Puis-je vous demander une autre faveur?	<voice type=question>\nПривет, Выживальщик! Можно попросить тебя о еще одной услуге?
Dialogues/prepGlass2	<voice type=order>\nShoot.	<voice type=order>\nОбличи.	<voice type=order>\nAllez-y.	<voice type=order>\nВаляй.
Dialogues/bobGlass3	I've been struggling with getting around the mine a little bit lately. At first I thought it's the usual, you know – things get blurry because of sleep issues and concentration problems. \nBut no, it seems it's just my eyesight getting bad.\nAnd since the… you know, the government change, we don't have an optician in town.\n<voice type=question>\nYou visit so many places. Could you find glasses for me?	После се боря да се движа по рудника. Първо ми се струваше, че е обикновеното, знаеш – нещата стават замъглени заради проблеми със съня и концентрацията. \nНо не, изглежда, че е само зрението ми, което се влошава.\nИ откога… знаеш, след промяната на правителството, нямаме оптичен в града.\n<voice type=question>\nПосещаваш толкова много места. Може ли да намериш очила за мен?	J'ai du mal à me déplacer dans la mine ces derniers temps. Au début, je pensais que c'était comme d'habitude, vous savez - les choses deviennent floues à cause des problèmes de sommeil et des problèmes de concentration.\nMais non, il semble que ce soit juste ma vue qui baisse.\nEt depuis le… vous savez, le changement du gouvernement, nous n'avons pas d'opticien en ville.\nVous visitez tant d'endroits. Pourriez-vous me trouver des lunettes?	В последнее время я с трудом передвигаюсь по шахте. Сначала я думал, что все плывет перед глазами из-за проблем со сном и концентрацией, как всегда.\nНо нет, похоже, у меня просто испортилось зрение.\nА с тех пор, как... ну, знаешь, у нас поменялось правительство, в нашем городе не осталось окулистов.\n<voice type=question>\nТы много где бываешь. Не мог бы подыскать мне очки?
Dialogues/prepGlass4	<voice type=acceptance>\nAll right. I'll see what I can do.	<voice type=acceptance>\nДобре. Ще видя какво мога да направя.	<voice type=acceptance>\nTrès bien. Je vais voir ce que je peux faire.	<voice type=acceptance>\nЛадно, постараюсь.
Dialogues/bobSleep1	Let me give you some advice.\nThere is dangerous on lower leves of this mine, too much hydrogen!\nSome industrial stuff from back then...\nSo I won't advice you going there.	Нека ти дам някои съвети.\nИма опасност и на по-ниските нива на тази мина, твърде много водород!\nНякои индустриални неща от онова време...\nЗатова не ти препоръчвам да ходиш там.		
Dialogues/bobSleep2	What are you doing here?	Какво правиш тук?		
Dialogues/bobSleep3	I'll tel you but you first.	Ще ти кажа, но първо ти.		
Dialogues/bobSleep4	Ok, fine!\nI'm boss of a secret organization called Sleepless.	Добре, добре!\nАз съм шеф на тайна организация, наречена Sleepless.		
Dialogues/bobSleep5	Welcome to our secret base.	Добре дошъл в нашата тайна база.		
Dialogues/prepBobGeneric1	<voice type=question>\nOh, so… Do you give names to all your plants?	<voice type=question>\nО, значи… да даваш имена на всичките си растения?	<voice type=question>\nOh, alors… Vous donnez des noms à toutes vos plantes?	<voice type=question>\nО, а вы... вы всем своим растениям даете имена?
Dialogues/herbBobGeneric2	<voice type=laugh>\nUhm. Sweetie, I'm a herbalist. I pick plants, dry them, chop them, cook them, squeeze them, burn them. Et cetera.\nSo no, I don't give names to all my plants.	<voice type=laugh>\nУм. Мило, аз съм билки. Събирам растения, ги суша, ги ряза, ги готвам, ги прескам, ги изгарям. И т.н.\nЗначи, не, не давам имена на всичките си растения.	<voice type=laugh>\nHeu. Chéri, je suis herboriste. Je cueille des plantes, je les sèche, je les coupe, je les fais cuire, je les presse, je les brûle. Etc.\nAlors non, je ne donne pas de noms à toutes mes plantes.	<voice type=laugh>\nЭм, дружочек, я травница. Растения я собираю, сушу, нарезаю, готовлю, выжимаю, сжигаю и так далее.\nТак что нет, я не даю имена всем своим растениям.
Dialogues/prepBobGeneric3	<voice type=question>\nOkay. So… how is Bob special?	<voice type=question>\nДобре. Значи… какво е специалното при Боб?	<voice type=question>\nD'accord. Alors… pourquoi Bob est-il spécial?	<voice type=question>\nЯсно. А... что такого особенного в Бобе?
Dialogues/herbBobGeneric4	<voice type=order>\nWell, Bob is a friend. \nAnd please be kind to him. He's sensitive and has a good memory.	<voice type=order>\nДобре, Боб е приятел.\nМоля, бъди доб към него. Той е чувствителен и има добра памет.	<voice type=order>\nEh bien, Bob est un ami.\nEt sois gentil avec lui. Il est sensible et a une bonne mémoire.	<voice type=order>\nНу, Боб – мой друг.\nПожалуйста, будь с ним добр. Он очень чувствительный, а еще у него хорошая память.
Dialogues/prepBobGeneric5	<voice type=greeting>\nOK. So… Nice to meet you, Bob.	<voice type=greeting>\nДобре. Значи… Радвам се да те познавам, Боб.	<voice type=greeting>\nOk. Alors… Ravi de vous rencontrer, Bob.	<voice type=greeting>\nХорошо. Ну... рад знакомству, Боб.
Dialogues/herbBobGeneric6	<voice type=order>\nHe's pleased too! Don't mess it up.	<voice type=order>\nТой също е доволен! Не го повреди.	<voice type=order>\nIl est content aussi! Ne gâche pas tout.	<voice type=order>\nОн тоже рад! Не облажайся.
Dialogues/prepBobGlasses1	<voice type=question>\nHello, Jenny and Bob. Could I ask you a favor?	<voice type=question>\nЗдравей, Джени и Боб. Може ли да ми направите една услуга?	<voice type=question>\nBonjour Jenny et Bob. Puis-je vous demander une faveur?	<voice type=question>\nПривет, Дженни и Боб. Можно попросить вас об услуге?
Dialogues/herbBobGlasses2	<voice type=greeting>\nHello. We're all ears.	<voice type=greeting>\nЗдравей. Всички сме наострили уши.	<voice type=greeting>\nBonjour. Nous sommes tout ouïe.	<voice type=greeting>\nПривет. Внимательно тебя слушаем.
Dialogues/prepBobGlasses3	So, it's about the other Bob. You know, from the mine. The biped.\nHis sight is getting bad lately. He needs glasses to read. And tend to his mine, in general.\n<voice type=question>\nI was wondering… would Bob… I mean, Bob, would you be willing to give your glasses to Bob?	Значи, става въпрос за другия Боб. Знаеш, от рудника. Бипедният.\nВиждането му се влошава наскоро. Трябва му очила да чете. И да се грижи за рудника си, като цяло.\n<voice type=question>\nЧудесно се чудих… би Боб… тоест, Боб, би дал очилата си на Боб?	Donc, c'est à propos de l'autre Bob. Vous savez, celui de la mine. Le bipède.\nSa vue se détériore ces derniers temps. Il a besoin de lunettes pour lire. Et s'occuper de la mine, en général.\n<voice type=question>\nJe me demandais… Bob… Je veux dire, Bob, serais-tu prêt à donner tes lunettes à Bob?	Ну, дело в другом Бобе. Который двуногий и из шахты.\nВ последнее время у него портится зрение. Ему нужны очки для чтения. И блужданий по шахте.\n<voice type=question>\nЯ хотел спросить... может, Боб сможет... Вернее, Боб, ты не мог бы отдать свои очки Бобу?
Dialogues/herbBobGlasses4	<voice type=question>\nI feel he is willing to help, a kind plant as he is. But… doesn't he still need them himself?	<voice type=question>\nЧувствам, че е готов да помогне, като мил човек е. Но… не са му те все още нужни?	<voice type=question>\nJe sens qu'il est prêt à aider, une gentille plante comme lui. Mais… en a-t-il encore besoin pour lui-même?	<voice type=question>\nЯ чувствую, что он хочет помочь. Какое доброе растение. Но... они ведь нужны ему самому, разве нет?
Dialogues/prepBobGlasses5	Uhm… I think… Bob doesn't have to use them anymore. He is growing so well, gets greener everyday. I'm sure his sight is already great.\nBecause of… you know… photosynthesis and stuff. 	Хмм… мисля, че… на Боб вече не му трябват. Той расте толкова добре, става все по-зелен всеки ден. Сигурен съм, че зрението му вече е страхотно.\nЗаради… знаеш… фотосинтеза и такива неща.	Heu… je pense… que Bob n'a plus besoin de les utiliser. Il grandit si bien, et devient plus vert tous les jours. Je suis sûr que sa vue est déjà superbe.\nÀ cause de… vous savez… la photosynthèse et tout ça.	Эм... кажется... Боб может обойтись и без них. Он ведь так хорошо растет, с каждым днем становится все зеленее и зеленее. Уверен, что и со зрением у него полный порядок.\nИз-за... ну, знаете... фотосинтеза и всего такого.
Dialogues/herbBobGlasses6	<voice type=surprise>\nI think you're right! Bob will be fine without the glasses. And maybe it's time for a new look. Take them!	<voice type=surprise>\nМисли, че си прав! Боб ще е добре и без очилата. И може би е време за нов вид. Вземи ги!	<voice type=surprise>\nJe pense que tu as raison! Bob ira bien sans ses lunettes. Et peut-être qu'il est temps pour lui d'avoir un nouveau look. Prends les!	<voice type=surprise>\nА ведь ты прав! Боб будет отлично смотреться без очков. Да и, видимо, пришло время ему сменить имидж. Забирай их!
Dialogues/prepBobGlasses7	<voice type=thanks>\nThanks, Jenny! And Bob. You're a swell guy, Bob.	<voice type=thanks>\nБлагодаря, Джени! И на Боб. Ти си чудесен човек, Боб.	<voice type=thanks>\nMerci, Jenny! Et Bob. T'es un bon gars, Bob.	<voice type=thanks>\nСпасибо, Дженни! И Боб. Классный ты парень, Боб.
Dialogues/herbPicture1	See, that's me. I wasn't always an old lady – amazing, isn't it? \nAnd next to me, you can see my friend Mary. She was the one to drag me to my first demonstrations.\nShe still lives in Murricaville, by the way. She's now one of the “bless the President”, empty-eyed types. Doesn't recognize me anymore.\nThese were troubled, turbulent times. But today? I'd be glad to know what I actually fight against.\n	Виж, това съм аз. Не винаги съм била стара жена – невероятно, нали? \nИ до мен можеш да видиш моята приятелка Мери. Тя беше тази, която ме завлече на първите ми демонстрации.\nТя все още живее в Мюрикавил, между другото. Сега е от онези, които „благославят президента“ и имат празни очи. Вече не ме разпознава.\nТова бяха смутни, бурни времена. Но днес? Бих искала да знам срещу какво всъщност се боря.\n	Tu vois, c'est moi. Je n'ai pas toujours été une vieille dame - incroyable, n'est-ce pas?\nEt à côté de moi, tu peux voir mon amie Mary. C'est elle qui m'a trainé à mes premières manifestations.\nSoit dit en passant, elle vit toujours à Murricaville. Désormais, c'est l'une des "Gloire au Président" aux yeux vides. Ne me reconnaissant même plus.\nC'était une période trouble et turbulente. Mais aujourd'hui? Je serais ravie de savoir contre quoi je me bats réellement.	Видишь, это я. Я не всегда была старушкой... Удивительно, правда?\nА рядом моя подруга Мэри. Именно она привела меня на первые акции протеста.\nК слову, она до сих пор живет в Мерикосвиле. Она превратилась в одну из тех пустых дамочек, что поют дифирамбы Президенту. И больше меня не узнает.\nВ те времена было нелегко. Но сейчас? Хотела бы я знать, против чего именно борюсь.
Dialogues/prepElevComplete1	<voice type=greeting>\nSo... That thing is positively ancient, but I got it up and running.	<voice type=greeting>\nЗначи... това нещо е изключително старо, но успях да го пусна.	<voice type=greeting>\nAlors ... Cette chose est vraiment ancienne, mais j'ai réussi à la mettre en marche.	<voice type=greeting>\nИтак... Эта штуковина невероятно древняя, но мне все-таки удалось ее починить.
Dialogues/bobElevComplete2	<voice type=thanks>\nOh, amazing! Now if you'll excuse me... I have some very urgent things to check in the mine!	<voice type=thanks>\nО, страхотно! Сега ако ми позволиш... имам много спешни неща да проверя в рудника!	<voice type=thanks>\nOh, incroyable! Maintenant, si vous m'excusez ... J'ai des choses très urgentes à vérifier dans la mine!	<voice type=thanks>\nО, просто супер! А теперь прошу меня простить... У меня очень срочные дела в шахте!
Dialogues/bobElevIncomplete1	 		<voice type=question>\nSalut! Avez-vous réussi à réparer l'ascenseur? Pas encore? Dommage, ça aiderait beaucoup à se déplacer dans la mine.	<voice type=question>\nПривет! Тебе удалось починить лифт? Еще нет? Жаль, это здорово поможет мне передвигаться по шахте.
Dialogues/bobJackIncomplete1	<voice type=question>\nOh hey, have you stumbled upon my jacket by any chance? Oh, too bad. Please don't forget about it, OK? 	<voice type=question>\nО, здравей, случайно си намерил моята яка? О, жалко. Моля, не я забравя, добре?	<voice type=question>\nOh hé, êtes-vous tombé sur ma veste par hasard? Oh, tant pis. S'il vous plaît ne l'oubliez pas, OK?	<voice type=question>\nО, привет, ты там, случайно, не наткнулся на мою куртку? О, очень жаль. Пожалуйста, не забудь о ней, ладно?
Dialogues/bobJackComplete1	<voice type=thanks>\nHey Prepper. You have my jacket! Great! Oh man, I really need to wash it now. Was it in a very dangerous place?	<voice type=thanks>\nЗдравай препър. Имаш моята яка! Супер! О, човече, трябва да я измия веднага. Беше на много опасно място?	<voice type=thanks>\nHé Prepper. Vous avez ma veste! Génial! Oh mince, j'ai vraiment besoin de la laver maintenant. Est-ce qu'elle était dans un endroit très dangereux?	<voice type=thanks>\nПривет, Выживальщик. Ты нашел мою куртку! Супер! Вот блин, ее срочно нужно постирать. А где ты ее нашел? Опасное было местечко?
Dialogues/prepJackComplete2	There were certain organisms around indeed, if that's what you're asking about.	Имаше някои организми наоколо, ако това те интересува.	Il y avait en effet certains organismes autour, si c'est ce que vous demandez.	Там действительно бродили кое-какие организмы, если ты об этом.
Dialogues/bobJackComplete3	<voice type=acceptance>\nI see. Well, you deserve a reward. Here, in one of the pockets, there is a revolver.\nYou can take it. It may come in handy during your… sightseeing trips.\nIt's broken though. But I know a person who could be able to repair it. \nGo to the junkyard in the desert at night and you'll meet him.\nHe's also one of the… aware ones. But please mind that he has… some other issues.\n	<voice type=acceptance>\nРазбирам. Е, заслужаваш награда. Ето, в един от джобовете, има револвер.\nМожеш да го вземеш. Може да ти е полезно по време на твоите… туристически обиколки.\nТо е счупено обаче. Но знам един човек, който може да го поправи. \nОтиди в автоморгата в пустинята през нощта и ще го срещнеш.\nТой също е един от… осъзнатите. Но моля, имайте предвид, че има… някои други проблеми.\n	<voice type=acceptance>\nJe vois. Eh bien, vous méritez une récompense. Ici, dans une des poches, il y a un revolver.\nVous pouvez le prendre. ça pourrait vous être utile lors de vos… visites touristiques.\nIl est cassé cependant. Mais je connais une personne qui pourrait le réparer.\nAllez à la décharge, dans le désert, la nuit et vous le rencontrerez.\nIl est aussi l'un des… conscients. Mais n'oubliez pas qu'il a… d'autres problèmes.	<voice type=acceptance>\nПонял. Ну, ты заслужил награду. Вот, у меня в кармане револьвер завалялся.\nЗабирай. Вдруг пригодится во время... осмотра достопримечательностей.\nПравда, он сломан. Но я знаю человека, который сможет его починить.\nОтправляйся ночью на свалку в пустыне – там ты его и найдешь.\nОн тоже... понимает, что к чему. Но, пожалуйста, имей в виду, что у него есть... другие проблемы.
Dialogues/prepJackComplete4	<voice type=thanks>\nLike we all do. Thanks for the gun and the advice.	<voice type=thanks>\nКато всички други. Благодаря за оръжието и съвета.	<voice type=thanks>\nComme nous tous. Merci pour l'arme et les conseils.	<voice type=thanks>\nКак и у всех нас. Спасибо за ствол и за совет.
Dialogues/bobJackComplete5	Like we all do. Take care.	Както всички правим. Пази се.	Comme nous tous. Faites attention.	И то правда. До встречи.
Dialogues/bobGlassIncomplete1	<voice type=question>\nHey, Prepper, it's you! I don't see you bringing me my new glasses!\nDo you get it?	<voice type=question>\nЗдравай, препър, ти си той! Не виждам че носиш новите ми очила!\nРазбра ли?	<voice type=question>\nHé, Prepper, c'est vous! Je ne vous vois pas m'apporter mes nouvelles lunettes!\nVous avez compris?	<voice type=question>\nЭй, Выживальщик! Что-то я не вижу у тебя моих очков!\nТы их принес?
Dialogues/prepGlassIncomplete2	<voice type=laugh>\nAh. It was actually a bit funny! No, I don't have the glasses yet.	<voice type=laugh>\nАх. Направо беше малко смешно! Не, още нямам очилата.	<voice type=laugh>\nAh. C'était un peu drôle en effet! Non, je n'ai pas encore les lunettes.	<voice type=laugh>\nХа. Забавно! Нет, я пока не нашел очки.
Dialogues/bobGlassIncomplete3	<voice type=order>\nPlease don't make me say another joke like this!	<voice type=order>\nМоля те, не ме карай да кажа още една шега като тази!	<voice type=order>\nS'il vous plaît, ne me faites pas dire une autre blague comme celle-ci!	<voice type=order>\nПожалуйста, не вынуждай меня шутить на эту тему еще раз!
Dialogues/prepGlassComplete1	<voice type=greeting>\nHi, Bob. Here you are, I brought glasses for you!	<voice type=greeting>\nЗдравей, Боб. Ето ги, донесох ти очила!	<voice type=greeting>\nSalut Bob. Voilà, je vous ai apporté des lunettes!	<voice type=greeting>\nПривет, Боб. Вот, держи, я принес тебе очки!
Dialogues/bobGlassComplete2	<voice type=thanks>\nOh, wonderful! Let me try them right away!	<voice type=thanks>\nО, чудесно! Ще ги пробвам веднага!	<voice type=thanks>\nOh, merveilleux! Laissez-moi les essayer tout de suite!	<voice type=thanks>\nО, чудесно! Дай-ка я их примерю.
Dialogues/prepGlassComplete3	Wow, you actually look similar to him!	Уау, наистина приличаш на него!	Wow, vous lui ressemblez vraiment!	Ого, а ведь ты на него похож!
Dialogues/bobGlassComplete4	<voice type=question>\n…To whom?	<voice type=question>\n…На кого?	<voice type=question>\n…À qui?	<voice type=question>\n...На кого?
Dialogues/prepGlassComplete5	<voice type=question>\nOh, nevermind. Do the glasses help?	<voice type=question>\nА, няма значение. Помагат ли очилата?	<voice type=question>\nOh peu importe. Les lunettes aident-elles?	<voice type=question>\nО, не бери в голову. Ну как, с очками стало лучше?
Dialogues/bobGlassComplete6	<voice type=thanks>\nYes, Prepper, thank you, you're the best!\nNow, I think you deserve to know something. But I hope you can keep a secret!\n	<voice type=thanks>\nДа, препър, благодаря, ти си най-добрият!\nСега мисля, че заслужаваш да знаеш нещо. Но се надваждам да можеш да запазиш тайна!\n	<voice type=thanks>\nOui, Prepper, merci, vous êtes le meilleur!\nMaintenant, je pense que vous méritez de savoir quelque chose. Mais j'espère que vous pourrez garder un secret!	<voice type=thanks>\nДа, Выживальщик, спасибо! Ты молодец!\nКажется, ты заслуживаешь кое-что узнать. Но, надеюсь, ты умеешь хранить секреты!
Dialogues/prepGlassComplete7	Sure! I can store it in an underground bunker.	Разбира се! Мога да го съхраня в подземен бункер.	Bien sûr! Je peux le stocker dans un bunker souterrain.	Конечно! У меня для этого есть подземный бункер.
Dialogues/bobGlassComplete8	<voice type=laugh>\nYou have a weird sense of humor, Mr. Prepper. Anyway, come, I need to show you something.	<voice type=laugh>\nИмаш странно чувство за хумор, господин Препър. Както и да е, ела, трябва да ти покажа нещо.	<voice type=laugh>\nVous avez un sens de l'humour étrange, Mr. Prepper. Quoi qu'il en soit, venez, je dois vous montrer quelque chose.	<voice type=laugh>\nСтранное у тебя чувство юмора, мистер Выживальщик. Ну да ладно. Пойдем, я кое-что тебе покажу.
Dialogues/prepGlassComplete9	<voice type=acceptance>\nOh. This is quite a collection.	<voice type=acceptance>\nО. Това е доста колекция.	<voice type=acceptance>\nOh. C'est toute une collection.	<voice type=acceptance>\nОго. Солидная коллекция.
Dialogues/bobGlassComplete10	Now you understand the secrecy? I have always loved books and comics. Too much for my own good, it turned out.\nWhen the new government started implementing censorship laws, I didn't really believe they would act on them.\nUp to the day the Agency came into my house and confiscated all my books. Not all were “subversive”, as they say, but they took everything anyway.\nEverything — Civil War era pamphlets, Little Nemo, Jules Verne, pre-war Superman, Sylvia Plath.\nAnd then they took my job – I used to be a teacher, you know. But possession of subversive materials is bad influence on the youth.	Сега разбираш ли тайната? Винаги съм обичал книги и комикси. Малко прекалено, както се оказа.\nКогато новото правителство започна да въвежда закони за цензура, не вярвах, че ще ги прилагат.\nДо деня, в който Агенцията нахлу в дома ми и конфискува всичките ми книги. Не всички бяха „подривни“, както казват, но взеха всичко, което намериха.\nВсичко — брошури от епохата на Гражданската война, Малкият Немо, Жул Верн, предвоенен Супермен, Силвия Плат.\nИ тогава ми взеха работата — бях учител, знаеш. Но притежанието на	Vous comprenez maintenant mon secret? J'ai toujours aimé les livres et les bandes dessinées. Trop pour mon propre bien, on dirait.\nLorsque le nouveau gouvernement a commencé à appliquer les lois de censure, je ne pensais vraiment pas qu'il agirait contre ça.\nJusqu'au jour où l'Agence est entrée chez moi et a confisqué tous mes livres. Tous n'étaient pas "subversifs", comme on dit, mais ils ont quand même tout pris.\nTout - brochures de l'époque de la guerre civile, Little Nemo, Jules Verne, Superman d'avant-guerre, Sylvia Plath.\nEt puis ils ont pris mon travail - j'étais professeur, vous savez. Mais la possession de matériel subversif a une mauvaise influence sur les jeunes.	Теперь ты понимаешь, к чему вся эта секретность? Я всегда любил книги и комиксы. Именно это меня и погубило.\nКогда правительство стало вводить цензуру, я до последнего не верил, что эти законы действительно войдут в силу.\nНо однажды люди из Агентства пришли ко мне домой и конфисковали все мои книги. «Деструктивный характер», как они выразились, носили только некоторые из них, но забрали они все.\nВообще все... Брошюры времен Гражданской войны, книжки про Немо, довоенные комиксы про Супермена, книги Жуля Верна и Сильвии Плат.\nА еще они отняли у меня работу... Я ведь раньше был учителем. Но человек, владеющий запрещенной литературой, будет подавать плохой пример молодежи.
Dialogues/prepGlassComplete11	But it seems the punishment didn't work well. You're a habitual offender.	Но изглежда наказанието не подейства добре. Ти си рецидивист.	Mais il semble que la punition n'ait pas bien fonctionné. Vous êtes un révolutionnaire invétéré.	Похоже, что наказание тебя не исправило. Ты закоренелый преступник.
Dialogues/bobGlassComplete12	True. Collecting is way harder now than it used to be. I managed to gather some wonders and curiousities though. \nAnd please don't ask me where I have the contemporary European comic strips from.\nPlease take a look if you want!\n	Вярно. Събирането сега е много по-трудно, отколкото преди. Успях да събера някои чудеса и любопитни неща. \nИ моля те, не ме питай откъде имам съвременните европейски комикси.\nРазгледай, ако искаш!\n	C'est vrai. Collectionner est beaucoup plus difficile maintenant qu'auparavant. Bien que j'ai réussi à rassembler quelques merveilles et curiosités.\nEt s'il vous plait, ne demandez pas d'où proviennent les bandes dessinées européennes contemporaines.\nJetez un œil si vous le souhaitez!	Да уж. Сейчас заниматься коллекционированием куда сложнее, чем раньше. Но мне все же удалось раздобыть несколько интересных экземпляров.\nА еще не спрашивай, пожалуйста, откуда у меня современные европейские комиксы.\nЕсли хочешь – взгляни!
Dialogues/bobHydrogen1	Uhm, hey, Prepper… One more thing before you go.	Хей, препър… Едно последно нещо преди да тръгнеш.	Heu, hé, Prepper... Une dernière chose avant de partir.	Эм, слушай, Выживальщик... Пока ты не ушел...
Dialogues/prepHydrogen2	<voice type=question>\nYes?	<voice type=question>\nДа?	<voice type=question>\nOui?	<voice type=question>\nДа?
Dialogues/bobHydrogen3	As you go on exploring the mine… Please be careful.\n<voice type=order>\nAnd under no circumstances, please don't go to the 5th level of the mine. It's way too dangerous. I myself never go there.\n	Докато продължаваш да изследваш мината... Моля, бъди внимателен.\n<voice type=order>\nИ в никакъв случай, моля те, не ходи на 5-ия етаж на мината. Много е опасно. Аз самият никога не ходя там.\n	Pendant que vous explorez la mine… Soyez prudent.\n<voice type=order>\nEt n'allez en aucun cas au 6e niveau de la mine. C'est beaucoup trop dangereux. Moi-même je n'y vais jamais.	Когда пойдешь исследовать шахты... будь осторожен.\n<voice type=order>\nИ ни в коем случае не спускайся на пятый уровень. Это слишком опасно. Сам я туда никогда не ходил.
Dialogues/prepHydrogen4	<voice type=surprise>\nUhm, okay. Why is that?	<voice type=surprise>\nЕ, добре. Защо е това?	<voice type=surprise>\nHeu, d'accord. Pourquoi ça?	<voice type=surprise>\nЭм, ладно. А что там?
Dialogues/bobHydrogen5	Before the government had abandoned the mine, they were doing some technology experiments here.\nBasically, they were using hydrogen-based mining explosives.\n	Преди правителството да изостави мината, те правеха някои технологични експерименти тук.\nОсновно използваха водородни експлозиви за добив.\n	Avant que le gouvernement n'ait abandonné la mine, ils faisaient des expériences technologiques ici.\nEn gros, ils utilisaient des explosifs miniers à base d'hydrogène.	До того, как забросить шахты, правительство проводило там эксперименты.\nОни испытывали для горных работ взрывчатые вещества на основе водорода.
Dialogues/prepHydrogen6	<voice type=question>\nAnd how did it go?	<voice type=question>\nИ как мина?	<voice type=question>\nEt comment ça s'est passé?	<voice type=question>\nИ как все прошло?
Dialogues/bobHydrogen7	Not very well. But there is still a lot of hydrogen containers down there.\nPlease don't go there. You would risk blowing yourself up with the whole mine.\n	Не много добре. Но има още много контейнери с водород долу.\nМоля те, не ходи там. Рискуваш да се взривиш заедно с цялата мина.\n	Pas très bien. Mais il y a encore beaucoup de conteneurs d'hydrogène là-bas.\nS'il vous plait n'y allez pas. Vous risqueriez de vous faire exploser et toute la mine avec.	Не слишком успешно. Но там до сих пор осталось много контейнеров с водородом.\nПожалуйста, не ходи туда, если не хочешь, чтобы вся шахта взлетела на воздух.
Dialogues/prepHydrogen8	<voice type=acceptance>\nOh, this sounds very dangerous indeed! I will keep well away from there.\n(Hydrogen, you say. That's interesting…)\n	<voice type=acceptance>\nО, това звучи много опасно наистина! Ще стоя далеч от там.\n(Водород, казваш. Това е интересно…)\n	<voice type=acceptance>\nOh, ça semble très dangereux en effet! Je m'en tiendrai bien éloigné.\n(Hydrogène, vous dites. C'est intéressant…)	<voice type=acceptance>\nДа уж, кажется, там и правда опасно! Буду держаться подальше.\n(Водород, говоришь? Интересно…)
Dialogues/bobSleepless1	<voice type=surprise>\nHey! It's you! What are you doing here?	<voice type=surprise>\nХей! Ти си тук! Какво правиш тук?	<voice type=surprise>\nHé! C'est vous! Que faites-vous ici?	<voice type=surprise>\nО, это ты! Что ты тут делаешь?
Dialogues/prepSleepless2	<voice type=surprise>\nWhat are *you* doing here? You said you never went down here! And where does this door lead to?	<voice type=surprise>\nКакво правиш тук? Казваше, че никога не си слизал тук! И къде води тази врата?	<voice type=surprise>\nQue faites-"vous" ici? vous avez dit que vous n'étiez jamais descendu ici! Et où mène ce passage?	<voice type=surprise>\nА ты что тут делаешь? Ты же говорил, что никогда сюда не спускался! И куда ведет эта дверь?
Dialogues/bobSleepless3	<voice type=order>\nI asked the question first! And I'm the one who let you into the mine!	<voice type=order>\nАз зададох въпроса първи! И аз те впуснах в рудника!	<voice type=order>\nJ'ai posé la question en premier! Et je suis celui qui vous a laissé entrer dans la mine!	<voice type=order>\nЯ первым задал вопрос! И именно я пустил тебя в шахту!
Dialogues/prepSleepless4	And I have repaired your damn elevator so you can come down here!	И аз поправих проклетия ти асансьор, за да можеш да слезеш тук!	Et j'ai réparé votre fichu ascenseur pour que vous puissiez venir ici!	А я починил чертов лифт, чтобы ты мог сюда спускаться!
Dialogues/bobSleepless5	...		...	...
Dialogues/prepSleepless6	Okay. I'll tell you if you tell me.	Добре. Ще ти кажа, ако и ти ми кажеш.	Ok. Je vous le dirai si vous me le dites.	Хорошо, я отвечу, если ответишь ты.
Dialogues/bobSleepless7	Mmm. Fine. But you go first!	Хмм. Добре. Но ти първи!	Hmmm. Bien. Mais vous en premier!	М-м. Ладно. Но ты первый!
Dialogues/prepSleepless8	Ugh. Okay. So I was drawn here by your mention of hydrogen.	Уф. Добре. Така че те дойдох тук заради споменаването на водород.	Ugh. Ok. Donc, j'ai été attiré ici quand vous avez mentionné l'hydrogène.	Тьфу, ладно. Я пришел сюда, потому что ты упоминал водород.
Dialogues/bobSleepless9	<voice type=surprise>\nWhat?! Why the hell would you?	<voice type=surprise>\nКакво?! Защо мислиш да направиш това?	<voice type=surprise>\nQuoi?! Pourquoi diable l'hydrogène vous intéresse?	<voice type=surprise>\nЧто?! На кой черт он тебе сдался?
Dialogues/prepSleepless10	So I have this small… crafting project. In my basement.\nI'm building a rocket to get out of here.\nAnd hydrogen could actually be useful as a fuel.	Така че имам този малък… проект за изработка. В мазето ми.\nСтроя ракета, за да се измъкна оттук.\nИ водородът всъщност може да бъде полезен като гориво.	Donc, j'ai ce petit… projet artisanal. Dans mon sous-sol.\nJe construis une fusée pour partir d'ici.\nEt en fait, l'hydrogène pourrait m'être utile comme carburant.	Ну, у меня есть один небольшой проект... по разработке кое-чего. В моем подвале.\nСтрою ракету, чтобы улететь отсюда.\nА из водорода может получиться отличное топливо.
Dialogues/bobSleepless11	…\nYou're… Weirder than I thought, Prepper. \nOkay, so I guess it's the time for my part of the deal. But remember – not a word to anyone or people might die.\n<voice type=question>\nShall we get inside?	…\nТи си… По-странен, отколкото си мислех, Препър. \nДобре, време е за моята част от сделката. Но помни – не казвай на никого, иначе хората може да умрат.\n<voice type=question>\nДа влезем ли?	…\nVous êtes ... Plus étrange que je ne le pensais, Prepper.\nD'accord, donc je suppose que c'est le moment d'honorer ma parole. Mais rappelez-vous - pas un mot à qui que ce soit ou des gens pourraient mourir.\n<voice type=question>\nRentrons à l'intérieur!	…\nДа ты… страннее, чем я думал, Выживальщик.\nТеперь, думается, моя очередь. Но помни – никому ни слова, иначе могут погибнуть люди.\n<voice type=question>\nПройдем внутрь?
Dialogues/prepSleepless12	<voice type=surprise>\nOh my. I see you are not the only one coming down here.	<voice type=surprise>\nО, моя. Виждам, че не си единственият, който идва тук.	<voice type=surprise>\nOh mon. Je vois que vous n'êtes pas le seul à venir ici.	<voice type=surprise>\nЧерт. Видимо, не только ты сюда спускаешься.
Dialogues/bobSleepless13	No. There's more of us, and we call ourselves the Sleepless. We fight the mind control measures the government forces upon us. Ever noticed you will always fall asleep on 3 AM, no matter what? Ever noticed concentration problems? Headaches? Faulty memory?	Не. Ние сме повече, и се наричаме Безсънните. Борим се срещу мерките за контрол на ума, които правителството ни налага. Забелязал ли си, че винаги заспиваш в 3 сутринта, независимо какво правиш? Забелязал ли си проблеми с концентрацията? Главоболие? Неправилна памет?	Non. Nous sommes plus nombreux et nous nous appelons les Éveillés.\nNous combattons les mesures de contrôle mental que le gouvernement nous impose.\nAvez-vous déjà remarqué que vous vous endormirez toujours à 3 heures du matin, quoi qu'il arrive? Avez-vous déjà remarqué des problèmes de concentration? Maux de tête? Mémoire défectueuse?	Ты прав. Нас много, и мы зовем себя Неспящими.\nПравительство пытается захватить контроль над разумом своих граждан, а мы пытаемся дать им отпор.\nЗамечал когда-нибудь, что всегда, несмотря ни на что, засыпаешь ровно в 3 ночи? А замечал ли проблемы с концентрацией внимания? Были головные боли? Память подводила?
Dialogues/prepSleepless14	Of course I have. The compulsory bedtime is driving me nuts.	Разбира се, че имам. Задължителното време за лягане ме побърква.	Bien sûr que j'ai remarqué. L'heure du coucher obligatoire me rend dingue.	Конечно, было дело. Принудительный сон просто сводит меня с ума.
Dialogues/bobSleepless15	        \nWe're sure it's the thing in the sky, the Brazen Serpent. Supposed to be protecting us, bless-the-president. But it's sending waves that mess with our brains. Making us complacent.\nWe're trying to overcome the 3 AM reset. We believe it's the key to mind control.	        \nСигурни сме, че е нещо в небето, Змийската брадва. Трябва да ни пази, да благослови президента. Но изпраща вълни, които объркват мозъците ни. Прави ни самодоволни.\nОпитваме се да преодолеем нулирането в 3 часа сутринта. Вярваме, че това е ключът към контрола на ума.	Nous sommes sûrs que c'est la chose dans le ciel, le Serpent d'Airain. Censé nous protéger, gloire au Président. Mais ça envoie des ondes qui dérangent notre cerveau. Nous rendant complaisants.\nNous essayons de surmonter la réinitialisation de 3 heures du matin. Nous pensons que c'est la clé du contrôle mental.	Мы уверены, что все это происходит из-за «Медного змия» в небе. Предполагается, что он нас защищает, боже-храни-Президента. Но он посылает волны, которые влияют на наше сознание. Заставляют нас расслабляться.\nМы пытаемся справиться с отключкой в 3 ночи. Мы верим, что именно в этом ключ к управлению разумом.
Dialogues/prepSleepless16	<voice type=question>\nAnd… how is it going so far?	<voice type=question>\nИ… как минава досега?	<voice type=question>\nEt… comment ça avance jusqu'à présent?	<voice type=question>\nИ... как все продвигается?
Dialogues/bobSleepless17	Well, we have… preliminary successes. With the help of certain strong substances, some of us were able to stay awake through 3 AM.\nThose substances have some troublesome side effects though.	Е, имаме... предварителни успехи. С помощта на определени силни вещества, някои от нас успяха да останат будни до 3 сутринта.\nТези вещества обаче имат някои неприятни странични ефекти.	Eh bien, nous avons… des succès préliminaires. Avec l'aide de certaines substances fortes, certains d'entre nous ont pu rester éveillés après 3 heures du matin.\nCes substances ont cependant des effets secondaires indésirables.	Ну, у нас есть кое-какие успехи... При помощи некоторых очень сильных веществ мы можем не засыпать в 3 ночи.\nОднако у этих веществ есть побочные эффекты.
Dialogues/prepSleepless18	…And that's why you try them out in a den halfway to the centre of the Earth.	И затова ги пробваш в бърлога на половината път до центъра на Земята.	… Et c'est pourquoi vous les essayez dans un repaire à mi-chemin du centre de la Terre.	...И поэтому ты пробуешь их в норе чуть ли не в центре Земли.
Dialogues/bobSleepless19	That and for keeping well away from the Agency.	Това и за да стоиш далеч от Агенцията.	Ça et pour se tenir à l'écart de l'Agence.	Это нужно и для того, чтобы держать Агентство в неведении.
Dialogues/prepSleepless20	Makes sense. And I think I know now where all the herbal teas go.	Има смисъл. И мисля, че вече знам къде отиват всички билкови чайове.	Logique. Et je pense que je sais maintenant où vont toutes ces tisanes.	Звучит логично. Теперь понятно, куда уходит весь травяной чай.
Dialogues/bobSleepless21	I know you have met Jenny already. We'll give her a green light to help you in case you're in need.\nYou're a peculiar man, Prepper, but I trust you.	Знам, че вече си срещнал Джени. Ще й дам зелена светлина да ти помогне, ако имаш нужда.\nТи си странен човек, Препър, но ти вярвам.	Je sais que vous avez déjà rencontré Jenny. Nous lui donnerons le feu vert pour vous aider au cas où vous en auriez besoin.\nVous êtes un homme particulier, Prepper, mais je vous fais confiance.	Я знаю, что ты уже знаком с Дженни. Мы разрешим ей помогать тебе в случае необходимости.\nТы чудаковатый, Выживальщик, но я тебе доверяю.
Dialogues/prepSleepless22	Thanks. I'll get back to my things. Good luck with staying awake.	Благодаря. Ще се върна към моите неща. Успех с оставането буден.	Merci. Je retourne à mes moutons. Bonne chance pour rester éveillé.	Спасибо. Пора мне возвращаться к своим делам. Удачи с бодрствованием.
Dialogues/bobSleepless23	Doing our best.\nAnd oh, Prepper?\nPlease, please don't blow us all up with that hydrogen.	Даваме най-доброто от себе си.\nИ, ох, Препър?\nМоля те, моля те, не ни взривявай всички с този водород.	Nous faisons de notre mieux.\nEt oh, Prepper?\nPitié, ne nous faites pas exploser avec tout cet hydrogène.	Делаем все, что в наших силах.\nИ вот еще что, Выживальщик.\nПожалуйста, не взорви нас своим водородом.
Dialogues/prepSleepless24	Please, please don't blow us all up with that hydrogen.	Моля те, моля те, не ни взривявай всички с този водород.	Pitié, ne nous faites pas exploser avec tout cet hydrogène.	Пожалуйста, не взорви нас своим водородом.
Dialogues/postRand1	<voice type=thanks>\nWhat a lovely weather today!	<voice type=thanks>\nКакво хубаво време днес!	<voice type=thanks>\nQuel beau temps aujourd'hui!	<voice type=thanks>\nКакая прекрасная сегодня погода!
Dialogues/postRand2	<voice type=upset>\nA foul weather today. Or maybe it's just my mood?	<voice type=upset>\nЕдин гаден ден днес. Или може би просто ми е настроението?	<voice type=upset>\nMauvais temps aujourd'hui. Ou peut-être que c'est juste mon humeur?	<voice type=upset>\nУжасная погода. Или дело в моем настроении?
Dialogues/postRand3	<voice type=upset>\nI had trouble falling asleep last night. I was watching the Brazen Serpent shining in the sky. Finally fell asleep around 3, I guess.	<voice type=upset>\nИмам проблеми със заспиването от миналата нощ. Гледах Бързеният Змей, който блести на небето. Накрая успя да заспа около 3, мисля.	<voice type=upset>\nJ'ai eu du mal à m'endormir la nuit dernière. Je regardais le Serpent d'Airain briller dans le ciel. Finallement je me suis endormi vers 3 heures, je suppose.	<voice type=upset>\nСегодня у меня были проблемы со сном. Я все смотрел, как «Медный змий» мерцает в небе. В конце концов уснул около 3 ночи.
Dialogues/postRand4	I used to have more newspapers to carry around, but now people only read the Truth. Well, it's definitely better for my back.	Преди имах повече вестници за носене, но сега хората четат само Истината. Е, определено е по-добре за гърба ми.	J'avais l'habitude d'avoir plus de journaux à porter, sauf que maintenant les gens ne lisent plus que la Vérité. Mais bon, c'est bien mieux pour mon dos.	Раньше я разносил самые разные газеты, но сейчас люди читают только «Правду». Что ж, моей же спине лучше.
Dialogues/postRand5	<voice type=acceptance>\nAlways clinks and clanks coming from your house, Mr. Prepper. It's good to keep yourself busy!	<voice type=acceptance>\nВинаги дрънчи и трака от къщата ти, господин Препър. Хубаво е да си зает!	<voice type=acceptance>\nToujours des cliquetis et des bruits venant de votre maison, Mr. Prepper. C'est bien d'être occupé!	<voice type=acceptance>\nИз вашего дома все время доносится звон и лязг, мистер Выживальщик. Хорошо, что вы всегда чем-то заняты!
Dialogues/postRand6	<voice type=surprise>\nFunny, every day I pass a dog park, but I haven't seen a dog in quite a while.	<voice type=surprise>\nСмешно, всеки ден преминавам покрай зоопарк, но не виждам куче от доста време.	<voice type=surprise>\nC'est drôle, chaque jour je passe dans un parc à chien, mais je n'ai pas vu de chien depuis longtemps.	<voice type=surprise>\nЗабавно. Я каждый день прохожу мимо собачьего парка, но уже давно не видел там ни одной собаки.
Dialogues/postRand7	<voice type=disappointment>\nI remember we used to enjoy gondola lift rides through the forest on sunny Sundays, before the Plague. Somebody should bring the lift back to life.	<voice type=disappointment>\nПомня, че харесвахме да караме с гондола през гората в слънчеви неделя, преди Празката. Някой трябва да върне гондолата в действие.	<voice type=disappointment>\nJe me souviens que nous avions l'habitude de faire des balades en télécabine à travers la forêt les dimanches ensoleillés, avant la Peste. Quelqu'un devrait réparer le téléphérique.	<voice type=disappointment>\nПомню, как мы раньше катались по лесу на подъемнике. Воскресенье, солнышко! Вот бы снова так покататься, да кто б его починил...
Dialogues/postRand8	The rumour is that Mr. Johnson woke up in someone else's bed last Saturday. He swears he doesn't know how it happened. Mrs. Johnson is not having it!	Мълвата е, че мистър Джонсън се е събудил в чуждо легло миналия събота. Той се кълне, че не знае как се е случило. Госпожа Джонсън не му вярва!	La rumeur veut que Mr. Johnson se soit réveillé dans le lit de quelqu'un d'autre samedi dernier. Il jure qu'il ne sait pas comment c'est arrivé. Mme Johnson ne le croit pas!	Ходят слухи, что в прошлую субботу мистер Джонсон проснулся в чужой постели. Он клянется, что не знает, как это произошло, а миссис Джонсон не верит ни единому его слову!
Dialogues/postRand9	Ah, so many letters to deliver today.	Ах, толкова много писма за доставка днес.	Ah, tant de lettres à distibuer aujourd'hui.	Столько писем нужно сегодня разнести.
Dialogues/postRand10	<voice type=greeting>\nGood morning, Mr. Prepper, there's mail for you again! You seem to have a lot of pen pals, that's nice.	<voice type=greeting>\nДобро утро, г-н Препър, отново имаш писма! Изглежда имаш много приятели, това е хубаво.	<voice type=greeting>\nBonjour, Mr. Prepper, il y a encore du courrier pour vous! Vous semblez avoir beaucoup de correspondants, c'est bien.	<voice type=greeting>\nДоброе утро, мистер Выживальщик, вам письмо! Кажется, у вас много друзей по переписке, это радует.
Dialogues/postRand11	The building of the Agency looked busier than usual today. I wonder what that might mean.	Сградата на Агенцията изглеждаше по-оживена от обикновено днес. Чудя се какво може да означава това.	Le bâtiment de l'Agence semblait plus occupé que d'habitude aujourd'hui. Je me demande ce que ça veut dire.	Сегодня в здании Агентства было много шума. Интересно, что это значит.
Dialogues/postRand12	<voice type=greeting>\nYou've got mail!	<voice type=greeting>\nИмаш поща!	<voice type=greeting>\nVous avez du courrier!	<voice type=greeting>\nВам письмо!
Dialogues/postRand13	<voice type=question>\nUnreceived mail is piling up in the mailbox of Bob, the former teacher. Has he gone on a vacation or something?	<voice type=question>\nНеотворената поща се натрупва в пощенската кутия на Боб, бившият учител. Е тръгнал на почивка или нещо подобно?	<voice type=question>\nLe courrier s'entasse dans la boîte aux lettres de Bob, l'ancien professeur. Il est parti en vacances ou quoi?	<voice type=question>\nУ Боба, бывшего учителя, неразобранная почта в ящике. Интересно, он в отпуск уехал?
Dialogues/postRand14	These days many people in the town just look at me empty-eyed when I bring them mail. People used to be more polite and respect the postal workers more.	Тези дни много хора в града ме гледат с празен поглед, когато им нося пощата. Хората някога бяха по-учтиви и уважаваха пощальоните повече.	De nos jours, beaucoup de gens de la ville me regardent les yeux vides quand je leur apporte du courrier. Les gens étaient plus polis et respectaient davantage les postiers avant.	В наши дни многие горожане лишь смотрят сквозь меня, когда я приношу им почту. Раньше люди были вежливее и больше уважали почтальонов.
Dialogues/postRand15	<voice type=anger>\nSome graffiti appeared around the town lately. Weird slogans on staying awake, clumsy drawings of eyes. Senseless vandalism if you ask me.	<voice type=anger>\nНякакви графити се появиха из града напоследък. Странни лозунги за оставане буден, тромави рисунки на очи. Безсмислен вандализъм, ако ме питаш.	<voice type=anger>\nDes graffitis sont apparus récemment dans la ville. Des slogans étranges pour rester éveillé, des dessins maladroits d'yeux. Vandalisme insensé si vous me demandez.	<voice type=anger>\nНедавно в городе начали появляться граффити. Странные призывы к бодрствованию, топорные рисунки глаз. Я считаю, что это бессмысленный вандализм.
Dialogues/postRand16	<voice type=upset>\nIt used to be more lively here in the neighborhood.	<voice type=upset>\nПреди беше по-живо тук в квартала.	<voice type=upset>\nAvant, c'était plus vivant dans le quartier.	<voice type=upset>\nЭтот район раньше был оживленнее.
Dialogues/postRand17	<voice type=question>\nHow are you, Mr. Prepper? This morning I took a wrong turn and lost my way. Funny, I must be getting old!	<voice type=question>\nКак си, господин Препър? Тази сутрин взех грешен завой и се изгубих. Смешно, май остарявам!	<voice type=question>\nComment allez-vous, Mr. Prepper? Ce matin, j'ai pris la mauvaise direction et je me suis perdu. Marrant, je dois vieillir!	<voice type=question>\nКак ваши дела, мистер Выживальщик? Этим утром я свернул не туда и заблудился. Видать, старею!
Dialogues/postRand18	<voice type=surprise>\nI've recently heard of wolves coming back to the forest outside town. Can you believe it?	<voice type=surprise>\nНаскоро чух за вълци, които се връщат в гората извън града. Можеш ли да повярвай?	<voice type=surprise>\nJ'ai récemment entendu parler de loups revenant dans la forêt à l'extérieur de la ville. Pouvez-vous le croire?	<voice type=surprise>\nНедавно я услышал, что в лес за городом возвращаются волки. Можете в это поверить?
Dialogues/postRand19	<voice type=question>\nDo you sometimes think that your letters travel further than you ever will?	<voice type=question>\nПонякога мислиш, че писмата ти пътуват по-далеч от това, което някога ще направиш?	<voice type=question>\nPensez-vous parfois que vos lettres voyagent plus loin que vous ne le ferez jamais?	<voice type=question>\nВы когда-нибудь задумывались о том, что ваши письма путешествуют дальше, чем когда-нибудь будете путешествовать вы?
Dialogues/postRand20	<voice type=greeting>\nMornin'! We have a new series of stamps! Exciting, isn't it? It's – yeah, you guessed it – our beloved President. His left profile this time.	<voice type=greeting>\nДобро утро! Имаме нова серия марки! Вълнуващо, нали? Това е – да, познахте – нашият любим президент. Този път е с левия си профил.	<voice type=greeting>\nBonjour! Nous avons une nouvelle série de timbres! Excitant, non? C'est - ouais, vous l'avez deviné - notre bien-aimé Président. Son profil gauche cette fois.	<voice type=greeting>\nУтро доброе! У нас появилась новая серия марок! Потрясающе, не правда ли? И – как вы уже могли догадаться – они с изображением нашего любимого Президента. В этот раз представлен его профиль с левой стороны.
Dialogues/postRand21	You know, Mr. Prepper, I also had these daily visits from the Agency some time ago, after I had done a small mistake at work. Be patient, they will get bored at one point.	Знаеш, господин Препър, и аз имах такива ежедневни посещения от Агенцията преди време, след като направих малка грешка на работа. Бъди търпелив, в един момент ще им писне.	Vous savez, Mr. Prepper, j'ai également eu ces visites quotidiennes de l'Agence il y a quelque temps, après avoir commis une petite erreur au travail. Soyez patient, ils se lasseront à un moment donné.	Знаете, мистер Выживальщик, ко мне раньше тоже каждый день захаживали из Агентства – после того, как я допустил ошибку на работе. Проявите терпение, в один прекрасный день им это наскучит.
Dialogues/postRand22	<voice type=greeting>\nGood morning, Mr. Prepper! I like that you're always up to something. Murricaville is a rather sleepy town these days.	<voice type=greeting>\nДобро утро, г-н Препър! Харесва ми, че винаги си за нещо. Мърицивил е доста тих град в наши дни.	<voice type=greeting>\nBonjour, Mr. Prepper! J'aime que vous soyez toujours occupé. Murricaville est une ville plutôt endormie de nos jours.	<voice type=greeting>\nДоброе утро, мистер Выживальщик! Мне нравится, что вы всегда такой занятой. Мерикосвиль в последнее время словно погрузился в спячку.
Dialogues/postRand23	<voice type=greeting>\nHey Mr. Prepper! I hope you're dealing well with the shortages! It's always good to keep some emergency supplies in case the electricity goes out again.	<voice type=greeting>\nЗдравей, г-н Препър! Надежда да се справяш добре с дефицитите! Винаги е добре да имаш някакви аварийни запаси, ако отново изчезне ток.	<voice type=greeting>\nSalut Mr. Prepper! J'espère que vous gérez bien les pénuries! Il est toujours bon de garder des fournitures d'urgence au cas où l'électricité serait encore coupée.	<voice type=greeting>\nЭй, мистер Выживальщик! Надеюсь, вы справляетесь с отключением электричества. Всегда полезно иметь аварийный запас на такой случай.
Dialogues/postRand24	<voice type=question>\nWhat was I… ah, yes. The mail. Now I remember.	<voice type=question>\nКакво бях… ах, да. Пощата. Сега си спомням.	<voice type=question>\nQu'est-ce que j'étais… ah, oui. Le courrier. Maintenant, je me souviens.	<voice type=question>\nО чем это я… Ах да. Письмо. Вспомнил.
Dialogues/postRand25	<voice type=greeting>\nHello, Mr. Prepper! I hope you'll find only good news in the mail today!	<voice type=greeting>\nЗдравей, г-н Препър! Надежда да днес в пощата ще намери само добри новини!	<voice type=greeting>\nBonjour, Mr. Prepper! J'espère que vous n'aurez que des bonnes nouvelles aujourd'hui!	<voice type=greeting>\nЗдравствуйте, мистер Выживальщик! Надеюсь, сегодня в вашей почте только благие вести!
Dialogues/introText	In the late 1970s, a new virus had emerged and soon spread all over the world. The pandemic had a specific scientific name, but people have remembered it simply as the Plague.\nSome governments handled it better, some worse. The US administration's catastrophic response led first to a change of government, and then a change of the whole political system.\nThe year is 1995. Life in the town of Murricaville is calm and happy. But apparently, not everyone is satisfied…\n	В края на 1970-те години се появи нов вирус, който скоро се разпространи по целия свят. Пандемията имаше специфично научно име, но хората го запомниха просто като Чумата.\nНякои правителства се справиха по-добре, други по-зле. Катастрофалният отговор на американската администрация доведе първо до смяна на правителството, а след това и до промяна на цялата политическа система.\nГодината е 1995. Животът в градчето Мъррикавил е спокоен и щастлив. Но явно не всички са доволни...\n	À la fin des années 1970, un nouveau virus est apparu et s'est rapidement propagé dans le monde entier. La pandémie avait un nom scientifique spécifique, mais les gens s'en souviennent simplement comme la Peste.\nCertains gouvernements l'ont mieux géré que d'autres. La réponse catastrophique de l'administration américaine a conduit d'abord à un changement de gouvernement, puis au changement complet de tout le système politique.\nNous sommes en 1995. La vie dans la ville de Murricaville est calme et heureuse. Mais apparemment, tout le monde n'est pas satisfait…	В конце 70-х появился новый вирус, который стремительно распространился по всему миру. У пандемии было научное название, но люди прозвали ее Чума.\nКакие-то правительства справились с ней хорошо, какие-то – не очень. В США на ситуацию отреагировали отвратительно, из-за чего сначала сменилось правительство, а затем и вся политическая система страны.\nНа дворе 1995 год. В городке Мерикосвиле тишь да гладь. Но, кажется, не все жители довольны такой жизнью...
Dialogues/introClick	- press anything to continue -	- натисни нещо, за да продължиш -	- appuyez sur une touche pour continuer -	- нажмите любую клавишу, чтобы продолжить -
Dialogues/prepPlanHidden	<voice type=laugh>\nIt would help to flip it first.	<voice type=laugh>\nЩе помогне да го обърнеш първо.	<voice type=laugh>\nCela aiderai de le retourner en premier.	<voice type=laugh>\nБудет не лишним его перевернуть.
Dialogues/prepRocketReword	<voice type=thanks>\nNice timing.	<voice type=thanks>\nДобре, навреме си дошъл.	<voice type=thanks>\nBon timing.	<voice type=thanks>\nКак вовремя.
Dialogues/introTextPrepper	Ever since the Plague and the change of government, this town has been unbearable. Lifeless. Filled only with boredom, propaganda, and control.\n\nI have tried to escape and I've failed, this time. But I'll find a way.\n\nThey call me Mr. Prepper...	Откакто имаше чумата и смяната на правителството, този град стана непоносим. Безжизнен. Пълен само с скука, пропаганда и контрол.\n\nОпитвах се да избягам и този път не успях. Но ще намеря начин.\n\nНаричат ме г-н Препър...	Depuis la Peste et le changement de gouvernement, cette ville est devenue invivable. Sans vie. Pleine d'ennuis, de propagandes et de contrôles.\n\nJ'ai essayé de m'échapper et j'ai échoué, cette fois. Mais je trouverai un moyen.\n\nIls m'appellent M. Prepper.	С тех пор как мир поглотила Чума, а в стране поменялось правительство, жить в этом городе стало просто невыносимо. Он совсем мертвый. Здесь нет ничего, кроме скуки, пропагандистских речей и тотального контроля.\n\nЯ попытался сбежать. На этот раз у меня ничего не получилось, но я все равно отсюда выберусь.\n\nМеня называют мистером Выживальщиком...
Dialogues/introTextPrepper1	Ever since the Plague...	Откакто имаше чумата...	Depuis la peste...	С тех пор как мир поглотила Чума...
Dialogues/introTextPrepper2	...and the change of government,	...и смяната на правителството,	... et le changement de gouvernement,	...а в стране поменялось правительство,
Dialogues/introTextPrepper3	this town has been unbearable.	този град е непоносим.	cette ville est devenue invivable.	жить в этом городе стало просто невыносимо.
Dialogues/introTextPrepper4	Lifeless.	Напълно безжизнен.	Sans vie.	Он совсем мертвый.
Dialogues/introTextPrepper5	Filled only with boredom, propaganda, and control.	Пълно само с скука, пропаганда и контрол.	Pleine d'ennuis, de propagandes et de contrôles.	Здесь нет ничего, кроме скуки, пропагандистских речей и тотального контроля.
Dialogues/introTextPrepper6	I have tried to escape and I've failed, this time.	Опитах се да избягам и този път не успях.	J'ai essayé de m'échapper et j'ai échoué, cette fois.	Я попытался сбежать. На этот раз у меня ничего не получилось.
Dialogues/introTextPrepper7	But I'll find a way.	Но ще намеря начин.	Mais je trouverai un moyen.	Но я все равно отсюда выберусь.
Dialogues/introTextPrepper8	They call me...	Наричат ме...	Ils m'appellent...	Меня называют...
Dialogues/introTextPrepper9	Mr. Prepper.	Препър.	Mr. Prepper.	мистером Выживальщиком.
Dialogues/herbTools	Ah, why the face? Don't be afraid, these are just my gardening tools. \nBoth are for effective weeding. With proper tools and technique, you can uproot anything, be it a daisy or a thistle.\nAm I talking only about gardening now? Don't mind me, I'm just an old lady. \n	Ах, защо това лице? Не се страхувай, това са само моите градинарски инструменти. \nИ двата са за ефективно плевене. С правилните инструменти и техника можеш да изкорениш всичко, било то маргаритка или бодил. \nГоворя ли само за градинарство сега? Не ми обръщай внимание, просто съм една стара жена. \n	Ah, pourquoi cette tête? N'aie pas peur, ce ne sont que mes outils de jardinage.\nLes deux sont pour un désherbage efficace. Avec des outils et une technique appropriés, tu peux déraciner n'importe quoi, que ce soit une marguerite ou un chardon.\nEst-ce que je parle uniquement de jardinage maintenant? Ne fais pas attention, je ne suis qu'une vieille dame.	Чего ты какой кислый? Не бойся, это всего лишь мои садовые инструменты.\nИми удобно выпалывать сорняки. С подходящими инструментами и правильной техникой можно избавиться от чего угодно – и от ромашек, и от чертополоха.\nО садоводстве ли речь? А, не обращай внимания, я всего лишь безобидная старушка.
Dialogues/joeFirstMeeting1	<voice type=question>\nHey, who's there?	<voice type=question>\nЗдравей, кой е там?	<voice type=question>\nHé, qui est là?\n	<voice type=question>\nЭй, кто это там?
Dialogues/prepFirstMeeting2	<voice type=greeting>\nHello, I'm Prepper. I'm a friend… Bob has sent me here.	<voice type=greeting>\nЗдравей, аз съм Препър. Аз съм приятел… Боб ме изпрати тук.	<voice type=greeting>\nBonjour, je suis Prepper. Je suis un ami… Bob m'a envoyé ici.	<voice type=greeting>\nПривет, я Выживальщик. Я свой... Меня Боб прислал.
Dialogues/joeFirstMeeting3	<voice type=laugh>\nAh, Bob, that old rascal! What's he up to these days?	<voice type=laugh>\nА, Боб, този стар шален! Какво прави в наши дни?	<voice type=laugh>\nAh, Bob, ce vieux fripon! Que fait-il ces jours-ci?	<voice type=laugh>\nА, Боб, этот старый плут! Как у него там дела?
Dialogues/prepFirstMeeting4	He's tending to a mine. Minekeeping, if that's a thing.	Той се грижи за мина. Поддържа мина, ако това е нещо.	Il s'occupe d'une mine. Gardien de mine, si ça existe.	Он ухаживает за шахтой. Занимается шахтоведением, если так можно сказать.
Dialogues/joeFirstMeeting5	<voice type=acceptance>\nIt can be a thing if we want it to be a thing. And good that he stays in the mine!\nIt should be safe down there from chemtrails, the Hum, and the mind-controlling waves.	<voice type=acceptance>\nМоже да стане, ако искаме да стане. И добре, че той остава в рудника!\nТам трябва да е безопасно от химическите следи, гула и вълните, които контролират ума.	<voice type=acceptance>\nÇa existe si on veut. C'est bien qu'il reste dans une mine!\nLà-dedans il devrait être à l'abri des chemtrails, du Bourdonnement et des ondes contrôlant l'esprit.	<voice type=acceptance>\nА почему бы и нет? Хорошо, что он не высовывается из шахты!\nТам он в безопасности от химиотрасс, Гула и волн, контролирующих разум.
Dialogues/prepFirstMeeting6	Uh… Uhm… Okay. So, Bob has said that you were repairing guns, among other things. 	Хм... Добре. Така че, Боб каза, че поправяш оръжия, наред с други неща.	Euh… Euh… D'accord. Donc, Bob m'a dit que vous répariez des armes, entre autres.	Эм... хм... Ладно. Боб сказал, что ты ремонтируешь оружие.
Dialogues/prepFirstMeeting6.2	<voice type=question> \nI have a broken revolver. Could you take a look at it?	<voice type=question> \nИмам счупен револвер. Можеш ли да го погледнеш?	<voice type=question> \nJ'ai un revolver cassé. Pourriez-vous y jeter un œil?	<voice type=question> \nЯ принес сломанный револьвер. Сможешь взглянуть?
Dialogues/prepFirstMeeting6.3	Uhm... Wait. I think I must have left it somewhere. I'll be back.	Ей... Чакай. Мисля, че съм го оставил някъде. Ще се върна.	Euh ... Attendez. Je pense que j'ai dû le laisser quelque part. Je reviendrai plus tard.	Эм... Подожди, кажется, я его где-то забыл. Сейчас вернусь.
Dialogues/joeFirstMeeting6.4	Oh, okay. See you later, young man.	Е, добре. До скоро, младеж.	Ah ok. A plus tard, jeune homme.	О, вот как. Что ж, до встречи, молодой человек.
Dialogues/joeFirstMeeting7	<voice type=question>\nYeah, sure. But could I ask you for a thing in return?	<voice type=question>\nДа, разбира се. Но би могъл да ти поиска нещо в замяна?	<voice type=question>\nOui bien sûr. Mais pourrais-je vous demander quelque chose en retour?	<voice type=question>\nДа, конечно. Но я хотел бы попросить кое-что взамен.
Dialogues/prepFirstMeeting8	<voice type=acceptance>\nShoot, I'll see what I can do.	<voice type=acceptance>\nСтрелям, ще видя какво мога да направя.	<voice type=acceptance>\nDites-moi, je vais voir ce que je peux faire.	<voice type=acceptance>\nВаляй. Помогу, чем смогу.
Dialogues/joeFirstMeeting9	So, how to explain it… With all the waves coming around… I figured I could install some protection in my lil' shack.\nAnd maybe have some… wearable personal protection too.	Така че, как да го обясня... С всички тези вълни, които идват... реших, че мога да инсталирам някаква защита в моята малка колиба.\nИ може би да имам и някаква... лична защита, която да нося.	Alors, comment expliquer… Avec toutes ces ondes autour de nous… je me suis dit que je pourrais installer une protection dans ma petite cabane.\nEt peut-être aussi une protection personnelle… portable.	Как бы объяснить... Чтобы уберечься от всех этих волн, я решил...  защитить свою лачугу. \nИ от... индивидуальной защиты тоже бы не отказался.
Dialogues/prepFirstMeeting10	<voice type=question>\nSo you want me to… 	<voice type=question>\nЗначи искаш да…	<voice type=question>\nAlors vous voulez que je…	<voice type=question>\nТо есть ты хочешь, чтобы я...
Dialogues/joeFirstMeeting11	Well, since it's the waves… I want you to bring me some tinfoil. At least enough to line my shack with it.	Добре, щом са вълните… Искам да ми донесеш малко алуминиево фолио. Поне достатъчно, за да облицовам колибата си с него.	Eh bien, puisque ce sont des ondes… je veux que vous m'apportiez du papier aluminium. Au moins assez pour entourer ma cabane avec.	Ну, это же волны, так что... Принеси мне фольги. Чтоб хотя бы на лачугу хватило.
Dialogues/prepFirstMeeting12	<voice type=laugh>\nAh, right! Tinfoil! The universal protection from mind control. I should've guessed.	<voice type=laugh>\nА, точно! Фольга! Универсалната защита от контрол на ума. Трябва да го знаех.	<voice type=laugh>\nAh oui! Du papier aluminium! La protection universelle contre le contrôle mental. J'aurais dû deviner.	<voice type=laugh>\nА, ну да! Фольга! Универсальная защита от контроля разума. И как я не догадался?
Dialogues/joeFirstMeeting13	<voice type=thanks>\nYou get it, that's great! 	<voice type=thanks>\nРазбра, това е страхотно! 	<voice type=thanks>\nVous avez compris, c'est génial!	<voice type=thanks>\nСупер, ты врубился!
Dialogues/prepFirstMeeting14	Suuure. Now, before I go looking for tinfoil… I have one another thing. I've noticed you have some cars around here.\n<voice type=question>\nDo you have something close to a working condition so I could try to get it up and running?	Разбира се. Преди да започна да търся фолио… имам още нещо. Забелязах, че имаш някои коли тук.\n<voice type=question>\nИмаш ли нещо, което е близо до работно състояние, за да опитам да го стартирам?	Biiiien sûr. Maintenant, avant de partir à la recherche de papier aluminium… J'ai une autre chose. J'ai remarqué que vous aviez des voitures par ici.\n<voice type=question>\nEst-ce que vous en avez une presque en état de marche pour que je puisse essayer de la faire fonctionner?	Ага-а-а. Так, прежде чем я отправлюсь на поиски фольги... Мне нужно кое-что еще. Я заметил несколько машин.\n<voice type=question>\nЕсть хоть одна, которая заведется, если ей хорошенько заняться? 
Dialogues/joeFirstMeeting15	Why, I do. Feel free to take a look and try. If you manage to repair one, it's yours.\nOh, and by the way – if you need to trade something, our usual Murricaville way, I'm open.\nI have fuel, scrap metal, and ammunition. You know, the usual things on the junkyard.	Защо, да. Чувствай се свободен да разгледаш и пробваш. Ако успееш да поправиш един, твой е.\nО, и между другото – ако искаш да търгуваме нещо, по нашия обичаен начин в Мюрикавил, съм отворен.\nИмам гориво, скрап и муниции. Знаеш, обичайните неща на бунището.	Eh bien, oui. N'hésitez pas à jeter un œil et à essayer. Si vous parvenez à en réparer une, c'est la vôtre.\nOh, et au fait - si vous avez besoin d'échanger quelque chose, à la manière habituelle de Murricaville, je suis preneur.\nJ'ai du carburant, de la ferraille et des munitions. Vous savez, les choses habituelles de la décharge.	Вполне возможно. Можешь смело приступать к ремонту. Если хоть одна из них заведется – забирай, она твоя.\nА, и кстати, если захочешь поторговать, как у нас в Мерикосвиле принято, – я только за.\nУ меня есть топливо, металл и патроны. Ну, сам понимаешь, то, что можно найти на свалке.\n
Dialogues/prepFirstMeeting16	<voice type=thanks>\nGreat, thanks! See you later then.\n(What the hell is the Hum?)	<voice type=thanks>\nСупер, благодаря! Довиждане тогава.\n(Какво за хум е това?)	<voice type=thanks>\nGrand merci! On se revoit plus tard alors.\n(C'est quoi cette histoire de Bourdonnement?)	<voice type=thanks>\nОтлично, спасибо! До встречи.\n(Что, блин, за Гул?)
Dialogues/joeFirstMeetingIncomplete1	<voice type=question>\nHey Prepper, do you have the material?	<voice type=question>\nХей, препър, имаш ли материала?	<voice type=question>\nHey Prepper, avez-vous le matériel?	<voice type=question>\nЭй, Выживальщик, принес то, о чем я просил?
Dialogues/prepFirstMeetingIncomplete2	<voice type=negation>\nNo, not yet, I need to look around some more.	<voice type=negation>\nНе, още не, трябва да огледам още малко.	<voice type=negation>\nNon, pas encore, je dois chercher un peu plus dans les environs.	<voice type=negation>\nПока нет, нужно еще поискать.
Dialogues/joeFirstMeetingIncomplete3	<voice type=disappointment>\nPlease do! I feel the waves are getting worse lately.	<voice type=disappointment>\nМоля, направи го! Чувствам, че вълните стават все по-лоши напоследък.	<voice type=disappointment>\nJe vous en prie! Je sens que les ondes empirent ces derniers temps.	<voice type=disappointment>\nДа уж, будь добр! В последнее время волны совсем разбушевались.
Dialogues/prepFirstMeetingComplete1	<voice type=greeting>\nHey Joe! I have the tinfoil for you!	<voice type=greeting>\nЗдравей, Джо! Имам алуминиевото фолио за теб!	<voice type=greeting>\nSalut Joe! J'ai le papier aluminium pour vous!	<voice type=greeting>\nПривет, Джо! Я принес фольгу!
Dialogues/joeFirstMeetingComplete2	<voice type=thanks>\nOh, shiny! Thanks a lot, I hope I'll get my concentration back!\nBy the way, I have repaired your revolver, it's like new. But if the Agency asks you about it, I know nothing!\nI have some stuff to do now, but remember to stop by sometimes!	<voice type=thanks>\nО, блестящо! Много благодаря, надявам се да си върна концентрацията!\nМежду другото, поправих ти револвера, е като нов. Но ако Агенцията те попита за него, аз не знам нищо!\nСега имам някои неща да направя, но помни да ми идваш от време на време!	<voice type=thanks>\nOh, super! Merci beaucoup, j'espère retrouver ma concentration!\nAu fait, j'ai réparé votre revolver, il est comme neuf. Mais si l'Agence vous le demande, je ne sais rien!\nJ'ai des choses à faire maintenant, mais n'oubliez pas de passer me voir de temps en temps!	<voice type=thanks>\nО-о, какая блестящая! Спасибо, надеюсь, теперь я смогу сосредоточиться!\nКстати, я починил твой револьвер, он теперь совсем как новенький. Но если Агентство о нем спросит, я не при делах!\nСейчас я занят, но ты не забывай заходить в гости.
Dialogues/prepFirstMeetingComplete3	<voice type=thanks>\nSure thing. Thank you, Joe!	<voice type=thanks>\nРазбира се. Благодаря ти, Джо!	<voice type=thanks>\nBien sûr. Merci Joe!	<voice type=thanks>\nНе вопрос. Спасибо, Джо!
Dialogues/chupaWoof1	<animation trigger=BeforAttack>\nWoof!	<animation trigger=BeforAttack>\nУауф!	<animation trigger=BeforAttack>\nWoof!	<animation trigger=BeforAttack>\nГав!
Dialogues/chupaWoof2	<animation trigger=BeforAttack>\nWoof woof!	<animation trigger=BeforAttack>\nУууф уууф!	<animation trigger=BeforAttack>\nWoof woof!	<animation trigger=BeforAttack>\nГав-гав!
Dialogues/chupaWoof3	<animation trigger=BeforAttack>\n(snarl)	<animation trigger=BeforAttack>\n(въсъска)	<animation trigger=BeforAttack>\n(grogne)	<animation trigger=BeforAttack>\n(рык)
Dialogues/chupaWoof4	<animation trigger=BeforAttack>\nBark bark!	<animation trigger=BeforAttack>\nГав гав!	<animation trigger=BeforAttack>\nAboiement aboiement!	<animation trigger=BeforAttack>\nГАВ-ГАВ!
Dialogues/joeDog1	<voice type=thanks>\nHey, Prepper! Thank goodness you're here!	<voice type=thanks>\nЗдравей, препър! Ужалено, че си тук!	<voice type=thanks>\nHé, Prepper! Dieu merci, vous êtes là!	<voice type=thanks>\nЗдоров, Выживальщик! Как хорошо, что ты пришел!
Dialogues/prepDog2	<voice type=question>\nHey Joe, what happened?	<voice type=question>\nЗдравей, Джо, какво стана?	<voice type=question>\nHey Joe, que se passe-t-il?	<voice type=question>\nПривет, Джо. В чем дело?
Dialogues/joeDog3	<voice type=upset>\nMy dog, Chupacabra, is missing! I'm losing my mind. He has never been going far by himself.\nHe is a disciplined dog, normally he is helping me guard the junkyard.\n<voice type=upset>\nI don't know what happened! Could you please help me find him?	<voice type=upset>\nМоят куче, Чупакабра, изчезна! Стива си. Никога не е ходил сам далеч.\nТой е дисциплиниран куче, обикновено ми помага да пазя лагера.\n<voice type=upset>\nНе знам какво е станало! Можеш ли да ми помогнеш да го намериш?	<voice type=upset>\nMon chien, Chupacabra, a disparu! Ça me rend malade. Il n'est jamais parti très loin tout seul.\nC'est un chien obéissant, normalement il m'aide à garder la décharge.\n<voice type=upset>\nJe ne sais pas ce qu'il s'est passé! Pouvez-vous m'aider à le retrouver?	<voice type=upset> \nПропал мой пес, Чупакабра! Я с ума схожу. Он никогда не уходил далеко. Чупакабра – воспитанный пес, он помогает мне сторожить свалку. \n<voice type=upset> \nЯ не знаю, что произошло! Пожалуйста, помоги мне его найти.
Dialogues/prepDog4	<voice type=question>\nI'll be on the lookout. Can you remind me how did he look like?	<voice type=question>\nЩе бдя. Можеш ли да ми напомниш как изглеждаше?	<voice type=question>\nJe serai aux aguets. Pouvez-vous me rappeler à quoi il ressemble?	<voice type=question>\nЯ постараюсь. Напомни, как он выглядит?
Dialogues/joeDog5	Oh, don't you remember him? He's a shepherd dog type, quite muscular. Very wise eyes.\n<voice type=upset>\nPlease bring him back if you see him!	О, не го ли помниш? Той е овчарски тип, доста мускулест. Много мъдри очи.\n<voice type=upset>\nМоля, върни го, ако го видиш!	Oh, vous ne vous souvenez pas de lui? C'est un chien de berger, assez musclé. Des yeux très sages.\n<voice type=upset>\nRamenez-le si vous le voyez!	Неужели ты его не помнишь? Мускулистая такая овчарка. И глаза умненькие.\n<voice type=upset>\nПожалуйста, верни его домой, если найдешь!
Dialogues/prepDog6	<voice type=acceptance>\nSure, I'll see what I can do.	<voice type=acceptance>\nРазбира се, ще видя какво мога да направя.	<voice type=acceptance>\nBien sûr, je vais voir ce que je peux faire.	<voice type=acceptance>\nКонечно. Постараюсь помочь.
Dialogues/joeDogIncomplete1	<voice type=upset>\nPrepper! Have you found my dog? I'm worried sick about him!	<voice type=upset>\nПрепър! Намери ли кучето ми? Много се притеснявам за него!	<voice type=upset>\nPrepper! Avez-vous retrouvé mon chien? J'en suis malade pour lui!	<voice type=upset>\nВыживальщик! Отыскал моего пса? Я себе места не нахожу!
Dialogues/prepDogIncomplete2	<voice type=negation>\nNo, sorry. 	<voice type=negation>\nНе, съжалявам. 	<voice type=negation>\nNon désolé.	<voice type=negation>\nНет. Прости.
Dialogues/prepDogComplete1	<voice type=greeting>\nHey Joe! And Chupacabra! I'm glad he already got to you. He ran away as soon as I released him.	<voice type=greeting>\nЗдравей Джо! И Чупакабра! Радвам се че вече го имаш. Избяга веднага след като го пуснах.	<voice type=greeting>\nSalut Joe! Et Chupacabra! Je suis content qu'il vous ait déjà retrouvé. Il s'est enfui dès que je l'ai libéré.	<voice type=greeting>\nПривет, Джо! И Чупакабра! Я рад, что он к тебе вернулся. Он убежал, как только я его выпустил.
Dialogues/joeDogComplete2	<voice type=laugh>\nOh Prepper, so it was really you! We can't thank you enough, brother.	<voice type=laugh>\nО, препър, това си ти! Не можем да ти благодарим достатъчно, брат.	<voice type=laugh>\nOh Prepper, donc c'était vraiment vous! On ne saurait trop vous remercier, mon frère.	<voice type=laugh>\nВыживальщик, так это все-таки твоих рук дело! Большое спасибо, брат.
Dialogues/prepDogComplete3	<voice type=question>\nDo you have any idea who would want to hurt your dog?	<voice type=question>\nИмаш ли някаква представа кой би искал да нарани кучето ти?	<voice type=question>\nAvez-vous une idée de qui voudrait blesser votre chien?	<voice type=question>\nНе знаешь, кто хотел навредить твоей собаке?
Dialogues/joeDogComplete4	<voice type=negation>\nI dunno if it even was a person. I have a feeling dogs get crazy because of the waves, like we all do.	<voice type=negation>\nНе знам дали дори е бил човек. Имам предчувствие че кучетата стават луди заради вълните, точно като всички ние.	<voice type=negation>\nJe ne sais même pas si c'était une personne. J'ai le sentiment que les chiens deviennent fous à cause des ondes, comme nous tous.	<voice type=negation>\nЯ не уверен, что это был человек. Такое ощущение, что собаки тоже сходят с ума от волн.
Dialogues/prepDogComplete5	<voice type=question>\nHm. Oh, that reminds me… Why the name? Did you have any experience with… you know… a chupacabra?	<voice type=question>\nХмм. А, това ми напомня... Защо името? Имал ли си някакъв опит с... знаеш... чупакабра?	<voice type=question>\nHm. Oh, ça me rappelle… Pourquoi ce nom? Avez-vous eu une expérience avec… vous savez… un chupacabra?	<voice type=question>\nХм. Кстати, хотел спросить... Почему ты его так назвал? Тебе что, довелось повстречать... ну, знаешь... чупакабру?
Dialogues/joeDogComplete6	<voice type=surprise>\nWhat? No, come on. Chupacabra is just a silly legend. I just thought the name is funny, that's all.	<voice type=surprise>\nКакво? Не, хайде. Чупакабра е просто глупава легенда. Просто ми хареса името, това е всичко.	<voice type=surprise>\nQuoi? Non évidemment. Le chupacabra n'est qu'une légende idiote. Je pensais juste que le nom était marrant, c'est tout.	<voice type=surprise>\nЧего? Да нет, конечно. Чупакабра – просто глупая легенда. Мне просто показалось забавным такое имя.
Dialogues/prepDogComplete7	<voice type=acceptance>\nHeh. Right, of course.	<voice type=acceptance>\nХех. Разбира се.	<voice type=acceptance>\nHeu. oui, Bien sûr.	<voice type=acceptance>\nХех. Ну да, конечно.
Dialogues/joeDogComplete8	And hey, Prepper, I have something for ya. I've found an access card with "Murricaville Mining Company" written on it.\nMaybe you'll make some use of this.	И, Препър, имам нещо за теб. Намерих достъпна карта с надпис "Мърикавил Mining Company".\nМоже би ще ти е от полза.	Hé, Prepper, j'ai quelque chose pour vous. J'ai trouvé une carte d'accès avec "Compagnie Minière de Murricaville" écrit dessus.\nVous en ferez peut-être bon usage.	И кстати, Выживальщик, у меня кое-что для тебя есть. Я нашел пропуск, на котором написано «Шахтерская компания Мерикосвиля».\nМожет, пригодится.
Dialogues/prepDogComplete9	<voice type=thanks>\nI actually might. Thanks, Joe.	<voice type=thanks>\nМоже би. Благодаря, Джо.	<voice type=thanks>\nÇa se pourrait bien, en fait. Merci, Joe.	<voice type=thanks>\nНе исключено. Спасибо, Джо.
Dialogues/joeBroadcast1	<voice type=greeting>\nHi, Prepper! Good to see ya.\n<voice type=question>\nHave you heard the rumors about the radio broadcast from… you know… the south?	<voice type=greeting>\nЗдравей, Препър! Радвам се да те видя.\n<voice type=question>\nЧу ли слуховете за радиопредаването от… знаеш… юга?	<voice type=greeting>\nSalut, Prepper! Ravi de vous voir.\n<voice type=question>\nAvez-vous entendu les rumeurs de l'émission radio de… vous savez… du sud?	<voice type=greeting>\nЗдорово, Выживальщик! Рад тебя видеть.\n<voice type=question>\nДо тебя долетали слухи о радиотрансляциях с... ну, ты знаешь... юга?
Dialogues/prepBroadcast2	<voice type=negation>\nNo. From the south? You mean from Mexico?	<voice type=negation>\nНе. От юг? Имаш предвид от Мексико?	<voice type=negation>\nNon. Du sud? Vous voulez dire du Mexique?	<voice type=negation>\nНет. С юга? Ты про Мексику?
Dialogues/joeBroadcast3	I haven't spoken this name out loud for a long time. See, the Agency propaganda got even into my blood.\nYes, from Mexico. People say they pick up a radio signal, but too weak to be readable.\nI tried with my radio. I got something, but couldn't get the words. But I'm sure it's a repeated message, not a regular radio station.	Не съм изричал това име на глас от много време. Виждаш ли, пропагандата на Агенцията проникна дори в кръвта ми.\nДа, от Мексико. Хората казват, че улавят радиосигнал, но твърде слаб, за да бъде четим.\nОпитах с моето радио. Улових нещо, но не успях да разчета думите. Но съм сигурен, че е повтарящо се съобщение, а не обикновена радиостанция.	Je n'ai pas prononcé ce nom à haute voix depuis longtemps. Vous voyez, la propagande de l'Agence est même entrée dans mon sang.\nOui, du Mexique. Les gens disent qu'ils captent un signal radio, mais trop faible pour être compréhensible.\nJ'ai essayé avec ma radio. J'ai quelque chose, mais je n'arrive pas à comprendre les mots. Mais je suis sûr que c'est un message en boucle, pas une station de radio régulière.	Давно я не произносил это название вслух. Пропаганда Агентства уже у меня в крови.\nДа, я про Мексику. Говорят, что можно поймать сигнал, но очень слабый.\nЯ тоже попробовал. Что-то получилось, но слов я не разобрал. Но я уверен, что это не обычная радиостанция, там повторяется какое-то записанное сообщение.
Dialogues/prepBroadcast4	<voice type=surprise>\nTransmission from abroad? Exciting!\n<voice type=question>\nMaybe we should try to catch the signal from a car? Somewhere from the desert south of here?	<voice type=surprise>\nПредаване от чужбина? Вълнуващо!\n<voice type=question>\nМоже да опитаме да улови сигнал от кола? От някъде от пустинята на юг оттук?	<voice type=surprise>\nTransmission depuis l'étranger? Passionnant!\n<voice type=question>\nPeut-être qu'on devrait essayer de capter le signal depuis une voiture? Quelque part dans le désert au sud d'ici?	<voice type=surprise>\nТрансляция из-за границы?\n<voice type=question>\nМожет, попробовать поймать сигнал из машины? Где-нибудь в пустыне поюжнее?
Dialogues/joeBroadcast5	That's what I was thinking, Prepper. The thing is: the car radio is broken. With some decent electronic parts I could repair it. \n<voice type=disappointment>\nAnd it turns out I've already used all the ones I had on the junkyard for some... other projects.\n<voice type=question>\nWould ya get me some good electronic parts so I can install a strong radio in the car?	Точно това мислих, препър. Проблемът е: автомобилният радио е сломан. С някои добри електронни части би могъл да го поправя. \n<voice type=disappointment>\nИ се оказва, че вече използвах всички, които имах на лагера за някои... други проекти.\n<voice type=question>\nМожеш ли да ми намериш добри електронни части, за да мога да инсталирам силно радио в колата?	C'est ce que je pensais, Prepper. Le truc, c'est que l'autoradio est cassé. Avec les bons composants électroniques, je pourrais le réparer.\n<voice type=disappointment>\nEt il s'avère que j'ai déjà utilisé tous ceux que j'avais sur la décharge pour certains ... autres projets.\n<voice type=question>\nPourriez-vous me procurer des composants électroniques pour que je puisse installer une radio plus puissante dans la voiture?	Я тоже об этом подумал, Выживальщик. Но в машине сломано радио. Я смогу починить его с нужными запчастями.\n<voice type=disappointment>\nТолько вот те, которые валялись на свалке, я уже пустил на... другие дела.\n<voice type=question>\nМожешь попробовать найти запчасти, чтобы я установил в машине хорошее радио?
Dialogues/prepBroadcast6	<voice type=acceptance>\nSure, I'll try. 	<voice type=acceptance>\nРазбира се, ще опитам. 	<voice type=acceptance>\nBien sûr, je vais essayer.	<voice type=acceptance>\nДа, конечно.
Dialogues/joeBroadcastFoundIncomplete1	<voice type=greeting>\nPrepper! Have you picked up the signal yet?	<voice type=greeting>\nПрепър! Улових ли още сигнала?	<voice type=greeting>\nPrepper! Avez-vous déjà capté le signal?	<voice type=greeting>\nВыживальщик! Удалось словить сигнал?
Dialogues/prepBroadcastFoundIncomplete2	<voice type=negation>\nNo luck so far, sorry.	<voice type=negation>\nНяма късмет досега, съжалявам.	<voice type=negation>\nPas de chance jusqu'à maintenant, désolé.	<voice type=negation>\nПока нет, прости.
Dialogues/joeBroadcastIncomplete1	<voice type=greeting>\nHey Prepper! Do you have the electronic parts? I'm very curious about this broadcast!	<voice type=greeting>\nЗдравай препър! Имаш електронните части? Много съм любопитен за това предаване!	<voice type=greeting>\nHé Prepper! Avez-vous les composants électroniques? Je suis très curieux à propos de cette émission radio!	<voice type=greeting>\nЭй, Выживальщик! Нашел запчасти? Та трансляция меня очень заинтересовала!
Dialogues/prepBroadcastIncomplete2	<voice type=negation>\nNot yet! But I'm working on it, trust me.	<voice type=negation>\nОще не! Но работя по въпроса, вярвай ми.	<voice type=negation>\nPas encore! Mais j'y travaille, croyez-moi.	<voice type=negation>\nПока нет! Но не сомневайся, я над этим работаю!
Dialogues/radioBroadcastText	…Attention! All citizens of the United States of America! Your government is lying to you!\nThe Brazen Serpent satellite is not a medical project! Brazen Serpent is a mind control tool!\nBrazen Serpent causes lack of motivation, memory problems, and vulnerability to manipulation!\nA series of terrorist attacks is thought to be linked with Brazen Serpent!\nCitizens of the United States! Revolt against your government or defect to our side!\nWe have help for you ready at the borders! You do not have to suffer!\nAttention! All citizens… (the broadcast repeats itself)\n	…ВНИМАНИЕ! Всички граждани на Съединените американски щати! Вашето правителство ви лъже!\nСателитът "Нагла Змия" не е медицински проект! "Нагла Змия" е инструмент за контрол на ума!\nЗмията на безсрамието причинява липса на мотивация, проблеми с паметта и уязвимост към манипулация!\nСмята се, че серия от терористични атаки са свързани с Бразен Сърпент!\nГраждани на Съединените щати! Въстанете срещу правителството си или преминете на наша страна!\nИмаме помощ за вас на границите! Не е нужно да страдате!\nВНИМАНИЕ! Всички граждани… (излъчването се повтаря)\n	…Attention! À tous les citoyens des États-Unis d'Amérique! Votre gouvernement vous ment!\nLe satellite Serpent d'Airain n'est pas un projet médical! Le Serpent d'Airain est un outil de contrôle mental!\nLe Serpent d'Airain provoque un manque de motivation, des problèmes de mémoire et une vulnérabilité à la manipulation!\nOn pense qu'une série d'attaques terroristes est liée au Serpent d'Airain!\nCitoyens des États-Unis! Révoltez-vous contre votre gouvernement ou rejoignez-nous!\nNous avons de l'aide pour vous prête aux frontières! Vous n'avez pas à souffrir!\nAttention! À tous les citoyens… (le message se répète en boucle)	...Внимание! Всем гражданам Соединенных Штатов Америки! Ваше правительство вас обманывает!\n«Медный змий‎»‎ – не медицинский проект! Это инструмент для контроля разума!\n«Медный змий‎»‎ лишает воли, путает память и помогает государству вами манипулировать!\nВозможно, с этим спутником связано несколько террористических атак!\nНа границе вас ждет помощь! Вы не обязаны это терпеть!
Dialogues/joeBroadcastFoundComplete1	<voice type=greeting>\nHi, Prepper! Have you caught the transmission?	<voice type=greeting>\nЗдравей, Препър! Улови ли предаването?	<voice type=greeting>\nSalut, Prepper! Avez-vous capté la transmission?	<voice type=greeting>\nПривет, Выживальщик. Поймал передачу?
Dialogues/prepBroadcastFoundComplete2	<voice type=acceptance>\nI have, yes. It's read with a strong Spanish accent. I've written it down, but I can tell you the main points.	<voice type=acceptance>\nИмам, да. Говоре с силен испански акцент. Записах го, но мога да ти кажа основните точки.	<voice type=acceptance>\nJe l'ai, oui. Le message est lu avec un fort accent espagnol. Je l'ai écrit, mais je peux vous dire les points principaux.	<voice type=acceptance>\nДа. Говорили с сильным испанским акцентом. Я все записал, но могу пересказать в двух словах.
Dialogues/joeBroadcastFoundComplete3	<voice type=order>\nDo it right now, I'm anxious to know!	<voice type=order>\nНаправи го веднага, не мога да чакам!	<voice type=order>\nFaites-le maintenant, j'ai hâte de le savoir!	<voice type=order>\nТогда не медли, я сгораю от нетерпения!
Dialogues/prepBroadcastFoundComplete4	They're basically saying the Brazen Serpent satellite is a mind control tool.\nAnd this indeed would explain a lot of things.	Те казват, че сателитът "Наглата змия" е инструмент за контрол на ума.\nИ това наистина би обяснило много неща.	Ils disent principalement que le satellite Serpent d'Airain est un outil de contrôle mental.\nEt cela expliquerait en effet beaucoup de choses.	Если коротко, то спутник «Медный змий» – инструмент для контроля разума.\nЭто многое объясняет.
Dialogues/joeBroadcastFoundComplete5	<voice type=laugh>\nThe waves! I told you, Prepper!	<voice type=laugh>\nВълните! Казах ти, Препър!	<voice type=laugh>\nLes ondes! Je vous l'avais dit, Prepper!	<voice type=laugh>\nВолны! Я же говорил, Выживальщик!
Dialogues/prepBroadcastFoundComplete6	They also say it causes memory and concentration problems. Oh, and they blame it for some terrorist attacks.	Те също казват, че причинява проблеми с паметта и концентрацията. О, и го обвиняват за някои терористични атаки.	Ils disent également que ça cause des problèmes de mémoire et de concentration. Oh, et ils le blâment pour certaines attaques terroristes.	Еще сказали, что он вызывает проблемы с памятью и концентрацией. И винят его в террористических актах.
Dialogues/joeBroadcastFoundComplete7	<voice type=upset>\nThis… I dunno, Prepper. I feel broken. I was afraid of the mind control waves for some time, but I secretly hoped it wasn't true.\nNow I know for sure, and this thing is circling above us constantly.\n<voice type=question>\nAnd did the Mexicans have any… advice for us?\n	<voice type=upset>\nТова… не знам, препър. Чувствам се сломан. Бях страхуван от вълните за контрол на ума за известно време, но тайно се надявах, че не е вярно.\nСега знам със сигурност, и тази вещ постоянно обикаля над нас.\n<voice type=question>\nИ мексиканците дали имаха някакъв… съвет за нас?\n	<voice type=upset>\nÇa… je ne sais pas, Prepper. Je me sens brisé. J'avais peur des ondes de contrôle mental pendant un certain temps, mais j'espérais secrètement que ça ne soit pas vrai.\nMaintenant je le sais avec certitude, et cette chose tourne constamment au-dessus de nous.\n<voice type=question>\nEt les Mexicains avaient-ils des… conseils pour nous?	<voice type=upset>\nЭто... Даже не знаю, Выживальщик. Чувствую себя совершенно разбитым. Я давно опасался, что нами управляют с помощью волн, но мне так хотелось верить, что я заблуждаюсь.\nТеперь мои опасения подтвердились. Только подумай – эта штука все время у нас над головами.\n<voice type=question>\nА мексиканцы... что-то предлагают?
Dialogues/prepBroadcastFoundComplete8	They're telling us to revolt or escape to their side. A walk in the park, right?	Казват ни да се бунтуваме или да избягаме на тяхна страна. Разходка в парка, нали?	Ils nous disent de nous révolter ou de nous échapper à leurs côtés. Une promenade de santé, n'est-ce pas?	Устроить революцию или бежать к ним в страну. Проще простого, да?
Dialogues/joeBroadcastFoundComplete9	Damn, Prepper. I'm too old and weak to leave this junkyard and take Chupacabra with me.\nBut I know you can outsmart them. Escape from here, maybe fight from the outside.\n<voice type=order>\nPlease, do it for us.	По дяволите, Препър. Твърде стар и слаб съм, за да напусна този скрап и да взема Чупакабра със себе си.\nНо знам, че можеш да ги надхитриш. Избягай оттук, може би се бий отвън.\n<voice type=order>\nМоля те, направи го за нас.	Merde, Prepper. Je suis trop vieux et trop faible pour quitter cette décharge et emmener Chupacabra avec moi.\nMais je sais que vous pouvez les surpasser. Échappez-vous d'ici, combattez les de l'extérieur.\n<voice type=order>\nS'il vous plaît, faites-le pour nous.	Ох, Выживальщик. Я слишком стар, чтобы покидать свалку, да еще и с Чупакаброй. Но ты сможешь перехитрить их, уж я-то знаю. Сбеги отсюда, борись с ними из-за границы.\n<voice type=order>\nПрошу тебя, ради всех нас.
Dialogues/prepBroadcastFoundComplete10	<voice type=thanks>\nThanks, Joe. Trust me… I'm doing what I can.  	<voice type=thanks>\nБлагодаря, Джо. Вярвай ми… правя всичко, което мога.	<voice type=thanks>\nMerci, Joe. Croyez-moi… je fais ce que je peux.	<voice type=thanks>\nСпасибо, Джо. Поверь... я делаю все, что в моих силах.  
Dialogues/bobComicStrip	This is a precious exhibit in my collection. A page from the “Imperial Observer”, smuggled from Europe. \nThe cartoon nicely shows how our country is seen abroad, bless the President.\nOh, and the article on the same page is quite interesting too.\n	Това е ценен експонат в моята колекция. Страница от „Императорски наблюдател“, внесена контрабандно от Европа. \nКарикатурата хубаво показва как ни виждат в чужбина, Боже, пази президента.\nО, и статията на същата страница също е доста интересна.\n	Il s'agit d'un article précieux de ma collection. Une page de "Imperial Observer", sortie clandestinement d'Europe.\nLa caricature montre bien comment notre pays est vu à l'étranger, gloire au Président.\nOh, et l'article sur la même page est également très intéressant.	Бесценный экспонат в моей коллекции. Страница из «Имперского наблюдателя», вывезенная из Европы контрабандой.\nКарикатура прекрасно показывает, как видят нашу страну за рубежом, храни Боже Президента.\nО, и статья на этой странице тоже весьма интересная.
Dialogues/bobOntheBeach	Ah, this is one of my favorites. Despite the title, it's not about summer vacations merrymaking.\nIt shows the aftermath of nuclear war from the perspective of Australia.\nAnd the Australians are surprisingly chill about their imminent doom. I'm still not sure if it's sad or inspiring.\n	А, това е едно от любимите ми. Въпреки заглавието, не е за летни ваканции и веселби.\nТо показва последиците от ядрена война от гледната точка на Австралия.\nИ австралийците са изненадващо спокойни за предстоящата си гибел. Все още не съм сигурен дали е тъжно или вдъхновяващо.\n	Ah, c'est l'un de mes favoris. Malgré le titre, il ne s'agit pas de joyeuses vacances d'été.\nIl montre les conséquences d'une guerre nucléaire du point de vue de l'Australie.\nEt les Australiens sont étonnamment peu effrayés par leur destin imminent. Je ne sais toujours pas si c'est triste ou inspirant.	А это одно из моих любимых. По названию можно подумать, что речь идет о веселых летних каникулах, но это не так.\nЗдесь рассказывается о последствиях ядерной войны для Австралии.\nАвстралийцы на удивление спокойно относятся к своей неминуемой гибели. Даже не знаю, грустно это или наоборот.
Dialogues/joeOldCar	Ah, this one brings memories. It's a Studebaker Silver Hawk, just like the one I had in my youth. \nBack in the days when you could afford a car with a factory job and gasoline was dirt cheap.\nWe spent some lovely moments in this car with Barbara. Drive-in cinemas, a road trip to the Pacific coast, sunsets on hilltops.\nBut Barbara died in the Plague, and everything else went to hell afterwards. Except for the sunsets maybe.\n	А, това ми връща спомени. Това е Студебейкър Силвър Хоук, точно като този, който имах в младостта си. \nВ онези дни, когато можеше да си позволиш кола с фабрична работа и бензинът беше евтин като мръсотия. \nПрекарахме някои прекрасни моменти в тази кола с Барбара. Кино на открито, пътуване до Тихия океан, залези на хълмове. \nНо Барбара умря от Чумата, а всичко останало отиде по дяволите след това. Може би освен залезите. \n	Ah, celle-ci me rapelle des souvenirs. C'est une Studebaker Silver Hawk, tout comme celle que j'avais dans ma jeunesse.\nÀ l'époque où vous pouviez vous permettre d'avoir une voiture avec un travail d'usine et que l'essence ne valait rien.\nNous avons passé de beaux moments dans cette voiture avec Barbara. Cinéma en plein air, road trip sur la côte Pacifique, couchers de soleil aux sommets des collines.\nMais Barbara est morte lors de la Peste, et tout le reste est allé de travers ensuite. Sauf pour les couchers de soleil peut-être.	А этот автомобиль Studebaker Silver Hawk сразу навевает воспоминания, у меня был такой в юности.\nВ те далекие времена, когда, работая на заводе, ты мог позволить себе автомобиль, а бензин стоил копейки.\nВ этой машине мы с Барбарой чудесно проводили время: посещали автокинотеатры, ездили на тихоокеанское побережье, провожали закаты на вершинах холмов.\nНо Барбара умерла во время Чумы, и все полетело в тартарары. Все, кроме закатов.
Dialogues/prepAtomicBook1	Hey, Bob. I'm looking for a book on a specific topic and I wonder if you have something in your library.	Хей, Боб. Търся книга по определена тема и се чудя дали имаш нещо в библиотеката си.	Salut, Bob. Je cherche un livre précis et je me demandais si vous aviez quelque chose sur le sujet dans votre bibliothèque.	Привет, Боб. Я тут ищу книгу специфической тематики, может, у тебя есть такая в библиотеке.
Dialogues/bobAtomicBook2	Oh, it's been a while since I could help anyone with a request like this! Shoot.	О, мина доста време, откакто можах да помогна на някого с молба като тази! Стреляй.	Oh, ça fait un moment que je n'ai pas aidé quelqu'un avec une telle demande! Dites-moi tout.	Ого, давненько я никому не помогал с такими просьбами! Выкладывай.
Dialogues/prepAtomicBook3	I'm looking for an informative book about nuclear warfare and its consequences. Not a novel, rather a non-fiction sort of thing.\nI'm asking for a friend.	Търся информативна книга за ядрената война и нейните последици. Не роман, а по-скоро нещо нехудожествено.\nПитам за приятел.	Je recherche un livre informatif sur la guerre nucléaire et ses conséquences. Pas un roman, plutôt une sorte de guide.\nJe demande ça pour un ami.	Я ищу книгу с информацией о ядерной войне и ее последствиях. Не роман, а какой-нибудь научпоп.\nМне для друга.
Dialogues/bobAtomicBook4	This is… a very telling field of inquiry.\nBut fine, I think I actually have something. Here's Fallout Protection: What To Know And Do About Nuclear Attack, a government brochure from the early sixties.\nVery informative. And check out the illustrations! You can actually feel excited about your area being nuked.\n	Това е… много показателно поле за изследване.\nНо добре, мисля, че всъщност имам нещо. Ето го "Защита от радиация: Какво да знаете и правите при ядрена атака", брошура на правителството от началото на 60-те години.\nМного информативно. И виж илюстрациите! Можеш дори да се вълнуваш, че районът ти ще бъде бомбардиран.\n	C'est… un domaine d'enquête très révélateur.\nMais bon, je pense que j'ai quelque chose. Voici Protection contre les Retombées Radioactives: ce qu'il faut savoir et faire lors d'attaques nucléaires, une brochure gouvernementale du début des années soixante.\nTrès instructif. Et regardez les illustrations! Vous pouvez réellement sentir l'excitation à l'idée que votre région soit bombardée.	Весьма... серьезная область исследования.\nНу да ладно, думаю, у меня для тебя кое-что найдется. «Защита от радиоактивных осадков: все, что нужно знать о ядерных ударах», правительственная брошюра начала шестидесятых годов.\nОчень познавательно. А посмотри, какие иллюстрации! Так красиво, что аж хочется, чтобы тебя разбомбили.
Dialogues/prepAtomicBook5	Sounds like something right up my alley! Thanks, Bob.	Звучи точно по моята част! Благодаря, Боб.	Ça ressemble à ce que je cherche! Merci, Bob.	Похоже, это то, что мне нужно! Спасибо, Боб.
Dialogues/sleep1Hello	It's my 37th hour without sleep and I feel almost fine! And the red color on these posters sounds really pleasant, don't you think?	Това е 37-ият ми час без сън и се чувствам почти добре! А червеният цвят на тези плакати звучи наистина приятно, нали?	C'est ma 37eme heure sans sommeil et je me sens presque bien! Et la couleur rouge sur ces affiches est vraiment plaisante, vous ne trouvez pas?	Пошел уже 37-й час без сна, и я чувствую себя почти нормально! У красного цвета на этих плакатах приятный звук, тебе так не кажется?
Dialogues/sleep2Hello	Sometimes right after 3 AM you can see some people walking back to their beds, completely unconscious. It's super creepy.	Понякога точно след 3 сутринта можеш да видиш хора, които се връщат в леглата си, напълно безсъзнателни. Много е зловещо.	Parfois, juste après 3 heures du matin, vous pouvez voir des gens retourner à leur lit, complètement inconscient. C'est super flippant.	Иногда, как только стрелка на часах подходит к 3 ночи, можно увидеть, как люди бредут к своим кроватям совершенно без сознания. Жуткое зрелище.
Dialogues/sleep3Hello	Most of us Sleepless have tried tying ourselves up somewhere outside our beds, and not for the fun reasons.	Повечето от нас, безсънните, сме опитвали да се завържем някъде извън леглата си, и не за забавление.	La plupart d'entre nous, les Éveillés, avons essayé de nous attacher quelque part en dehors de nos lits, et pas pour s'amuser.	Многие Неспящие пытались привязать себя где-нибудь подальше от кроватей, и делали мы это не ради удовольствия.
Dialogues/sleep4Hello	Stay awake! *yawn*	Събуди се! *провървяване*	Restez éveillé! *bâillement*	Не засыпать! *зевает*
Dialogues/sleep5Hello	I miss the days when a regular coffee was enough to keep me awake through the night.	Липсва ми времето, когато едно обикновено кафе беше достатъчно, за да ме държи буден през нощта.	Les jours où un café ordinaire me suffisait pour me tenir éveillé toute la nuit me manquent.	Тоскую по дням, когда для того, чтобы не спать всю ночь, было достаточно выпить кофе.
Dialogues/sleep6Hello	Maybe I'll lie down here for a moment… Just a short nap…	Може би ще си легна тук за малко… Само кратка дрямка…	Je vais peut-être m'allonger ici un instant… Juste une petite sieste…	Может, я полежу тут немного... Просто вздремну...
Dialogues/joeNoQuests1	<voice type=question>\nWhat's up, Prepper? Nothing much happens here lately. I was just chilling and watching chemtrails from the passing planes.	<voice type=question>\nКак си препър? Нищо не се случва тук наскоро. Просто си се отпусках и гледах химическите следи от минащите самолети.	<voice type=question>\nQuoi de neuf, Prepper? Il ne se passe pas grand-chose ici ces derniers temps. Je me détendais et regardais les chemtrails des avions qui passent.	<voice type=question>\nЧе как, Выживальщик? В последнее время тут совсем тухло. Так что я просто посиживаю, на следы самолетов пялюсь.
Dialogues/joeNoQuests2	<voice type=greeting>\nOh, hi, Prepper. I ain't got anything exciting for you right now, it's just same old at the junkyard. But please pay me a visit from time to time!	<voice type=greeting>\nО, здравей, препър. Нямам нищо вълнуващо за теб в момента, просто обикновеното от лагера. Но моля, идвай от време на време!	<voice type=greeting>\nOh, salut, Prepper. Je n'ai rien d'excitant pour vous en ce moment, c'est toujours la même chose à la décharge. Mais rendez-moi visite de temps en temps!	<voice type=greeting>\nО, привет, Выживальщик. У меня для тебя ничего интересного, у нас на свалке все по-старому. Но ты все равно иногда заглядывай!
Dialogues/joeNoQuests3	<voice type=question>\nDo you sometimes think what if Lee Harvey Oswald had really been a lone gunman? Nah, you probably don't bother yourself with such whacky theories.	<voice type=question>\nПонякога си мислиш какво ако Лий Харви Освалд наистина е бил сам стрелец? Навервай, вероятно не се занимаваш с такива безумни теории.	<voice type=question>\nEst-ce que vous pensez parfois, et si Harvey Lee Oswald avait vraiment été un tireur solitaire? Non, vous ne vous embêtez probablement pas avec des théories aussi farfelues.	<voice type=question>\nТебе никогда не приходит в голову, что Ли Харви Освальд правда стрелял один? А, чего это я, вряд ли ты думаешь о таких дурацких теориях.
Dialogues/prepFortEnoughTrust1	<voice type=greeting>\nHey, Joe, I have an important question and I suspect you know the answer.\nCould you tell me how to get to the Fort Observer military base? I know it's in the desert somewhere.\n	<voice type=greeting>\nХей, Джо, имам важен въпрос и подозирам, че знаеш отговора.\nМожеш ли да ми кажеш как да стигна до военната база на Форт Наблюдател? Знам, че е някъде в пустинята.\n	<voice type=greeting>\nHé, Joe, j'ai une question importante et je suppose que vous connaissez la réponse.\nPouvez-vous me dire comment se rendre à la base militaire de Fort Observer? Je sais que c'est quelque part dans le désert.	<voice type=greeting>\nДжо, у меня есть важный вопрос, и мне думается, ты сможешь на него ответить.\nНе мог бы ты подсказать мне, как добраться до военной базы «Наблюдатель»? Я знаю, что это где-то в пустыне.
Dialogues/joeFortEnoughTrust2	<voice type=question>\nOh, chasing the military secrets now, Prepper, aren't you?\nI can tell you for sure they ain't got UFOs like in Area 51, I have good intel on that.\n<voice type=fear>\nSome say it's haunted though. You need to be careful.\n	<voice type=question>\nО, сега преследваш военните тайни, Препър, нали?\nМога да ти кажа със сигурност, че нямат НЛО като в Зона 51, имам добра информация за това.\n<voice type=fear>\nНякои казват, че е обитавано от духове. Трябва да внимаваш.\n	<voice type=question>\nOh, courir après les secrets militaires maintenant, Prepper, n'est-ce pas?\nJe peux vous dire avec certitude qu'ils n'ont pas d'ovnis comme dans la zone 51, j'ai de bonnes informations là-dessus.\n<voice type=fear>\nCertains disent que c'est hanté. Vous devez être prudent.	<voice type=question>\nО, теперь ты пытаешься разгадать военные секреты, а, Выживальщик?\nМогу сказать, что военные не связаны с НЛО, как в Зоне 51. Это я точно знаю.\n<voice type=fear>\nХотя некоторые говорят, что там водятся привидения. Тебе нужно быть осторожнее.
Dialogues/prepFortEnoughTrust3	<voice type=acceptance>\nI'll try. There might just be something I need out there.	<voice type=acceptance>\nЩе опитам. Може би има нещо, от което се нуждая навън.	<voice type=acceptance>\nJ'essaierai. Il y a peut-être quelque chose dont j'ai besoin là-bas.	<voice type=acceptance>\nПостараюсь. Там может найтись кое-что полезное.
Dialogues/joeFortEnoughTrust4	<voice type=acceptance> \nOkay, buddy. I can show it to you on the map.\nSo, there it is. A long stretch of road from the last place you can use as a supply stash.\nWhich leads to another problem…\n	<voice type=acceptance> \nДобре, приятел. Мога да ти го покажа на картата.\nТака, ето го. Дълъг път от последното място, което можеш да използваш като склад.\nТова води до друг проблем…\n	<voice type=acceptance>\nD'accord, mon pote. Je peux vous le montrer sur la carte.\nTenez voilà. Un long tronçon de route depuis le dernier endroit que vous pouvez utiliser comme cache.\nCe qui conduit à un autre problème…	<voice type=acceptance> \nЛадно, приятель. Покажу тебе эту базу на карте.\nИтак, находится она здесь. Тут надо прилично пройти по дороге от последнего места, в которое ты можешь сложить припасы.\nИ тут возникает другая проблема...
Dialogues/prepFortEnoughTrust5	<voice type=upset>\n…it's too long to make it in one go before the 3 AM knocks me out.	<voice type=upset>\n…прекалено е дълго да го направя наведнъж преди 3 часа да ме изморят.	<voice type=upset>\n… C'est trop long pour le faire en une seule fois avant que les 3 heures du matin ne m'assomme.	<voice type=upset>\n…дорога настолько длинная, что невозможно добраться туда до 3 ночи, когда всех вырубает.
Dialogues/joeFortEnoughTrust6	You're smart, Prepper. And yes, I'd say it ain't possible unless you find a way to stay awake.	Ти си умен, препър. И да, бих казал, че не е възможно, освен ако не намериш начин да останеш буден.	Vous êtes intelligent, Prepper. Et oui, je dirais que c'est impossible à moins que vous ne trouviez un moyen de rester éveillé.	Выживальщик, ты умный малый. Да, я бы сказал, что туда не получится добраться, если не найти способа не заснуть.
Dialogues/prepFortEnoughTrust7	Hmm, I might have an idea on how to deal with this. Thank you, Joe.	Хм, може би имам идея как да се справя с това. Благодаря, Джо.	Hmm, je crois que j'ai une idée sur la façon de gérer ça. Merci, Joe.	Хм, возможно, я знаю способ, как это обойти. Спасибо, Джо.
Dialogues/prepFortNotEnoughTrust1	<voice type=greeting>\nHi Joe. I have an important question: do you know the exact location of the Fort Observer military base? \nI know it's in the desert somewhere, and nobody knows as much about the desert as you.\n	<voice type=greeting>\nЗдравей, Джо. Имам важен въпрос: знаеш ли точното местоположение на военната база на наблюдателя на Форт? \nЗнам, че е някъде в пустинята, и никой не знае толкова за пустинята, колкото ти.\n	<voice type=greeting>\nSalut Joe. J'ai une question importante: connaissez-vous l'emplacement exact de la base militaire de Fort Observer?\nJe sais que c'est quelque part dans le désert, et personne n'en sait autant que vous sur le désert.	<voice type=greeting>\nПривет, Джо. У меня важный вопрос: ты знаешь точное местоположение военной базы «Наблюдатель»?\nЯ слышал, что она где-то в пустыне, а ты ее знаешь как свои пять пальцев.
Dialogues/joeFortNotEnoughTrust2	I might know what you're talking about. \nBut ya know, buddy, it ain't personal, but I'm not going to give away classified information to someone I barely know.\n<voice type=negation>\nNot in this political climate, that's for sure.\nBut maybe if you lend me a hand here and there, I'll trust you with this. \n	Може да знам за какво говориш. \nНо знаеш, приятелю, не е лично, просто няма да разкривам секретна информация на някого, когото едва познавам.\n<voice type=negation>\nНе в този политически климат, това е сигурно.\nНо може, ако ми помогнеш тук и там, ще ти доверя това. \n	Je sais peut-être de quoi vous parlez.\nMais vous savez, mon pote, rien de personnel, mais je ne vais pas donner d'informations confidentielles à quelqu'un que je connais à peine.\n<voice type=negation>\nPas dans le climat politique actuel, ça c'est sûr.\nMais peut-être que si vous me donnez un coup de main ici et là, je vous ferai confiance.	Возможно, знаю.\nНо извиняй, дружок, я не стану выдавать засекреченную информацию человеку, с которым едва знаком.\n<voice type=negation>\nПо крайней мере, не в такой политической обстановке.\nНо если ты поможешь мне с парочкой дел, я тебе, может, и доверюсь.
Dialogues/prepNotEnoughTrust3	<voice type=upset>\nOh, it's sad. You don't really think I'm one of the Agency guys, right?\n<voice type=acceptance>\nBut fine, I can prove you I'm trustworthy. I really need to get to that base.	<voice type=upset>\nО, тъжно е. Не мислиш, че съм от агенцията, нали?\n<voice type=acceptance>\nНо добре, мога да ти докажа, че съм надежден. И наистина трябва да стигна до това базирано.	<voice type=upset>\nOh, c'est triste. Vous ne pensez pas vraiment que je suis l'un des gars de l'Agence, non?\n<voice type=acceptance>\nMais bon, je peux vous prouver que je suis digne de confiance. J'ai vraiment besoin d'aller à cette base.	<voice type=upset>\nГрустно. Ты же не считаешь, что я из Агентства, да?\n<voice type=acceptance>\nЛадно, я докажу, что мне можно доверять. Мне действительно нужно попасть на эту базу.
Dialogues/prepChupacabra1	<voice type=greeting>\nHey, who's a good boy?	<voice type=greeting>\nХей, кой е доброто момче?	<voice type=greeting>\nHé, qui est un bon garçon?	<voice type=greeting>\nКто хороший мальчик?
Dialogues/chupaChupacabra2	(stares suspiciously)	(гледа те подозрително)	(regarde avec méfiance)	(подозрительно щурится)
Dialogues/joeChupacabra3	<voice type=negation>\nChupacabra doesn't do this bullshit. But don't ya worry, he's a fine, friendly dog.	<voice type=negation>\nЧупакабра не прави такова хубаво. Но не се притеснявай, той е мил, приятелски куче.	<voice type=negation>\nChupacabra ne fait pas ces stupidités. Mais ne vous inquiétez pas, c'est un bon chien amical.	<voice type=negation>\nЧупакабра на такую фигню не ведется. Но не переживай, он дружелюбный песик.
Dialogues/prepChupacabra4	<voice type=acceptance>\nHe looks fit and smart. So does he help you with your business? 	<voice type=acceptance>\nИзглежда във форма и умен. Така че, помага ли ти с бизнеса ти? 	<voice type=acceptance>\nIl a l'air en forme et intelligent. Alors, il vous aide dans votre business?	<voice type=acceptance>\nА еще умный и в хорошей форме. Он помогает тебе с работой?
Dialogues/joeChupacabra5	Yup. Scares off vermins and odd wanderers who stray into the area. Helps me find some stuff when I'm too forgetful.\nIt's been 10 years or so since I've found him.\n<voice type=surprise>\nBy the way, I haven't seen any other dog around for quite some time already. Weird, isn't it?\n	Да. Изплашва вредители и странни скитници, които се отклоняват в района. Помага ми да намеря някои неща, когато съм твърде разсеян.\nМинаха около 10 години, откакто го намерих.\n<voice type=surprise>\nМежду другото, не съм виждал друго куче от доста време. Странно, нали?\n	Ouai. Il effraie les vermines et les vagabonds bizarres qui s'égarent dans la région. Et m'aide à trouver des trucs quand j'en oublie trop.\nÇa fait environ 10 ans que je l'ai trouvé.\n<voice type=surprise>\nSoit dit en passant, je n'ai pas vu d'autre chien dans les parages depuis un certain temps déjà. Étrange, n'est-ce pas?	Угум. Отпугивает вредителей и путников, которые сюда забредают. И помогает находить потерянные вещи.\nЯ подобрал его лет десять назад.\n<voice type=surprise>\nКстати, что-то я давно не видел других собак. Странно, да?
Dialogues/prepChupacabra6	Hmm, me neither. So it's even more lucky that you two have each other. 	Хм, и аз не знам. Затова е още по-голям късмет, че двамата сте заедно.	Heu, moi non plus. Il est donc encore plus chanceux que vous soyez tous les deux.	Хм-м, и я не видел. Что ж, значит, вам еще больше повезло найти друг друга.
Dialogues/chupaChupacabra7	Woof!	Уф!	Woof!	Гав!
Dialogues/prepNeon1	<voice type=greeting>\nHey, Joe! Was wondering about something… Why ‘Big' Joe?	<voice type=greeting>\nЗдравей, Джо! Исках да попитам нещо… Защо „Големият“ Джо?	<voice type=greeting>\nHé Joe! Je me demandais quelque chose… Pourquoi «Big» Joe?	<voice type=greeting>\nЭй, Джо! Я тут хотел спросить... Почему «Большой» Джо?
Dialogues/joeNeon2	Ah, it's the nickname I got back in the days. ‘Cause I'm, ya know. Not big.	А, това е прякорът, който си измислих в онези дни. Защото съм, знаеш ли. Не съм голям.	Ah, c'est le surnom que j'avais à l'époque. Parce que je suis, vous savez. Pas grand.	А, мне эту кличку давным-давно дали. Потому что я, ну. Совсем не большой.
Dialogues/prepNeon3	<voice type=surprise>\nAnd that's it? No Agency-held secrets behind it? No conspiracies?	<voice type=surprise>\nТова е всичко? Няма тайни на Агенцията? Няма конспирации?	<voice type=surprise>\nEt c'est tout? Pas de secret détenu par l'Agence derrière ça? Pas de complots?	<voice type=surprise>\nИ все? Никаких правительственных секретов и теорий заговора?
Dialogues/joeNeon4	<voice type=negation>\nNone whatsoever. My pals just had a lame sense of humor, that's the story.	<voice type=negation>\nНяма нищо такова. Приятелите ми просто имаха тъп хумор, това е историята.	<voice type=negation>\nPas du tout. Mes copains avaient juste un sens de l'humour pourri, voilà tout.	<voice type=negation>\nВаще никаких. У моих дружбанов просто было стремное чувство юмора.
Dialogues/prepBroadcastComplete1	<voice type=greeting>\nHey Joe, I brought some electronic parts, take a look.	<voice type=greeting>\nХей, Джо, донесох някои електронни части, погледни ги.	<voice type=greeting>\nHé Joe, j'ai apporté quelques composants électroniques, jetez un œil.	<voice type=greeting>\nЗдорово, Джо. Я принес запчасти, можешь взглянуть.
Dialogues/joeBroadcastComplete2	<voice type=acceptance>\nThese will do! Now I'm gonna go and install the radio in the car. Please come back later.	<voice type=acceptance>\nТова ще го направи! Сега ще отида да инсталирам радиото в колата. Моля, се върни по-късно.	<voice type=acceptance>\nÇa fera l'affaire! Maintenant, je vais installer la radio dans la voiture. Revenez plus tard.	<voice type=acceptance>\nВот это я понимаю! Пойду-ка установлю радио в машину. Заходи ко мне попозже.
Dialogues/joeBroadcastFound1	<voice type=greeting>\nHey buddy! I've fixed the car up with a radio. I bet it's strong enough to pick up something.\nNow you can venture to the desert and pick up the broadcast. I'm dying to know its content!\n	<voice type=greeting>\nЗдравей, приятелю! Поправих колата и сложих радио. Мисля, че е достатъчно силно, за да хване нещо.\nСега можеш да отидеш в пустинята и да вземеш излъчването. Умирам от любопитство да разбера какво съдържа!\n	<voice type=greeting>\nHé mon pote! J'ai réparé la radio de la voiture. Je parie que c'est assez  puissant pour capter quelque chose.\nVous pouvez maintenant vous aventurer dans le désert et capter l'émission. Je meurs d'envie de connaître son contenu!	<voice type=greeting>\nЗдорово, дружище! Я установил в машине радио. Наверняка оно достаточно мощное, чтобы поймать какой-нибудь сигнал.\nТеперь ты можешь отправиться в пустыню и попробовать поймать трансляцию. Поскорее бы узнать, что там будет!
Dialogues/prepBroadcastFound2	<voice type=acceptance>\nI'll write it down for you when I catch it!	<voice type=acceptance>\nЩе го запиша за теб, когато го хвана!	<voice type=acceptance>\nJe vais l'écrire pour vous quand je la capterai!	<voice type=acceptance>\nЯ все для тебя запишу, когда поймаю сигнал!
Dialogues/prepSignalNone1	Now let's see if the radio picks up anything. 	Сега да видим дали радиото ще хване нещо.	Voyons maintenant si la radio capte quelque chose.	Ну, посмотрим, удастся ли поймать сигнал.
Dialogues/radioSignalNone2	(static)	(статичен)	(parasites)	(помехи)
Dialogues/prepSignalNone3	<voice type=negation>\nNothing whatsoever. I need to go farther.	<voice type=negation>\nНищо изобщо. Трябва да отида по-далеч.	<voice type=negation>\nRien du tout. Je dois aller plus loin.	<voice type=negation>\nНичего. Нужно двигаться дальше.
Dialogues/prepSignalBarely1	Maybe now I'll have more luck.	Може би сега ще имам повече късмет.	Peut-être que maintenant j'aurai plus de chance.	Может, хоть сейчас повезет.
Dialogues/radioSignalBarely2	(static) …government… …medical… …memory… …not… (static)	(статичен) …правителство… …медицински… …памет… …не… (статичен)	(parasites)… gouvernement…… médical…… mémoire…… pas… (parasites)	(помехи) ...правительство... ...медицинский... ...память... ...не... (помехи)
Dialogues/prepSignalBarely3	<voice type=anger>\nDamn, it's impossible to make anything sensible out of it. I need to try somewhere else.	<voice type=anger>\nБля, невъзможно е да извадя нещо смислено от това. Трябва да пробвам някъде другаде.	<voice type=anger>\nMince, il est impossible de comprendre quoi que ce soit de sensé. Je dois essayer ailleurs.	<voice type=anger>\nФиг разберешь, о чем речь. Нужно попробовать в другом месте.
Dialogues/prepSignalPartially1	Okay, let's try it again.	Добре, да опитаме пак.	D'accord, réessayons.	Так, попробуем еще раз.
Dialogues/radioSignalPartially2	(static) … Brazen Serpent… …tool… …series of terrorist… …ready at the borders… …have to suffer… (static)	(статичен) … Змията на смелостта… …инструмент… …редица терористи… …готови на границите… …трябва да страдаме… (статичен)	(parasites)… Serpent d'Airain…… outil…… série d'attaques…… prête aux frontières…… pas à souffrir… (parasites)	(помехи) …«Медный змий»… …инструмент… …террористических атак… …на границе… …обязаны терпеть… (помехи)
Dialogues/prepSignalPartially3	<voice type=order>\nThe signal is stronger, but the message does not get more understandable. I need to go farther.	<voice type=order>\nСигналът е по-силен, но съобщението не става по-разбираемо. Трябва да отида по-далеч.	<voice type=order>\nLe signal est plus fort, mais le message n'est pas plus compréhensible. Je dois aller plus loin.	<voice type=order>\nСигнал стал сильнее, но я все еще не могу понять сообщение. Нужно двигаться дальше.
Dialogues/prepSignalFull1	Now I have a good feeling about this. Let's try.	Сега ми е спокойно. Да пробваме.	Maintenant, je sens que cette fois c'est la bonne. Essayons.	Так, у меня хорошее предчувствие. Попробуем.
Dialogues/radioSignalFull2	…Attention! All citizens of the United States of America! Your government is lying to you!\nThe Brazen Serpent satellite is not a medical project! Brazen Serpent is a mind control tool!\nBrazen Serpent causes lack of motivation, memory problems, and vulnerability to manipulation!\nA series of terrorist attacks is thought to be linked with Brazen Serpent!\nCitizens of the United States! Revolt against your government or defect to our side!\nWe have help for you ready at the borders! You do not have to suffer!\nAttention! All citizens… (the broadcast repeats itself)	…Внимание! Всички граждани на Съединените американски щати! Вашето правителство ви лъже!\nСателитът "Нагла Змия" не е медицински проект! "Нагла Змия" е инструмент за контрол на ума!\n"Нагла Змия" причинява липса на мотивация, проблеми с паметта и уязвимост към манипулация!\nСмята се, че серия от терористични атаки са свързани с "Нагла Змия"!\nГраждани на Съединените щати! Въстанете срещу вашето правителство или преминете на наша страна!\nИмаме помощ за вас готова на границите! Не е нужно да страдате!\nВнимание! Всички граждани… (излъч	…Attention! À tous les citoyens des États-Unis d'Amérique! Votre gouvernement vous ment!\nLe satellite Serpent d'Airain n'est pas un projet médical! Le Serpent d'Airain est un outil de contrôle mental!\nLe Serpent d'Airain provoque un manque de motivation, des problèmes de mémoire et une vulnérabilité à la manipulation!\nOn pense qu'une série d'attaques terroristes est liée au Serpent d'Airain!\nCitoyens des États-Unis! Révoltez-vous contre votre gouvernement ou rejoignez-nous!\nNous avons de l'aide pour vous prête aux frontières! Vous n'avez pas à souffrir!\nAttention! À tous les citoyens… (le message se répète en boucle)	...Внимание! Всем гражданам Соединенных Штатов Америки! Ваше правительство вас обманывает!\n«Медный змий‎»‎ – не медицинский проект! Это инструмент для контроля разума!\n«Медный змий‎»‎ лишает воли, путает память и помогает государству вами манипулировать!\nВозможно, с этим спутником связано несколько террористических атак!\nНа границе вас ждет помощь! Вы не обязаны это терпеть!… (запись повторяется)
Dialogues/prepSignalFull3	<voice type=surprise>\nWow.\nIt all makes sense, but damn, this sounds serious.\nAnd it seems at least one of Joe's conspiracy theories was right. I wonder how he'll take it.	<voice type=surprise>\nВау.\nВсичко има смисъл, но брат, това звучи сериозно.\nИ изглежда поне една от теориите на Джо за конспирациите е била вярна. Интересно как ще приеме това.	<voice type=surprise>\nWow.\nTout ça a du sens, mais bon sang, ça semble grave.\nEt on dirait qu'au moins une des théories du complot de Joe était vraie. Je me demande comment il va le prendre.	<voice type=surprise>\nОго.\nТеперь все сходится. Черт возьми, кажется, ситуация серьезная.\nПохоже, одна из теорий заговора Джо оказалось правдивой. Интересно, как он это воспримет.
Dialogues/prepDogFound1	<voice type=greeting>\nHey! Chupacabra, is that you? 	<voice type=greeting>\nЗдравей! Чипакабра, ти ли си?	<voice type=greeting>\nHé! Chupacabra, c'est toi?	<voice type=greeting>\nЭй! Чупакабра, это ты?
Dialogues/chupaDogFound2	Woof!	Уф!	Woof!	Гав!
Dialogues/prepDogFound3	<voice type=laugh>\nIt's you! Oh, buddy, how did you get into this mess? Let's get you out of here!	<voice type=laugh>\nТи си той! О, приятел, как попадна в този проблем? Да те изведем оттук!	<voice type=laugh>\nC'est toi! Oh, mon pote, comment tu t'es mis dans ce pétrin? Sortons d'ici!	<voice type=laugh>\nЭто правда ты! Приятель, ты как ввязался в эту передрягу? Пора выбираться!
Dialogues/chupaDogFound4	(whine)	(скимтене)	(gémissement)	(скулит)
Dialogues/prepGeiger1	<voice type=greeting>\nHey Joe! This Geiger counter here? Do you mind if I borrow it?	<voice type=greeting>\nЗдравей, Джо! Този Гайгер-Мюлеров брояч тук? Няма ли да имаш нещо против да го заема?	<voice type=greeting>\nSalut Joe! Le compteur Geiger là? Ça vous dérange si je l'emprunte?	<voice type=greeting>\nЗдорово, Джо! Не против, если я одолжу твой счетчик Гейгера?
Dialogues/joeGeiger2	<voice type=surprise>\nWh-what? Why? Prepper, tell me! Have you been contaminated?! Was there a leak of nuclear fuel?\n<voice type=fear>\nA reactor meltdown?! No, wait, we don't have a nuclear power plant around here. A mini-nuke explosion?\n<voice type=laugh>\nOh, I know! You were abducted by aliens!\n	<voice type=surprise>\nКакво? Защо? Препър, кажи ми! Заразил ли си се?! Имаше ли изтичане на ядрено гориво?\n<voice type=fear>\nРеакторен инцидент?! Не, чакай, нямаме атомна електроцентрала наоколо. Малка ядрена експлозия?\n<voice type=laugh>\nО, знам! Отвлякоха те извънземни!\n	<voice type=surprise>\nQu-quoi? Pourquoi? Prepper, dites-moi! Avez-vous été contaminé?! Y a-t-il eu une fuite de combustible nucléaire?\n<voice type=fear>\nUne fusion du réacteur?! Non, attendez, nous n'avons pas de centrale nucléaire ici. Une mini-explosion nucléaire?\n<voice type=laugh>\nOh, je sais! Vous avez été enlevé par des extraterrestres!	<voice type=surprise>\nЧ-что? А зачем тебе? Выживальщик, ну-ка отвечай! Ты облучился?! Произошла утечка радиоактивного топлива?\n<voice type=fear>\nМожет, взрыв реактора?! Хотя нет, в округе нет АЭС. Неужто взорвалась ядерная бомба?\n<voice type=laugh>\nО, я знаю! Тебя похитили инопланетяне!
Dialogues/prepGeiger3	<voice type=surprise>\nWhat? No, wait, Joe, please calm down. \n<voice type=negation>\nNothing happened to me. And there's no source of radiation around. That I know of, at least.\n	<voice type=surprise>\nКакво? Не, чакай, Джо, моля те успокой се.\n<voice type=negation>\nНищо ми не се е случило. И няма източник на радиация около мен. Колкото знам поне.\n	<voice type=surprise>\nQuoi? Non, attendez, Joe, calmez-vous.\n<voice type=negation>\nRien ne m'est arrivé. Et il n'y a aucune source de radiation autour de nous. Pas que je sache, du moins.	<voice type=surprise>\nЧего? Нет, Джо, погоди. Успокойся, пожалуйста.\n<voice type=negation>\nСо мной все нормально. И эта местность не заражена радиацией. По крайней мере, насколько я знаю.
Dialogues/joeGeiger4	Okay… So… Why do you need a Geiger counter?	Добре… Така че… Защо ти трябва гайгер брояч?	D'accord… Alors… Pourquoi avez-vous besoin d'un compteur Geiger?	Ясно... Ну а... зачем тебе счетчик Гейгера?
Dialogues/prepGeiger5	Uhm, its for… a friend. I don't know what does he need it for.	Е, за... приятел е. Не знам за какво му трябва.	Heu, c'est pour… un ami. Je ne sais pas pourquoi il en a besoin.	Эм, для... друга. Не знаю, зачем он ему.
Dialogues/joeGeiger6	See? Maybe he knows stuff! Is he connected to government services?	Виждаш ли? Може би знае неща! Свързан ли е с правителствени служби?	Vous voyez? Peut-être qu'il sait des choses! Est-il lié aux services du gouvernement?	Видишь? Может, он знает то, чего не знаем мы! А он как-то связан с правительством?
Dialogues/prepGeiger7	<voice type=negation>\nNo. I guess he just wants to check something. Or have it just in case.\nSo... can I take the counter or not?\n	<voice type=negation>\nНе. Предполагам, че просто иска да провери нещо. Или да го има просто така.\nТака че... мога ли да взема плота или не?\n	<voice type=negation>\nNon. Je suppose qu'il veut juste vérifier quelque chose. Ou l'avoir juste au cas où.\nAlors... je peux prendre le compteur ou pas?	<voice type=negation>\nНет. Думаю, он просто хочет что-то проверить. Или запастись им на всякий случай.\nТак... счетчик можно взять или нет?
Dialogues/joeGeiger8	<voice type=surprise>\nOh, sure you can! I should have a spare one around, so it's not a problem.\nBut please, please let me know if you get any more info on this.\n	<voice type=surprise>\nРазбира се, можеш! Трябва да имам резервна наоколо, така че не е проблем.\nНо моля те, моля те, кажи ми, ако получиш още информация за това.\n	<voice type=surprise>\nOh, bien sûr que vous pouvez! Je devrais en avoir un autre dans le coin, donc ce n'est pas un problème.\nMais s'il vous plaît, faites-moi savoir si vous obtenez plus d'informations à ce sujet.	<voice type=surprise>\nОй, да конечно можно! У меня запасной есть, ничего страшного.\nНо, пожалуйста, сообщи, если узнаешь, зачем он понадобился твоему другу.
Dialogues/prepGeiger9	<voice type=acceptance>\nOh sure, you'll be the first to know. And thanks!	<voice type=acceptance>\nО, разбира се, ти ще бъде първият да знаеш. И благодаря!	<voice type=acceptance>\nOh bien sûr, vous serez le premier à le savoir. Et merci!	<voice type=acceptance>\nКонечно, я тебе первым расскажу. Спасибо!
Dialogues/boss1	<voice type=greeting>\nHello, hello, hello, hello	<voice type=greeting>\nЗдравей, здравей, здравей, здравей		
Dialogues/prepFakeCore	Hm... It doesn't work without inside parts. \nI should come up with some kind of replacement.	Хм... Не работи без вътрешни части. \nТрябва да измисля някакъв заместител.	Hm ... Ça ne fonctionne pas sans pièces à l'intérieur.\nJe devrais trouver une sorte de remplacement.	Хм... Без внутренних деталей от этой штуки проку мало. Надо подыскать замену.
Dialogues/bossCreated	<voice type=greeting>\nHello. It's me, Ellipse, Fort Observer's security AI. I don't like what you've just done.	<voice type=greeting>\nЗдравей. Аз съм Елипс, сигурност на наблюдателя на крепостта. Не ми харесва това, което току-що направи.	<voice type=greeting>\nBonjour. C'est moi, Ellipse, l'IA de sécurité de Fort Observer. Je n'aime pas ce que vous venez de faire.	<voice type=greeting>\nЗдравствуйте. Это я, Эллипс, ИИ системы безопасности «Наблюдателя». Мне не нравится ваш поступок.
Dialogues/bossCreated1	Fine, you can pass now. Come on. I am not angry at all.	Добре, можеш да минеш сега. Хайде. Не съм ядосан изобщо.	Très bien, vous pouvez passer maintenant. Allez-y. Je ne suis pas du tout en colère.	Так и быть, теперь вы можете пройти. Я совсем не злюсь.
Dialogues/prepCantGrabMonitor	<voice type=negation>\nIt won't let me grab it.	<voice type=negation>\nНяма да ми позволи да го взема.	<voice type=negation>\nÇa ne me laissera pas le prendre.	<voice type=negation>\nЯ не могу его взять.
Dialogues/prepShouldCraftABad	It's late. I should craft myself a bed and go to sleep.	Късно е. Трябва да си направя легло и да си легна.	Il est tard. Je devrais me fabriquer un lit et aller dormir.	Уже поздно. Пора мастерить кровать и ложиться спать.
Dialogues/bossWelcome	<voice type=greeting>\nWelcome to Fort Observer. This is Ellipse, the base's security AI. Bless the President!	<voice type=greeting>\nДобре дошъл в Fort Observer. Аз съм Ellipse, изкуственият интелект за сигурност на базата. Боже, пази президента!	<voice type=greeting>\nBienvenue à Fort Observer. Voici Ellipse, l'IA de sécurité de la base. Gloire au Président!	<voice type=greeting>\nДобро пожаловать на базу «Наблюдатель». Это Эллипс, ИИ системы безопасности. Боже, храни Президента!
Dialogues/bossCard0	Please enter your access card.	Моля, въведи своята карта за достъп.	Veuillez entrer votre carte d'accès.	Пожалуйста, вставьте карту доступа.
Dialogues/prepNoCard1	<voice type=question>\nCard? Uhm… I forgot mine. Can I access any other way?	<voice type=question>\nКарта? Ами… забравих си я. Мога ли да вляза по друг начин?	<voice type=question>\nCarte? Euh… j'ai oublié la mienne. Puis-je accéder d'une autre manière?	<voice type=question>\nКарту? Эм… Я ее забыл. Нельзя получить доступ иначе?
Dialogues/bossNoCard2	Please enter your access card. This is the only way of authentication.	Моля, въведи своята карта за достъп. Това е единственият начин за удостоверяване.	Veuillez entrer votre carte d'accès. C'est le seul moyen d'authentification.	Пожалуйста, вставьте карту доступа. Это единственный способ идентификации.
Dialogues/prepCard1	Hmm, wait, maybe this one will work…	Хм, чакай, може би този ще свърши работа…	Hmm, attendez, peut-être que celle-ci fonctionnera…	Хм, секунду, может, эта подойдет...
Dialogues/bossCard2	<voice type=thanks>\nThank you. Checking the status.	<voice type=thanks>\nБлагодаря. Проверявам статуса.	<voice type=thanks>\nJe vous remercie. Vérification du statut.	<voice type=thanks>\nСпасибо. Проверка статуса.
Dialogues/bossCard3	<voice type=acceptance>\nIdentity confirmed. Welcome to Fort Observer, Mr. Prepper. 	<voice type=acceptance>\nИдентичността е потвърдена. Добре дошъл в Fort Observer, г-н препър.	<voice type=acceptance>\nIdentité confirmée. Bienvenue à Fort Observer, Mr. Prepper.	<voice type=acceptance>\nЛичность подтверждена. Добро пожаловать на базу «Наблюдатель», мистер Выживальщик. 
Dialogues/prepCard4	<voice type=surprise>\nWait. This thing… Knows me?	<voice type=surprise>\nЧакай. Това нещо… ме познава?	<voice type=surprise>\nAttends. Cette chose… me connaît?	<voice type=surprise>\nСекунду. Оно... меня знает?
Dialogues/bossLeaveItems0	Please leave all unauthorized items outside before entering Fort Observer.	Моля, остави всички неразрешени предмети отвън преди да влезеш във Форт Наблюдател.	Veuillez laisser tous les articles non autorisés à l'extérieur avant d'entrer dans Fort Observer.	Пожалуйста, оставьте все запрещенные предметы за пределами базы «Наблюдатель».
Dialogues/bossLeaveItems1	Food is allowed. Please place all your other possessions in the box.	Храната е позволена. Моля, сложи всичките си други вещи в кутията.	La nourriture est autorisée. Veuillez placer tous vos autres biens dans la boîte.	Еда разрешена. Пожалуйста, положите все остальные вещи в коробку.
Dialogues/bossComeIn	<voice type=acceptance>\nEntry authorized. Enjoy your workday in Fort Observer. Bless the President! 	<voice type=acceptance>\nВлизането е разрешено. Наслади се на работния си ден в Fort Observer. Боже, пази президента!	<voice type=acceptance>\nEntrée autorisée. Profitez de votre journée de travail à Fort Observer. Gloire au Président!	<voice type=acceptance>\nВход разрешен. Приятного рабочего дня на базе «Наблюдатель». Боже, храни Президента! 
Dialogues/prepFortObserverEnter	Damn. It really does look... familiar.	По дяволите. Наистина изглежда... познато.	Zut. Ça semble vraiment ... familier.	Вот черт. Она и правда выглядит... знакомо.
Dialogues/prepIllegal1	<voice type=greeting>\nHey, Mr. Postman! I have a… small request for you. 	<voice type=greeting>\nЗдравей, господин Пощальоне! Имам една… малка молба към теб. 	<voice type=greeting>\nHé, Mr. Facteur! J'ai une… petite demande pour vous.	<voice type=greeting>\nМистер Почтальон, здравствуйте! У меня к вам... небольшая просьба.
Dialogues/postIllegal2	<voice type=question>\nYes?	<voice type=question>\nДа?	<voice type=question>\nOui?	<voice type=question>\nКакая?
Dialogues/prepIllegal3	So… I've heard you've had some issues with the Agency.	Така че... чух, че имаш проблеми с Агенцията.	Alors… j'ai entendu dire que vous aviez eu des problèmes avec l'agence.	Я... слышал, вы не в ладах с Агентством.
Dialogues/postIllegal4	<voice type=fear>\nIt's dangerous to say this out loud, but yes, they harassed me for a long time. Why do you ask?	<voice type=fear>\nСтрахотно е да го кажа на глас, но да, дълго ме тормозяваха. Защо питаш?	<voice type=fear>\nC'est dangereux de dire ça à haute voix, mais oui, ils m'ont harcelé pendant longtemps. Pourquoi demandez-vous?	<voice type=fear>\nТакое опасно говорить вслух, но да, они мне давно досаждают. К чему вы спрашиваете?
Dialogues/prepIllegal5	I need your help in taking down a particularly vicious agent. \nThe plan is: I give you an illegal item, you plant it somewhere not instantly visible, and then a friend of mine denounces him to the Agency.\n<voice type=laugh>\nThe Agency comes for a control and – gotchya! \nAnd we have one problem less.	Имам нужда от помощта ти, за да се справим с един особено жесток агент. \nПланът е: давам ти незаконен предмет, ти го заравяш някъде не веднага видим, и после един мой приятел го докладва на Агенцията.\n<voice type=laugh>\nАгенцията идва за проверка и – хванаха те! \nИмаме един проблем по-малко.	J'ai besoin de votre aide pour éliminer un agent particulièrement nuisible.\nLe plan est le suivant: je vous donne un objet illégal, vous le cachez quelque part qui n'est pas immédiatement visible, puis un de mes amis le dénonce à l'Agence.\n<voice type=laugh>\nL'Agence vient pour un contrôle et - hop le tour est joué!\nEt nous avons un problème de moins.	Я хочу отделаться от одного особенно назойливого агента, и мне нужна ваша помощь. \nПлан такой: я дам вам запрещенный предмет, вы его подложите в какое-нибудь не совсем очевидное место, а мой друг доложит о нем в Агентство.\n<voice type=laugh>\nОни отправят кого-нибудь проверить, и – оп! \nОдной проблемой меньше.
Dialogues/postIllegal6	<voice type=fear>\nMr. Prepper, this is a bit much… And who even is that friend of yours? Do you trust them?	<voice type=fear>\nГ-н Препър, това е малко прекалено... И кой изобщо е този твой приятел? Доверяваш ли му се?	<voice type=fear>\nMr. Prepper, c'est un peu trop… Et qui est cet ami? Vous lui faites confiance?	<voice type=fear>\nМистер Выживальщик, это слегка чересчур... И что у вас за друг такой? Вы ему доверяете?
Dialogues/prepIllegal7	Uhm… Yes. He knows a lot of stuff. And I can vouch for him.	Е, да. Той знае много неща. И мога да гарантирам за него.	Euh… Oui. Il sait beaucoup de choses. Et je peux me porter garant de lui.	Ну... да. Он многое знает, и я могу за него поручиться.
Dialogues/postIllegal8	<voice type=question>\nAnd what kind of item are we talking about?	<voice type=question>\nИ за какъв предмет говориш?	<voice type=question>\nEt de quel type d'objet parlons-nous?	<voice type=question>\nИ что это за предмет?
Dialogues/prepIllegal9	<voice type=laugh>\nIt's this beautiful likeness of our beloved leader. 	<voice type=laugh>\nТова е това прекрасно изображение на нашия любим лидер.	<voice type=laugh>\nC'est ce magnifique portrait de notre leader bien-aimé.	<voice type=laugh>\nПрекрасное подобие лика нашего любимого лидера. 
Dialogues/postIllegal10	<voice type=laugh>\nOh! Very incriminating indeed.\n<voice type=acceptance>\nAlright then. I will take this risk. Any chance of harming the Agency is good.\nBut you know, if I get in trouble, the whole postal system of Murricaville collapses.\n	<voice type=laugh>\nО! Много уличаващо наистина.\n<voice type=acceptance>\nДобре тогава. Ще поема този риск. Всяка възможност да навредя на Агенцията е добра.\nНо ти знаеш, ако имам проблеми, цялата пощенска система на Мъррикавил се срива.\n	<voice type=laugh>\nOh! Très incriminant en effet.\n<voice type=acceptance>\nTrès bien alors. Je prendrai ce risque. Toute chance de nuire à l'Agence est bonne.\nMais vous savez, si j'ai des ennuis, tout le système postal de Murricaville s'effondrera.	<voice type=laugh>\nО! Как обличительно!\n<voice type=acceptance>\nНу что ж, хорошо. Я рискну. Всегда рад возможности навредить Агентству.\nНо если я попадусь, вся почтовая система Мерикосвиля рухнет, сами знаете.\n
Dialogues/prepIllegalDelivered1	<voice type=greeting>\nHello, Mr. Postman! So, did you manage to put our small conversation piece in the right place?	<voice type=greeting>\nЗдравей, господин Пощенски! Значи, успя ли да поставиш нашия малък разговор на правилното място?	<voice type=greeting>\nBonjour, Mr. Facteur! Alors, avez-vous réussi à mettre notre petit plan à exécution?	<voice type=greeting>\nЗдравствуйте, мистер Почтальон! Ну как, удалось вам положить нашу безделушку в подходящее место?
Dialogues/postIllegalDelivered2	Ah yes, I arranged it in a way that should really make an impression on the viewer. And I suppose Mr. FitzPatrick won't find it before the Agency does.	Да, подредих го така, че наистина да направи впечатление на зрителя. И предполагам, че г-н Фицпатрик няма да го намери преди Агенцията.	Ah oui, je l'ai arrangé d'une manière qui devrait vraiment impressionner le spectateur. Et je suppose que Mr. FitzPatrick ne le trouvera pas avant l'Agence.	О да, она произведет огромное впечатление на зрителей. Думаю, Агентство найдет ее быстрее мистера Фицпатрика.
Dialogues/prepIllegalDelivered3	<voice type=laugh>\nBrilliant! Thank you, Mr. Postman. Frankly, I didn't expect such enthusiastic subversive attitude from you.	<voice type=laugh>\nБраво! Благодаря ти, господин Пощенски. Честно казано, не очаквах толкова ентусиазиран подривен настрой от теб.	<voice type=laugh>\nGénial! Merci, Mr. Facteur. Franchement, je ne m'attendais pas à une attitude subversive aussi enthousiaste de votre part.	<voice type=laugh>\nЗамечательно! Благодарю вас, мистер Почтальон. Вы так рьяно взялись за бунтарскую деятельность. Я от вас не ожидал.
Dialogues/postIllegalDelivered4	You know, it's not that I'm a revolutionary or anything. I just simply hate agents to the bone.	Знаеш, не че съм революционер или нещо подобно. Просто наистина мразя агентите.	Vous savez, ce n'est pas que je sois un révolutionnaire ou quoi que ce soit. Je déteste simplement les Agents jusqu'à la moelle.	Не подумайте, что я революционер, ничего подобного. Просто я на дух не переношу агентов.
Dialogues/prepIllegalFigurine1	Uhm, Bob? One more thing. This bobblehead figurine around there, bless the President?	Ей, Боб? Само още нещо. Тази кукла там, благославяща президента?	Euh, Bob? Encore une chose. Cette figurine bobblehead là-bas, Gloire au Président?	Эм, Боб? Еще кое-что. Эта фигурка, «боже, храни Президента»?
Dialogues/bobIllegalFigurine2	Ah, this one? What about it?	А, този? Какво за него?	Ah, celle-là? Qu'en est-il?	А, эта? С ней что-то не так?
Dialogues/prepIllegalFigurine3	I like it a lot. Can I take it?	Много ми харесва. Мога ли да го взема?	Je l'aime beaucoup. Je peux la prendre?	Она мне очень понравилась. Можно я ее заберу?
Dialogues/bobIllegalFigurine4	Prepper, you're a really weird person, you know that?\nBut sure, you can take it. I don't even remember who brought it here.\n	Препър, знаеш ли, че си доста странен човек?\nНо добре, вземи го. Дори не помня кой го донесе тук.\n	Prepper, vous êtes une personne vraiment bizarre, vous le savez?\nMais bien sûr, vous pouvez la prendre. Je ne me souviens même pas qui l'a amené ici.	Ты в курсе, что ты очень странный человек, Выживальщик?\nНо да, можешь забрать. Я даже не помню, кто ее сюда притащил.
Dialogues/prepIllegalFigurine5	Thanks! I will make a truly revolutionary use of it.	Благодаря! Ще го използвам наистина революционно.	Merci! J'en ferai un usage vraiment révolutionnaire.	Спасибо! Я найду ей поистине революционное применение.
Dialogues/bobIllegalFigurine6	Sure, Prepp.	Разбира се, Препър.	Bien sûr, Prepp.	Как скажешь.
Dialogues/bossTaunt1	<voice type=order>\nSecurity, you fool!	<voice type=order>\nСигурност, ти глупец!	<voice type=order>\nSécurité, idiot!	<voice type=order>\nОхрана, дурак ты эдакий!
Dialogues/bossTaunt2	<voice type=anger>\nYou will be met with fire and fury!	<voice type=anger>\nЩе бъдеш посрещнат с огън и ярост!	<voice type=anger>\nVous serez accueilli avec feu et fureur!	<voice type=anger>\nТебя встретят огнем и яростью!
Dialogues/bossTaunt3	<voice type=laugh>\nI have identified you as belonging to the axis of evil!	<voice type=laugh>\nИдентифицирах те като част от оската на злото!	<voice type=laugh>\nJe vous ai identifié comme appartenant à l'axe du mal!	<voice type=laugh>\nТы раскрыт, коварный приверженец оси зла!
Dialogues/bossTaunt4	Yes I can!	Да, мога!	Oui je peux!	Да, я могу!
Dialogues/bossTaunt5	I am the change you have been waiting for.	Аз съм промяната, която чакаш.	Je suis le changement que vous attendiez.	Я – перемены, которых ты ждал.
Dialogues/bossTaunt6	<voice type=anger>\nThat was your last unprovoked and dastardly attack.	<voice type=anger>\nТова беше последният ти неоправдан и подл атака.	<voice type=anger>\nC'était votre dernière attaque non provoquée et lâche.	<voice type=anger>\nКоварное и неожиданное злодеяние!.. Последнее в твоей жизни.
Dialogues/bossTaunt7	<voice type=upset>\nYou're a bad hombre who still wants to attack me. Sad!	<voice type=upset>\nТи си лош човек, който все още иска да ме нападне. Тъжно!	<voice type=upset>\nVous êtes un mauvais gars qui veut encore m'attaquer. Triste!	<voice type=upset>\nВсе еще хочешь на меня нападать, мерзкий hombre? Печально!
Dialogues/bossTaunt8	The security AI's purpose should be to eliminate, as far as possible, the need for its own existence.	Целта на изкуствения интелект за сигурност е да елиминира, доколкото е възможно, нуждата от собственото си съществуване.	L'objectif de l'IA de sécurité devrait être d'éliminer, dans la mesure du possible, les besoins de sa propre existence.	Тщательно уничтожать цель собственного существования – задача ИИ-охраны.
Dialogues/bossTaunt9	<voice type=greeting>\nHi, I'm from the government, and I'm here to help!	<voice type=greeting>\nЗдравей, аз съм от правителството и съм тук, за да помогна!	<voice type=greeting>\nBonjour, je suis du gouvernement et je suis là pour vous aider!	<voice type=greeting>\nПривет, я из правительства и хочу помочь!
Dialogues/bossTaunt10	<voice type=anger>\nRead my lips: no new trespassers!	<voice type=anger>\nПрочети ми устните: никакви нови нарушители!	<voice type=anger>\nLisez sur mes lèvres: pas de nouveaux intrus!	<voice type=anger>\nЧитай по губам: больше никаких нарушителей!
Dialogues/bossTaunt11	<voice type=laugh>\nYou're just fake news!	<voice type=laugh>\nТи си просто фалшиви новини!	<voice type=laugh>\nVous n'êtes que des fake news!	<voice type=laugh>\nТы – фальшивые новости!
Dialogues/bossFightStart	<voice type=thanks>\nThank you. Now, you will be eliminated as a security threat. It's time to put Fort Observer first!	<voice type=thanks>\nБлагодаря. Сега ще бъде елиминиран като заплаха за сигурността. Време е да поставиш Fort Observer на първо място!	<voice type=thanks>\nJe vous remercie. Désormais, vous serez éliminé en tant que menace pour la sécurité. Il est temps de donner la priorité à Fort Observer!	<voice type=thanks>\nБлагодарю. Вы угроза безопасности и будете немедленно уничтожены. «Наблюдатель» важнее всего.
Dialogues/bossFightMiddle	<voice type=laugh>\nElimination of a threat is usually quicker. But you are done. My buttons are bigger than yours!	<voice type=laugh>\nЕлиминирането на заплаха обикновено е по-бързо. Но ти си приключил. Моите бутони са по-големи от твоите!	<voice type=laugh>\nL'élimination d'une menace est généralement plus rapide. Mais vous êtes fini. Mes boutons sont plus gros que les vôtres!	<voice type=laugh>\nУничтожение цели обычно проходит быстрее. Но вам все равно конец. У меня кнопки побольше!
Dialogues/bossFightEnd	<voice type=fear>\nCritical failure. Fort Observer will be left unobserved. Time to die.	<voice type=fear>\nКритичен провал. Наблюдателят на форта остава без наблюдение. Време да умреш.	<voice type=fear>\nPanne critique. Fort Observer sera laissé non-observé. C'est l'heure de mourir.	<voice type=fear>\nКритическая неудача. База «Наблюдатель» останется без наблюдения. Время умирать.
Dialogues/agentRandom	<random>\nAgent Text One\nAgent Text Two\n<if event=fortObserverUnlocked>\nAgent Text Three\nAgent Text Four\n</random>	<random>\nТекст на агент едно\nТекст на агент две\n<if event=fortObserverUnlocked>\nАгентски текст три\nАгентски текст четири\n</random>		
Dialogues/agentCondition	Agent Text Five\nAgent Text Six\n<if event=agentSaidTextSeven is=false>\n<event set=agentSaidTextSeven>\nAgent Text Seven	Агент Текст Пет\nАгент Текст Шест\n<if event=agentSaidTextSeven is=false>\n<event set=agentSaidTextSeven>\nАгент Текст Седем		
Dialogues/agentDialogue	Agent Text Eight\n<prepper>\nPrepper Text One\n<prepper>\nPrepper Text Two\nAgent Text Nine\nAgent Text Ten\n<prepper>\nPrepper Text Three	Текст на агента Осем\n<prepper>\nПрепърски текст едно\n<prepper>\nТекст на препъра Две\nАгентски текст Девет\nТекст на агент десет\n<prepper>\nТекст на препъра Три		
Dialogues/agentRoomCheck	<random>\nLet's see what we have here.\nLegality inspection underway.\nRoom inspection based on Security & Wellbeing Act.\nChecking for illegal & non-standard items.\nSeems very decent at first glance, let's see the details.\nChecking the contents of the room.\nIt's all for citizens' security & wellbeing. Bless the President!\nThe room seems tidy and functional! I hope there is nothing illegal in it.\nGathering information for a report.\nI will check the contents of the room. This is standard procedure.\nThis is standard procedure.\nUnder the previous government, we needed a separate warrant for every inspection. This was detrimental to the protection of security & wellbeing.\nKeeping one's home tidy and standard is beneficial for all the citizens of Murricaville & the country.\nChecking for signs of subversive activity.\n</random>	<random>\nДа видим какво имаме тук.\nПроверка за законност в ход.\nПроверка на стаята според Закона за сигурност и благосъстояние.\nПроверка за незаконни и нестандартни предмети.\nИзглежда много прилично на пръв поглед, да видим подробностите.\nПроверка на съдържанието на стаята.\nВсичко е за сигурността и благополучието на гражданите. Боже, пази президента!\nСтаята изглежда подредена и функционална! Надявам се да няма нищо незаконно в нея.\nСъбиране на информация за доклад.\nЩе проверя съдържанието на стаята. Това е стандартна процедура.\nТова е стандартна процедура.\nПод предишното правителство ни трябваше отделна заповед за всяка проверка. Това беше вредно за защитата на сигурността и благосъстоянието.\nПоддържането на дома чист и подреден е полезно за всички граждани на Мъррикавил и страната.\nПроверка за признаци на подривна дейност.\n</random>	<random>\nVoyons ce que nous avons ici.\nInspection légale en cours.\nInspection des pièces en accord avec la loi Sécurité & Bien être.\nRecherche des objets illégaux et non conforme.\nÀ première vue tout est correct, voyons ça dans le détail.\nInspections des pièces.\nC'est pour la sécurité et le bien être des citoyens. Gloire au président!\nLa pièce semble rangée et fonctionnelle! J'espère qu'il n'y a rien d'illégal ici.\nCollecte d'informations pour un rapport.\nJe vais inspecter les pièces, c'est la procédure standard.\nC'est la procédure standard.\nSous l'ancien gouvernement nous avions besoin d'un garant indépendant pour chaque inspection. C'était préjudiciable pour la sécurité et le bien être.\nGarder une maison rangée et standard est bénéfique pour tous les citoyens de Murricaville et pour le pays.\nRecherche d'indices de toute activité subversive.\n</random>	<random>\nПосмотрим, что тут у нас.\nВсе ли тут в рамках закона.\nПроверка комнаты в соответствии с актом о безопасности и благополучии.\nОсмотр на предмет запрещенных и необычных предметов.\nНа первый взгляд все хорошо, посмотрим внимательней.\nПроверяю вещи в комнате.\nВсе ради безопасности и благополучия граждан. Боже, храни Президента!\nКак все аккуратно и практично! Надеюсь, ничего незаконного.\nСобираю информацию для доклада.\nЯ осмотрю вещи в комнате. Это стандартная процедура.\nЭто стандартная процедура.\nПри прошлом правительстве нам требовался отдельный ордер на каждый обыск. Это мешало безопасности и благополучию.\nАккуратный, ничем не выделяющийся дом – наш идеал. Если вам не безразлично благополучие граждан Мерикосвиля и всей страны, к нему нужно стремиться.\nИщу следы бунтарской деятельности.\n</random>
Dialogues/agentBoxCheck	<random>\nLet's see what we have here.\nPlease don't take it personally, citizen. Checking containers is standard procedure.\nThis is a very nice box, it would be shame if it had something illegal in it.\nChecking for illegal & non-standard items.\nThe Agency searches for items jeopardizing security & wellbeing of citizens.\nThis is standard procedure. Bless the President!\nIt is important to keep all the containers visible and easy to open. Transparency benefits everyone.\nI hope there are no illegal items inside, citizen.\nThe Agency firmly believes you will not attempt another escape, but we want to be sure that you do not have the means.\nSigns of subversive activity may sometimes be well hidden.\nOpening the container. This is standard procedure.\n</random>	<random>\nДа видим какво имаме тук.\nМоля, не го приемайте лично, граждани. Проверката на контейнери е стандартна процедура.\nТова е много хубава кутия, ще е жалко, ако има нещо незаконно в нея.\nПроверка за незаконни и нестандартни предмети.\nАгенцията търси предмети, които застрашават сигурността и благосъстоянието на гражданите.\nТова е стандартна процедура. Боже, пази президента!\nВажно е да държиш всички контейнери видими и лесни за отваряне. Прозрачността е от полза за всички.\nНадявам се, че няма незаконни предмети вътре, граждани.\nАгенцията твърдо вярва, че няма да се опитате да избягате отново, но искаме да сме сигурни, че нямате средствата за това.\nЗнаци на подривна дейност понякога могат да бъдат добре скрити.\nОтваряне на контейнера. Това е стандартна процедура.\n</random>	<random>\nVoyons ce que nous avons ici.\nCe n'est pas contre vous citoyen. Inspecter les rangements est une procédure standard.\nC'est une très belle boîte, ça serait dommage qu'il y ai quelque chose d'illégal à l'intérieur.\nRecherche d'objets non standard ou illégaux.\nL'Agence recherche les objets qui pourraient compromettre la sécurité et le bien-être des citoyens.\nC'est la procédure standard. Gloire au président!\nC'est important de garder tous les rangements accéssibles et facile à ouvrir.\nLa transparence est bénéfique pour tous.\nJ'espère qu'il n'y a aucun objet illégal à l'intérieur, citoyen.\nL'Agence croit fermement que vous n'allez pas essayer de vous échapper encore une fois, mais nous voulons être sûr de vos intentions.\nLes signes d'une activité subversive peuvent parfois être bien dissimulés.\nOuverture du rangement. C'est la procédure standard.\n</random>	<random>\nПосмотрим, что тут у нас.\nХочу заверить вас, что в этом нет ничего личного, гражданин. Осмотр всевозможных контейнеров – стандартная процедура.\nКакая прекрасная коробка, будет досадно, если в ней лежит что-нибудь запрещенное.\nОсмотр на предмет запрещенных и необычных предметов.\nАгентство проводит поиск предметов, угрожающих безопасности и благополучию граждан.\nЭто стандартная процедура. Боже, храни Президента!\nВсе контейнеры должны стоять на видном месте и легко открываться. Это важно, прозрачность в таких делах идет на пользу всем.\nНадеюсь, внутри ничего запрещенного, гражданин.\nАгентство твердо уверено, что вы больше не собираетесь убегать, но мы хотим удостовериться, что у вас нет средств для побега.\nПорой следы бунтарской деятельности хорошо скрыты.\nОткрываю контейнер. Это стандартная процедура.\n</random>
Dialogues/agentElectricityCheck	<random>\nChecking if the electricity usage is normal.\nChecking for abnormalities in electricity usage.\nFair and even distribution of energy is important for Murricaville's security & wellbeing.\nEnergy usage inspection based on Security & Wellbeing Act.\nChecking the electricity meter for abnormalities. This is standard procedure. \nUnusual usage of electricity may be a sign of subversive activity.\nElectricity is one of the crucial national resources and must be used responsibly. Bless the President!\n</random>	<random>\nПроверявам дали консумацията на ток е нормална.\nПроверявам за аномалии в консумацията на ток.\nСправедливо и равномерно разпределение на енергията е важно за сигурността и благосъстоянието на Мърикавил.\nИнспекция на консумацията на енергия съгласно Закона за сигурността и благосъстоянието.\nПроверявам електрическия уред за аномалии. Това е стандартна процедура.\nНеобичайно използване на ток може да е признак на подривна дейност.\nТокът е един от ключовите национални ресурси и трябва да се използва отговорно. Боже, пази президента!\n</random>	<random>\nAnalyse de la consommation électrique.\nVérification de la consommation électrique.\nUne distribution et utilisation équitable de l'électricité est bénéfique pour la sécurité et le bien être de Murricaville.\nInspection de la consommation énergétique en accord avec la loi Sécurité & Bien être.\nVérification de toute anomalie dans la consommation électrique. C'est la procédure standard.\nUne utilisation anormale de l'électricité est un signe d'activité subversive.\nL'électricité est l'une des ressources nationale primordiale et doit être utilisée de manière responsable. Gloire au président!\n</random>	<random>\nПроверяю потребление электричества.\nПосмотрим, есть ли отклонения от нормы в потреблении электричества.\nСправедливое и равное распределение энергии важно для безопасности и благосостояния Мерикосвиля.\nПроверка потребления энергии в соответствии с актом о безопасности и благополучии.\nПроверяю счетчик электричества на предмет отклонений от нормы. Это стандартная процедура. \nОтклонения от нормы в потреблении электричества могут значить, что хозяин дома занимается бунтарской деятельностью\nЭлектричество – один из важнейших ресурсов страны, и к его использованию следует подходить ответственно. Боже, храни Президента!\n</random>
Dialogues/agentWaterCheck	<random>\nChecking the water meter for abnormalities. This is standard procedure.\nAssessment of water usage is part of the inspection report.\nChecking if the water usage is normal.\nAbnormalities in water usage may point to subversive activity.\nWater is a crucial resource in the national economy and should be used responsibly. Bless the President!\nA very large water consumption would be suspicious, this is why I check the water meter. This is standard procedure.\nChecking if the water usage is normal in comparison to Murricaville's average.\nSaving water is an act of responsibility. Bless the President!\n</random>	<random>\nПроверявам водомера за аномалии. Това е стандартна процедура.\nОценка на водопотреблението е част от доклада за проверка.\nПроверява се дали използването на вода е нормално.\nАномалиите в употребата на вода могат да сочат към подривна дейност.\nВодата е жизненоважен ресурс в националната икономика и трябва да се използва отговорно. Боже, пази президента!\nМного голямо потребление на вода би било подозрително, затова проверявам водомера. Това е стандартна процедура.\nПроверка дали използването на вода е нормално в сравнение със средното за Мъррикавил.\nПестенето на вода е акт на отговорност. Боже, пази президента!\n</random>	<random>\nVérification de la jauge d'eau pour toute anomalie. C'est la procédure standard.\nLa consommation de l'eau doit être indiquée sur le rapport d'inspection.\nVérification que la consommation d'eau est normale.\nUne consommation anormale de l'eau est un signe d'activité subversive.\nL'eau est une ressource cruciale de l'économie nationale et doit être utilisée de manière responsable. Gloire au Président!\nUne trop grande utilisation d'eau serait suspect, c'est pourquoi je vérifie la consommation en eau. C'est la procédure standard.\nVérification si l'utilisation d'eau est normale en comparaison avec la moyenne de Murricaville.\nÉconomiser l'eau est un acte responsable. Gloire au président!\n</random>	<random>\nПроверяю счетчик воды на предмет отклонений от нормы. Это стандартная процедура.\nОценка потребления воды – часть доклада о проверке.\nПроверяю потребление воды.\nОтклонения от нормы в потреблении воды могут означать, что хозяин дома занимается бунтарской деятельностью.\nВода – один из важнейших ресурсов страны, к ее использованию следует подходить ответственно. Боже, храни Президента!\nЕсли используется слишком много воды, это подозрительный признак, поэтому я проверяю счетчик. Это стандартная процедура.\nСверяю потребление воды со средним показателем по Мерикосвилю.\nЭкономия воды – поступок ответственного гражданина. Боже, храни Президента!\n</random>
Dialogues/prepperHouseWarning	<random>\nThis might be risky in case of an inspection. I need to take care of this later.\nIt's not safe to leave it like this before an inspection.\nThe Agent better not see this.\nI need to tidy the house up a bit in case the Agent comes.\nThe house does not look completely legal at the moment.\nI better hide the subversive items.\nThe house would not be ready for an inspection in the current state.\nI hope the Agent does not see the house like this.\n</random>	<random>\nТова може да е рисково при проверка. Трябва да се погрижа за това по-късно.\nНе е безопасно да оставя така преди проверка.\nАгентът по-добре да не види това.\nТрябва да подредя малко къщата, ако дойде Агентът.\nКъщата в момента не изглежда напълно законна.\nПо-добре да скрием подсъдържаните предмети.\nКъщата няма да е готова за проверка в сегашното състояние.\nНадявам се Агентът да не види къщата така.\n</random>	<random>\nCela pourrait être risqué en cas d'inspection. Je dois m'occuper de ça plus tard.\nCe n'est pas prudent de laisser ça avant une inspection.\nL'agent ferait mieux de ne pas voir ça.\nJe dois ranger un peu la maison au cas où l'agent viendrait.\nLa maison n'a pas l'air tout à fait légale pour le moment.\nJe ferais mieux de cacher les éléments subversifs.\nLa maison n'est pas prête pour une inspection dans l'état actuel.\nJ'espère que l'agent ne verra pas la maison comme ça.\n</random>	<random>\nСлишком рискованно, такое могут заметить при проверке. Нужно будет разобраться.\nТакое слишком опасно оставлять накануне проверки.\nНе стоит показывать это Агенту.\nНадо прибраться в доме на случай, если нагрянет Агент.\nДом все еще выглядит подозрительно.\nНадо бы спрятать все запрещенные вещи.\nВ таком виде дом не пройдет инспекцию.\nНадеюсь, Агент не увидит дом в таком состоянии.\n</random>
Dialogues/prepperHouseNotReady	<random>\nThe house is not ready!\nI need to get ready for the inspection real quick!\nOh no, the Agent is coming! I need to get prepared!\nThe house is not ready for the inspection. I better hurry!\nThe Agent is coming and the house looks subversive. I need to take care of that.\nThe inspection is imminent, and the house needs to be beyond suspicion.\nI need to get ready for the inspection!\n</random>	<random>\nкъщата не е готова!\nтрябва бързо да се подготвя за инспекцията!\nо, не, агентът идва! трябва да се подготва!\nкъщата не е готова за инспекцията. трябва да бързам!\nагентът идва и къщата изглежда подозрителна. трябва да се погрижа за това.\nинспекцията е пред окаженост, а къщата трябва да изглежда извън всяко съмнение.\nтрябва да се подготва за инспекцията!\n</random>	<random>\nLa maison n'est pas prête!\nJe dois être prêt pour l'inspection, vite!\nOh non, l'Agent arrive! Je dois être préparé!\nLa maison n'est pas prête pour l'inspection. Je dois me dépêcher!\nL'Agent arrive et la maison à l'air douteuse, je dois m'occuper de ça.\nL'inspection est imminente et la maison doit être au-dessus de tout soupçon. \nJe dois me préparer pour l'inspection!\n</random>	<random>\nДом не готов!\nНужно быстро подготовиться к проверке!\nО нет, агент уже идет! Нужно подготовиться!\nДом не готов к проверке. Надо поторапливаться!\nАгент скоро придет, а дом выглядит, как логово мятежников. Нужно разобраться.\nПроверка неизбежна, дом должен быть вне подозрений.\nНужно подготовиться к проверке!\n<random>
Dialogues/agentPlanNoticed	<random>\nWhat is this? Are you planning to escape again, citizen?\nI hope this is only a decoration, citizen.\nI am afraid the contents of this board do not comply with requirements of security & wellbeing. \nThese look like dangerous dreams, citizen.\nI am afraid this needs to be reported.\nThis is subversive content, citizen. The Agency will be disappointed.\n</random>\n	<random>\nКакво е това? Планираш ли отново да избягаш, гражданино?\nНадявам се, че това е само декорация, граждани.\nСтрахувам се, че съдържанието на тази дъска не отговаря на изискванията за сигурност и благополучие. \nТези изглеждат като опасни сънища, граждани.\nСтрахувам се, че това трябва да бъде докладвано.\nТова е подривно съдържание, граждани. Агенцията ще бъде разочарована.\n</random>\n	<random>\nQu'est ce que c'est? Vous envisagez de vous échapper à nouveau, citoyen?\nJ'espère que ce n'est qu'une décoration, citoyen.\nJ'ai peur que le contenu de ce tableau ne soit pas conforme aux exigences de sécurité et de bien-être.\nCela ressemble à des rêves dangereux, citoyen.\nJ'ai peur de devoir signaler cela.\nCeci est un contenu subversif, citoyen. L'Agence sera déçue.\n</random>	<random>\nЧто это? Планируете снова сбежать, гражданин?\nНадеюсь, это всего лишь украшение, гражданин.\nБоюсь, что содержимое этой доски не соответствует требованиям безопасности и благополучия. \nОпасные мысли, гражданин.\nБоюсь, об этом придется доложить.\nЭто бунтарство, гражданин. Агентство будет разочаровано.\n<random>
Dialogues/agentWorkbenchNoticed	<random>\nThis is certainly not standard equipment in a lawful citizen's household.\nThis might be used for subversive activities, citizen. I need to report this.\nA workbench? A good citizen of Murricaville should not need this.\nCitizen, this is an illegal item. This will go into a report.\nI need to report this illegal item.\nThis item is not compliant with the Security & Wellbeing Act.\nThe Agency does not approve of such activities.\n</random>	<random>\nТова определено не е стандартна екипировка в дома на законосъобразен гражданин.\nТова може да се използва за подривни дейности, гражданино. Трябва да докладвам за това.\nРаботна маса? Добрият гражданин на Мърикавил не трябва да има нужда от това.\nГражданин, това е незаконна вещ. Това ще попадне в доклад.\nТрябва да докладвам за тази незаконна вещ.\nТози предмет не отговаря на Закона за сигурност и благосъстояние.\nАгенцията не одобрява такива дейности.\n</random>	<random>\nCe n'est certainement pas un équipement standard dans la maison d'un bon citoyen.\nCela pourrait être utilisé pour des activités subversives, citoyen. Je dois le signaler.\nUn établi? Un bon citoyen de Murricaville ne devrait pas en avoir besoin.\nCitoyen, c'est un objet illégal. Cela sera noté dans le rapport.\nJe dois signaler cet équipement illégal.\nCet équipement n'est pas conforme à la loi sur la Sécurité et le Bien-être.\nL'Agence n'approuve pas de telles activités.\n</random>	<random>\nДовольно нестандартное оборудование в домашнем хозяйстве законопослушного гражданина.\nЭто может быть использовано для бунтарской деятельности, гражданин. Мне нужно сообщить об этом.\nВерстак? Законопослушному гражданину Мерикосвилля такая вещь не нужна.\nГражданин, эта вещь незаконна. Придется доложить.\nВынужден доложить о незаконном предмете.\nЭта вещь не соответствует закону о безопасности и благополучии.\nАгентство не одобряет такую деятельность.\n<random>
Dialogues/agentLadderNoticed	<random>\nI do not see the purpose of you having this, citizen.\nWhy do you need a ladder, citizen? This is a potentially subversive item.\nCitizen, where does this ladder lead to? Does it serve subversive purposes?\nThis is an illegal item and I need to report this.\nStandard houses in Murricaville do not need ladders. I am suspecting a subversive motive of having it.\nThis item is not compliant with the Security & Wellbeing Act.\nCitizen, you should be aware that this is an illegal item.\nCitizen, where does this ladder lead to? Do you perhaps have some non-standard rooms in your household?\n</random>	<random>\nНе виждам смисъл да имате това, гражданино.\nЗащо ти е нужна стълба, гражданино? Това е потенциално подривен предмет.\nГраждани, къде води тази стълба? Служи ли за подривни цели?\nТова е незаконен предмет и трябва да го докладвам.\nСтандартните къщи в Мъррикавил не се нуждаят от стълби. Предполагам, че има някаква подривна цел за поставянето им.\nТози артикул не отговаря на изискванията на Закона за сигурност и благосъстояние.\nГраждани, трябва да сте наясно, че това е незаконен предмет.\nГраждани, къде води тази стълба? Може би имате някои нестандартни стаи в дома си?\n</random>	<random>\nJe ne vois pas le but pour vous de posséder cela, citoyen.\nPourquoi avez-vous besoin d'une échelle, citoyen? C'est un élément potentiellement subversif.\nCitoyen, où mène cette échelle? Cela pourrait servir à des fins subversives?\nC'est un équipement illégal et je dois le signaler.\nLes maisons standard à Murricaville n'ont pas besoin d'échelles. Je soupçonne un motif subversif de l'avoir.\nCet équipement n'est pas conforme à la loi sur la sécurité et le bien-être.\nCitoyen, sachez qu'il s'agit d'un équipement illégal.\nCitoyen, où mène cette échelle? Peut-être avez-vous des pièces non-standard dans votre maison? \n</random>	<random>\nНе понимаю, зачем вам это, гражданин.\nЗачем вам лестница, гражданин? Это потенциально бунтарский предмет.\nГражданин, куда ведет эта лестница? Она служит бунтарским целям?\nЭто незаконная вещь, и я должен сообщить об этом.\nСтандартные дома в Мерикосвилле не нуждаются в лестницах. Я подозреваю, что у вас есть бунтарские намерения.\nЭта вещь не соответствует акту о безопасности и благополучии.\nГражданин, вы должны знать, что эта вещь незаконна.\nГражданин, куда ведет эта лестница? Возможно, в вашем доме есть нестандартные комнаты?\n<random>
Dialogues/agentGearNoticed	<random>\nCitizen, what is it that you have here?\nThis does not look like a standard personal equipment.\nCitizen, I am worried by some of the things you carry.\nI have to remind you that the rules regarding forbidden items also apply to things you carry with you.\nCitizen, I see you are carrying subversive items with you. This is not acceptable.\nCitizen, hiding illegal items in your personal belongings does not make them legal. \n</random>	<random>\nГражданино какво имаш тук\nТова не изглежда като стандартна лична екипировка\nГражданино тревожа се от някои неща, които носиш\nТрябва да ти напомня, че правилата за забранени предмети важат и за нещата, които носиш с себе си\nГражданино виждам, че носиш подривни предмети. Това не е приемливо\nГражданино, скриването на незаконни предмети в личните си вещи не ги прави законни\n</random>	<random>\nCitoyen, qu'est-ce que vous avez là?\nCela ne ressemble pas à un équipement personnel standard.\nCitoyen, je suis préoccupé par certaines des choses que vous portez.\nJe dois vous rappeler que les règles concernant les objets interdits s'appliquent également aux objets que vous avez sur vous.\nCitoyen, je vois que vous portez des objets subversifs sur vous. Ceci est inacceptable.\nCitoyen, cacher des objets illégaux dans vos effets personnels ne les rend pas légaux pour autant.\n</random>	<random>\nГражданин, что это тут у вас?\nЭто не похоже на обычные личные вещи.\nГражданин, меня беспокоят вещи, которые вы с собой носите.\nВынужден напомнить, что правила о запрещенных предметах касаются и вещей, которые вы носите с собой.\nГражданин, у вас при себе предметы антиправительственного назначения. Это неприемлемо!\nГражданин, если вы прячете в личных вещах запрещенные предметы, они не становятся легальными.\n</random>
Dialogues/prepLeverTip	Hm, this <color=yellow>lever</color> must be somewhere in the forest.	Хм, този <color=yellow>превключвател</color> трябва да е някъде в гората.	Hum, Ce <color=yellow>levier</color> doit être quelque part dans la forêt.	Хм, этот <color=yellow>рычаг</color> должен быть где-то в лесу.
Dialogues/prepReload	<voice type=laugh>\nReload!	<voice type=laugh>\nЗареждане!	<voice type=laugh>\nRecharge!	<voice type=laugh>\nПерезаряжаюсь!
Dialogues/prep1Wolf	<voice type=laugh>\nHe doesn't look that tough.	<voice type=laugh>\nНе изглежда толкова силен	<voice type=laugh>\nIl n'a pas l'air si féroce que ça.	<voice type=laugh>\nДа он же совсем хилый.
Dialogues/prep3Wolfs	<voice type=fear>\nThere is more of them?!	<voice type=fear>\nИма още такива?!	<voice type=fear>\nMais il y en a d'autres?!	<voice type=fear>\nЭто еще не все?!
Dialogues/prepBigBadWolf	<voice type=laugh>\nHere comes the Big Bad!	<voice type=laugh>\nЕто го голямото зло!	<voice type=laugh>\nVoilà le Grand Méchant Loup!	<voice type=laugh>\nА вот и злой и страшный серый волк!
Dialogues/prepWeaponBroke	<voice type=anger>\nMy weapon broke!	<voice type=anger>\nОръжието ми се счупи!	<voice type=anger>\nMon arme s'est cassée!	<voice type=anger>\nУ меня сломалось оружие!
Dialogues/prepObserverEntry	That smell. A mixture of metal, rust, and some chemicals. It is… oddly familiar.	Този мирис. Смес от метал, ръжда и някакви химикали. Е… странно познат.	Cette odeur. Un mélange de métal, de rouille et de produits chimiques. C'est… étrangement familier.	Какой запах. Металл, ржавчина, какие-то химикаты... Как... знакомо.
Dialogues/prepObserverTestChamb	These instruments… This test chamber… It all rings a bell. Why?\n<voice type=fear>\nOh. Oh no. I think I remember… Like a scene from another life. \n<voice type=upset>\nAnimals… dogs, I think?, in test chambers. Bombarded with waves. \n<voice type=upset>\nDogs attacking other dogs, like they're turned rabid instantly. Tearing those other dogs apart.\n<voice type=upset>\nLater the dogs are sitting next to the killed ones, still bloodied, but now docile and empty-eyed. \n<voice type=question>\n…Why do I remember this?\n	Тези инструменти... Тази тестова камера... Всичко звъни на познато. Защо?\n<voice type=fear>\nО. О, не. Мисля, че си спомням... Като сцена от друг живот. \n<voice type=upset>\nЖивотни... кучета, мисля?, в тестови камери. Обстрелвани с вълни. \n<voice type=upset>\nКучета, нападащи други кучета, сякаш са се побъркали на мига. Разкъсват тези други кучета.\n<voice type=upset>\nПо-късно кучетата седят до убитите, все още окървавени, но сега кротки и с празни очи. \n<voice type=question>\n…Защо си спомням това?\n	Ces instruments… Cette chambre de test… Tout ça cloche. Pourquoi?\n<voice type=fear>\nOh. Oh non. Je crois que je me souviens… Comme une scène d'une autre vie.\n<voice type=upset>\nDes animaux… des chiens, je pense? Dans des chambres de test. Bombardés d'ondes.\n<voice type=upset>\nDes chiens attaquant d'autres chiens, comme s'ils étaient devenus enragés instantanément. Déchiquetant les autres chiens en morceaux.\n<voice type=upset>\nPlus tard, les chiens sont assis à côté des morts, toujours ensanglantés, mais maintenant dociles et les yeux vides.\n<voice type=question>\n… Pourquoi est-ce que je me souviens de ça?	Инструменты... Камера для тестов... Почему мне кажется, что я вижу все это не впервые?\n<voice type=fear>\nО. О нет. Кажется, я вспомнил... Как будто это было в другой жизни.\n<voice type=upset>\nЖивотные... собаки, вроде бы? В тестовых камерах. На них направляют какие-то волны.\n<voice type=upset>\nЭти псы набрасываются на других собак, будто вдруг подхватили бешенство. Они разрывают их на куски.\n<voice type=upset>\nПроходит время, теперь они сидят рядом с трупами, все еще измазанные в крови, но послушные, с пустыми глазами.\n<voice type=question>\n...Почему я все это помню?
Dialogues/prepObserverPicture	<voice type=surprise>\nOh, it's a group picture of some sort, let's have a look.\n“BRAZEN SERPENT LAUNCH”, dated from several years ago. Happy faces, serious faces, faces of pride.\n<voice type=anger>\nAnd there's… Oh crap, not this again. That's me right here.\n<voice type=upset>\nI was building that thing. The Brazen Serpent.\n	<voice type=surprise>\nО, това е групова снимка от някакъв вид, нека да разгледаме.\n„НАГЪЛ ЗМИЙСКИ СТАРТ“, датиращ от няколко години назад. Щастливи лица, сериозни лица, лица на гордост.\n<voice type=anger>\nИ има… О, по дяволите, не пак това. Това съм аз тук.\n<voice type=upset>\nСтроях онова нещо. Змията на дързостта.\n	<voice type=surprise>\nOh, c'est une sorte de photo de groupe, jetons un œil.\n"LANCEMENT DU SERPENT D'AIRAIN", daté d'il y a plusieurs années. Des visages heureux, des visages sérieux, des visages de fierté.\n<voice type=anger>\nEt il y a… Oh merde, pas encore ça. C'est moi juste là.\n<voice type=upset>\nJe construisais cette chose. Le Serpent d'Airain.	<voice type=surprise>\nО, это какое-то групповое фото, посмотрим.\nЗапуск «Медного змия». Судя по дате, этой фотографии несколько лет. Какие разные лица: кто-то серьезен, кто-то счастлив и горд.\n<voice type=anger>\nИ тут... Ох, черт, только не снова. Я тоже тут есть.\n<voice type=upset>\nЯ строил эту штуковину. «Медного змия».
Dialogues/prepObserverCafeteria	And this… This corridor leads to the base cafeteria. I just remembered this.\n<voice type=surprise>\nI remember meeting people. Happy faces. Team spirit. Tasty mac & cheese. Good times. \nThere was one face smiling to me often. Have I met this person later…? Damn, I don't know, it's all foggy.\n	И този… Този коридор води до бункерната кафетeрия. Току-що си спомних за това.\n<voice type=surprise>\nСпоменавам хора. Щастливи лица. Дух на екипа. Вкусна макарони с сирене. Добри времена. \nИмаше едно лице, което често ми се усмихваше. Срещах ли този човек по-късно…? Черт, не знам, всичко е мътно.\n	Et ça… Ce couloir mène à la cafétéria de la base. Je viens de m'en souvenir.\n<voice type=surprise>\nJe me souviens avoir rencontré des gens. Visages heureux. Esprit d'équipe. Délicieux macaroni au fromage. Bon temps.\nIl y avait un visage qui me souriait souvent. Est-ce que j'ai rencontré cette personne plus tard…? Merde, je ne sais pas, tout est flou.	А этот... этот коридор ведет в столовую базы. Я это только что вспомнил.\n<voice type=surprise>\nПомню, как встречал тут людей. Счастливые лица. Командный дух. Отличные макароны с сыром. Хорошее было времечко.\nИ я помню улыбку. Кто-то постоянно улыбался при встрече. Что было дальше, мы еще пересекались с этим человеком? Проклятье, не знаю. Все как в тумане.
Dialogues/bobProposition1	<voice type=greeting>\nGood day, Mr. Prepper. I hope your little excursion went well.	<voice type=greeting>\nДобър ден, г-н Препър. Надявам се твоята малка извънредна мисия да е била добра.	<voice type=greeting>\nBonjour, Mr. Prepper. J'espère que votre petite excursion s'est bien passée.	<voice type=greeting>\nДобрый день, мистер Выживальщик. Надеюсь, твоя небольшая экскурсия прошла успешно.
Dialogues/prepProposition2	Oh, Bob, I didn't expect your visit. The trip was enlightening indeed. \n<voice type=question>\nBut Bob, why do you look so serious? Has something happened?	О, Боб, не очаквах да дойдеш. Пътуването наистина беше поучително. \n<voice type=question>\nНо Боб, защо изглежда толкова сериозен? Е случило се нещо?	Oh, Bob, je ne m'attendais pas à votre visite. Le voyage était vraiment instructif en effet. \n<voice type=question>\nMais Bob, pourquoi avez-vous l'air si sérieux? Il s'est passé quelque chose?	О, Боб, не ожидал тебя здесь увидеть. Экскурсия вышла крайне познавательной. \n<voice type=question>\nКстати, Боб, ты чего такой серьезный? Что-то случилось?
Dialogues/bobProposition3	I'm serious because I have a serious proposition to you. On behalf of the Sleepless.\n I know that after coming back from the military base, you are now close to reaching your goal.\n We know you're almost done with the rocket.	Спиш ли? Имам сериозно предложение за теб. От името на Безсънните.\n Знам, че след като се върна от военната база, си близо до целта си.\n Знаем, че почти си готов с ракетата.	Je suis sérieux parce que j'ai une proposition sérieuse à vous faire. Au nom des Éveillés.\nJe sais qu'après votre retour de la base militaire, vous êtes sur le point d'atteindre votre objectif.\nNous savons que vous avez presque fini avec la fusée.	Я серьезный, потому что у меня к тебе серьезное предложение от Неспящих.\nЯ знаю, что ты подобрался ближе к цели благодаря военной базе.\nНам известно, что ты почти закончил работу над ракетой.\n
Dialogues/prepProposition4	Oh, so you're watching my progress closely. I guess I should be proud.	О, значи следиш напредъка ми отблизо. Май трябва да се гордея.	Oh, alors vous surveillez de près mes progrès. Je suppose que je devrais être fier.	Вы так внимательно следите за моими успехами. Мне стоит собой гордиться?
Dialogues/bobProposition5	<voice type=negation>\nDon't worry, we don't want to get into your small vehicle. But we want to use the moment of the launch to conduct our action.\n<voice type=order>\nWe have named it Operation Awakening.\n	<voice type=negation>\nНе се притеснявай, не искаме да влизаме в малкото ти превозно средство. Но искаме да използваме момента на изстрелването, за да извършим нашата акция.\n<voice type=order>\nНарекли сме го Операция Събуждане.\n	<voice type=negation>\nNe vous inquiétez pas, nous ne voulons pas monter dans votre petit transport. Mais nous voulons profiter du moment du lancement pour mener notre action.\n<voice type=order>\nNous l'avons baptisée Opération Éveil.	<voice type=negation>\nНе переживай, мы на твою ракету не претендуем. Наша задача – использовать момент запуска для реализации своих планов.\n<voice type=order>\nМы назвали эту операция «Пробуждение».\n
Dialogues/prepProposition6	Of course you have.	Разбира се, че имаш.	Bien sûr.	Кто бы мог подумать.
Dialogues/bobProposition7	When you launch your rocket, it will surely catch everyone's attention. Agents will be running around like crazy. Regular folk of Murricaville will probably just watch in amazement.\n<voice type=order>\nAnd here's where we step in. We use the chaos to distribute leaflets, put some graffiti, give away some of our anti-sleep mixture.\n	Когато изстреляш ракетата си, със сигурност ще привлечеш вниманието на всички. Агентите ще тичат наоколо като луди. Обикновените хора от Мъррикавил вероятно просто ще гледат с възхищение.\n<voice type=order>\nИ тук е мястото, където се намесваме. Използваме хаоса, за да разпространяваме листовки, да рисуваме графити и да раздаваме част от нашата антисън смес.\n	Lorsque vous lancerez votre fusée, elle attirera sûrement l'attention de tout le monde. Les agents courront comme des fous dans tous les sens. Les habitants de Murricaville regarderont probablement avec étonnement.\n<voice type=order>\nEt c'est là que nous intervenons. Nous utiliserons le chaos pour distribuer des tracts, faire des graffitis, donner une partie de notre mélange anti-sommeil.	Запуск ракеты точно не останется незамеченным. Агенты начнут носиться по округе, как сумасшедшие. А обычные жители Мерикосвиля просто будут наблюдать с изумлением.\n<voice type=order>\nВот тут-то мы и вступим в игру. Мы воспользуемся хаосом, чтобы распространять листовки, рисовать граффити, раздавать свою противосонную микстуру.
Dialogues/prepProposition8	Oh, you give it away now.	О, сега го даваш.	Oh, vous le donnez maintenant.	О, ну вот ты все и выдал.
Dialogues/bobProposition9	We have long suspected that the mind control is weaker when you experience strong emotions or when something very unusual happens to you. \n That's why we believe the Operation Awakening synchronized with your launch would nudge some people out of stupor.\n <voice type=order>\n We, the Sleepless, will then take care of them. The resistance will grow.\n And we need your help.	Отдавна подозираме, че контролът върху ума е по-слаб, когато преживееш силни емоции или когато ти се случи нещо много необичайно. \n Затова вярваме, че Операция Пробуждане, синхронизирана с твоя старт, ще изкара някои хора от сън. \n <voice type=order>\n Ние, Бесънните, ще се погрижим за тях. Съпротивата ще расте.\n И ни е нужна твоята помощ.	Nous soupçonnons depuis longtemps que le contrôle mental est plus faible lorsque vous ressentez des émotions fortes ou lorsque quelque chose de très inhabituel vous arrive.\nC'est pourquoi nous pensons que l'Opération Éveil synchronisée avec votre lancement ferait sortir certaines personnes de leur torpeur.\n<voice type=order>\nNous, les Éveillés, prendrons alors soin d'eux. La résistance grandira.\nEt nous avons besoin de votre aide.	Мы долгое время подозревали, что контроль разума ослабевает, когда человек испытывает сильные эмоции или когда с ним происходит что-то необычное.\nПоэтому мы считаем, что если проведем операцию «Пробуждение» одновременно с запуском ракеты, это поможет открыть людям глаза.\n<voice type=order>\nИ мы, Неспящие, примем их к себе. Сопротивление станет сильнее.\nНам нужна твоя помощь.\n
Dialogues/prepProposition10	Well, if that's what you want. I hope to be far from here when you start awakening the people.	Е, ако това искаш. Надявам се да съм далеч оттук, когато започнеш да будиш хората.	Eh bien, si c'est ce que vous voulez. J'espère être loin d'ici quand vous commencerez à réveiller les gens.	Ну, если вам этого так хочется. Надеюсь, к моменту, когда люди начнут пробуждаться, я буду уже далеко отсюда.
Dialogues/bobProposition11	We prefer resistance to escape, but all we need from you is a sign when you are ready for the launch of the rocket.\nWhen you are ready to go, please light this red light in your bedroom.\nThen wait for our arrival before you start the launch procedure. \nI will bring people that put the most <color=yellow>trust</color> in you.\n	Предпочитаме съпротивата пред бягството, но всичко, което ни трябва от теб, е знак, когато си готов за изстрелването на ракетата.\nКогато си готов да тръгнеш, запали тази червена лампа в спалнята си.\nСлед това изчакай нашето пристигане, преди да започнеш процедурата по изстрелване. \nЩе доведа хора, които са най-добри в това. <color=yellow>доверие</color> в теб.\n	Nous préférons la résistance à la fuite, mais tout ce dont nous avons besoin de votre part est un signe lorsque vous êtes prêt pour le lancement de la fusée.\nLorsque vous êtes prêt à partir, allumez cette lumière rouge dans votre chambre.\nAttendez ensuite notre arrivée avant de commencer la procédure de lancement.\nJ'amènerai les personnes qui ont le plus <color=yellow>confiance</color> en vous.	Мы предпочитаем сопротивляться, а не бежать, но от тебя нам требуется лишь одно: дай нам знать, когда соберешься запускать ракету.\nКогда будешь готов, пожалуйста, зажги красный свет у себя в спальне.\nИ не начинай запуск, пока не дождешься нас.\nЯ приведу тех, кто тебе больше всего <color=yellow>доверяет</color>.
Dialogues/prepProposition12	<voice type=acceptance>\nRed light. Got it. I just need to tie up some loose ends before I go.	<voice type=acceptance>\nЧервен свет. Разбрах. Просто трябва да свърша няколко неща преди да тръгна.	<voice type=acceptance>\nLumière rouge. Compris. J'ai juste besoin de régler quelques détails avant de partir.	<voice type=acceptance>\nКрасный свет. Понял. Правда, сначала мне нужно разобраться с парой нерешенных дел.
Dialogues/bobProposition13	<voice type=thanks>\nGreat. See you on the day of the operation, Prepper.	<voice type=thanks>\nЧудесно. Виждаме се в деня на операцията, препър.	<voice type=thanks>\nGénial. Rendez-vous le jour de l'opération, Prepper.	<voice type=thanks>\nОтлично. Увидимся в день операции, Выживальщик.
Dialogues/agentReveal1	Hello, Mr. Prepper. 	Здравей, г-н Препър.	Bonjour, Mr. Prepper.	Здравствуйте, мистер Выживальщик.
Dialogues/prepReveal2	<voice type=greeting>\nOh. Hello. I… I didn't expect an inspection right now. I thought they… are no longer needed.	<voice type=greeting>\nО. Здравей. Аз… не очаквах проверка точно сега. Мислех, че те… вече не са нужни.	<voice type=greeting>\nOh. Bonjour. Je… je ne m'attendais pas à une inspection maintenant. Je pensais que… ce n'était plus nécessaire.	<voice type=greeting>\nО. Здравствуйте. Я... я сегодня не ждал проверок. Думал, они... больше не нужны.
Dialogues/agentReveal3	<voice type=surprise>\nAh, you recognized me without my glasses! You are very perceptive, Mr. Prepper! \nI thought my disguise will last for longer and I will be able to surprise you.\n<voice type=negation>\nAnd as for the inspection… I don't do this kind of things anymore.\n	<voice type=surprise>\nА, позна ме без очилата! Много си наблюдателен, господин Препър! \nМислех, че моят костюм ще издържи по-дълго и ще мога да ви изненадам.\n<voice type=negation>\nА за проверката... вече не се занимавам с такива неща.\n	<voice type=surprise>\nAh, vous m'avez reconnu sans mes lunettes! Vous êtes très perspicace, Mr. Prepper!\nJe pensais que mon déguisement durerait plus longtemps et que je pourrai vous surprendre.\n<voice type=negation>\nEt pour ce qui est de l'inspection… je ne fais plus ce genre de choses.	<voice type=surprise>\nО, как быстро вы узнали меня без очков! Вы очень проницательны, мистер Выживальщик!\nЯ надеялся, что моя маскировка продержится хоть немного, и мне удастся застать вас врасплох!\n<voice type=negation>\nЧто до проверки... Я этим больше не занимаюсь.
Dialogues/prepReveal4	It's not the lack of glasses that gave you away. It's just that I know your voice very well.\n“This is standard procedure,” you know.\nBut I must admit, Mr. Agent, that I'm confused. I don't know the purpose of your visit.\n	Не е заради липсата на очила. Просто познавам гласа ти много добре.\n„Това е стандартна процедура“, знаеш.\nНо трябва да призная, господин Агент, че съм объркан. Не знам целта на посещението ти.\n	L'absence de vos lunettes n'y est pour rien. C'est juste que je connais très bien votre voix.\n"C'est la procédure standard", vous savez.\nMais je dois admettre, Mr. Agent, que je suis confus. Quel est le but de votre visite.	Не в очках дело.\nПросто я хорошо помню ваш голос.\n«Это стандартная процедура» и прочее.\nНо, если честно, мистер Агент, вы и правда сбили меня с толку. Я не понимаю, зачем вы пришли.
Dialogues/agentReveal5	Oh, Mr. Prepper. Please call me Minuteman from now on.	О, господин Препър. Моля, наричай ме Минуteman отсега нататък.	Oh, Mr. Prepper. Veuillez m'appeler Minuteman à partir de maintenant.	О, мистер Выживальщик, зовите меня Минитменом.
Dialogues/prepReveal6	<voice type=question>\n…		<voice type=question>\n…	<voice type=question>\n...
Dialogues/agentReveal7	Oh, I thought you'd have this figured out already! Yes, I'm the one who was sending you all the items and information. \n<voice type=thanks>\nAnd thank you for answering my requests, Mr. Prepper!	О, мислех, че вече си разбрал всичко! Да, аз съм този, който ти изпращаше всички предмети и информация. \n<voice type=thanks>\nИ благодаря, господин препър, че отговори на моите заявки!	Oh, je pensais que vous l'aviez déjà compris! Oui, c'est moi qui vous ai envoyé tous ces objets et informations.\n<voice type=thanks>\nEt merci d'avoir répondu à mes demandes, Mr. Prepper!	Ох, а я-то думал, вы меня уже раскусили!\nДа, это я отправлял вам все эти вещи и информацию.\n<voice type=thanks>\nИ спасибо, что отвечали на мои просьбы!
Dialogues/prepReveal7.1	<voice type=surprise>\nSo... you want to tell me that all those inspections and reports... were just for a show?\n<voice type=anger>\nYou had fun harassing me, Minuteman?	<voice type=surprise>\nЗначи... искаш да ми кажеш, че всички тези проверки и доклади... бяха само за фасада?\n<voice type=anger>\nСега се забавляваше да ме докосваш, Минутимън?	<voice type=surprise>\nAlors ... vous voulez me dire que toutes ces inspections et ces rapports ... étaient juste pour le spectacle?\n<voice type=anger>\nVous vous êtes amusé à me harceler, Minuteman?	<voice type=surprise>\nТо есть... Вы хотите сказать, что все эти инспекции и отчеты... были просто для вида?\n<voice type=anger>\nЗдорово надо мной поиздевались, да, Минитмен?
Dialogues/agentReveal7.2	But Mr. Prepper! I had to keep up appearances!\n<voice type=order>\nI had to work well for the Agency to be able to help you!\nAnd I even resisted the urge to look under your rug!	Но господин Препър! Трябваше да поддържам външен вид!\n<voice type=order>\nТрябваше да работя добре за Агенцията да може да ти помогне!\nИ дори се усъдих да не погледна под твоя килим!	Mais Mr. Prepper! Je devais garder les apparences!\n<voice type=order>\nJ'ai dû bien travailler pour l'Agence pour être capable de vous aider!\nEt j'ai même résisté à l'envie de regarder sous votre tapis!	Но мистер Выживальщик! Никто не должен был ничего заподозрить!\n<voice type=order>\nМне приходилось хорошо выполнять работу, чтобы помогать вам!\nЯ даже пересилил себя и не заглядывал под ковер!
Dialogues/prepReveal8	<voice type=question>\nOh sure, you were just following orders. But how did you manage to escape the Agency's ambush?	<voice type=question>\nО, разбира се, просто следваше заповеди. Но как успя да избягаш от засадата на Агенцията?	<voice type=question>\nOh bien sûr, vous ne faisiez que suivre les ordres. Mais comment avez-vous réussi à échapper à l'embuscade de l'Agence?	<voice type=question>\nО, ну конечно, вы просто выполняли приказы. Но как вам удалось сбежать после засады Агентства?
Dialogues/agentReveal9	Ah, this. I was expecting to die valiantly, but it actually wasn't that bad.\nI got a tip-off about the ambush, but it turned out it was actually just one older Agent.\nHe retreated after my warning shot, possibly to get reinforcements. I used the occasion to run away from the hideout.\nAnd here I am. I couldn't resist to introduce myself with my truer identity.\n	А, това. Очаквах да умра героично, но всъщност не беше толкова зле.\nПолучих информация за засадата, но се оказа, че е само един по-възрастен агент.\nТой се оттегли след предупредителния ми изстрел, вероятно за да докара подкрепления. Използвах случая да избягам от скривалището.\nИ ето ме тук. Не можах да устоя на изкушението да се представя с истинската си самоличност.\n	Ah, ça. Je m'attendais à mourir vaillamment, mais ce n'était pas si méchant en fait.\nJ'ai eu un tuyau à proppos de l'embuscade, mais il s'est avéré qu'il ne s'agissait que d'un agent plus âgé.\nIl s'est retiré après mon coup de semonce, peut-être pour attendre des renforts. J'ai profité de l'occasion pour fuir de ma cachette.\nEt me voici. Je n'ai pas pu résister de me présenter avec ma vraie identité.	Ах да. Честно говоря, я думал, что доблестно погибну, но до этого не дошло.\nМеня предупредили о засаде, а ждал меня всего один старый Агент.\nЯ сделал предупредительный выстрел, и он отступил. Наверное, решил позвать подкрепление. Я воспользовался шансом и сбежал.\nИ вот он я, живой и здоровый. Не удержался и решил представиться в своем истинном обличии.
Dialogues/prepReveal10	<voice type=acceptance>\nOkay. I'm honored, but you still owe me some explanations. Why did you choose me as your pen pal?	<voice type=acceptance>\nДобре. Чести ме, но все още ми дължиш някои обяснения. Защо избра ме за приятел по имейли?	<voice type=acceptance>\nD'accord. Je suis honoré, mais vous me devez encore quelques explications. Pourquoi m'avez-vous choisi comme correspondant?	<voice type=acceptance>\nЯсно. Что ж, я польщен, но у меня остались вопросы. Почему вы решили писать письма именно мне?
Dialogues/agentReveal11	You caught my eye a long time ago. When we were still working together.	Забелязах те отдавна. Когато още работехме заедно.	Vous avez attiré mon attention il y a longtemps. Quand nous travaillions encore ensemble.	Я давно вас приметил. Еще во времена, когда мы работали вместе.
Dialogues/prepReveal12	<voice type=surprise>\nWhat?!	<voice type=surprise>\nКакво?!	<voice type=surprise>\nQuoi?!	<voice type=surprise>\nЧто?!
Dialogues/agentReveal13	Yeah, you probably wouldn't remember me even without your amnesia. I was just a regular Agent assigned to the Fort Observer, and you were a superstar there.	Да, вероятно нямаше да ме помниш дори без амнезията си. Бях просто обикновен агент, назначен на наблюдателната кула в крепостта, а ти беше истинска звезда там.	Ouais, vous ne vous souviendriez probablement pas de moi même sans votre amnésie. J'étais juste un agent régulier affecté à Fort Observer, et vous étiez une superstar là-bas.	А, вы наверняка бы меня не вспомнили даже без амнезии. Я был простым Агентом с базы «Наблюдатель», а вы – настоящей звездой.
Dialogues/prepReveal14	…		...	...
Dialogues/agentReveal15	Oh, stop with the false modesty, Mr. Prepper. You were a top-class engineer. Your solutions were absolutely vital to getting the Brazen Serpent up to the orbit and keeping it there.\nAnd you loved the job. You were dedicated, hardworking, and very sociable on top of that.\n<voice type=laugh>\nWhenever I saw you in the base, I thought: oh, I want to be like that guy. \n	О, стига с тази фалшива скромност, господин Препър. Ти беше топ инженер. Твоите решения бяха абсолютно жизненоважни за изстрелването на Златната змия в орбита и за задържането ѝ там.\nИ ти обичаше работата. Беше отдаден, трудолюбив и много общителен.\n<voice type=laugh>\nВсеки път, когато те виждах в базата, си мислех: о, искам да бъда като този човек. \n	Oh, arrêtez avec la fausse modestie, Mr. Prepper. Vous étiez un ingénieur de premier ordre. Vos solutions étaient absolument vitales pour amener le Serpent d'Airain en orbite et le maintenir là-haut.\nEt vous avez adoré ce boulot. Vous étiez dévoué, travailleur et très sociable en plus de ça.\n<voice type=laugh>\nChaque fois que je vous voyais dans la base, je me disais: oh, je veux être comme ce mec. 	О, давайте без ложной скромности. Вы были инженером высшего уровня. Мы смогли запустить «Медного змия» и удержать его на орбите именно благодаря вам.\nВы обожали свою работу. Вы были упорны, трудолюбивы и очень общительны. \n<voice type=laugh>\nКогда я видел вас на базе, то всегда думал: «Хочу быть похожим на этого парня».\n
Dialogues/prepReveal16	I'm not sure if I'm flattered, really. But what happened then? How did I stop working for the government?	Не съм сигурен дали съм поласкан, наистина. Но какво се случи после? Как спрях да работя за правителството?	Je ne suis pas sûr d'être flatté, vraiment. Mais que s'est-il passé alors? Comment ai-je arrêté de travailler pour le gouvernement?	Даже не знаю, комплимент это или оскорбление. Что случилось? Почему я перестал работать на правительство?
Dialogues/agentReveal17	How to put that concisely… After the successful launch of the Brazen Serpent, you got bored.\nSupervision of the satellite was just too easy, everything worked as planned.\nSo you started visiting other teams in the base, socializing, getting to know their work, seeing if you can help.\nAnd one day you visited the Inspiration & Wellbeing Department. \n	Как да го кажа накратко… След успешния старт на Змията, ти се отегчи.\nНаблюдението на сателита беше прекалено лесно, всичко вървеше по план.\nЗапочна да посещаваш други екипи в базата, да общуваш, да опознаваш работата им, да виждаш дали можеш да помогнеш.\nИ един ден посети Отдела за вдъхновение и благополучие. \n	Comment dire ça de manière concise… Après le lancement réussi du Serpent d'Airain, vous vous êtes ennuyé.\nLa supervision du satellite était trop facile, tout fonctionnait comme prévu.\nVous avez donc commencé à visiter d'autres équipes dans la base, à socialiser, apprendre à connaître leurs travaux, à voir si vous pouviez les aider.\nEt un jour, vous avez visité le département Inspiration & Bien-être.	Как бы сказать... После успешного запуска «Медного змия» вам стало скучно.\nВам было слишком просто наблюдать за спутником, он работал как часы.\nТак что вы стали заглядывать в другие отделы, общаться, разбираться в их работе, чтобы помочь.\nИ вот однажды вы зашли в отдел вдохновения и благополучия.
Dialogues/prepReveal18	Gotta love those military names these days. So what were they doing?	Трябва да обичаш тези военни имена в днешно време. Така че какво правеха?	J'adore ces noms militaires ces derniers temps. Alors que faisaient-ils?	Умеют же вояки придумывать названия. И чем там занимались?
Dialogues/agentReveal19	Well… Further testing the technology that's installed on the Brazen Serpent. The waves, you know.\nAnd they were testing them on dogs, as usual.\n	Е, още тестове на технологията, инсталирана на Змията. Вълните, знаеш.\nИ ги тестваха на кучета, както обикновено.\n	Eh bien… Tester davantage la technologie installée sur le Serpent  d'Airain. Les ondes, vous savez.\nEt ils les testaient sur des chiens, comme d'habitude.	Ну... Они продолжали тестировать технологии с «Медного змия». Волны, ну, вы знаете.\nПроводили тесты на собаках, все как обычно.
Dialogues/prepReveal20	<voice type=order>\nI'll stop you right there. I… I remember this. Wish I didn't.	<voice type=order>\nСпирам те тук. Аз… аз си спомням това. Желая да не си спомням.	<voice type=order>\nJe vous arrête là. Je… je m'en souviens. J'aurais aimé ne pas me souvenir.	<voice type=order>\nОб этом можете не рассказывать. Я... я вспомнил, что там было. И очень зря.
Dialogues/agentReveal21	Sure. In the next days you weren't yourself. And not very sociable anymore.\nThen one morning I woke up to the alarm in the base. Everyone was running around and screaming.\nTurned out somebody broke into the Inspiration & Wellbeing Department, let the dogs out, and painted the word FREEDOM in big letters on the one-way mirror in the test room.\n<voice type=laugh>\nAnd then stole one of the planes and took off without authorization. And who didn't show up for work? Our Mr. Perfect. Mr. Prepper.\n	Разбира се. В следващите дни не беше себе си. И вече не беше много общителен.\nТогава една сутрин се събудих от алармата в базата. Всички тичаха наоколо и крещяха.\nОказа се, че някой е нахлул в отдела за вдъхновение и благополучие, пуснал е кучетата и е написал думата СВОБОДА с големи букви на еднопосочното огледало в изпитателната стая.\n<voice type=laugh>\nИ тогава открадна един от самолетите и излетя без разрешение. А кой не се яви на работа? Нашият господин Перфектен. Господин Препър.\n	Bien sûr. Les jours suivants, vous n'étiez plus vraiment vous-même. Et plus très sociable.\nPuis un matin je me suis réveillé à cause de l'alarme de la base. Tout le monde courait et criait.\nIl s'est avéré que quelqu'un est entré par effraction dans le département Inspiration & Bien-être, a laissé sortir les chiens et a peint le mot LIBERTÉ en grosses lettres sur le miroir sans teint de la salle de test.\n<voice type=laugh>\nPuis il a volé l'un des avions et a décollé sans autorisation. Et qui ne s'est pas présenté au travail? Notre Mr. Parfait. Mr. Prepper.	Ну да. А следующие пару дней вы были просто сам не свой. И совсем не общительны.\nА однажды я проснулся от сигнала тревоги. Все кричали и носились по базе.\nОказалось, что кто-то проник в отдел вдохновения и благополучия, выпустил собак и написал на одностороннем зеркале тестовой камеры слово «СВОБОДА».\n<voice type=laugh>\nА потом украл один из чертежей и покинул базу без разрешения. И кто же потом не пришел на работу? Наш мистер Совершенство. Мистер Выживальщик.\n
Dialogues/prepReveal22	It seems it's all coming together.	Изглежда, че всичко се нарежда.	On dirait que tout s'assemble.	Кажется, картина складывается.
Dialogues/agentReveal23	Right? Unfortunately for you, an AA missile got you right before you went out of range.\nThey never got to the wreckage. But they found you wandering endlessly in the forest.\nThey were ready to make an example of you. \n	Да, нали? За съжаление за теб, една ракета "земя-въздух" те уцели точно преди да излезеш от обсега.\nНикога не стигнаха до останките. Но те те намериха да се скиташ безкрайно в гората.\nБяха готови да направят пример от теб. \n	Exact? Malheureusement pour vous, un missile anti-aérien vous a eu juste avant que vous ne soyez hors de portée.\nIls ne sont jamais arrivés jusqu'à l'épave. Mais ils vous ont trouvé errant sans but dans la forêt.\nIls étaient prêts à faire de vous un exemple.	Проясняется, да? К сожалению для вас и вашей попытки побега, ракета «воздух-воздух» оказалась быстрее.\nОни так и не нашли обломков. Но зато нашли вас бесцельно бродящим по лесу.\nВас собирались показательно наказать.
Dialogues/prepReveal24	<voice type=question>\nSo… Why didn't they?	<voice type=question>\nЗначи… Защо не са?	<voice type=question>\nAlors… Pourquoi ils ne l'ont pas fait?	<voice type=question>\nСобирались? Они передумали?
Dialogues/agentReveal25	They realized you're a perfect test case.	Разбраха, че си перфектният тестов случай.	Ils ont réalisé que vous étiez un sujet de test parfait.	Но потом поняли, что вы идеальный кандидат для тестов.
Dialogues/prepReveal26	<voice type=surprise>\nWhat are you talking about?	<voice type=surprise>\nЗа какво говориш?	<voice type=surprise>\nDe quoi parlez-vous?	<voice type=surprise>\nО чем это вы?
Dialogues/agentReveal27	Observing the effects of the Brazen Serpent. You lost your memory, so you were a clean slate for the mind-controlling waves. But you were known to have a strong personality.\nA perfect situation for testing the strength of the satellite, right? So they assigned an Agent to observe you and let you free. Well, “free”.\n	Наблюдавайки ефектите на Бразната змия. Загубил си паметта си, така че си бил чиста дъска за вълните, контролиращи ума. Но се знаеше, че имаш силна личност.\nПерфектна ситуация за тестване на силата на сателита, нали?\nЗатова назначиха агент да те наблюдава и да те остави на свобода. Е, „свобода“.	Observer les effets du Serpent d'Airain. Vous avez perdu la mémoire, vous étiez donc une ardoise vierge pour les ondes de contrôle mental. Mais vous étiez connu pour avoir une forte personnalité.\nUne situation parfaite pour tester la puissance du satellite, non? Alors ils ont assigné un agent pour vous observer et vous laisser en liberté. Enfin, "en liberté".	О наблюдении за влиянием «Медного змия». Вы потеряли память, на вас было очень удобно проверять волны контроля. К тому же, у вас сильный характер.\nОтличная возможность проверить силу спутника, согласитесь. Так что они назначали Агента для наблюдения и выпустили вас на свободу. Ну, на «свободу».
Dialogues/prepReveal28	<voice type=question>\nWas it you observing me?	<voice type=question>\nТи ме наблюдаваше?	<voice type=question>\nC'etait vous qui m'observiez?	<voice type=question>\nЭто вы за мной наблюдали?
Dialogues/agentReveal29	<voice type=negation>\nAh, no. That Agent got fired after you had tried to escape with a car.\nAnd then I convinced them to continue the experiment. I suggested the regular controls. They agreed.\nAnd besides, I wanted to take a closer look at you.\n	<voice type=negation>\nА, не. Този агент беше уволнен, след като се опита да избяга с кола.\nИ тогава ги убедих да продължат експеримента. Предложих им редовните контроли. Съгласиха се.\nИ освен това, исках да те разгледам по-отблизо.\n	<voice type=negation>\nAh non. Cet agent a été renvoyé après votre tentative d'évasion en voiture.\nEt puis je les ai convaincus de continuer l'expérience. J'ai suggéré les inspections régulières. Ils étaient d'accord.\nEt en plus, je voulais vous regarder de plus près.	<voice type=negation>\nО нет. Того Агента уволили, когда вы попытались сбежать на машине.\nА затем я убедил их продолжить эксперимент, регулярно совершая проверки. Они согласились.\nК тому же, я хотел изучить вас повнимательней.
Dialogues/prepReveal30	<voice type=disappointment>\nThat's weird, Minuteman.	<voice type=disappointment>\nТова е странно, Минутимън.	<voice type=disappointment>\nC'est bizarre, Minuteman.	<voice type=disappointment>\nЭто странно, Минитмен.
Dialogues/agentReveal31	No, I admired you. I was fascinated. You were always different.\nAnd your escape. The dogs, the writing on the mirror. It was… beautiful.\nAnd by that time, I was already bored by the dullness of the Agency. So I decided to help you out.\nI needed to keep up appearances, so I performed all the controls dutifully, but also set up my Minuteman alter ego to help you out.\n	Не, възхищавах ти се. Бях очарован. Винаги беше различен.\nИ твоят бяг. Кучетата, писането на огледалото. Беше... красиво.\nИ дотогава вече бях отегчен от скуката на Агенцията. Затова реших да ти помогна.\nТрябваше да поддържам привидност, затова изпълних всички контроли старателно, но също така създадох алтер егото си Минуteman, за да ви помогне.\n	Non, je vous admirais. J'étais fasciné. Vous étiez toujours différent.\nEt votre évasion. Les chiens, l'écriture sur le miroir. C'était... beau.\nEt à ce moment-là, j'étais déjà fatigué par la morosité de l'Agence. J'ai donc décidé de vous aider.\nJ'avais besoin de garder les apparences, alors j'ai effectué tous les contrôles consciencieusement, mais j'ai également mis en place mon alter ego Minuteman pour vous aider.	Нет, правда, я восхищался вами. Я был в восторге. Вы всегда отличались от остальных.\nИ ваш побег. Собаки, надпись на зеркале. Это было... прекрасно.\nК тому моменту мне уже наскучила рутинная работа в Агентстве. Так что я решил вам помочь.\nЯ не хотел, чтобы меня заподозрили, так что продолжал ходить на проверки. Но в то же время я начал помогать вам под видом своего альтер эго, мистера Минитмена.
Dialogues/prepReveal32	So it was all for show. And what's in it for you?	Така че всичко беше само за показ. А какво печелиш ти от това?	Tout était donc pour le spectacle. Et quel est votre intérêt dans tout ça?	То есть все это было показухой. А вам-то от этого какая выгода?
Dialogues/agentReveal33	<voice type=question>\nApart from that I sincerely wanted to help the most interesting person in Murricaville?	<voice type=question>\nОсвен това, искрено исках да помогна на най-интересния човек в Мърикавил?	<voice type=question>\nÀ part vouloir sincèrement aider la personne la plus intéressante de Murricaville?	<voice type=question>\nКроме того, что я искренне хотел помочь самому интересному человеку в Мерикосвиле?
Dialogues/prepReveal34	<voice type=acceptance>\nYes, apart from that.	<voice type=acceptance>\nДа, освен това.	<voice type=acceptance>\nOui, à part ça.	<voice type=acceptance>\nДа, кроме.
Dialogues/agentReveal35	So, Mr. Prepper, you need to know that in the Agency I had access to sources more reliable than Our Truth (bless the President). \n And the international situation is really, really tense. See, the Brazen Serpent doesn't affect only our great country.\n I'm afraid a foreign attack is imminent.	Така че, г-н Препър, трябва да знаеш, че в Агенцията имах достъп до източници, по-надеждни от Нашата Истина (да благослови Президента). \n И международната ситуация е наистина, наистина напрегната. Виж, Змията не засяга само нашата велика страна. \n Страхувам се, че чуждестранна атака е неизбежна.	Donc, Mr. Prepper, vous devez savoir que, dans l'Agence, j'avais accès à des sources plus fiables que Notre Vérité (gloire au Président).\nEt la situation internationale est vraiment, vraiment tendue. Vous voyez, le Serpent d'Airain n'affecte pas que notre grand pays.\nJe crains qu'une attaque étrangère ne soit imminente.	Мистер Выживальщик, знайте, в Агентстве у меня были источники надежнее «Нашей правды» (боже, храни Президента).\nМеждународные отношения сейчас очень, очень напряженные. «Медный змий» затронул не только нашу великую страну.\nБоюсь, международного конфликта не избежать.
Dialogues/prepReveal36	<voice type=order>\nAnd so you want…	<voice type=order>\nИ така искаш…	<voice type=order>\nEt donc vous voulez...	<voice type=order>\nИ вы хотите, чтобы...
Dialogues/agentReveal37	<voice type=upset>\nMr. Prepper, I have gone out of my way so many times…	<voice type=upset>\nГ-то Препър, толкова пъти съм се изтъркал…	<voice type=upset>\nMr. Prepper, je suis sorti du droit chemin tant de fois...	<voice type=upset>\nМистер Выживальщик, я приложил столько усилий...
Dialogues/prepReveal38	<voice type=order>\nTo the point, please.	<voice type=order>\nНакратко, моля.	<voice type=order>\nAu but, s'il vous plaît.	<voice type=order>\nДавайте ближе к делу.
Dialogues/agentReveal39	<voice type=acceptance>\nI want to get away with you in your rocket.	<voice type=acceptance>\nИскам да избягам с теб в твоя ракета.	<voice type=acceptance>\nJe veux partir avec vous dans la fusée.	<voice type=acceptance>\nЯ хочу улететь с вами на вашей ракете.
Dialogues/prepReveal40	See, and that's a concrete answer!\n<voice type=negation>\nNo, not gonna happen.	Виждаш, и това е конкретен отговор!\n<voice type=negation>\nНе, няма да стане.	Voyez, et c'est une réponse ferme!\n<voice type=negation>\nNon, ça n'arrivera pas.	Наконец конкретный ответ!\n<voice type=negation>\nНет, ничего не выйдет.
Dialogues/agentReveal41	<voice type=disappointment>\nBut Mr. Prepper…!	<voice type=disappointment>\nНо г-н Препър…!	<voice type=disappointment>\nMais Mr. Prepper…!	<voice type=disappointment>\nНо мистер Выживальщик!..
Dialogues/prepReveal42	<voice type=negation>\nNo, it's impossible, there's only one place inside. And I'm pretty sure you can't control a rocket.	<voice type=negation>\nНе, невъзможно е, има само едно място вътре. И си сигурен, че не можеш да управляваш ракета.	<voice type=negation>\nNon, c'est impossible, il n'y a qu'une seule place à l'intérieur. Et je suis presque sûr que vous ne savez pas piloter une fusée.	<voice type=negation>\nЭто невозможно, там всего одно место. И я более чем уверен, что управлять ракетой вы не умеете.
Dialogues/agentReveal43	<voice type=fear>\nMr. Prepper! We are all in grave danger! We cannot know how much longer Murricaville and the whole country will survive!	<voice type=fear>\nГ-то Препър! Всички сме в сериозна опасност! Не знаем колко ще издържат Мъритикайл и цялата страна!	<voice type=fear>\nMr. Prepper! Nous sommes tous en grave danger! On ne peut pas savoir pour combien de temps encore Murricaville et le reste du pays survivront!	<voice type=fear>\nМистер Выживальщик! Нам всем грозит смертельная опасность! Мы понятия не имеем, сколько еще протянет Мерикосвиль и вся страна!
Dialogues/prepReveal44	<voice type=acceptance>\nWell… okay. You can use my bunker after I fly away. I won't need it anymore.\nThe equipment is not compliant with the Security & Wellbeing Act, but I hope you don't mind.\n	<voice type=acceptance>\nДобре… добре. Можеш да използваш моя бункер, след като отлетя. Няма да ми трябва повече.\nОборудването не отговаря на изискванията на Закона за сигурност и благосъстояние, но се надявам, че няма да имаш нищо против.\n	<voice type=acceptance>\nBon, Ok. Vous pouvez utiliser mon bunker après mon départ. Je n'en ai plus besoin.\nL'équipement n'est pas conforme à la loi sur la Sécurité et le Bien-être, mais j'espère que ça ne vous dérangera pas.	<voice type=acceptance>\nНу... ладно. После того, как я улечу, можете пользоваться моим бункером. Он мне больше не понадобится.\nОборудование не соответствует акту о безопасности и благополучии, но, надеюсь, вы не будете против.\n
Dialogues/agentReveal45	<voice type=thanks>\nMr. Prepper, thank you! This will help a lot. \nAnd good luck on your flight, wherever you are going.\n<voice type=disappointment>\nI just have to admit I imagined our meeting being a bit… warmer.\n	<voice type=thanks>\nГ-н Препър, благодаря! Това ще помогне много. \nИ късмет на полета ти, където и да отидеш.\n<voice type=disappointment>\nТрябва да призная, че си представяха срещата ни да бъде малко… по-топла.\n	<voice type=thanks>\nMr. Prepper, merci! Ça m'aiderait beaucoup.\nEt bonne chance pour votre vol, où que vous alliez.\n<voice type=disappointment>\nJe dois juste admettre que j'imaginais cette discussion un peu plus… chaleureuse.	<voice type=thanks>\nСпасибо, мистер Выживальщик! Вы меня выручили. \nНе знаю, куда вы направляетесь, но удачи вам с полетом.\n<voice type=disappointment>\nПравда, признаюсь, я думал, что наша встреча пройдет... теплее.\n
Dialogues/prepReveal46	<voice type=order>\nThis is standard procedure, Minuteman.	<voice type=order>\nТова е стандартна процедура, Минутимън.	<voice type=order>\nC'est la procédure standard, Minuteman.	<voice type=order>\nЭто стандартная процедура, Минитмен.
Dialogues/prepPillReq	I need a pill not to fall asleep, the way is too long!	Имам нужда от хапче, за да не заспя, пътят е твърде дълъг!	J'ai besoin d'une pilule pour ne pas m'endormir, le trajet est trop long!	Нужно выпить таблетку, чтобы не уснуть. Слишком далеко ехать!
Dialogues/neighHello1	Good day, neighbor!	Добър ден, съсед!	Bonne journée, voisin!	Привет, сосед!
Dialogues/neighHello2	Hello, dear neighbor! Bless the President!	Здравей, скъпи съсед! Боже, пази президента!	Bonjour, cher voisin! Gloire au Président!	Здравствуйте, соседушка! Боже, храни Президента!
Dialogues/neighHello3	Good day, Mr. Prepper! Bless the President!	Добър ден, препър! Боже, пази президента!	Bonne journée, Mr. Prepper! Gloire au Président!	Добрый день, мистер Выживальщик! Боже, храни Президента!
Dialogues/neighHello4	Hello, dear neighbor, how are you?	Здравей, скъпи съсед, как си?	Bonjour, cher voisin, comment allez-vous?	Здравствуйте, соседушка. Как ваши дела?
Dialogues/neighBye1	Goodbye, neighbor!	Довиждане, съсед!	Au revoir, voisin!	До свидания, сосед!
Dialogues/neighBye2	Have a good day, neighbor! Until next time!	Приятен ден, съсед! До следващия път!	Passez une bonne journée, voisin! À la prochaine fois!	Хорошего дня, сосед! До встречи!
Dialogues/neighBye3	See you next time! 	До скоро!	À la prochaine!	Увидимся!
Dialogues/neighBye4	Bless the President!	Боже, пази президента!	Gloire au Président!	Боже, храни Президента!
Dialogues/prepSmallTalkHello1	Hi.	Здрасти.	Salut.	Привет.
Dialogues/prepSmallTalkHello2	Hello.	Здравей.	Bonjour.	Привет.
Dialogues/prepSmallTalkPost1	Odd...	Странно...	Bizarre...	Как странно...
Dialogues/prepSmallTalkPost2	What was that?	Какво беше това?	Qu'est-ce que c'était?	Что вы сказали?
Dialogues/prepSmallTalkPost3	Okay.	Добре.	D'accord.	Ладно.
Dialogues/prepSmallTalkPost4	Oh dear.	Ох, не.	Oh là là.	Ох, блин.
Dialogues/prepSmallTalkPost5	Yeah, sure.	Да, разбира се.	Ouais bien sûr.	Да, конечно.
Dialogues/prepSmallTalkGenericResponse	...		...	...
Dialogues/neighSmallTalk1	What a lovely day!	Какъв прекрасен ден!	Quelle belle journée!	Какой чудесный день!
Dialogues/prepSmallTalk2	Yeah, sure, I guess.	Да, разбира се, предполагам.	Ouais, bien sûr, je suppose.	Да, вроде неплохой.
Dialogues/neighSmallTalkA1	The weather is fantastic today! I'm sure it's thanks to our government.	Времето е страхотно днес! Сигурен съм, че е благодарение на нашето правителство.	Le temps est fantastique aujourd'hui! Je suis sûr que c'est grâce à notre gouvernement.	Погодка сегодня чудесная! За это нужно благодарить наше правительство.
Dialogues/prepSmallTalkA2	Uhm... Sure.	Е, добре.	Euh ... Bien sûr.	Эм... Как скажете.
Dialogues/neighSmallTalkAA1	I was just wondering... Have you seen any dogs around lately?	Чудех се... Виждал ли си някакви кучета наоколо напоследък?	Je me demandais juste ... Avez-vous vu des chiens récemment?	У меня вопрос... Вы собак в последнее время не видели?
Dialogues/prepSmallTalkAA2	No, can't say I have.	Не, не мога да кажа, че имам.	Non, je ne peux pas dire que j'en ai vu.	Нет, никаких собак.
Dialogues/neighSmallTalkB	You have a very pretty house! It's very similar to mine.	Имаш много хубава къща! Много прилича на моята.	Vous avez une très jolie maison! Elle est très similaire à la mienne.	У вас очень красивый дом! У меня почти такой же.
Dialogues/neighSmallTalkC	Every day I feel thankful for living in Murricaville. Why would anyone want to leave?	Всеки ден съм благодарен, че живея в Мъррикавил. Защо някой би искал да си тръгне?	Chaque jour, je suis reconnaissante de vivre à Murricaville. Pourquoi quelqu'un voudrait-il partir?	Я каждый день радуюсь тому, что живу в Мерикосвиле. Зачем куда-то уезжать?
Dialogues/neighSmallTalkD	I used to have some trouble with insomnia, but now I sleep through the night every time.	Спя като бебе всяка нощ.	J'avais des problèmes d'insomnie, mais maintenant je fais des nuits complètes à chaque fois.	Раньше меня мучила бессонница, но теперь я всегда крепко сплю.
Dialogues/neighSmallTalkE	I'm so forgetful lately! Yesterday I forgot where I keep my salt, can you imagine?	Забравих къде държа солта си! Можеш ли да си представиш?	Je suis tellement distraite ces derniers temps! Hier, j'ai oublié où mon sel était rangé, vous imaginez?	У меня совсем голова дырявая стала! Вчера из нее вылетело, где я храню соль, представляете?
Dialogues/neighSmallTalkF	Did you know that Murricaville County has one of the most diverse landscapes in the US?\nNot that I ever feel the need to leave the town, but it's truly remarkable!	Знаеш ли, че окръг Мюрикавил има един от най-разнообразните пейзажи в САЩ?\nНе че някога ми се налага да напускам града, но наистина е забележително!	Saviez-vous que le comté de Murricaville possède l'un des paysages les plus diversifiés des États-Unis?\nNon pas que j'aie jamais ressenti le besoin de quitter la ville, mais c'est vraiment remarquable!	Вы знали, что в округе Мерикосвиля чуть ли не самая разнообразная природа во всей стране?\nМне, конечно, незачем выезжать из города, но красота неописуемая!
Dialogues/neighSmallTalkG	Life is great in Murricaville, but I'm reading in Our Truth that the foreign powers want to destroy our way of life. \nThis worries me a lot!	Животът в Мюрикавил е страхотен, но чета в Нашата Истина, че чуждите сили искат да унищожат нашия начин на живот. \nТова ме притеснява много!	La vie est belle à Murricaville, mais j'ai lu dans Notre Vérité que les puissances étrangères veulent détruire notre mode de vie.\nÇa m'inquiète beaucoup!	В Мерикосвиле прекрасно, но в «Нашей правде» пишут, что зарубежные страны хотят уничтожить наш образ жизни.\nМеня это очень беспокоит!
Dialogues/neighQuest1	Can I borrow some <color=white>sugar</color>?	Мога да взема малко <color=white>захар</color>?	Puis-je vous emprunter du <color=white>sucre</color>?	Я могу одолжить немного <color=white>сахара</color>?
Dialogues/neighQuest2	I ran out of <color=white>salt</color>. Can I borrow some?	Изчерпах <color=white>солта</color>. Мога да взема малко?	Je n'ai plus de <color=white>sel</color>. Puis-je vous en emprunter?	У меня кончилась <color=white>соль</color>. Можете одолжить?
Dialogues/neighQuest3	Can I borrow some <color=white>flour</color>?	Мога да взема малко <color=white>брашно</color>?	Puis-je vous emprunter de la <color=white>farine</color>?	Одолжите мне немного <color=white>муки</color>?
Dialogues/neighQuestComplite	Hello, neighbor!\nI have this for you!	Здравей, съсед!\nЕто ти това!	Bonjour voisin!\nJ'ai ça pour vous!	Привет, сосед!\nЭто для тебя!
Dialogues/neighThankYou	Thank you, neighbor!	Благодаря, съсед!	Merci, voisin!	Спасибо, сосед!
Dialogues/herbGoodbye1	<voice type=greeting>\nHello, Buttercup. So it's finally the time for you to shoot forth!	<voice type=greeting>\nЗдравей, Батерика. Накрая дойде време да се изстреляш!	<voice type=greeting>\nBonjour bouton d'or. Il est donc enfin temps pour toi de bourgeonner!	<voice type=greeting>\nЗдравствуй, лютик мой. Что ж, наконец пришло твое время распрощаться с корнями.
Dialogues/prepGoodbye2	<voice type=greeting>\nHello, Jenny! Do you always speak in plant metaphors?	<voice type=greeting>\nЗдравей, Джени! Винаги ли говориш с метафори за растения?	<voice type=greeting>\nBonjour Jenny! Vous parlez toujours en métaphores végétales?	<voice type=greeting>\nПривет, Дженни! Ты всегда говоришь метафорами про растения?
Dialogues/herbGoodbye3	Only when I find it fruitful. 	Само когато го намеря за полезно.	Seulement quand je trouve ça fructueux.	Только когда они сочно звучат.
Dialogues/prepGoodbye4	<voice type=acceptance>\nRight. It's the first time I see you outside the forest, by the way.	<voice type=acceptance>\nДобре. Първи път те виждам извън гората, между другото.	<voice type=acceptance>\nBien. C'est la première fois que je vous vois en dehors de la forêt, d'ailleurs.	<voice type=acceptance>\nАга. К слову, впервые вижу тебя за пределами леса.
Dialogues/herbGoodbye5	I needed to be there for the operation. I want to see if everyone feels well after my herbs, you know.\nAnd I'd also like to see Mary. See if anything can help her remember her life.\nIf not, I'll just see if she's alright.	Трябваше да съм там за операцията. Искам да видя дали всички се чувстват добре след моите билки, знаеш.\nИ също така искам да видя Мери. Да видя дали нещо може да й помогне да си спомни живота си.\nАко не, просто ще видя дали е добре.	J'avais besoin d'être là pour l'opération. Je veux voir si tout le monde se sent bien avec mes herbes, tu sais.\nEt j'aimerais aussi voir Mary. Regarde si quelque chose peut l'aider à se souvenir de sa vie.\nSi non, j'irai voir si elle va bien.	Там я была для операции. А сейчас хочу убедиться, что людям полегчало после моих трав. \nА еще хорошо бы увидеться с Мэри. Может, я все-таки смогу вернуть ей память.\nА если нет, то просто проведаю ее.
Dialogues/prepGoodbye6	<voice type=disappointment>\nI'm… sorry. I took part in this. The Brazen Serpent program. Some of the memories got back to me.	<voice type=disappointment>\nСъжалявам… участвах в това. Програмата „Бразна Змия“. Някои от спомените ми се върнаха.	<voice type=disappointment>\nJe suis désolé. J'ai participé à ça. Le programme Serpent d'Airain. Certains souvenirs me sont revenus.	<voice type=disappointment>\nМне... жаль. Я принимал в этом участие. В программе «Медный змий». Мне удалось кое-что вспомнить.
Dialogues/herbGoodbye7	<voice type=acceptance>\nI know, Buttercup. But you're a different person now. This is what matters.\nAfter all, it was your decision to escape them. And I remember the search for you after the crash.\nI have been observing it from my small hideouts in the forest. They deployed great force, and they wanted your blood.\nBut they didn't expect to find you completely lost, not remembering anything, apparently already under the influence of the satellite.	<voice type=acceptance>\nЗнам, Buttercup. Но ти си различен човек сега. Това е важното.\nВ крайна сметка, това беше твоето решение да избягаш от тях. И си спомням търсенето на теб след катастрофата.\nНаблюдавах ги от малките си укрития в гората. Разположиха голяма сила и искаха твоята кръв.\nНо те не очакваха да те намерят напълно изгубен, без да помниш нищо, очевидно вече под влиянието на сателита.	<voice type=acceptance>\nJe sais, bouton d'or. Mais tu es une personne différente maintenant. C'est ce qui compte.\nAprès tout, c'était ta décision de leur échapper. Et je me souviens de ta recherche après l'accident.\nJ'ai tout observé depuis mes petites cachettes dans la forêt. Ils ont déployé une grande force et ils voulaient ta peau.\nMais ils ne s'attendaient pas à te retrouver complètement perdu, ne se souvenant de rien, apparemment déjà sous l'influence du satellite.	<voice type=acceptance>\nЗнаю, лютик мой. Но теперь ты другой человек. Важно только это...\nВсе-таки ты сам решил сбежать от них. Я помню, как тебя искали после крушения.\nЯ наблюдала из своего убежища в лесу. Они хотели отомстить, бросили на твои поиски огромные силы.\nНо они не ожидали, что найдут тебя совершенно потерянным, лишившимся памяти под воздействием спутника.
Dialogues/prepGoodbye8	<voice type=question>\nYou've seen that?	<voice type=question>\nВидя ли това?	<voice type=question>\nVous avez vu ça?	<voice type=question>\nТы это видела?
Dialogues/herbGoodbye9	With my own old eyes, yes. And then, for some reason, they decided to let you go. Perhaps they wanted to observe you.\nAnd, well… Not only they had the same idea.	С моите стари очи, да. И после, по някаква причина, те решиха да те пуснат. Може би искаха да те наблюдават.\nИ, е, не само те имаха същата идея.	De mes propres yeux, oui. Et puis, quelqu'en soit la raison, ils ont décidé de te laisser partir. Peut-être voulaient-ils t'observer.\nEt, eh bien… ce ne sont pas les seuls à avoir eu cette idée.	Да, собственными глазами. А затем они почему-то решили тебя отпустить. Возможно, хотели понаблюдать за тобой.\nНу, и... до этого додумались не только они.
Dialogues/prepGoodbye10	I know that the Sleepless had been watching me too. Have you gotten to any conclusions from the observation?	Знам, че Безсънните също ме следяха. Стигнал ли си до някакви изводи от наблюдението?	\nJe sais que les Éveillés m'observaient aussi. Avez-vous tiré des conclusions de l'observation?	Я знаю, что Неспящие тоже за мной следили. К каким выводам ты пришла, наблюдая за мной?
Dialogues/herbGoodbye11	That you are the most peculiar person around.\nAt first you seemed completely brainwashed like the most of Murricaville. But it didn't last long.\nYour determination is fascinating. You quickly started doing your own things. The Agency hadn't noticed soon enough.\nFinally, you attempted to escape with a car… And I think you remember the rest.	Ти си най-странният човек наоколо.\nПървоначално изглеждаше напълно промит мозък като повечето от Мърикавил. Но това не продължи дълго.\nТвоята решителност е очарователна. Бързо започна да правиш свои неща. Агенцията не го забеляза навреме.\nНакрая опита да избягаш с кола… И мисля, че помниш останалото.	Que tu es la personne la plus étrange qui soit.\nAu début, tu avais l'air d'avoir subi un lavage de cerveau comme la plupart ici à Murricaville. Mais ça n'a pas duré longtemps.\nTa détermination est fascinante. Tu as rapidement commencé à faire tes propres affaires. L'Agence ne l'a pas remarqué assez tôt.\nEnfin, tu as tenté de partir avec une voiture… Et je pense que tu te souviens du reste.	Ты самый необычный человек в этих местах.\nПоначалу мне казалось, что тебе полностью промыли мозги, как и всем местным. Но это продлилось недолго.\nТвоя решимость поражает. Ты быстро начал гнуть свою линию. И Агентство не успело отреагировать.\nВ итоге ты попытался сбежать на машине... Ну, а остальное ты помнишь.
Dialogues/prepGoodbye12	<voice type=thanks>\nYou know, Jenny, I'm very glad I got this letter from you. You are my favourite granny from the woods.	<voice type=thanks>\nЗнаеш ли, Джени, много се радвам, че получих това писмо от теб. Ти си моята любима баба от гората.	<voice type=thanks>\nVous savez, Jenny, je suis très content d'avoir reçu cette lettre de vous. Vous êtes ma grand-mère des bois préférée.	<voice type=thanks>\nЗнаешь, Дженни, я очень рад, что получил твое письмо. Ты самая лучшая лесная бабушка.
Dialogues/herbGoodbye13	<voice type=thanks>\nAnd you're my favourite youngster. Godspeed, Buttercup, and good luck with finding greener pastures. Remember to eat well and drink tea.	<voice type=thanks>\nИ ти си моят любим млад човек. Успех, Батъркап, и късмет да намериш по-зелени пасища. Не забравяй да ядеш добре и да пиеш чай.	<voice type=thanks>\nEt tu es mon jeune homme préféré. Bonne chance, bouton d'or et bonne chance pour trouver l'herbre plus verte ailleurs. N'oublie pas de bien manger et de boire du thé.	<voice type=thanks>\nА ты мой любимый парнишка. Счастливого пути, лютик мой, и пусть удача прорастет на твоем пути зеленым росточком. Не забывай плотно есть и пить чай.
Dialogues/prepGoodbye14	It's been an honor, Jenny. Good luck with the Awakening.	Беше чест за мен, Джени. Успех с пробуждането.	C'était un honneur, Jenny. Bonne chance pour l'Éveil.	Очень рад, что мы познакомились, Дженни. Удачи тебе с Пробуждением.
Dialogues/bobAwakening1	<voice type=greeting>\nHello, Mr. Prepper.	<voice type=greeting>\nЗдравей, господин Препър.	<voice type=greeting>\nBonjour, Mr. Prepper.	<voice type=greeting>\nПривет, мистер Выживальщик.
Dialogues/prepAwakening2	<voice type=greeting>\nHello, Bob! Glad to see you found some time to stop by before the great operation.\n<voice type=question>\nAre you prepared? Do you hear the people sing?	<voice type=greeting>\nЗдравей, Боб! Радвам се, че намери време да минеш насам преди голямата операция.\n<voice type=question>\nГотов ли си? Чуваш ли как хората пеят?	<voice type=greeting>\nBonjour Bob! Heureux de voir que vous avez trouvé le temps de passer avant la grande opération.\n<voice type=question>\nÊtes-vous prêt? Vous entendez les gens chanter?	<voice type=greeting>\nПривет, Боб! Рад видеть, что ты нашел время поздороваться перед этой своей великой операцией.\n<voice type=question>\nТы готов? Уже слышишь, как поют люди?
Dialogues/bobAwakening3	<voice type=question>\nIs it irony, Prepper? You don't believe in our cause?	<voice type=question>\nТова е ирония, препър? Не вярваш на нашата причина?	<voice type=question>\nEst-ce de l'ironie, Prepper? Vous ne croyez pas en notre cause?	<voice type=question>\nСарказм, Выживальщик? Не веришь в наше дело?
Dialogues/prepAwakening4	<voice type=negation>\nOh no, it's not that. It's just… I'm more of a solo player and I'm not seeing myself marching behind banners. \nBut I wish you all the best. Do you think you stand a chance today? Are you ready?	<voice type=negation>\nО, не, не е така. Просто… аз съм повече соло играч и не виждам себе си да марширам зад знамена.\nНо ти пожелавам всичко най-добро. Мислиш, че имаш шанс днес? Готов ли си?	<voice type=negation>\nOh non, ce n'est pas ça. C'est juste… je suis plutôt un joueur solo et je ne me vois pas manifester derrière des banderoles.\nMais je vous souhaite tout le meilleur. Pensez-vous avoir une chance aujourd'hui? Êtes-vous prêt?	<voice type=negation>\nО нет, нет. Просто я... больше одиночка, мне сложно представить себя шагающим с флагом.\nНо я желаю вам всего самого лучшего. Ты правда думаешь, что у вас сегодня есть шанс? Ты готов?
Dialogues/bobAwakening5	As we'll ever be. We have nothing to lose but chains.	Каквито и да сме. Нямаме нищо за губене освен оковите.	Comme toujours. Nous n'avons rien à perdre, à part des chaînes.	Как никогда. Нам нечего терять, кроме своих оков.
Dialogues/prepAwakening6	I like the attitude. But there's one thing, Bob. As for people loving freedom and hating surveillance so much, you have done your share of observation, am I right?	Харесвам отношението ти. Но има едно нещо, Боб. Хората обичат свободата и мразят наблюдението, нали? Ти си наблюдавал доста, нали?	J'aime cette attitude. Mais il y a une chose, Bob. En tant que personne qui aime la liberté et déteste tant la surveillance, vous avez fait votre part d'observation, n'est-ce pas?	Отличный настрой. Но у меня есть к тебе один вопрос, Боб. Вы, ребята, любите свободу и презираете слежку, но ведь и сами провели много времени за наблюдениями, так?
Dialogues/bobAwakening7	<voice type=question>\n Oh, you mean observing you? We had to, in order to understand your case and how it could help our struggle.\n Already since the plane crash we knew there's something special about you. You started tricking the Agency very early on. And most of us Sleepless require certain effort to stay outside the influence of the Brazen Serpent.\n Physical barriers, avoiding the nightly reset, regular contact with other awakened people, concentration exercises.\n And you seemed to defy the brainwashing by sheer force of will and keeping yourself busy. Remarkable!\n <voice type=thanks>\n Your example gives us hope. We feel very grateful to have you on our side. Thank you, Mr. Prepper.	<voice type=question>\n А, имаш предвид, че ни наблюдавахте? Трябваше, за да разберем твоя случай и как може да помогне на нашата борба.\n Още от самолетната катастрофа знаехме, че има нещо специално в теб. Ти започна да мамиш Агенцията още в самото начало. И повечето от нас Безсънните изискват определени усилия, за да останат извън влиянието на Безсрамния Змей.\n Физически бариери, избягване на нощното нулиране, редовен контакт с други пробудени хора, упражнения за концентрация.\n И ти изглеждаше, че се противопоставяш на промиването на мозъка със силата на волята и като се занимаваш с нещо. Забележително!\n <voice type=thanks>\n Твоят пример ни дава надежда. Много сме благодарни, че си на наша страна. Благодаря ти, г-н Препър.	<voice type=question>\nOh, vous voulez dire vous observer? Nous devions le faire pour comprendre votre cas et comment ça pouvait aider notre cause.\nDepuis l'accident d'avion, nous savions que vous aviez quelque chose de spécial. Vous avez commencé à tromper l'Agence très tôt. Et la plupart d'entre nous, Éveillés, ont besoin de certains efforts pour rester en dehors de l'influence du Serpent d'Airain.\nBarrières physiques, évitant la réinitialisation nocturne, contact régulier avec d'autres personnes éveillées, exercices de concentration.\nEt vous sembliez défier le lavage de cerveau par pure volonté et en vous occupant. Remarquable!\n<voice type=thanks>\nVotre exemple nous donne de l'espoir. Nous sommes très reconnaissants de vous avoir de notre côté. Merci, Mr. Prepper.	<voice type=question>\nНаблюдениями за тобой? Нам пришлось, как иначе было понять твои цели и можешь ли ты помочь нашему движению?\nМы поняли, что ты особенный, еще когда упал самолет. Ты очень быстро начал обманывать Агентство. Чтобы противостоять влиянию «Медного змия», большинству из Спящих требуются усилия.\nФизические барьеры, избегание ночной перезагрузки, периодические контакты с другими пробужденными, упражнения по концентрации.\nА ты не даешь промывать себе мозги чистым усилием воли и тем, что не сидишь сложа руки. Потрясающе!\n<voice type=thanks>\nТвой пример дает нам надежду. Мы очень признательны за то, что ты встал на нашу сторону. Спасибо тебе, Выживальщик.
Dialogues/prepAwakening8	<voice type=acceptance>\nYou're welcome. Don't think I'll forget all this ‘don't go to the lower levels of the mine' thingie, though.\nGood luck today. May the whole town become sleepless.	<voice type=acceptance>\nДобре дошъл. Не мисля, че ще забравя цялата тази работа с "не ходи на долните нива на мината".\nУспех днес. Нека цялото градче стане безсънно.	<voice type=acceptance>\nDe rien. Ne pensez pas que j'oublierai tout ça, "n'allez pas aux niveaux inférieurs de la mine", cependant.\nBonne chance pour aujourd'hui. Que toute la ville s'éveille.	<voice type=acceptance>\nПожалуйста. Только не думай, что я забуду это твое «не спускайся на нижние уровни шахты».\nУдачи тебе сегодня. И пусть весь город станет Неспящим.
Dialogues/bobAwakening9	Hopefully. And good luck with your shiny metal bullet. It was a pleasure knowing you, Prepper.	Надявам се. И късмет с лъскавия ти метален куршум. Беше ми приятно да те познавам, Препър.	J'espère. Et bonne chance avec votre balle en métal brillant. Ce fut un plaisir de vous connaître, Prepper.	Хочется в это верить. А тебе удачи с твоей блестящей железной пулей. Было приятно с тобой познакомиться, Выживальщик.
Dialogues/prepAwakening10	Likewise, Bob. You are my favorite bookworm revolutionary. Take care.	Също така, Боб. Ти си моят любим книжен революционер. Пази се.	De même, Bob. Vous êtes mon rat de bibliothèque révolutionnaire préféré. Prenez soin de vous.	И мне с тобой, Боб. Ты самый лучший революционер-книгочей. Береги себя.
Dialogues/herbBetaBlock	Oh, I'm sorry, Buttercup. I can't give you any more quests in the <color=yellow>beta version</color> of the game.	О, съжалявам, Батъркап. Не мога да ти дам повече задачи в <color=yellow>бета версията</color> на играта.	Oh, je suis désolé, bouton d'or. Je ne peux plus te donner de quêtes dans la <color=yellow>version beta</color> du jeu.	О, прости, лютик мой. В <color=yellow>бета-версии</color> от меня больше заданий не будет.
Dialogues/joeBetaBlock	Hey, Prepper. Sorry, but that's all you will get from me in the <color=yellow>beta version</color> of the game.	Здравай, препър. Съжалявам, но това е всичко, което ще ти дам в <color=yellow>бета версията</color> на играта.	Hé, Prepper. Désolé, mais c'est tout ce que vous obtiendrez de moi dans la <color=yellow>version beta</color> du jeu.	Привет, Выживальщик. Прости, но в <color=yellow>бета-версии</color> мне тебе больше нечего предложить.
Dialogues/bobBetaBlock	Hi Prepper, that is all from me in the <color=yellow>beta version</color> of the game. Come back in the full one!	Здравай препър, това е всичко от мен в <color=yellow>бета версията</color> на играта. Върни се в пълната!	Salut Prepper, c'est tout pour moi dans la <color=yellow>version beta</color> du jeu. Revenez dans la version finale!	Привет, Выживальщик. У меня все, больше в <color=yellow>бета-версии</color> я тебе ничем не помогу. Возвращайся, когда игра выйдет.
Dialogues/joeLaunch1	<voice type=greeting>\nHi, Prepper!	<voice type=greeting>\nЗдравей, Препър!	<voice type=greeting>\nSalut, Prepper!	<voice type=greeting>\nПривет, Выживальщик!
Dialogues/chupaLaunch2	Woof!	Уф!	Woof!	Гав!
Dialogues/prepLaunch3	<voice type=greeting>\nOh, hi, Joe! And Chupacabra! In the town! I didn't expect you here. So you're among the Sleepless now?	<voice type=greeting>\nО, здравей, Джо! И Чупакабра! В града! Не се очаквах да те видя тук. Значи вече си сред Бесъните?	<voice type=greeting>\nOh, salut, Joe! Et Chupacabra! En ville! Je ne vous attendais pas ici. Alors vous faites parti des Éveillés maintenant?	<voice type=greeting>\nО, привет, Джо! И Чупакабра! В городе! Не ожидал вас здесь увидеть. Ты примкнул к Неспящим?
Dialogues/joeLaunch4	Ya know, I'm not sure if they consider me a regular member. But I'm helping them out, yes.\nAfter all these years of reading about conspiracies and secret organizations I didn't want to miss the chance to take a closer look at one.\nThey have a bit of Illuminati vibe with all the eyes, don't they?\nAt least it's the best you can get in Murricaville County.	Знаеш ли, не съм сигурен дали ме смятат за редовен член. Но им помагам, да.\nСлед всички тези години на четене за конспирации и тайни организации не исках да пропусна шанса да погледна по-отблизо една.\nИмат малко илюминатски вид с всичките очи, нали?\nПоне това е най-доброто, което можеш да получиш в окръг Мюрикавил.	Vous savez, je ne sais pas s'ils me considèrent comme un membre régulier. Mais je les aide, oui.\nAprès toutes ces années de lecture sur les complots et les organisations secrètes, je ne voulais pas rater l'occasion d'en regarder une de plus près.\nIls ont un peu le style Illuminati avec tous ces yeux, n'est-ce pas?\nAu moins, c'est le meilleur qu'on puisse trouver dans la région de Murricaville.	Не знаю, считают ли они меня постоянным членом, но да, я им помогаю. \nЯ так много читал про заговоры и тайные организации, грех упускать шанс взглянуть на одну из них поближе.\nА из-за этих глаз от них прям веет иллюминатами, согласен?\nВ любом случае организации помасштабнее в округе Мерикосвиля не найти.\n
Dialogues/prepLaunch5	<voice type=question>\nAnd what do you think happens afterwards? After the Awakening?	<voice type=question>\nИ какво мислиш, че се случва след това? След Пробуждането?	<voice type=question>\nEt que pensez-vous qu'il se passera ensuite? Après l'Éveil?	<voice type=question>\nКак думаешь, что будет дальше? После Пробуждения?
Dialogues/joeLaunch6	<voice type=laugh>\nFunny thing is, I really don't know.\nThe expectation is that we awaken enough people to self-organize well and resist our local Agents. And then we'll see.\nWhat I'm afraid is that the Awakening triggers something else. A reaction of Deep State. A massive release of chemtrails. Ionosphere activation.\nBut whatever happens, I wanted to see it up close. It gets boring on the junkyard sometimes, you know.\n<voice type=thanks>\nAnd your launch! I know you're leaving, and I wanted to say goodbye. I think we got along well, Prepper.	<voice type=laugh>\nСмешно е, че наистина не знам.\nОчаква се да събудим достатъчно хора да се самоорганизират добре и да се съпротичат на нашите местни Агенти. И тогава ще видим.\nКакво ме притеснява е, че Пробуждането ще задейства нещо друго. Реакция на Дълбокия държавен апарат. Масивно пускане на химически следи. Активиране на ионосферата.\nНо независимо какво се случи, исках да го видя отблизо. Понякога в лагера става скучно, разбираш.\n<voice type=thanks>\nИ твоето излизане! Знам, че си тръгнал, и	<voice type=laugh>\nLe plus drôle, c'est que je ne sais vraiment pas.\nOn s'attend à ce que suffisamment de gens se réveillent pour bien s'auto-organiser et résister aux Agents. Et puis nous verrons bien.\nCe qui me fait peur, c'est que l'Éveil déclenche autre chose. Une réaction d'État Profond. Une libération massive de chemtrails. L'activation de l'ionosphère.\nMais quoi qu'il arrive, je voulais voir ça de près. Ça devient ennuyeux à la décharge parfois, vous savez.\n<voice type=thanks>\nEt votre lancement! Je sais que vous partez et je voulais vous dire au revoir. Je trouve qu'on s'entendait bien, Prepper.	<voice type=laugh>\nСамое забавное в том, что я не знаю.\nОжидается, что мы пробудим достаточно людей для самоорганизации и сопротивления местным Агентам. Ну а дальше посмотрим.\nЛично я боюсь, что Пробуждение спровоцирует что-то еще. Реакцию Глубинного государства. Массовый выпуск химотрассы. Активацию ионосферы.\nНо что бы ни случилось, я хочу наблюдать за этим в первых рядах. А то на свалке скучно живется.\n<voice type=thanks>\nКстати, о твоем запуске! Я знаю, что ты улетаешь, хочу попрощаться. Пожалуй, мы хорошо с тобой поладили, Выживальщик. 
Dialogues/prepLaunch7	<voice type=thanks>\nI think the same, Joe. I enjoyed your help and company.	<voice type=thanks>\nМисля същото, Джо. Харесах помощта и присъствието ти.	<voice type=thanks>\nJe pense la même chose, Joe. J'ai apprécié votre aide et votre compagnie.	<voice type=thanks>\nСогласен, Джо. Ты здорово помогал мне. Да и компанию составил отличную.
Dialogues/chupaLaunch8	Woof!	Уф!	Woof!	Гав!
Dialogues/prepLaunch9	Yes, and yours too, Chupacabra, of course!	Да, и твоят също, Чупакабра, разбира се!	Oui, et la tienne aussi, Chupacabra, bien sûr!	Да, и ты тоже молодец, Чупакабра!
Dialogues/joeLaunch10	But tell me one thing, Prepper. You had your share of work for a secret organization, am I right?	Но кажи ми едно нещо, Препър. Имал си доста работа за тайна организация, нали?	Mais dites-moi une chose, Prepper. Vous aviez votre part de travail dans une organisation secrète, n'est-ce pas?	Но ответь на вопрос, Выживальщик. Ты ведь и сам работал на тайную организацию, верно?
Dialogues/prepLaunch11	The word got to you, eh? Yes, I worked for the Agency, it turns out. But this was another life, a previous life.	Думата стигна до теб, а? Да, работих за Агенцията, оказа се. Но това беше друг живот, предишен живот.	Vous en avez entendu parlé, hein? Oui, il s'avère que j'ai travaillé pour l'Agence. Mais c'était dans une autre vie, une vie antérieure.	До тебя дошли слухи, да? Я и впрямь работал на Агентство. Но это была совсем другая жизнь. Она осталась в прошлом.
Dialogues/joeLaunch12	Oh, I know, don't dwell on it, Prepper. The history of the world is full of double agents and defectors. \nAnd I've heard it with my own ears how furious they were at you.	О, знам, не се задълбочавай, Препър. Историята на света е пълна с двойни агенти и дезертьори. \nИ съм чувал с ушите си колко ядосани са били на теб.	Oh, je sais, ne vous attardez pas sur ça, Prepper. L'histoire du monde est pleine d'agents doubles et de déserteurs.\nEt j'ai entendu de mes propres oreilles à quel point ils étaient furieux contre vous.	Не зацикливайся ты на этом, Выживальщик. Мировая история кишит двойными агентами и перебежчиками. \nИ я слышал, что ты их до белого каленья довел.
Dialogues/prepLaunch13	<voice type=question>\nHow so?	<voice type=question>\nКак така?	<voice type=question>\nComment ça?	<voice type=question>\nГде слышал?
Dialogues/joeLaunch14	You're not the only one who knows how to use the radio, Prepper. \nBack when Fort Observer was still active, I used to have one of my antennas directed towards the base. I would sometimes pick up some military chatter.\nMostly nothing important or just some codes I couldn't understand.\nAnd then one day the radio got off like the fireworks on July 4th. Back when we still celebrated it, that is.\nThey were yelling something about the ‘wellbeing department'. I thought somebody broke their sauna or something.\nBut then they cried in horror that somebody let the dogs out.	Не си единственият, който знае как да използва радиото, Препър. \nКогато Форт Обзървър все още беше активен, имах една от антените си насочена към базата. Понякога улавях военни разговори.\nПочти нищо важно или просто някакви кодове, които не можах да разбера.\nИ един ден радиото избухна като фойерверките на 4 юли. Преди, когато все още го празнувахме, де.\nТе крещяха нещо за "отдел за благосъстояние". Мислех, че някой е счупил своята сауна или нещо подобно.\nНо тогава те изкрещяха от ужас, че някой е пуснал кучетата.	Vous n'êtes pas le seul à savoir utiliser une radio, Prepper.\nÀ l'époque où Fort Observer était encore actif, j'avais une de mes antennes dirigée vers la base. J'entendais parfois des conversations militaires.\nEn général rien d'important ou juste quelques codes que je ne pouvais pas comprendre.\nEt puis un jour, la radio s'est déclenchée comme le feu d'artifice du 4 juillet. À l'époque où nous le célébrions encore.\nIls criaient quelque chose à propos du "département du bien-être". Je pensais que quelqu'un avait cassé leur sauna ou quelque chose comme ça.\nMais ensuite, ils pleuraient que quelqu'un avait laissé sortir les chiens.	Ты не единственный, кто умеет пользоваться радио, Выживальщик. \nКогда «Наблюдатель» еще не закрылся, одна из моих антенн была направленна на базу. Иногда я перехватывал всякую военную болтовню.\nВ основном ничего важного или просто какой-то шифр, который я не мог понять.\nА потом радио выстрелило, как фейерверк на 4 июля. Мы тогда его еще праздновали.\nТам орали что-то об «отделе благополучия». Я думал, у кого-то сломалась сауна или типа того.\nА потом они начали в ужасе орать, что кто-то выпустил собак.
Dialogues/chupaLaunch15	Woof! Woof!	Уф уф!	Woof! Woof!	Гав! Гав!
Dialogues/joeLaunch16	<voice type=acceptance>\nThat's right. And it sounded like it was a really big deal. I guess these were no regular good boys.\nThen they were telling somebody wrote ‘FREEDOM' on a glass somewhere. Like it was a curse word for them.\nAnd then there was an official announcement: it was now forbidden to repeat the written word.\nThey were also shocked after finding out who the saboteur was. I didn't pick up the name at the time. But their reaction was like the President himself had defected.\nAnd then came the alert about the unauthorized takeoff from the airfield. Everyone on the radio went nuts. They had shortly announced they were going to cut all radio communications and everything went silent.	<voice type=acceptance>\nТочно. И звучеше като нещо много важно. Наверга, тези не са били обикновени добри момчета.\nПреди това някой е казал, че някой е написал „СВОБОДА“ върху стъкло някъде. Като беше забранена дума за тях.\nИ след това имаше официално обявление: вече е забранено да се повтаря писаното.\nТе също бяха шокирани, когато разбраха кой е саботиращият. В момента не си запомнах името. Но реакцията им беше като самият президент да се е предал.\nИ след това дойде предупреждението за неразрешеното излитане от аеродрома. Всички по радиото излязоха от себе	<voice type=acceptance>\nC'est vrai. Et ça semblait être une très grosse affaire. Je suppose que ce n'étaient pas de simples chiens ordinaires.\nPuis ils disaient que quelqu'un avait écrit "LIBERTÉ" quelque part sur du verre. Comme si c'était une insulte pour eux.\nEt puis il y a eu une annonce officielle: il était désormais interdit de répéter le mot écrit.\nIls ont également été choqués après avoir découvert qui était le saboteur. Je n'ai pas compris le nom à l'époque. Mais leurs réactions étaient comme si le Président lui-même avait déserté.\nEt puis après ça, l'alerte concernant un décollage non-autorisé à l'aérodrome. Tout le monde à la radio est devenu fou. Ils ont rapidement annoncé qu'ils allaient couper toutes les communications radio et tout est devenu silencieux.	<voice type=acceptance>\nТак точно. И звучало это серьезно. Думаю, это были не обычные друзья человека.\nПотом говорили, что кто-то написал «СВОБОДА» на каком-то окне. Будто это матное слово.\nА потом сделали официальное объявление: не произносить слово вслух.\nОни были в шоке, когда узнали, кто оказался диверсантом. Я не запомнил имя, но реакция была такая, будто это сам Президент.\nА потом сработала сигнализация из-за несанкционированного взлета с аэродрома. Радио просто сошло с ума. Вскоре объявили о прекращении радиосвязи, и все затихло.\n
Dialogues/prepLaunch17	<voice type=question>\nHow did you figure out it was me?	<voice type=question>\nКак разбра си че съм аз?	<voice type=question>\nComment avez-vous compris que c'était moi?	<voice type=question>\nКак ты догадался, что это я?
Dialogues/joeLaunch18	Oh, after the crash in the forest it was just connecting the dots really.	О, след катастрофата в гората просто свързвах точките.	Oh, après le crash dans la forêt, il s'agissait simplement de relier les points.	Это было не сложно. После аварии в лесу осталось лишь сопоставить факты.
Dialogues/prepLaunch19	<voice type=question>\nSo why were you willing to help a former Agent?	<voice type=question>\nЗащо си готов да помогнеш на бивш агент?	<voice type=question>\nAlors pourquoi étiez-vous prêt à aider un ancien Agent?	<voice type=question>\nПочему ты помогаешь бывшему агенту?
Dialogues/joeLaunch20	Oh, come on, Prepper. Me, a collaborator of a secret rebel organization, and a defector from the government agency? It's the stuff of my dreams. 	Е, хайде, Препър. Аз, сътрудник на тайна бунтовническа организация, и дезертьор от правителствената агенция? Това е като от мечтите ми.	Oh, allons, Prepper. Moi, un collaborateur d'une organisation rebelle secrète et un transfuge de l'Agence gouvernementale? C'est le truc de mes rêves.	Да ладно тебе, Выживальщик. Я, член секретной повстанческой организации, и дезертир правительственного Агентства? Да это просто мечта!
Dialogues/prepLaunch21	<voice type=acceptance>\nRight. I was happy to do some of the conspiring with you.	<voice type=acceptance>\nДобре. Радвам се, че участвах в някои от замините с теб.	<voice type=acceptance>\nBien. Je suis heureux d'avoir fait parti de la conspiration avec vous.	<voice type=acceptance>\nДа уж. Мне понравилось быть с тобой в сговоре.
Dialogues/joeLaunch22	<voice type=laugh>\nHave a good flight, Prepper. And just one thing, I'm not one of those types, but just in case: remember to look out of the window and see if the Earth is really round.\nIt would be very funny if it's not!	<voice type=laugh>\nПриятен полет, Препър. И само едно нещо, не съм от тези типове, но все пак: не забравяй да погледнеш през прозореца и да видиш дали Земята наистина е кръгла.\nБи било много смешно, ако не е!	<voice type=laugh>\nBon vol, Prepper. Et juste une chose, je ne suis pas un de ces types mais, juste au cas où: n'oubliez pas de regarder par le hublot pour voir si la Terre est vraiment ronde.\nÇa serait très drôle si ce n'était pas le cas!	<voice type=laugh>\nХорошего полета, Выживальщик. И еще кое-что. Я не из этих, но на всякий случай не забудь выглянуть в окно и посмотреть, действительно ли Земля круглая.\nВот умора будет, если нет!
Dialogues/prepLaunch23	<voice type=acceptance>\nUhm. Sure. Will do. So long, Joe! And Chupacabra!	<voice type=acceptance>\nЕх. Добре. Ще го направя. До скоро, Джо! И Чупакабра!	<voice type=acceptance>\nUhm. Bien sûr. Je le ferai. Au revoir, Joe! Et Chupacabra!	<voice type=acceptance>\nХм. Да. Обязательно. Пока, Джо! И Чупакабра!
Dialogues/chupaLaunch24	Woof! Woof!	Уф уф!	Woof! Woof!	Гав! Гав!
Dialogues/willWillLaunch1	Hi, Prepper. So it's the end, huh?	Здравей, Препър. Значи това е краят, а?	Salut Prepper. Alors, c'est la fin, je crois, non?	Здорово, Выживальщик. Вот и настал конец, а?
Dialogues/prepWillLaunch2	So it seems, Will.	Така изглежда, Уил.	On dirait bien, Will.	Да, Уилл, похоже на то.
Dialogues/willWillLaunch3	You know I'm not a man of many words, Prepper. I don't quite know what to say.	Знаеш, че не съм човек на много думи, Препър. Не знам точно какво да кажа.	Tu sais, je ne suis pas un grand bavard, Prepper. Je ne sais vraiment pas quoi dire.	Оратор из меня так себе, сам знаешь. Даже не знаю, что и сказать.
Dialogues/prepWillLaunch4	Let me try: the work order that brought me to the farm led to a pretty big adventure.	Нека опитам: поръчката за работа, която ме доведе до фермата, доведе до доста голямо приключение.	Laisse-moi essayer : l'ordre de travail qui m'a amené dans cette ferme a été le début d'une grande aventure.	Тогда давай я: этот наряд на работу оказался тем еще приключением.
Dialogues/willWillLaunch5	Out of this world. At first I thought you'll just be another Agency's nuisance. I was glad to be wrong.	Извън този свят. Първоначално си мислех, че ще си просто още една досада на Агенцията. Радвам се, че грешах.	Extraordinaire. J'ai d'abord pensé que c'était encore un sale coup de l'agence. J'étais content quand je me suis rendu compte que ce n'était pas le cas.	О, невероятным. А ведь сперва я принял тебя за очередную занозу Агентства. Был рад ошибиться.
Dialogues/prepWillLaunch6	And thanks for teaching me a lot about animals. Fish, above all.	И благодаря, че ми разказа толкова много за животните. Особено за рибите.	Et merci de m'avoir appris tant de chose sur les animaux. Sur les poissons, surtout.	И я хочу сказать спасибо. Я столько от тебя узнал... о животных. И особенно насчет рыбы.
Dialogues/willWillLaunch7	You're welcome. I hope you won't give up on fishing, wherever you land.	Добре дошъл. Надявам се, че няма да се откажеш от риболова, където и да се озовеш.	De rien. J'espère que tu ne vas pas t'arrêter de pêcher, où que tu ailles.	Не за что. Куда бы ты ни попал, надеюсь, ты не забросишь рыбалку.
Dialogues/prepFinale	At last. This is where it ends.\nIn a short moment, I will be speeding away in a giant metal bullet.\nAway from here, from the dullest place on Earth.\nGoodbye, Murricaville, I won't miss you!	Най-накрая. Тук свършва всичко.\nСлед малко ще се изстрелям с гигантска метална топка.\nДалеч оттук, от най-скучното място на Земята.\nСбогом, Мъррикавил, няма да ми липсваш!	Enfin. C'est là que ça se termine.\nDans un instant, je m'élancerai à bord d'une balle géante en métal.\nLoin d'ici, de l'endroit le plus terne de la Terre.\nAu revoir, Murricaville, tu ne me manqueras pas! 	Наконец-то. Я добрался до финала.\nСовсем скоро я умчусь на гигантской стальной пуле.\nПодальше от скучнейшего места на Земле.\nПрощай, Мерикосвиль, я не буду скучать!
Dialogues/prepCookingTut	I didn't even have time for breakfast.\nMaybe I should cook something?	Нямах дори време за закуска.\nМоже би трябва да сготвя нещо?	Je n'ai même pas eu le temps de déjeuner.\nPeut-être que je devrais cuisiner quelque chose?	Я даже позавтракать не успел.\nМожет, приготовить что-нибудь?
Dialogues/prepRocketComplete	It's done.\nMy little shiny thing is complete. The last part of my ultimate escape plan.\nThe launch procedure can be started any moment. Now I just need to think if there's something left to do in Murricaville.\nThere'll be no going back, not this time.	Готово е.\nМоето малко лъскаво нещо е завършено. Последната част от моя ултимативен план за бягство.\nПроцедурата за изстрелване може да започне всеки момент. Сега просто трябва да помисля дали има нещо останало за правене в Мюрикавил.\nНяма да има връщане назад, не и този път.	C'est fait.\nMa petite babiole brillante est terminée. La dernière partie de mon plan d'évasion ultime.\nLa procédure de lancement peut être démarrée à tout moment. Maintenant, j'ai juste besoin de me demander s'il reste quelque chose à faire à Murricaville.\nIl n'y aura pas de retour en arrière possible, pas cette fois.	Готово.\nМоя красавица готова. Последняя часть моего грандиозного плана побега.\nМожно запускать в любой момент. Осталось подумать, все ли я сделал в Мерикосвиле.\nНа этот раз пути назад нет.
Dialogues/prepUnfinishedBusiness	I could fly away already or deal with some unfinished business while still here.	Мога да отлетя веднага или да се оправя с някои недовършени работи, докато съм тук.	Je pourrais partir maintenant, ou alors, m'occuper de quelques trucs inachevées pendant que je suis encore ici.	Я могу улететь прямо сейчас или разобраться с оставшимися делами.
Dialogues/bobPropositionStart	<voice type=question>\nHey, Prepper! Got a minute?	<voice type=question>\nЗдравей, Препър! Имаш ли минутка?	<voice type=question>\nHé, Prepper! Vous avez une minute?	<voice type=question>\nПривет, Выживальщик! Есть минутка?
Dialogues/outroTextPrepper	Rumble of engines. Overwhelming speed. This is what everything has led to. \nI went through a plane crash, memory loss, government surveillance. I dug myself a second home underground. And then, I fought, farmed, explored and built my way out of that damned town. \nIn my previous life, I worked for the regime. In this one, I have helped some weird dreamers like me fight it.\nOnwards! To the new beginnings. To freedom.\n...Shit.	Рев на двигатели. Преобладаваща скорост. Това е, за което всичко е било. \nПреживях самолетна катастрофа, загуба на памет, правителствено наблюдение. Изкопах си втори дом под земята. И тогава, борих се, отглеждах, изследвах и си проправих път из този проклет град. \nВ предишния си живот работех за режима. В този помогнах на някои странни мечтатели като мен да се борят с него. \nНапред! Към новите начала. Към свободата. \n...По дяволите.	Grondement de moteurs. Vitesse écrasante. C'est à ça que tout a abouti.\nJ'ai traversé un crash d'avion, une perte de mémoire, une surveillance gouvernementale. Je me suis creusé une deuxième maison sous terre. Et puis, j'ai combattu, cultivé, exploré et frayé un chemin hors de cette maudite ville.\nDans ma précédente vie, j'ai travaillé pour le régime. Dans celle-ci, j'ai aidé des rêveurs bizarres comme moi à le combattre.\nEn avant! Aux nouveaux départs. Vers la liberté.\n...Merde.	Рокот двигателей. Сумасшедшая скорость. Все было ради этого момента.\nСколько всего мне пришлось пережить: падение самолета, потерю памяти, слежку правительства. Я выкопал себе второй дом под землей. А затем сражался, занимался фермерством, путешествовал и построил способ сбежать из этого проклятого города.\nВ прошлой жизни я был слугой режима. В нынешней я помогал таким же чудаковатым мечтателям с ним бороться.\nЧто ж, вперед! К новым началам. К свободе.\n...Черт.
Dialogues/outroTextPrepper1	Rumble of engines.	Рев на двигатели.	Grondement de moteurs.	Рокот двигателей.
Dialogues/outroTextPrepper2	Overwhelming speed. 	Прекалено бързо.	Vitesse écrasante.	Сумасшедшая скорость.
Dialogues/outroTextPrepper3	This is what everything has led to.	Това е, за което всичко е било.	C'est à ça que tout a abouti.	Все было ради этого момента.
Dialogues/outroTextPrepper4	I went through a plane crash,	Претърпях самолетна катастрофа,	J'ai traversé un crash d'avion,	Я пережил падение самолета,
Dialogues/outroTextPrepper5	memory loss,	загуба на памет,	une perte de mémoire,	потерю памяти,
Dialogues/outroTextPrepper6	government surveillance.	наблюдение от правителството.	une surveillance gouvernementale.	слежку правительства.
Dialogues/outroTextPrepper7	I dug myself a second home underground.	Изкопах си втори дом под земята.	Je me suis creusé une deuxième maison sous terre.	Я выкопал себе второй дом под землей.
Dialogues/outroTextPrepper8	And then, I fought,	И тогава се бих,	Et puis, j'ai combattu,	А затем сражался,
Dialogues/outroTextPrepper9	farmed,	събрани,	cultivé,	занимался фермерством,
Dialogues/outroTextPrepper10	explored	изследвано	exploré	путешествовал
Dialogues/outroTextPrepper11	and built my way out of that damned town.	и си проправих път навън от този проклет град.	et frayé un chemin hors de cette maudite ville.	и построил способ сбежать из этого проклятого города.
Dialogues/outroTextPrepper12	In my previous life, I worked for the regime.	В предишния си живот работех за режима.	Dans ma précédente vie, j'ai travaillé pour le régime.	В прошлой жизни я был слугой режима.
Dialogues/outroTextPrepper13	In this one, I have helped some weird dreamers like me fight it.	Тук съм помогнал на някои странни мечтатели като мен да се борят с него.	Dans celle-ci, j'ai aidé des rêveurs bizarres comme moi à le combattre.	В нынешней я помогал таким же чудаковатым мечтателям с ним бороться.
Dialogues/outroTextPrepper14	Onwards!	Напред!	En avant!	Что ж, вперед!
Dialogues/outroTextPrepper15	To the new beginnings.	Към новите начала.	Aux nouveaux départs.	К новым началам.
Dialogues/outroTextPrepper16	To freedom.	Към свободата.	Vers la liberté.	К свободе.
Dialogues/outroTextPrepper17	...Shit.	...Мамка му.	...Merde.	...Черт.
Dialogues/prepGoodbyesStart1	Okay, the light has been set up. Now let's just wait for the Sleepless.	Добре, светлината е настроена. Сега просто чакаме Безсънния.	D'accord, la lumière a été installée. Maintenant, attendons juste les Éveillés.	Так, свет горит. Теперь остается только дождаться Неспящих.
Dialogues/prepGoodbyesStart2	I should go outside and look for them.	Трябва да изляза навън и да ги потърся.	Je devrais sortir et les chercher.	Надо выйти и поискать их.
Dialogues/prepSignalToEarly	It's too early for the signal. \nI have to finish the rocket first!	Твърде рано е за сигнала. \nТрябва да завърша ракетата първо!	C'est trop tôt pour le signal.\nJe dois finir la fusée en premier!	Еще рано давать сигнал.\nСначала мне нужно закончить ракету!
Dialogues/bobHi	<voice type=greeting>\n<duration value=2>\nHi, Prepper!	<voice type=greeting>\n<duration value=2>\nЗдравей, Препър!	<voice type=greeting>\n<duration value=2>\nSalut, Prepper!	<voice type=greeting>\n<duration value=2>\nПривет, Выживальщик!
Dialogues/joeHi	<voice type=greeting>\n<duration value=2>\nHowdy!	<voice type=greeting>\n<duration value=2>\nЗдравей!	<voice type=greeting>\n<duration value=2>\nYo!	<voice type=greeting>\n<duration value=2>\nЭгей!
Dialogues/herbHi	<voice type=greeting>\n<duration value=2>\nHello!	<voice type=greeting>\n<duration value=2>\nЗдравей!	<voice type=greeting>\n<duration value=2>\nBonjour!	<voice type=greeting>\n<duration value=2>\nЗдравствуйте!
Dialogues/willHi	<voice type=greeting>\n<duration value=2>\nNice to see you, Prepper.	<voice type=greeting>\n<duration value=2>\nДобре те виждам препър	<voice type=greetings>\n<duration value=2>\nContent de vous voir, Prepper.	<voice type=greeting>\n<duration value=2>\nРад тебя видеть, Выживальщик.
Dialogues/prepGoodbyeEnd1	<voice type=acceptance>\nThis is it. Time for me to go.	<voice type=acceptance>\nТова е всичко. Време е да отида.	<voice type=acceptance>\nÇa y est. Il est temps pour moi de partir.	<voice type=acceptance>\nНу вот и все. Мне пора.
Dialogues/joeGoodByeEnd2	<voice type=greeting>\nGodspeed, Prepper!	<voice type=greeting>\nУспех, препър!	<voice type=greeting>\nBonne chance, Prepper!	<voice type=greeting>\nХрани вас бог, Выживальщик!
Dialogues/herbGoodbyeEnd3	<voice type=thanks>\nGoodbye, Buttercup!	<voice type=thanks>\nДовиждане, Батерика!	<voice type=thanks>\nAu revoir, bouton d'or!	<voice type=thanks>\nПрощай, лютик мой!
Dialogues/bobGoodByeEnd4	<voice type=acceptance>\nGood luck out there. Farewell.	<voice type=acceptance>\nУспех навън. Сбогом.	<voice type=acceptance>\nBonne chance là-bas. Adieu.	<voice type=acceptance>\nУдачи вам. Прощайте.
Dialogues/chupaGoodbyeEnd5	Woof!	Уф!	Woof!	Гав!
Dialogues/willGoodbyeEnd5.5	So long!	До скоро!	Ça faisait longtemps!	До встречи!
Dialogues/prepGoodbyeEnd6	Goodbye.	Довиждане.	Au revoir.	До свидания.
Dialogues/prepLastAgentVisit	<voice type=surprise>\nWho's that? The Agent?!	<voice type=surprise>\nКой е това? Агентът?!	<voice type=surprise>\nQui c'est? L'Agent?!	<voice type=surprise>\nЭто еще кто? Агент?!
Dialogues/prepGoodbyesStart3	Oh, here they are!	Ето ги!	Oh, les voici!	О, а вот и они!
Dialogues/prepGoodbyesStart4	Hm, looks like it's only Bob.	Хм, изглежда, че е само Боб.	Hm, on dirait que c'est seulement Bob.	Хм, кажется, пришел только Боб.
Dialogues/bobPropositionIncomplete	Hi, Prepper. Are you preparing for the takeoff? We are ready for Operation Awakening.	Здравей, Препър. Готов ли си за излитането? Готови сме за Операция Събуждане.	Salut, Prepper. Vous vous préparez au décollage? Nous sommes prêts pour l'Opération Éveil.	Привет, Выживальщик. Уже готовитесь к взлету? Мы готовы начать операцию «Пробуждение».
Dialogues/bobr1	Hi, Prepper! This time I don't have anything you could help with. Perhaps you want to read something?\nI have lately bought this novel, "A Canticle for Leibovitz". A fun little story about monks.	Здравей, Препър! Този път нямам нищо, с което да ти помогна. Може би искаш да прочетеш нещо?\nНаскоро си купих този роман, "Песен за Лебовиц". Забавна малка история за монаси.	Salut, Prepper! Cette fois, je n'ai rien à vous demander. Vous voulez peut-être lire quelque chose?\nJ'ai récemment acheté ce roman, "Un Cantique pour Leibovitz". Une petite histoire amusante sur des moines.	Привет, Выживальщик! На этот раз мне не нужна твоя помощь. Может, хочешь что-нибудь почитать?\nЯ недавно купил «Страсти по Лейбовицу». Забавная историйка о монахах.
Dialogues/bobr2	Oh, hi. We have been doing another experiment today and we are now all very, very sleepy. Please come again some other time. 	Здравей. Днес правихме още един експеримент и сега всички сме много, много уморени. Моля, ела пак някой друг път.	Oh salut. Nous avons fait une autre expérience aujourd'hui et nous sommes maintenant tous très, très somnolents. Veuillez revenir une autre fois.	О, привет. Мы сегодня проводили новый эксперимент, и теперь нам жутко хочется спать. Заходи позже, пожалуйста.
Dialogues/bobr3	Hi, Prepper. Checking up on our subversive activities here? Nothing particularly interesting happening now, but you can always visit us to check again.	Здравей, Препър. Проверяваш ли нашите подривни дейности тук? Нищо особено интересно не се случва сега, но винаги можеш да ни посетиш, за да провериш отново.	Salut, Prepper. Venir observer nos activités subversives ici? Rien de particulièrement intéressant ne se passe maintenant, mais vous pouvez toujours nous rendre visite une autre fois.	Привет, Выживальщик. Проверяешь, как идет наша бунтарская деятельность? Сейчас мы не занимаемся ничем особенным, но ты заходи, мы всегда рады.
Dialogues/bobr4	Oh hello, Prepper. We're organizing a small Oxford-style debate on the validity of violent resistance tactics.\nAt least if I convince one of the team leaders to come back after she stormed out of the last one.\n...But you can also come back another time to see if we're doing something more interesting. 	Здравей, Препър. Организираме малък дебат в стил Оксфорд за валидността на тактиките за насилствена съпротива.\nПоне ако успея да убедя един от лидерите на отбора да се върне, след като излезе от последния.\n...Но можеш да се върнеш и друг път, за да видиш дали правим нещо по-интересно.	Oh bonjour, Prepper. Nous organisons un petit débat à la manière d'Oxford sur la validité des tactiques de résistance violente.\nDu moins si je convaincs l'une des chefs d'équipe de revenir après qu'elle soit sortie en trombe lors du dernier débat.\n... Mais vous pouvez aussi revenir une autre fois pour voir si nous faisons quelque chose de plus intéressant.	О, привет, Выживальщик. Мы организовываем небольшие дебаты на тему обоснованности жестоких партизанских тактик. Ну знаешь, как в университетах.\nНу, если я уговорю одного из отрядных командиров вернуться. В прошлый раз она возмущенно покинула нашу беседу.\n...Но ты можешь зайти позже, вдруг мы будем заниматься чем-то поинтереснее. 
Dialogues/bobr5	Oh hi, Prepper. I'm afraid nothing fascinating happens here now. Even subversive activity can be boring, you know.\nBut come again some other time!	Здравей, Препър. Страхувам се, че тук не се случва нищо интересно в момента. Дори подривната дейност може да бъде скучна, знаеш.\nНо ела пак някой друг път!	Oh salut, Prepper. J'ai peur que rien de fascinant ne se passe ici maintenant. Même une activité subversive peut être ennuyeuse, vous savez.\nMais revenez une autre fois!	О, привет, Выживальщик. Боюсь, у нас тут ничего интересного. Даже бунтарская деятельность бывает скучна.\nНо ты еще заходи, только попозже!
Dialogues/bobPostLaunch	Wow, that was impressive.\nAnd now the time has finally come! Let's start the Operation Awakening!\n...Heavens, what's that light?! No! A blast!\nWe are not... we are not... not prepared... not prepared... not prepared for this!\n...or are we?	Уау, това беше впечатляващо.\nИ сега най-накрая дойде времето! Да започнем Операция Събуждане!\n...Небеса, какво е тази светлина?! Не! Експлозия!\nНе сме... не сме... не сме подготвени за това!\n...или пък сме?		Ого, впечатляюще.\nВремя пришло! Начинаем операцию «Пробуждение»!\n...Боже, что это за свет?! Нет! Взрыв!\nМы... не готовы... не готовы... нет-нет... не готовы... нет-нет-нет!\n...Или готовы?
Dialogues/bobPostLaunch1	<voice type=thanks>\nWow, that was impressive.	<voice type=thanks>\nВау, това беше впечатляващо.	<voice type=thanks>\nWow, c'était impressionnant.	<voice type=thanks>\nОго, впечатляет.
Dialogues/bobPostLaunch2	And now the time has finally come! Let's start the Operation Awakening!	И сега най-накрая дойде времето! Да започнем Операция Събуждане!	Et maintenant, le moment est enfin arrivé! Commençons l'Opération Éveil!	Что ж, время наконец пришло! Начинаем операцию «Пробуждение»!
Dialogues/joePostLaunch3	Aye, aye, Captain!	Да, да, капитане!	Ouai, ouai, capitaine!	Так точно, капитан!
Dialogues/herbPostLaunch4	I'm ready. Let's sow the seeds of dissent!	Готов съм. Да посеем семената на недоволството!	Je suis prête. Semons les graines de la dissidence!	Я готов. Посеем же семена инакомыслия!
Dialogues/willPostLaunch4.2	Let's do it, I guess.	Да го направим, предполагам.	Bon, alors faisons-le.	Ну что ж, приступим.
Dialogues/scientistPostLaunch4.3	Time to bring science to the people.	Време е да донесем науката на хората.		
Dialogues/bobPostLaunch4.5	<voice type=surprise>\n!?		<voice type=surprise>\n!?	<voice type=surprise>\n?!
Dialogues/bobPostLaunch5	<voice type=anger>\nYou? What are you doing here?!	<voice type=anger>\nТи? Какво правиш тук?!	<voice type=anger>\nVous? Que faites-vous là?!	<voice type=anger>\nТы? Что ты здесь делаешь?!
Dialogues/agentPostLaunch6	I... can explain. But it's a long story, we would need plenty of time.\nBut I'm on your side!	Мога да обясня. Но е дълга история, ще ни трябва много време.\nНо съм на твоя страна!	Je... peux expliquer. Mais c'est une longue histoire, il nous faudrait plus de temps.\nMais je suis de votre côté!	Я... могу все объяснить. Это долгая история, понадобится много времени.\nНо я на вашей стороне!
Dialogues/bobPostLaunch7	<voice type=surprise>\n...Heavens, what's that light?!	<voice type=surprise>\n...О, какво е това светлина?!	<voice type=surprise>\n... Ciel, quelle est cette lumière?!	<voice type=surprise>\n...Господи, что это за свет?!
Dialogues/bobPostLaunch8	<voice type=fear>\nNo! A blast!	<voice type=fear>\nНе! Експлозия!	<voice type=fear>\nNon! Une explosion!	<voice type=fear>\nНет! Взрыв!
Dialogues/agentPostLaunch9	<voice type=fear>\nI have been right about it!	<voice type=fear>\nБеше прав!	<voice type=fear>\nJ'avais raison!	<voice type=fear>\nЯ был прав!
Dialogues/scientistPostLaunch9.5	It wasn't me!	Не бях аз!		
Dialogues/joePostLaunch10	<voice type=fear>\nI didn't sign up for that!	<voice type=fear>\nНе съм се регистрирал за това!	<voice type=fear>\nJ'ai pas signé pour ça!	<voice type=fear>\nЯ на такое не подписывался!
Dialogues/herbPostLaunch11	<voice type=fear>\nGoodness gracious! Don't look, Bob. We will get through this.	<voice type=fear>\nБоже мой! Не гледай, Боб. Ще преминем през това.	<voice type=fear>\nBon dieu! Ne regarde pas, Bob. On va s'en sortir.	<voice type=fear>\nБожечки! Закрой глаза, Боб. Мы справимся.
Dialogues/willPostLaunch11.5	<voice type=fear>\nNo! It's horrible! Henry, stay strong, we'll get through this!	<voice type=fear>\nНе! Това е ужасно! Хенри, бъди силен, ще преминем през това!	<voice type=fear>\nNon! C'est horrible! Tiens bon Henry, on va y arriver!	<voice type=fear>\r\nНет! Генри, не опускай руки, мы справимся!
Dialogues/bobPostLaunch12	<voice type=fear>\nWe are not... we are not... not prepared... not prepared... not prepared for this!	<voice type=fear>\nНие не сме... не сме... не сме готови... не сме готови... не сме готови за това!	<voice type=fear>\nNous ne sommes pas ... nous ne sommes pas ... pas préparés ... pas préparés ... pas préparés pour ça!	<voice type=fear>\nК такому... к такому... мы не... мы не... мы не готовы!
Dialogues/bobPostLaunch12a	<voice type=fear>\nI am not... I am not... not prepared... not prepared... not prepared for this!	<voice type=fear>\nНе съм... не съм... не съм подготвен... не съм подготвен... не съм подготвен за това!	<voice type=fear>\nJe ne suis pas ... je ne suis pas ... pas préparé ... pas préparé ... pas préparé pour ça!	<voice type=fear>\nЯ... я... к такому... к такому... не готов!
Dialogues/bobPostLaunch13	<voice type=question>\n...or are we?	<voice type=question>\n...или не?	<voice type=question>\n... ou le sommes-nous?	<voice type=question>\n...или готовы?
Dialogues/bobPostLaunch13a	<voice type=question>\n...or am I?	<voice type=question>\n...или съм аз?	<voice type=question>\n...ou le suis-je?	<voice type=question>\n...или готов?
Dialogues/bobAwakeningLowTrust1	<voice type=greeting>\n Hello, Mr. Prepper.	<voice type=greeting>\n Здравей, господин Препър.	<voice type=greeting>\nBonjour, Mr. Prepper.	<voice type=greeting>\nЗдравствуй, мистер Выживальщик.
Dialogues/prepAwakeningLowTrust2	<voice type=greeting>\n Hello, Bob! You're here to start your operation?	<voice type=greeting>\n Здравей, Боб! Тук си да започнеш операцията си?	<voice type=greeting>\nBonjour bob! Vous êtes ici pour commencer votre opération?	<voice type=greeting>\n Привет, Боб! Пришел начать свою операцию?
Dialogues/bobAwakeningLowTrust3	Yes, just as we agreed. I'm glad you kept your part of the deal.	Да, точно както се уговорихме. Радвам се, че си спазил своята част от сделката.	Oui, comme nous l'avions convenu. Je suis heureux que vous ayez rempli votre part du marché.	Да, как договаривались. Я рад, что ты выполнил свою часть уговора.
Dialogues/prepAwakeningLowTrust4	Oh, sure, I keep my word. Even if I'm not exactly enthusiastic about something.	Разбира се, държа на думата си. Дори и да не съм особено ентусиазиран за нещо.	Oh, bien sûr, je tiens toujours parole. Même quand je ne suis pas vraiment emballé par quelque chose.	А как иначе? Я всегда держу слово, даже если сама идея меня не сильно радует.
Dialogues/bobAwakeningLowTrust5	I have a feeling you don't really believe in the case of the Sleepless.	Имам чувството, че не вярваш на историята за Безсънните.	J'ai le sentiment que vous ne croyez pas vraiment dans la cause des Éveilés.	Что-то мне подсказывает, что ты не веришь в Неспящих и их цели.
Dialogues/prepAwakeningLowTrust6	Ah, it doesn't matter. It's just… I'm more of a solo player and I'm not seeing myself marching behind banners.\nAnd I just prefer to leave it all behind rather than fight.	А, няма значение. Просто… аз съм по-скоро соло играч и не виждам себе си да марширувам зад знамена.\nИ просто предпочитам да оставя всичко зад себе си, вместо да се бия.	Ah, ça n'a pas d'importance. C'est juste… je suis plutôt un joueur solo et je ne me vois pas manifester derrière des banderoles.\nEt je préfère simplement tout laisser derrière moi plutôt que de me battre.	А, да это неважно. Просто... я одиночка и вряд ли смогу шагать под чьими-то знаменами.\nУж лучше я оставлю все в прошлом, чем буду сражаться.
Dialogues/bobAwakeningLowTrust7	I respect that. I hope you will find the peace you seek.	Разбирам те. Надявам се да намериш спокойствието, което търсиш.	Je respecte ça. J'espère que vous trouverez la paix que vous recherchez.	Я это уважаю. Надеюсь, ты найдешь покой.
Dialogues/prepAwakeningLowTrust8	Thanks. Good luck with your subversive activities.	Благодаря. Успех с твоите подривни дейности.	Merci. Bonne chance dans vos activités subversives.	Спасибо. Удачи в вашей бунтарской деятельности.
Dialogues/bobAwakeningLowTrust9	Goodbye, Prepper.	Довиждане, Препър.	Au revoir, Prepper.	Прощай, Выживальщик.
Dialogues/prepAwakeningLowTrust10	Goodbye, Bob.	Довиждане, Боб.	Au revoir, Bob.	Прощай, Боб.
Dialogues/prepJacketPickUp1	This must be Bob's jacket.	Това трябва да е якето на Боб.	Ça doit être la veste de Bob.	Должно быть, это куртка Боба.
Dialogues/prepJacketPickUp2	I can't see the next mining pass in here.\nI will have to look for it elsewhere.	Не виждам следващия минен пропуск тук.\nЩе трябва да го потърся другаде.	Je ne vois pas le prochain Pass de la mine ici.\nJe vais devoir le chercher ailleurs.	Здесь пропуска на следующий уровень шахты нет.\nНужно поискать в другом месте.
Dialogues/prepVedingMachine	<voice type=laugh>\nOne energy drink for five coins. Sounds good.	<voice type=laugh>\nЕнергиен напиток за пет монети. Звучи добре.	<voice type=laugh>\nUne boisson énergisante pour cinq pièces. Ça m'a l'air bien.	<voice type=laugh>\nЭнергетик за 5 монет. Не так дорого.
Dialogues/prepNeedMonayV	I need 5 coins for this.	Имам нужда от 5 монети за това.	Il me faut 5 pièces pour ça.	Мне нужно 5 монет.
Dialogues/prepBobHideoutBeetle	I don't recognize this exotic language, but it looks like something about an invasion of deadly giant bugs. Very cool.	Не разпознавам този екзотичен език, но изглежда, че става въпрос за нашествие на смъртоносни гигантски буболечки. Много готино.	Je ne reconnais pas cette langue exotique, mais ça ressemble à quelque chose sur une invasion d'insectes mortels géants. Super cool.	Я не узнаю этот экзотический язык, но, похоже, речь идет о вторжении смертоносных гигантских жуков. Очень круто.
Dialogues/prepBobHideoutBless	This poster just tells it like it is. I also like to start the day with saluting the president's head in the sky. 	Този плакат просто казва нещата такива, каквито са. Аз също обичам да започвам деня с поздрав към главата на президента в небето.	Cette affiche le montre tel qu'il est. J'aime aussi commencer la journée en saluant la tête du président dans le ciel.	Этот плакат очень жизненный. Я тоже люблю начинать день с приветствия головы Президента в небе.
Dialogues/prepSleeplessBasePillows	So here's where all the herbal teas from Jenny are being tested, I think.	Ето къде тестват всички билкови чайове от Джени, мисля.	Donc voici où toutes les tisanes de Jenny sont testées, je pense.	Похоже, именно здесь тестируется травяной чай Дженни.
Dialogues/prepSleeplessBasePosters	Catchy. Properly disturbing. Not sure if effective, though.	Завладяващо. Добре обезпокоително. Не съм сигурен дали е ефективно, обаче.	Captivant. Bien dérangeant. Pas sûr que ce soit efficace par contre.	Броско. По-настоящему жутко. Но не думаю, что очень эффективно.
Dialogues/prepSleeplessBaseChairs	I wonder how many Sleepless are there. Do they hold regular meetings?	Чудя се колко са безсънните. Имат ли редовни срещи?	Je me demande combien d'Éveillés sont là. Tiennent-ils régulièrement des meetings?	Интересно, сколько здесь Неспящих. Они проводят регулярные встречи?
Dialogues/prepSleeplessBaseContainers	There's a lot of dangerous stuff for an area that's supposedly full of hydrogen.	Има много опасни неща за място, което уж е пълно с водород.	Il y a beaucoup de choses dangereuses pour une zone supposée remplie d'hydrogène.	Тут слишком много опасных вещей для места, в котором, предположительно, полно водорода.
Dialogues/prepAlarmWrongFloor	I should place it on the upper floor. No one would see it from here.	Трябва да го сложа на горния етаж. Никой няма да го види оттук.	Je devrais placer ça à l'étage. Personne ne le verrait d'ici.	Поставлю его на верхнем этаже. Подальше от любопытных глаз.
Dialogues/prepAlarmNeedLight	The switch needs some source of light in the room to work as an alarm.	Препърът се нуждае от източник на светлина в стаята, за да работи като аларма.	L'interrupteur a besoin d'une source de lumière dans la pièce pour fonctionner comme une alarme.	Чтобы переключатель сработал, в комнате должен быть какой-нибудь источник освещения.
Dialogues/prepDesertDifferent1	How complicated can a desert be? I'd swear I haven't seen the same place twice here.	Колко сложен може да бъде един пустинен пейзаж? Кълна се, че не съм виждал едно и също място два пъти тук.	À quel point un désert peut-il être compliqué? Je jurerais que je n'ai pas vu le même endroit deux fois ici.	В пустыне так просто ориентироваться. Все такое разное, одно место никогда не спутать с другим...
Dialogues/prepDesertDifferent2	Hm, I have no memory of this place. Perhaps I took a different turn than the last time.	Хм, нямам спомен за това място. Може би съм взел различен завой от последния път.	Hum, j'ai aucun souvenir de cet endroit. Peut-être que j'ai pris un virage différent la dernière fois.	Хм, что-то я не помню этого места. Наверное, на этот раз я свернул в другую сторону.
Dialogues/prepDesertDifferent3	I was sure I was driving the same route as the last time, and yet it looks different. Is it because of these fabled mirages or what?	Бях сигурен, че карам по същия маршрут като миналия път, но изглежда различно. Дали е заради тези прословути миражи или нещо друго?	J'étais sûr de conduire sur le même itinéraire que la dernière fois, et pourtant ça a l'air différent. C'est à cause de ces histoires de mirages ou quoi?	Я был уверен, что еду по той же дороге, но она выглядит по-другому. Это что, те самые знаменитые миражи?
Dialogues/prepMineSignStone	A sign with stones. Maybe it's a good spot to mine some rocks?	Знак с камъни. Може би е добро място за добив на скали?	Un panneau avec des pierres. C'est peut-être un bon endroit pour miner de la roche?	Табличка с камнями. Может, тут залежи камней?
Dialogues/prepMineSignIron	Looks like a steel H-beam. What does it mean? A construction site?\nOr... a good place for mining iron. Let's see.	Изглежда като стоманена H-греда. Какво означава? Строителна площадка?\nИли... добро място за добив на желязо. Да видим.	Ressemble à une poutre en acier en H. Qu'est-ce que ça veut dire? Un chantier de construction?\nOu... un bon endroit pour extraire du fer. Voyons voir.	Похоже на стальной двутавр. Что бы это значило? Тут стройка?\nИли... залежи металла. Надо проверить.
Dialogues/prepMineSignSalt	Salt. It's a salt level.	Сол. Това е нивото на солта.	Sel. C'est le niveau du sel.	Соли. Это уровень с солями.
Dialogues/prepMineSignOil	I can get some oil from here. I may be able to convert it into fuel.	Мога да взема малко масло оттук. Може би ще мога да го превърна в гориво.	Je peux obtenir du pétrole ici. Je pourrais peut-être le convertir en carburant.	Здесь добывается нефть. Может, потом получится переработать ее в топливо.
Dialogues/prepMineSignCrystal	A crystal? Maybe some rare gems? Perhaps it's a good spot for mining valuables.	Кристал? Може би някакви редки скъпоценни камъни? Може би е добро място за добив на ценни неща.	Un cristal? Peut-être des gemmes rares? Ça pourrait être un bon endroit pour extraire des objets de valeur.	Кристалл? Какие-то редкие самоцветы? Наверное, тут залежи драгоценных камней.
Dialogues/prepMineSignRand	A question mark. Great. Very informative. \nI suppose no one know what's on this level.\nOr maybe it changes every time? \nWhat a crazy idea.	Въпросителен знак. Супер. Много информативно. \nПредполагам, че никой не знае какво има на този етаж. \nИли може би се променя всеки път? \nКаква луда идея.	Un point d'interrogation. Génial. Très instructif.\nJe suppose que personne ne sait ce qu'il y a à ce niveau.\nOu peut-être que ça change à chaque fois?\nQuelle idée folle.	Вопросительный знак. Здорово. Сразу все понятно.\nВидимо, никто не знает, что на этом уровне.\nИли он каждый раз меняется?\nКак дико звучит.
Dialogues/prepHerbBed	But grandmother! What small cabin do you have, said Little Prepp Riding Hood.	Но бабо! Каква малка къщичка имаш, каза Малкият Препър Червеношапчица.	Mais grand-mère! Quelle petite cabane vous avez, dit le petit chaperon Prepp.	«Но бабушка, какой же у тебя маленький домик», – сказала Выживальческая шапочка.
Dialogues/prepHerbDeerTrophy	A hunter's trophy? Perhaps there is more to the Herbalist than meets the eye.\nAnd what's the deal with these antlers?	Трофей на ловец? Може би има повече в този билкар, отколкото изглежда на пръв поглед.\nИ какво е това с тези рога?	Un trophée de chasse? Il y a peut-être plus à savoir sur l'herboriste qu'il n'y paraît.\nEt c'est quoi le truc avec ces bois de cerf?	Охотничий трофей? Может, травница не так уж и проста.\nКстати, а что за дела с этими рогами?
Dialogues/prepHerbGrowingBox	A growing box. Somehow I have a feeling these are not only decorative plants.	Кутия за отглеждане. Някак си имам чувството, че тези растения не са само декоративни.	Une jardinière. Bizarement, j'ai l'impression que ce ne sont pas que des plantes décoratives.	Теплица. Что-то мне подсказывает, что эти растения здесь не просто для украшения.
Dialogues/prepHerbTV	There's nothing worthwhile on TV since the Plague, only news about successes of government, outdated educational programs, and old westerns.	Няма нищо смислено по телевизията след Чумата, само новини за успехите на правителството, остарели образователни програми и стари уестърни.	Il n'y a rien de bien à la télévision depuis la Peste, que des nouvelles sur les succès du gouvernement, des programmes éducatifs dépassés et de vieux westerns.	Со времен начала Чумы по телевизору не идет ничего стоящего, крутят только новости об успехах правительства, устаревшие образовательные передачи и старые вестерны.
Dialogues/prepHerbWeedHook	This is probably a weeding tool. But it could definitely kill you.	Това вероятно е инструмент за плевене. Но със сигурност може да те убие.	C'est peut-être un outil de désherbage. Mais il peut certainement vous tuer.	Похоже, это садовый инструмент. Но им наверняка и убить можно.
Dialogues/prepHerbDaisyGrubber	A gardening tool or a torture device? I don't trust the cute daisy painted on it. 	Градински инструмент или устройство за мъчения? Не вярвам на сладкото маргаритка, нарисувано върху него.	Un outil de jardinage ou un instrument de torture? Je ne fais pas confiance à la mignonne marguerite peinte dessus.	Садовый инструмент или устройство для пыток? Эта милая маргаритка не внушает доверия.
Dialogues/prepBobHideoutBoard	Post-it notes always make the interior look professional.	Бележчиците винаги правят интериора да изглежда професионално.	Les post-it donnent toujours un aspect professionnel.	Стикеры всегда придают интерьеру солидный вид.
Dialogues/prepAgentMissing	Looks like there's no inspection today. Maybe the Agency is too busy.	Изглежда, че днес няма инспекция. Може би Агенцията е твърде заета.	On dirait qu'il n'y a pas d'inspection aujourd'hui. Peut-être que l'Agence est trop occupée.	Видимо, сегодня проверок не будет. Наверное, Агентству не до меня.
Dialogues/prepClosedDoors	It's closed.\nLooks like Ellipse doesn't want me to leave yet.	Затворено е.\nИзглежда, че Елипса не иска да си тръгна още.	C'est fermé.\nOn dirait qu'Ellipse ne veut pas que je parte déjà.	Заперто.\nПохоже, Эллипс пока не хочет, чтобы я уходил.
Dialogues/prepDogCage	<voice type=question>\nA cage?\nIf it's for wolves, it doesn't work too well. 	<voice type=question>\nКафез?\nАко е за вълци, не работи много добре. 	<voice type=question>\nUne cage?\nSi c'est pour les loups, ça ne marche pas très bien.	<voice type=question>\nКлетка?\nЕсли она для волков, то толку от нее немного. 
Dialogues/prepTooLate	It's too late to start this trip. \nI should come back tomorrow morning. 	Вече е късно да започнеш това пътуване. \nТрябва да се върна утре сутрин.	Il est trop tard pour commencer ce voyage. Je devrais revenir demain matin.	Уже слишком поздно выезжать.\nЛучше начать поездку с утра.
Dialogues/herbRand1	I think some insects have infested my violets. They apparently don't know I'm good at making effective herbal pesticides.	Мисля, че някои насекоми са нападнали моите виолетки. Явно не знаят, че съм добър в правенето на ефективни билкови пестициди.	Je pense que des insectes ont infesté mes violettes. Ils ne savent apparemment pas que je suis doué pour fabriquer des pesticides efficaces à base de plantes. 	Кажется, какие-то насекомые повадились есть мои фиалки. И очень зря, мои ядохимикаты из трав беспощадны.
Dialogues/herbRand2	Hey, Buttercup, I hope you remember to eat and sleep well! It seems to me you lead a rather stressful lifestyle.	Хей, Buttercup, надявам се да помниш да ядеш и да спиш добре! Изглежда, че водиш доста стресиращ начин на живот.	Hé, bouton d'or. J'espère que tu te souviens de bien manger et de bien dormir! il me semble que tu mènes une vie plutôt stressante.	Надеюсь, ты не забываешь хорошенько спать и кушать, мой лютик! У тебя такая нервная жизнь.
Dialogues/herbRand3	There's rosemary, that's for remembrance. Pray you, love, remember. And there is pansies, that's for thoughts.	Има розмарин, който е за спомен. Моля те, любов, спомни си. И има теменужки, които са за мисли.	Voici du romarin, c'est pour le souvenir: de grâce, Amour, souvenez-vous. Et voici des pensées, pour les rêves d'amour.	Вот розмарин – это для памятливости: возьмите, дружок, и помните. А это анютины глазки: это чтоб думать.
Dialogues/herbRand4	Bob, are you getting enough sun lately? I hope you do.	Боб, получаваш ли достатъчно слънце напоследък? Надявам се, че да.	Bob, as-tu assez de soleil ces derniers temps? J'espère que oui.	Тебе ведь хватает солнца, а, Боб? Очень надеюсь.
Dialogues/herbRand5	Ah, Buttercup, you are always so busy, always moving. I couldn't be like this, I need to have my roots somewhere.	Ах, Buttercup, винаги си толкова заета, винаги в движение. Аз не мога да бъда такава, трябва да имам корени някъде.	Ah, bouton d'or, tu es toujours si occupé, toujours en mouvement. Je ne pourrais pas être comme ça, j'ai besoin d'avoir mes racines quelque part. 	О, лютик мой, ты всегда такой занятой, постоянно куда-то идешь. А я вот закоренелая домоседка.
Dialogues/herbRand6	The effects of guarana are quite satisfying, but I also heard good opinions on a certain species of holly from Paraguay. I need to get my hands on it someday!	Ефектите на гуараната са доста задоволителни, но също така чух добри мнения за определен вид холи от Парагвай. Трябва да се докопам до него някой ден!	Les effets du guarana sont assez satisfaisants, mais j'ai aussi entendu de bons avis sur une certaine espèce de thé du Paraguay. J'ai besoin de mettre la main dessus un de ces jours! 	Гуарана прекрасно подходит для моих снадобий, но я слышала много хорошего и о падубе из Парагвая. Обязательно его когда-нибудь прикуплю!
Dialogues/herbRand7	Where have all the flowers gone? Young girls have picked them everyone. Oh, when will they ever learn?	Къде са всички цветя? Младите момичета ги набраха всички. О, кога ще се научат?	Où sont allées toutes les fleurs? Des jeunes filles les ont toutes cueillies. Oh, quand apprendront-elles enfin?	Где цветы? Дай мне ответ. Где они остались? Девушки сорвали – и вот их нет.\nКогда же все это поймут?
Dialogues/prepNoDenAvailableTemplate	I first need to place a [den] in this room. \nThis [animal] needs a place to sleep and rest.	Първо трябва да поставя [den] в тази стая. \nТова [animal] има нужда от място за сън и почивка.	[den]: je dois d'abord mettre cet objet dans la pièce.\n[animal]: cet animal a besoin d'un endroit pour dormir et se reposer.	[den] нужно разместить в этой комнате, с этого и начнем. \n[animal], как и любому животному, нужно место для сна и отдыха.
Dialogues/prepNoFreeDenSlotAvailableTemplate	[den] is full.\n<voice type=negation>\nThere is no space for this [animal].	[den] е пълен.\n<voice type=negation>\nНяма място за този [animal].	[den]: cet endroit est plein.\n<voice type=negation>\n[animal]: il n'y a pas de place pour cet animal.	[den] не вмещает столько животных.\n<voice type=negation>\n[animal] здесь не поместится.
Dialogues/prepNoDenAvailable	<voice type=negation>\nNo lair available!	<voice type=negation>\nНяма налично леговище!	<voice type=negation>\nAucun abri disponible!	<voice type=negation>\nНет доступной берлоги!
Dialogues/prepNoFreeDenSlotAvailable	<voice type=negation>\nNo free slot in any lair available!	<voice type=negation>\nНяма свободно място в нито едно леговище!	<voice type=negation>\nAucun emplacement libre disponible dans aucun abri!	<voice type=negation>\nВ берлоге нет свободного места!
Dialogues/prepNoPlacingDogDenUnderground	<voice type=negation>\nDog lair can't be placed underground!	<voice type=negation>\nНе можеш да поставиш ямата на кучето под земята!	<voice type=negation>\nLe coussin du chien ne peut pas être placé sous terre!	<voice type=negation>\nСобачью берлогу нельзя размещать под землей!
Dialogues/prepScarecrow1	<voice type=question>\nWait, what now? A scarecrow? A walking one? Never a dull moment in Murricaville.	<voice type=question>\nЧака, какво сега? Страхопът? Ходещ? Никога не е скучно в Мърикавил.	<voice type=question>\nAttends, et ça c'est quoi? Un épouvantail? Et qui se déplace, en plus? On ne s'ennuie jamais à Murricaville.	<voice type=question>\nПогодите, что на этот раз? Пугало? Еще и ходячее? В Мерикосвиле не заскучаешь.
