# key	english	bulgarian	french	russian
Dialogues/prepScarecrow2	<voice type=laugh>\nOh look, it’s him again. Or her? Them? I don’t know how gender works in scarecrows.	<voice type=laugh>\nО, виж го, той е тук отново. Или тя? Те? Не знам как работи пола при стражи.	<voice type=laugh>\nOh, c'est encore lui. Ou elle? Ou eux? Je ne sais pas comment fonctionne le genre chez les épouvantails.	<voice type=laugh>\nО, гляньте-ка, опять он. Или она? Оно? Гендерные различия пугал – не мой конек.
Dialogues/prepScarecrow3	<voice type=question>\nIs it another of the Agency's experiments? It looks they really went over the top with this one.	<voice type=question>\nДали това е още един от експериментите на Агенцията? Изглежда, че наистина са прекалили с този.	<voice type=question>\nEst-ce que c'est encore une expérience de l'Agence? On dirait qu'ils ont vraiment dépassé les bornes avec celle-là.	<voice type=question>\nОчередной эксперимент Агентства? Кажется, на этот раз они переборщили.
Dialogues/prepScarecrow4	<voice type=greeting>\nOh hey, scarecrow person! It's the other way to Oz! \nA difficult case, this one.	<voice type=greeting>\nО, хай, човекът-стража! Това е обратният път към Оз!\nТрудна случай, този.	<voice type=greeting>\nOh hé, personne-épouvantail! Pour Oz, c'est dans l'autre sens!\nC'est un cas, celui-là.	<voice type=greeting>\nЭй ты, человек-пугало! Страна Оз в другой стороне! \nДа уж, тяжелый случай.
Dialogues/prepScarecrow5a	<voice type=greeting>\nHey, Veggiehead! Can we talk for a moment?	<voice type=greeting>\nЗдравей, Зеленче! Можем ли да поговорим за момент?	<voice type=greeting>\nHé, tête de légume! On peut discuter un instant?	<voice type=greeting>\nЭй, Овощеголовый! Можем поговорить?
Dialogues/prepScarecrow5b	<voice type=question>\nNo? That's a pity.	<voice type=question>\nНе? Жалко.	<voice type=question>\nNon? Dommage.	<voice type=question>\nНет? А жаль.
Dialogues/prepScarecrow6	<voice type=laugh>\nOh, here you are, my spooky friend. I am very, very scared! Really! Are you satisfied now? Can we finish this nonsense?	<voice type=laugh>\nО, ето ти, моят пристрастен приятел. Много, много се страхувам! Наистина! Сега си доволен? Може ли да приключим с тази глупатина?	<voice type=laugh>\nAh, vous voilà, mon épouvantable ami. J'ai très, très peur! Vraiment! Voilà, vous êtes content maintenant? On peut en finir avec ce non-sens?	<voice type=laugh>\nО, вот ты где, мой жуткий друг. Я страшно, СТРАШНО напуган! Серьезно! Ну что, ты доволен? Можем закончить этот цирк?
Dialogues/prepScarecrowFightBefore	<voice type=order>\nIt's a fight then. Is it because I called you Veggiehead? Doesn't matter now. Let's see if you're worth a straw!	<voice type=order>\nТогава ще има битка. Защото те нареках Зеленче? Вече няма значение. Да видим дали си струва дори една тростница!	<voice type=order>\nC'est la guerre alors. C'est parce que je vous ai appelé tête de légume? Aucune 'importance maintenant. Voyons si vous valez plus qu'un brin de paille!	<voice type=order>\nЗначит, будем драться. Это потому что я сравнил твою голову с овощем? А, не важно. Посмотрим, есть ли у тебя солома в соломовницах!
Dialogues/prepScarecrowFightAfter	And it's over. You've put up a good fight for someone made of straw and rags. 	И това е. Добре се бори за някой, направен от слама и парцали.	Voilà c'est fini. Vous vous êtes bien battu pour quelqu'un fait de paille et de chiffons.	Ну вот и все. Для существа из соломы и тряпок ты дал мне хороший отпор.
Dialogues/willProto1	text			
Dialogues/prepProto1	text			
Dialogues/agentProto1	text			
Dialogues/msagentFarmIntro1	<voice type=order>\nWe have spoken about this already. The condition of this farm is still unacceptable.\n<voice type=order>\nYou need to make improvements. This is the last warning, Mr. Will Corso.\n	<voice type=order>\nВече говорихме за това. Състоянието на тази ферма все още е неприемливо.\n<voice type=order>\nТрябва да направиш подобрения. Това е последното предупреждение, господин Уил Корсо.\n	<voice type=order>\nNous en avons déjà parlé. Les conditions dans votre ferme sont inacceptables.\n<voice type=order>\nVous devez procéder à des améliorations. C'est le dernier avertissement, Mr. Will Corso.	<voice type=order>\nМы уже это обсуждали. Ферма в неприемлемом состоянии.\n<voice type=order>\nВам нужно работать лучше. Это последнее предупреждение, мистер Уилл Корсо.
Dialogues/willFarmIntro2	<voice type=upset>\nThis is a lot of work, and I'm old. This is too much for me alone.	<voice type=upset>\nТова е много работа и съм стар. Това е твърде много за мен сам.	<voice type=upset>\nC'est beaucoup de travail et je suis vieux. C'est trop pour moi tout seul.	<voice type=upset>\nРаботы предстоит много, а я человек старый. Один не справлюсь.
Dialogues/msagentFarmIntro3	<voice type=disappointment>\nMr. Corso...	<voice type=disappointment>\nГ-н Корсо...	<voice type=disappointment>\nMr. Corso...	<voice type=disappointment>\nМистер Корсо...
Dialogues/msagentFarmIntro3.5	We are going to send you someone capable as an assistance.\n<voice type=order>\nPlease let him help you.	Ще ти изпратим някой способен за помощ.\n<voice type=order>\nМоля, позволи му да ти помогне.	Nous allons vous envoyer quelqu'un qui va pouvoir vous aider.\n<voice type=order>\nLaissez-le vous aider, s'il vous plaît.	Мы пришлем вам способного помощника.\n<voice type=order>\nПримите его помощь.
Dialogues/willFarmIntro4	<voice type=disappointment>\nEeeh, fine.	<voice type=disappointment>\nЕех, добре.	<voice type=disappointment>\nBon, d'accord.	<voice type=disappointment>\nЭх, ладно.
Dialogues/msagentToPrepperOnFarm1	<voice type=greeting>\nOh, he's already here. Bless the President, Mr. Prepper.	<voice type=greeting>\nО, той вече е тук. Боже, пази президента, г-н Препър.	<voice type=greeting>\nOh, il est déjà là. Que Dieu bénisse le Président, Mr Prepper.	<voice type=greeting>\nА, он уже тут. Боже, храни Президента, мистер Выживальщик.
Dialogues/prepToPrepperOnFarm2	<voice type=laugh>\nBless. I must admit I was surprised to learn that agriculture also lies within the competence of the Agency. 	<voice type=laugh>\nБлагодаря. Трябва да призная, че изненадан съм да науча, че и земеделието е в компетенциите на Агенцията.	<voice type=laugh>\nQue Dieu le bénisse. Je dois avouer que j'ai été surpris d'apprendre que l'agriculture faisait également partie des compétences de l'agence.	<voice type=laugh>\nИменно так. Должен признать, я удивился, когда узнал, что Агентство занимается даже сельским хозяйством.
Dialogues/msagentToPrepperOnFarm3	<voice type=order>\nIf I were a citizen on probation like you, Mr. Prepper, I would tone down the snarkiness.\n<voice type=order>\nAnd be extra mindful about all procedures and regulations.\n	<voice type=order>\nАко бях гражданин на изпитателен срок като теб, господин Препър, щях да намаля сарказма.\n<voice type=order>\nИ бъди особено внимателен с всички процедури и правила.\n	<voice type=order>\nSi j'étais, comme vous Mr Prepper, un citoyen en sursis, je ne me permettrais pas tant de sarcasme.\n<voice type=order>\nEt je serais particulièrement attentif aux procédures et aux règles.	<voice type=order>\nВы осужденный условно гражданин, мистер Выживальщик. На вашем месте я бы не язвил.\n<voice type=order>\nА еще очень внимательно выполнял все требования и правила.
Dialogues/prepToPrepperOnFarm4	<voice type=laugh>\nOh sure, procedures and regulations are some of my favourite things.\n<voice type=question>\nBut seriously, what's so special about this farm?\n	<voice type=laugh>\nО, разбира се, процедурите и регулациите са сред любимите ми неща.\n<voice type=question>\nАма сериозно, какво толкова специално има в тази ферма?\n	<voice type=laugh>\nOh oui, bien sûr, les procédures et les règles comptent parmi les choses que j'aime le plus au monde.\n<voice type=question>\nMais sérieusement, qu'est-ce qu'elle a de si particulier, cette ferme?	<voice type=laugh>\nА как иначе, я ведь больше всего на свете люблю требования и правила.\n<voice type=question>\nНо если без шуток, что в этой ферме такого особенного?
Dialogues/msagentToPrepperOnFarm5	<voice type=order>\nI am not going to discuss such matters with you, Mr. Prepper. Take care.	<voice type=order>\nНе ще обсъждам такива неща с теб, г-н Препър. Пази се.	<voice type=order>\nJe ne vais pas discuter de ça avec vous, Mr Prepper. Prenez bien soin de vous.	<voice type=order>\nЯ не собираюсь обсуждать с вами такие вопросы, мистер Выживальщик. Всего доброго.
Dialogues/willFarm1	<voice type=anger>\nSo who the hell are you? Why are you on my turf?	<voice type=anger>\nТо кой си ти? Защо си на моята територия?	<voice type=anger>\nQui tu es, toi? Qu'est-ce que tu fais chez moi?	<voice type=anger>\nНу и кто ты такой? Что забыл на моей территории?
Dialogues/prepFarm2	<voice type=greeting>\nThey call me Mr. Prepper. \nI got a work order telling me to come to this place and help in the maintenance works.\n	<voice type=greeting>\nНаричат ме г-н Препър. \nПолучих работна заповед да дойда на това място и да помогна с поддръжката.\n	<voice type=greeting>\nOn m'appelle Mr. Prepper. \nJ'ai un ordre de travail stipulant que je dois dois venir ici pour aider à des travaux de maintenance.	<voice type=greeting>\nМеня зовут мистер Выживальщик.\nЯ получил наряд на работу, который обязывает меня помочь с ремонтом этой фермы.
Dialogues/willFarm3	<voice type=disappointment>\nSo the Agency sends me a snitch now. Great, they are going to sack me. Or worse.	<voice type=disappointment>\nЗначи Агенцията ми изпраща доносител. Чудесно, ще ме уволят. Или още по-лошо.	<voice type=disappointment>\nAlors comme ça, l'agence m'envoie une taupe maintenant. Super. Ils vont me virer. Ou pire encore.	<voice type=disappointment>\nСтукачок, подосланный Агентством, значит. Меня ведь уволят. А то и хуже.
Dialogues/prepFarm4	<voice type=order>\nTrust me, I'm not a snitch! I'm not thrilled about this work order either.\nBut let's play along for now, and maybe we'll make it beneficial for both of us.	<voice type=order>\nВярвай ми, не съм доносител! И аз не съм в ясен свят от тази работа.\nНо да играем по правилата за момента, може да извлечем полза и за нас.	<voice type=order>\nJe ne suis pas une taupe, croyez-moi! Moi non plus, je ne suis pas ravi de ce travail.\nMais jouons le jeu et chacun de nous en tirera son parti.	<voice type=order>\nПоверь мне, я не стукач! Меня этот наряд на работу тоже не радует.\nНо пока давай подыграем, а в будущем, может, даже сможем повернуть все в свою пользу.
Dialogues/willFarm5	<voice type=disappointment>\nAh, to hell with all this. That whole Agency and this Agent in particular.\n<voice type=anger>\nIt's all their fault!\n<voice type=anger>\nThe state of the farm! And the condition of the animals!\n<voice type=anger>\nAll their fault!	<voice type=disappointment>\nАх, до инфер с всичко това. Всички тези Агенции и този конкретен Агент.\n<voice type=anger>\nВсичко е тяхна вина!\n<voice type=anger>\nСъстоянието на фермата! И състоянието на животните!\n<voice type=anger>\nВсичко е тяхна вина!	<voice type=disappointment>\nAh, qu'ils aillent tous au diable. L'agence entière et l'agent en particulier.\n<voice type=anger>\nTout ça, c'est leur faute!\n<voice type=anger>\nL'état de la ferme et les conditions des animaux!\n<voice type=anger>\nTout ça, c'est leur faute!	<voice type=disappointment> Ай, к черту. К черту Агентство и этого агента в частности.\n<voice type=anger>\nЭто все они виноваты! \n<voice type=anger>\nСостояние ферм! И условия, в которых существуют животные!\n<voice type=anger>\nВсе это их вина!
Dialogues/prepFarm6	<voice type=disappointment>\nUhm... Yes, right. I think I can help.\n<voice type=question>\nNow can I take a look around?	<voice type=disappointment>\nЕх... Да, точно. Мисля, че мога да помогна.\n<voice type=question>\nСега мога ли да разгледам наоколо?	<voice type=disappointment>\nHumm... D'accord. Je crois que je vais pouvoir vous aider.\n<voice type=question>\nJe peux faire un petit tour pour regarder?	<voice type=disappointment>\nЭм... ну да. Думаю, я смогу помочь.\n<voice type=question>\nМожно мне осмотреться?
Dialogues/willFarm7	<voice type=disappointment>\nAh sure, be my guest.\n<voice type=order>\nJust please, don't stray away too far. Me and Henry are watching you. 	<voice type=disappointment>\nРазбира се, чувствай се като у дома си.\n<voice type=order>\nМоля те, не се отдалечавай твърде много. Аз и Хенри те наблюдаваме. 	<voice type=disappointment>\nOui, bien sûr. Bienvenue.\n<voice type=order>\nMais ne vas pas trop loin, s'il te plaît. Henry et moi, on t'a à l’œil.	<voice type=disappointment>\nДа, конечно.\n<voice type=order>\nТолько не отходи слишком далеко. Мы с Генри присматриваем за тобой.
Dialogues/willFarm7.5	<voice type=order>\nJust to the barn and back, please. That's all you need for now.	<voice type=order>\nСамо до сарая и обратно, моля. Това е всичко, което ти трябва за момента.	<voice type=order>\nTu vas jusqu'à l'étable et tu reviens, s'il te plaît. Tu n'as pas besoin d'aller plus loin pour l'instant.	<voice type=order>\nСходи к амбару и назад. Ничего больше тебе и не нужно.
Dialogues/prepFarm8	<voice type=acceptance>\nOh. OK. Sure. I'll be respectful of your secrets.	<voice type=acceptance>\nОх. ОК. Разбира се. Ще уважавам тайните ти.	<voice type=acceptance>\nOh. Ok. Bien sûr. Je respecterai vos secrets.	<voice type=acceptance>\nА. Ладно. Не вопрос. Отнесусь к твоим тайнам с уважением.
Dialogues/willCheckFarmIncomplite1	<voice type=question>\nDid you find out what's wrong with my animals?	<voice type=question>\nРазбра ли какво е с животните ми?	<voice type=question>\nTu as trouvé ce qui n'allait pas avec les animaux?	<voice type=question>\nТы выяснил, что не так с моими животными?
Dialogues/prepCheckFarmIncomplite2	<voice type=negation>\nNo, not yet. The case seems a bit tricky.	<voice type=negation>\nНе, още не. Случаят изглежда малко сложен.	<voice type=negation>\nNon, pas encore. Ça a l'air un peu compliqué.	<voice type=negation>\nЕще нет. Все оказалось сложнее, чем я думал.
Dialogues/prepAnimalFeeder	It's completely empty.	Напълно празно е.	C'est complètement vide.	Ничего.
Dialogues/prepBrokenFence1	It's broken.	Счупено е.	C'est cassé.	Сломано.
Dialogues/prepBrokenFence2	<voice type=acceptance>\nNot that I'm a detective or anything, but it looks like it's these goats' doing.\nThey seem irritated. I should fix this before these beasts inflict even more damage.\nBut hmm... I think the damage is too big to be fixed on the spot.\n<voice type=acceptance>\nI guess we need a new gate to keep the goats away.	<voice type=acceptance>\nНе че съм детектив или нещо, но изглежда, че са тези кози.\nИзглежда раздразнени. Трябва да поправя това преди тези животни да причинят още повече щети.\nНо хмм... мисля, че щетите са твърде големи, за да се поправят на място.\n<voice type=acceptance>\nНали трябва да си направи нова врата, за да държим козите далеч.	<voice type=acceptance>\nJe ne voudrais pas jouer le détective, mais j'ai l'impression que c'est la faute de ces chèvres.\nElles ont l'air énervées. Je devrais réparer ça avant que ces sales bêtes ne fassent encore plus de dégâts.\nMais hummm... J'ai l'impression que les dégâts sont trop importants pour pouvoir être réparés comme ça.\n<voice type=acceptance>\nJe crois qu'il nous faut un nouveau portail pour tenir les chèvres à distance.	<voice type=acceptance>\nНе то чтобы я детектив, но, похоже, все дело в козах.\nКажется, они чем-то раздражены. Нужно починить ограду, чтобы козы не создали новых проблем.\nХм... Только вот полкомка слишком серьезная, так сразу не починишь.\n<voice type=acceptance>\nДумаю, нам понадобятся новые ворота, чтобы сдерживать коз.
Dialogues/prepBrokenFence3	I'll ask Will about this.\n	Ще попитам Уил за това.\n	Je vais demander à Will.	Поговорю об этом с Уиллом.
Dialogues/prepBrokenFenceTip	I have a new fence ready.\nI should place it here.	Имам нова ограда готова.\nТрябва да я сложа тук.	J'ai une nouvelle clôture de prête.\nIl faudrait que je la mette ici. 	Новая ограда готова.\nРазмещу ее здесь.
Dialogues/prepBrokenChickenHouse1	<voice type=question>\nWhat happened here?\n<voice type=question>\nDid a fragment of the ceiling fall down? Could an animal do it?	<voice type=question>\nКакво се е случило тук?\n<voice type=question>\nПадна ли парче от тавана? Може ли животно да го направи?	<voice type=question>\nQu'est-ce qu'il s'est passé ici?\n<voice type=question>\nUn morceau du plafond est tombé? Est-ce que c'est un animal qui a pu faire ça?	<voice type=question>\nЧто тут произошло?\n<voice type=question>\nУпала часть потолка? Это дело рук животных или нет?
Dialogues/prepBrokenChickenHouse2	It seems that the chickens have way too little space.\n<voice type=acceptance>\nI could fix that. I know a thing or two about expanding living space, after all.	Изглежда, че пилетата имат твърде малко място.\n<voice type=acceptance>\nМоже да поправя това. Знаеш малко неща за разширяване на жилищното пространство, в крайна сметка.	On dirait que les poules n'ont pas assez de place.\n<voice type=acceptance>\nJe pourrais arranger ça. Je m'y connais un peu en ce qui concerne l'agrandissement de l'espace vital.	Кажется, этим курам слишком мало места.\n<voice type=acceptance>\nЭто можно исправить. Я разбираюсь в расширении жилого пространства.
Dialogues/prepBarnBackDoor	Closed. \n<voice type=laugh>\nWhat can this funny old man keep hidden away? An alien's corpse or what? 	Затворено.\n<voice type=laugh>\nКакво може да крие този смешен стар човек? Чуждин труп или какво?	Fermé. \n<voice type=laugh>\nQu'est-ce que ce drôle de vieux bonhomme peut bien cacher? Le corps d'un alien ou quoi?	Заперто.\n<voice type=laugh>\nЧто может скрывать этот забавный старичок? Труп пришельца, что ли?
Dialogues/prepOddBand	They have some weird bands on them... Hm...\n<voice type=question>\nThey look like devices of some sort. Tracking devices, maybe?	Имат странни ленти... Хм...\n<voice type=question>\nИзглеждат като някакви устройства. Следете ли, може би?	Qu'est-ce que c'est que ces drôles de colliers?... Hummm...\n<voice type=question>\nOn dirait des sortes d'appareils. Peut être des appareils de pistage?	На них какие-то странные кольца... Хм...\n<voice type=question>\nПохоже, это какое-то устройство. Для слежки?
Dialogues/prepGoat	They seem really angry.	Изглеждат наистина ядосани.	Elles ont vraiment l'air énervées.	Кажется, они очень злые.
Dialogues/prepRottenHey	It's rotten.	Гнило е.	C'est pourri.	Сгнило.
Dialogues/prepFenceQ1	The fence is destroyed. I need to repair it before the goats make more damage everywhere.\n	Плетът е разрушен. Трябва да го поправя, преди козите да направят още щети навсякъде.\n	La clôture est foutue. Il faut que je la répare avant que les chèvres ne fassent d'autres dégâts ailleurs.	Ограда разрушена. Нужно починить ее, пока козы не натворили новых дел.
Dialogues/willFenceQ2	Mmm, a good point. I even made a sketch of a new gate, but never got around to make it.	Хмм, добра идея. Дори направих скица на нова врата, но така и не я направих.	Mmmm, c'est vrai. J'avais même fait un croquis du nouveau portail, mais je n'ai jamais pris le temps de le fabriquer.	М-м, ну да. У меня есть набросок новых ворот, но сделать их руки так и не дошли.
Dialogues/willFenceQ3	<voice type=order>\nThis is how it should look like. Hopefully you'll be able to make it more sturdy than the previous one.\n	<voice type=order>\nТака трябва да изглежда. Надеждата е да можеш да го направиш по-устойчиво от предишния.\n	<voice type=order>\nC'est à ça qu'il devrait ressembler. J'espère que tu arriveras à le faire plus solide que celui d'avant.	<voice type=order>\nВот так все должно выглядеть. Надеюсь, ограда получится крепче предыдущей.
Dialogues/prepFenceQ4	<voice type=laugh>\nOh, you do have some design skills! I'll do my best.	<voice type=laugh>\nО, имаш някакви умения за дизайн! Ще се опитам най-добре.	<voice type=laugh>\nOh, vous êtes doué pour la conception! Je vais faire de mon mieux.	<voice type=laugh>\nОго, да ты у нас дизайнер! Я постараюсь сделать все в лучшем виде.
Dialogues/willFenceRepairIncomplite1	<voice type=question>\nHave you fixed the fence already?	<voice type=question>\nПоправи ли вече оградата?	<voice type=question>\nTu as déjà réparé la clôture?	<voice type=question>\nНу как, починил ограду?
Dialogues/prepFenceRepairIncomplite2	<voice type=negation>\nNo, not yet.	<voice type=negation>\nНе, още не.	<voice type=negation>\nNon, pas encore.	<voice type=negation>\nПока нет.
Dialogues/prepGoatEnclouser	<voice type=negation>\nI need to herd the goats into the pen.	<voice type=negation>\nТрябва да събера козите в кошарата.	<voice type=negation>\nIl faut que je rassemble les chèvres dans cet enclos.	<voice type=negation>\nНужно заманить коз в загон.
Dialogues/prepFenceRepaired1	<voice type=acceptance>\nAnd fixed. This should hold back the tireless monsters for some time.	<voice type=acceptance>\nИ поправено. Това трябва да задържи ненаситните чудовища за известно време.	<voice type=acceptance>\nEt voilà, c'est réparé. Ça devrait arrêter ces bêtes du diable pendant un moment.	<voice type=acceptance>\nГотово. Пусть эти неустанные чудовища немного отдохнут.
Dialogues/prepFenceRepaired2	The animals are hungry. No wonder they're irritated.	Животните са гладни. Няма как да не са раздразнени.	Ces bêtes ont faim. Pas étonnant qu'elles soient énervées.	Они хотят есть. Естественно, их это раздражает.
Dialogues/prepFenceRepaired3	I'll ask Will what he's feeding them with.\n<voice type=disappointment>\nOr rather... What they are supposed to be fed with.	Ще попитам Уил какво им дава за храна.\n<voice type=disappointment>\nПо-скоро... с какво трябва да им дават храна.	Je vais demander à Will qu'est-ce qu'il leur donne à manger.\n<voice type=disappointment>\nOu plutôt, qu'est-ce qu'elles sont supposées manger.	Спрошу у Уилла, чем он их кормит.\n<voice type=disappointment>\nВернее... чем их стоило бы кормить.
Dialogues/prepWheat1	<voice type=order>\nThe fence is repaired.\n<voice type=disappointment>\nBut Will, I think we have a bigger problem at hand.\n<voice type=question>\nThe animals are hungry. What should I feed them with?	<voice type=order>\nПлетът е поправен.\n<voice type=disappointment>\nНо, Уил, мисля, че имаме по-голям проблем.\n<voice type=question>\nЖивотните са гладни. С какво да ги нахраня?	<voice type=order>\nLa clôture est réparée.\n<voice type=disappointment>\nMais Will, je crois qu'on a affaire à un problème bien plus important.\n<voice type=question>\nLes animaux ont faim. Qu'est-ce que je dois leur donner à manger?	<voice type=order>\nОграду я починил.\n<voice type=disappointment>\nНо у нас есть проблема посерьезнее.\n<voice type=question>\nЖивотные проголодались. Чем мне их кормить?
Dialogues/willWheat2	<voice type=upset>\nAah... You know, I never asked for this post. I'm not good with lifestock. \n<voice type=upset>\nAnd every day I wake up tired. Like there's something happening in the night. 	<voice type=upset>\nАах... Знаеш ли, никога не съм искал тази работа. Не съм добър с животните. \n<voice type=upset>\nИ всеки ден се събуждам уморен. Като че ли нещо се случва през нощта. 	<voice type=upset>\nAah... Tu sais, je n'ai jamais demandé à travailler ici. Je ne suis pas très doué avec les animaux.\n<voice type=upset>\nEt tous les jours, je me réveille fatigué. Comme s'il s'était passé quelque chose pendant la nuit.	<voice type=upset>\nА-а... Знаешь, я никогда не напрашивался на эту должность. Не умею обращаться со скотом. \n<voice type=upset>\nКаждый день я просыпаюсь уставшим. Как будто вкалываю по ночам.
Dialogues/prepWheat3	<voice type=order>\nLook, I'm not judging you. We all have our problems with the Agency.\n<voice type=question>\nI just want to help. So, what about the food?\n	<voice type=order>\nВиж, не те съдя. Всички имаме проблеми с Агенцията.\n<voice type=question>\nИскам просто да помогна. Така че, какво ще кажеш за храната?\n	<voice type=order>\nÉcoutez, je ne vous juge pas. On a tous nos problèmes avec l'agence.\n<voice type=question>\nJe veux juste vous aider. Alors, la nourriture?	<voice type=order>\nСлушай, я тебя не осуждаю. У всех нас есть проблемы с Агентством.\n<voice type=question>\nЯ просто хочу помочь. Так что там с едой?
Dialogues/willWheat4	<voice type=disappointment>\nRight... about the food.	<voice type=disappointment>\nДобре... за храната.	<voice type=disappointment>\nOui... la nourriture.	<voice type=disappointment>\nТочно... Еда.
Dialogues/willWheat5	Some fresh grain is growing over there.	Някакво прясно зърно расте там.	Il y a un peu de céréales qui poussent là-bas.	Там растут свежие зерновые.
Dialogues/willWheat6	<voice type=question>\nThe chickens love seeds the most. Right, Henry? 	<voice type=question>\nКокошките най-много обичат семена. Нали, Хенри? 	<voice type=question>\nCe que les poules préfèrent, ce sont les céréales. C'est bien ça, Henry?	<voice type=question>\nКурицы ведь любят семена. Верно, Генри?
Dialogues/willWheat6.5	<voice type=order>\nAnd the goats are keen on hay.	<voice type=order>\nИ козните са си в ястието за сено.	<voice type=order>\nEt les chèvres adorent le foin.	<voice type=order>\nА козы любят сено.
Dialogues/prepWheat7	<voice type=acceptance>\nOkay, got it.	<voice type=acceptance>\nДобре, разбрах.	<voice type=acceptance>\nOk, j'ai compris.	<voice type=acceptance>\nЛадно, я понял.
Dialogues/willWheatIncomplite1	<voice type=question>\nDid you feed my animals?	<voice type=question>\nХранѝ ли животните ми?	<voice type=question>\nTu as nourri mes animaux?	<voice type=question>\nТы покормил моих животных?
Dialogues/prepWheatIncomplite2	<voice type=negation>\nNot yet, sorry.	<voice type=negation>\nОще не, съжалявам.	<voice type=negation>\nNon, pas encore, excusez-moi.	<voice type=negation>\nПока нет, прости.
Dialogues/prepWheatSemiComplited2	<voice type=acceptance>\nYes, feeders are full.\nWe just need to wait for them to eat.\nThey are oddly shy, when I'm around.\nI will give them some space.	<voice type=acceptance>\nДа, храните са пълни.\nТрябва само да ги изчакаме да ядат.\nТе са странно смутени, когато съм близо.\nЩе им дам малко пространство.	<voice type=acceptance>\nOui, les mangeoires sont pleines.\nIl faut juste attendre qu'elles aient fini de manger.\nElles sont un peu méfiantes quand je suis à côté.\nJe vais leur laisser plus de place.	<voice type=acceptance>\nЯ заполнил кормушки.\nОсталось дождаться, когда животные поедят.\nОни на удивление застенчивы, когда я рядом.\nДам им немного пространства.
Dialogues/prepWheatTimeToMilk1	<voice type=acceptance>\nYes, animals are fed.	<voice type=acceptance>\nДа, животните са нахранени.	<voice type=acceptance>\nOui, les animaux ont été nourris.	<voice type=acceptance>\nДа, животные накормлены.
Dialogues/willWheatTimeToMilk2	Great! Try to get some milk out of one of those horned devils.\n<voice type=disappointment>\nI bet it will not work.	Супер! Опитай да извадиш мляко от един от тези рогати дяволи.\n<voice type=disappointment>\nСигурен съм, че няма да работи.	Super! Essaie d'obtenir un peu de lait d'une de ces diablesses à cornes.\n<voice type=disappointment>\nJe parie que ça ne va pas marcher.	Супер! Попробуй подоить этих рогатых негодниц.\n<voice type=disappointment>\nГотов поспорить, ничего не выйдет.
Dialogues/prepChickenFed1	<voice type=laugh>\nNow we're talking! Cackling, rather. And pecking.	<voice type=laugh>\nСега говориш! Кацкане, по-скоро. И пикане.	<voice type=laugh>\nAh, voilà. C'est plus le même discours, maintenant! Ça caquette. Ça picore.	<voice type=laugh>\nВот это разговор! Или, скорее, кудахтанье.
Dialogues/prepChickenFed2	<voice type=order>\nI think it's time to clean their space a bit.	<voice type=order>\nМисля, че е време да почистиш тяхното място малко.	<voice type=order>\nJe crois qu'il est temps de nettoyer un peu leur espace.	<voice type=order>\nПожалуй, пора расчистить немного пространства.
Dialogues/prepChickenFed3	It's getting very crowded by the feeder. There's room for improvement here.\n\n	Става доста претъпкано около хранилката. Има място за подобрение тук.\n\n	Ça fait vraiment beaucoup de monde autour des mangeoires. Il y aurait pas mal d'améliorations à faire.	У кормушки становится оживленно. Здесь больше нечего улучшать.
Dialogues/prepGoatFed1	<voice type=thanks>\nNow, they instantly look better!	<voice type=thanks>\nСега изглеждат веднага по-добре!	<voice type=thanks>\nElles ont tout de suite meilleure mine!	<voice type=thanks>\nОго, они кажутся довольными!
Dialogues/prepGoatFed2	Now they are fed, they might be willing to let me closer.	Сега, когато са нахранени, може би ще са по-склонни да ме допуснат по-близо.	Maintenant qu'elles ont mangé, elles vont peut être me laisser m'approcher un peu.	Они поели. Может, хоть теперь подпустят меня к себе.
Dialogues/prepGoatFed3	<voice type=disappointment>\nNope. Still pretty angry.\n<voice type=question>\nMaybe it's the fur? Is it too hot for them?	<voice type=disappointment>\nНе. Все още е доста ядосан.\n<voice type=question>\nМоже би е козината? Е твърде горещо за тях?	<voice type=disappointment>\nNon. Elles sont toujours pas mal énervées.\n<voice type=question>\nC'est peut être les poils? Est-ce qu'elles n'auraient pas trop chaud?	<voice type=disappointment>\nНеа. Все еще злые.\n<voice type=question>\nМожет, дело в мехе? Им слишком жарко?
Dialogues/prepAnimalsFed1	<voice type=order>\nThe animals are not hungry anymore, but it's not the end of problems.	<voice type=order>\nЖивотните вече не са гладни, но това не е краят на проблемите.	<voice type=order>\nLes animaux n'ont plus faim mais ce n'est pas la fin des problèmes.	<voice type=order>\nЖивотные поели, но проблемы не закончились.
Dialogues/prepAnimalsFed2	I need to talk it over with Will.	Трябва да поговоря с Уил.	Il faut que j'en parle avec Will.	Нужно поговорить с Уиллом.
Dialogues/prepScizzors1	<voice type=order>\nSo I have fed the animals. But I'm afraid we still have some problems to deal with.\n	<voice type=order>\nТака, нахраних животните. Но се страхувам, че все още имаме някои проблеми да решим.\n	<voice type=order>\nBon, j'ai nourri les animaux. Mais j'ai bien peur qu'il y ait d'autres problèmes auxquels je doive faire face.	<voice type=order>\nЯ покормил животных. Но, боюсь, у нас еще полно проблем.
Dialogues/willScizzors2	<voice type=disappointment>\nI guess... But what do you mean exactly?	<voice type=disappointment>\nПредполагам... Но какво точно мислиш?	<voice type=disappointment>\nSûrement... Mais à quoi penses-tu concrètement?	<voice type=disappointment>\nПожалуй... Но о чем конкретно ты говоришь?
Dialogues/prepScizzors3	<voice type=order>\nWell, the goats should be sheared. They are very unkempt and it's too hot for them.	<voice type=order>\nДобре, козните трябва да бъдат подстригани. Те са много неапетитни и е твърде горещо за тях.	<voice type=order>\nIl faudrait tondre les chèvres. Elles sont très négligées et elles ont trop chaud.	<voice type=order>\nКозам нужно постричь шерсть. Сейчас им жарко, да и выглядят они неопрятно.
Dialogues/prepScizzors4	<voice type=order>\nAnd the chickens need more space.	<voice type=order>\nИ пилетата се нуждаят от повече място.	<voice type=order>\nEt les poules ont besoin de plus d'espace.	<voice type=order>\nА курам нужно больше пространства.
Dialogues/willScizzors5	<voice type=question>\nI believe you'll manage with the chicken coop. Right, Henry?	<voice type=question>\nВярвам, че ще се справиш с кокошарника. Нали, Хенри?	<voice type=question>\nPour ce qui est du poulailler, tu vas t'en sortir, je crois. Pas vrai, Henry?	<voice type=question>\nДумаю, с курятником ты справишься. Так ведь, Генри?
Dialogues/willScizzors6	<voice type=disappointment>\nAnd as for the goats... Let me think...	<voice type=disappointment>\nИ за козите... Нека помисля...	<voice type=disappointment>\nEt pour ce qui est des chèvres... Laisse-moi réfléchir...	<voice type=disappointment>\nА что до коз... Дай-ка подумаю...
Dialogues/willScizzors7	I'm sure I had some proper shears somewhere around.\n<voice type=disappointment>\nI can't remember where I put them though...\n<voice type=question>\nCan you look for them?	Сигурен съм, че някъде имаше подходящи ножи.\n<voice type=disappointment>\nНо не си спомням къде ги сложих...\n<voice type=question>\nМожеш ли да ги търсиш?	Je suis sûr d'avoir de bons ciseaux quelque part.\n<voice type=disappointment>\nMais je ne sais plus où je les ai mis...\n<voice type=question>\nEst-ce que tu peux les chercher?	У меня точно были ножницы.\n<voice type=disappointment>\nНо где они – не помню...\n<voice type=question>\nПоищешь?
Dialogues/prepScizzors8	<voice type=acceptance>\nYeah, sure, why not.	<voice type=acceptance>\nДа, разбира се, защо не.	<voice type=acceptance>\nOui, bien sûr, pourquoi pas.	<voice type=acceptance>\nКонечно, почему нет?
Dialogues/willScizzorsIncomplite1	<voice type=question>\nDid you find the shears?\n	<voice type=question>\nНамери ли ножиците?\n	<voice type=question>\nTu as trouvé les ciseaux?	<voice type=question>\nНашел ножницы?
Dialogues/prepScizzorsIncomplite2	<voice type=negation>\nNo, so far it's like looking for a needle in a haystack. 	<voice type=negation>\nНе, досега е като търсене на игла в стога.	<voice type=negation>\nNon, pour l'instant c'est comme chercher une aiguille dans une botte de foin.	<voice type=negation>\nНет, пока я будто бы ищу иголку в стоге сена.
Dialogues/prepDogWithScizzors1	<voice type=surprise>\nWas it a dog? Wait, did he have shears in his mouth?	<voice type=surprise>\nБеше ли куче? Чакай, дали имаше ножици в устата си?	<voice type=surprise>\nC'était un chien? Attends, et il avait des ciseaux dans la gueule?	<voice type=surprise>\nЭто был пес? Погоди, у него что, ножницы во рту?
Dialogues/prepDogWithScizzors2	He must have gone through the back door in the barn.\n<voice type=laugh>\nWell... I have to look for the shears after all, right?	Трябва да е влязъл през задната врата в напрамата\n<voice type=laugh>\nЕ, добре... все пак трябва да търся носачите, нали?	Il a dû passer par la porte arrière de l'étable.\n<voice type=laugh>\nBon... Il faut que je cherche ces ciseaux à la fin, pas vrai?	Кажется, он прошел через заднюю дверь амбара.\n<voice type=laugh>\nНу... Видимо, мне все-таки придется искать ножницы.
Dialogues/prepChickenHouseRepaired	<voice type=thanks>\nNow! The times of being cramped in tight space are gone! Cackle away!	<voice type=thanks>\nСега! Времето на тесността е минало! Смеяй се!	<voice type=thanks>\nVoilà! Être entassés dans un petit espace, c'est du passé maintenant! Vous pouvez caqueter en toute liberté!	<voice type=thanks>\nВсе! Пора вам на свободу! Кудахтайте на здоровье!
Dialogues/prepNotEnoughFood	<voice type=disappointment>\nThey still need a bit more...	<voice type=disappointment>\nВсе още ти трябва малко повече...	<voice type=disappointment>\nIl leur en faut encore un petit peu plus...	<voice type=disappointment>\nИм нужно еще...
Dialogues/prepMaze1	<voice type=question>\nWhy did Will want to hide this place from me? It's just a big field.\nBut I must say it looks like a perfect place to collect some <color=yellow>wheat</color> for chickens.	<voice type=question>\nЗащо Уил искаше да скрие това място от мен? Това е просто голямо поле.\nНо трябва да кажа, че изглежда като перфектното място за събиране на някои <color=yellow>пшеница</color> за кокошки.	<voice type=question>\nPourquoi est-ce que Will ne voulait pas que je voie cet endroit? Ce n'est qu'un grand champ de céréales.\nJe dois avouer que ça paraît être l'endroit idéal pour récolter du\n<color=yellow>blé</color> pour les poules.	<voice type=question>\nЗачем Уилл скрывал от меня это место? Это ведь просто большое поле.\nНо надо признать, если я хочу раздобыть <color=yellow>пшеницы</color> для куриц - это идеальное место.
Dialogues/prepMaze2	It's like a maze here. \n<voice type=question>\nWhich way do I go?	Тук е като лабиринт. \n<voice type=question>\nКъде да отида?	On dirait un labyrinthe, ici. \n<voice type=question>\nPar où est ce que je dois aller?	Лабиринт какой-то.\n<voice type=question>\nКуда я вообще иду?
Dialogues/prepFootPrints	<voice type=acceptance>\nThese are foot steps of a dog! Good.	<voice type=acceptance>\nТова са стъпки на куче! Добре.	<voice type=acceptance>\nC'est des traces de pattes de chien! Bien.	<voice type=acceptance>\nСобачьи шаги! Отлично.
Dialogues/prepScarecrowMaze1	<voice type=question>\nUhm. Hello?	<voice type=question>\nЕй. Здравей?	<voice type=question>\nHumm. Bonjour?	<voice type=question>\nЭм... Привет?
Dialogues/prepScarecrowSign1	<voice type=order>\n'Turn around, it's not safe in here!'\n<voice type=disappointment>\nThanks for the warning, I guess?	<voice type=order>\nОбръщай се, тук не е безопасно!\n<voice type=disappointment>\nБлагодаря за предупреждението, предполагам?	<voice type=order>\n" Fais demi-tour. Ce n'est pas très sûr par ici! "\n<voice type=disappointment>\nMerci pour l'avertissement?	<voice type=order>\n«Иди назад, тут небезопасно».\n<voice type=disappointment>\nНу... спасибо за предупреждение?
Dialogues/prepCollarMaze	<voice type=upset>\nThe dog's collar! I hope he's okay.	<voice type=upset>\nНашийникът на кучето! Надявам се, че е добре.	<voice type=upset>\nLe collier du chien! J'espère qu'il ne lui est rien arrivé.	<voice type=upset>\nОшейник! Надеюсь, пес в порядке.
Dialogues/prepLake1	<voice type=question>\nOh, a lake? Murricaville County never ceases to amaze me.	<voice type=question>\nО, езеро? Округ Мъритикайл никога не спира да ме изненадва.	<voice type=question>\nOh, un lac? Le comté de Murricaville ne cesse de me surprendre.	<voice type=question>\nОзеро? Природа Мерикосвиля не перестает удивлять.
Dialogues/prepLake2	<voice type=thanks>\nAnd here's the dog!	<voice type=thanks>\nИ ето кучето!	<voice type=thanks>\nEt le chien est ici!	<voice type=thanks>\nА вот и пес!
Dialogues/prepWillDog1	<voice type=negation>\nHe won't let me get closer. \n<voice type=negation>\nAnd I don't want to fight him for those shears.	<voice type=negation>\nНе ме пуска да се приближа.\n<voice type=negation>\nИ не искам да се бия с него за тези ножици.	<voice type=negation>\nIl ne me laisse pas approcher. \n<voice type=negation>\nEt je ne veux pas me battre avec lui pour ces ciseaux.	<voice type=negation>\nОн не дает мне подойти.\n<voice type=negation>\nА я не хочу драться с ним из-за ножниц.
Dialogues/prepWillDog2	<voice type=question>\nIs it Will's dog? \n<voice type=question>\nIt must be, right?	<voice type=question>\nТова е кучето на Уил? \n<voice type=question>\nТрябва да е, нали?	<voice type=question>\nEst-ce que c'est le chien de Will? \n<voice type=question>\nÇa doit être son chien, pas vrai? 	<voice type=question>\nЭто ведь собака Уилла?\n<voice type=question>\nНаверняка ведь она?
Dialogues/prepWillDog3	<voice type=order>\nLet's ask him.	<voice type=order>\nНека го попитаме.	<voice type=order>\nJe vais lui demander.	<voice type=order>\nСпрошу-ка я у него.
Dialogues/prepFarmDog1	<voice type=greeting>\nHey, Will! So... I've found the shears.	<voice type=greeting>\nЗдравей, Уил! Така... намерих ножиците.	<voice type=greeting>\nEh, Will! Bon... J'ai trouvé les ciseaux.	<voice type=greeting>\nПривет, Уилл! В общем... я нашел ножницы.
Dialogues/willFarmDog2	<voice type=question>\nGood! Have you shaven the goats already?	<voice type=question>\nДобре! Вече си подбрил козните?	<voice type=question>\nC'est bien! Tu as déjà tondu les chèvres?	<voice type=question>\nОтлично! А коз постриг?
Dialogues/prepFarmDog3	<voice type=negation>\nNot yet. A dog has stolen the shears.\n<voice type=question>\nCould it be that this is your dog?	<voice type=negation>\nНе още. Една куче е откраднало носачите.\n<voice type=question>\nМоже ли това да е твоят куче?	<voice type=negation>\nPas encore. Un chien a piqué les ciseaux.\n<voice type=question>\nC'est possible que ça soit votre chien?	<voice type=negation>\nНет. Ножницы украла собака.\n<voice type=question>\nМожет быть, твоя?
Dialogues/willFarmDog4	<voice type=negation>\nDog? I don't have a dog.	<voice type=negation>\nКуче? Нямам куче.	<voice type=negation>\nUn chien? Je n'ai pas de chien.	<voice type=negation>\nСобака? У меня нет собаки.
Dialogues/prepFarmDog5	<voice type=question>\nAre you sure? \nIt's kind of white and gold, fluffy, with a pirate eyepatch. Gives a rather rogue-ish impression.	<voice type=question>\nСигурен ли си?\nИзглежда малко бял и златист, пухкав, с пиратски пач. Дава поне малко бунтарски вид.	<voice type=question>\nVous êtes sûr?\nIl est blanc et doré, très poilu, avec une tâche comme un œil de pirate. Il a l'air d'un vrai bandit.	<voice type=question>\nУверен?\nОна пушистая, с бело-золотой шерстью и повязкой для глаза. Как будто многое в жизни повидала.
Dialogues/willFarmDog6	<voice type=acceptance>\nAh, him, Xeno! Yes, he's a good friend of mine.	<voice type=acceptance>\nА, той, Зено! Да, той е добър приятел на мен.	<voice type=acceptance>\nAh, lui, Xeno! C'est un bon ami à moi.	<voice type=acceptance>\nА, так это же Ксено! Да, мы с ним хорошие друзья.
Dialogues/prepFarmDog7	<voice type=disappointment>\nGreat. So your friend is keeping our shears captive.	<voice type=disappointment>\nЧудесно. Значи приятелят ти държи нашите ножници в плен.	<voice type=disappointment>\nTrès bien. Donc c'est votre ami qui a nos ciseaux.	<voice type=disappointment>\nКласс. Твой друг украл наши ножницы.
Dialogues/willFarmDog8	Oh, just give him some rat meat. \n<voice type=laugh>\nHe loves that stuff.	О, просто му дай мазнина от свиня. \n<voice type=laugh>\nТой обича това.	Oh, donne-lui juste un peu de viande de rat.\n<voice type=laugh>\nIl adore ça.	О, так дай ему крысиного мяса.\n<voice type=laugh>\nЕго любимое лакомство.
Dialogues/prepFarmDog9	<voice type=acceptance>\nUhm, right. Rat meat.\n<voice type=acceptance>\nAn absolutely normal thing for a dog to eat. I'll remember.\nNow, one more thing...	<voice type=acceptance>\nЕ, добре. Месо от плъх.\n<voice type=acceptance>\nСъвсем нормално нещо за куче да яде. Ще запомня.\nСега, още нещо...	<voice type=acceptance>\nHumm, d'accord. De la viande de rat.\n<voice type=acceptance>\nUn aliment tout ce qu'il y a de plus normal pour un chien. Je m'en souviendrai...\nUne chose encore...	<voice type=acceptance>\nАга. Крысиное мясо.\n<voice type=acceptance>\nСовершенно нормальная еда для собаки. Я запомнил..\r\nИ еще кое-что...
Dialogues/prepLakeCameras1	I've noticed some cameras all around the lake.\n	Забелязах няколко камери около езерото.\n	J'ai remarqué des caméras tout autour du lac.	Я заметил, что озеро утыкано камерами.
Dialogues/willLakeCameras2	<voice type=anger>\nWhat? You've been at the lake? I told you not to go there!	<voice type=anger>\nКакво? Бил ли на езерото? Казвах ти да не отиваш там!	<voice type=anger>\nQuoi? Tu as été au lac? Je t'avais dit de ne pas y aller!	<voice type=anger>\nЧто? Ты был у озера? Я ведь сказал туда не ходить!
Dialogues/prepLakeCameras3	<voice type=order>\nWell, I got there chasing the dog. And the shears, remember.	<voice type=order>\nЕ, стигнах там, гонейки кучето. И ножиците, помниш ли.	<voice type=order>\nEt bien j'y suis allé quand je poursuivais le chien. Et les ciseaux, vous avez oublié?	<voice type=order>\nЯ попал туда, когда гонялся за собакой. Чтобы забрать ножницы, помнишь?
Dialogues/willLakeCameras4	<voice type=anger>\nAh, this damn lake is full of government's cameras.\n<voice type=anger>\nI don't know what are they doing there and why.\n<voice type=upset>\nBut I don't really want to know.\n<voice type=order>\nIf I were you, I'd also stay out of there.	<voice type=anger>\nАх, това проклято езеро е пълно с камери на правителството.\n<voice type=anger>\nНе знам какво правят там и защо.\n<voice type=upset>\nНо не искам да знам.\n<voice type=order>\nАко бях на твоето място, аз също бих останал далеч оттам.	<voice type=anger>\nAh, ce fichu lac est truffé de caméras du gouvernement.\n<voice type=anger>\nJe ne sais pas ce qu'elles font là-bas et pourquoi.\n<voice type=upset>\nMais je ne veux pas vraiment savoir.\n<voice type=order>\nSi j'étais toi, je resterais aussi à l'écart de tout ça.	<voice type=anger>\nАй, на этом клятом озере полно правительственных камер.\n<voice type=anger>\nЯ не в курсе, что они там делают и зачем.\n<voice type=upset>\nНо, честно говоря, я и не хочу знать.\n<voice type=order>\nНа твоем месте я бы туда не лез.
Dialogues/willFarmDogIncomplite1	<voice type=question>\nSo did Xeno like his rat meat?	<voice type=question>\nЗначи, на Xeno му е харесало месото от свинята?	<voice type=question>\nAlors, Xeno a apprécié sa viande de rat?	<voice type=question>\nЗначит, Ксено любит крысиное мясо?
Dialogues/prepFarmDogIncomplite2	<voice type=negation>\nWeirdly, I haven't seen many rats around lately. I'll keep looking.	<voice type=negation>\nСтранно, не виждам много мишки наоколо наскоро. Ще продължа да търся.	<voice type=negation>\nBizarrement, je n'ai pas vu beaucoup de rats dans les alentours dernièrement. Je vais continuer à regarder.	<voice type=negation>\nСтранно, но крысы мне давненько не попадались. Продолжу искать.
Dialogues/prepNeedRatMeat	<voice type=negation>\nI need rat meat.	<voice type=negation>\nИмам нужда от плъхово месо.	<voice type=negation>\nIl me faut de la viande de rat.	<voice type=negation>\nМне нужно крысиное мясо.
Dialogues/prepRatMeat0	<voice type=greeting>\nShhh... Easy, easy.	<voice type=greeting>\nШшш... Спокойно, спокойно.	<voice type=greeting>\nChhh... Tranquille, tranquille.	<voice type=greeting>\nШ-ш-ш... Спокойно, спокойно.
Dialogues/prepRatMeat1	<voice type=acceptance>\nHere you go, buddy.	<voice type=acceptance>\nЕто, приятелю.	<voice type=acceptance>\nTiens, mon pote.	<voice type=acceptance>\nВот так, дружок.
Dialogues/prepRatMeat2	<voice type=question>\nDo you like that, Xeno?	<voice type=question>\nХаресва ли ти това, Xeno?	<voice type=question>\nTu aimes ça, Xeno?	<voice type=question>\nНравится, Ксено?
Dialogues/prepRatMeat3	<voice type=order>\nGood.	<voice type=order>\nДобре.	<voice type=order>\nBien.	<voice type=order>\nОтлично.
Dialogues/prepRatMeat4	<voice type=thanks>\nHere, don't lose it again, buddy.	<voice type=thanks>\nЕто, не го губи повече, приятел.	<voice type=thanks>\nTiens, mon pote. Et ne le perds plus.	<voice type=thanks>\nВот, дружок. И больше не теряй.
Dialogues/prepRatMeat5	<voice type=acceptance>\nNow, if you don't mind... I'll take back these shears. Other animals need it more than you!	<voice type=acceptance>\nСега, ако не ми е проблем... ще върна тези ножици. Други животни ги имат повече от теб!	<voice type=acceptance>\nMaintenant, si tu n'y vois pas d’inconvénient... je vais récupérer ces ciseaux. Il y a d'autres animaux qui en ont plus besoin que toi.	<voice type=acceptance>\nА теперь, с твоего позволения... я заберу эти ножницы. Другим животным они нужнее!
Dialogues/prepScizzorsGrabed1	<voice type=acceptance>\nPhew, it worked.	<voice type=acceptance>\nУф, проработи.	<voice type=acceptance>\nOuf, ça a marché.	<voice type=acceptance>\nФух, сработало.
Dialogues/prepScizzorsGrabed2	<voice type=thanks>\nNow I can shear the goats! Can't wait.	<voice type=thanks>\nСега мога да подрежа козните! Не мога да чакам.	<voice type=thanks>\nMaintenant je vais pouvoir tondre les chèvres! Enfin.	<voice type=thanks>\nТеперь я могу постричь коз! Скорее бы.
Dialogues/prepGoatsShave1	<voice type=order>\nAaand... There you are.\n<voice type=order>\nLooking fresh, stylish, in shape.	<voice type=order>\nИ... ето ти.\n<voice type=order>\nИзглеждаш свеж, стилен, в добра форма.	<voice type=order>\nEeet... Voilà.\n<voice type=order>\nDe la fraîcheur, du style, elles ont l'air en forme.	<voice type=order>\nИ-и-и... Готово.\n<voice type=order>\nСтильно, модно, аккуратно.
Dialogues/prepGoatsShave2	<voice type=order>\nI'm sure you'll be feeling better now.	<voice type=order>\nСигурен съм, че сега се чувстваш по-добре.	<voice type=order>\nJe suis sûr que vous vous sentez mieux, maintenant.	<voice type=order>\nУверен, теперь вам гораздо легче.
Dialogues/prepGoatsShave3	<voice type=thanks>\nFinally, milk! Surely that was quite a bit harder than I expected.	<voice type=thanks>\nНакрая, мляко! Сигурно беше много по-трудно от това, което очаквах.	<voice type=thanks>\nMaintenant, du lait! C'était quand même un peu plus difficile que je ne le pensais.	<voice type=thanks>\nНаконец-то, молоко! Получить его оказалось сложнее, чем я ожидал.
Dialogues/prepGoatInspectChill	<voice type=laugh>\nNow looking properly chilled, just doing goat business. Ready to mayhem, but consciously choosing not to.	<voice type=laugh>\nСега изглежда напълно спокоен, просто се занимавам с козните дела. Готов за хаос, но съзнателно избирам да не го правя.	<voice type=laugh>\nMaintenant voilà, elles sont reposées, elles s'occupent de leurs histoires de chèvres. Elles pourraient mettre la pagaille, mais elles choisissent de ne pas le faire, en toute conscience.	<voice type=laugh>\nКозам не жарко, они заняты делом. Готовы к бесчинствам, но сознательно от них отказываются.
Dialogues/prepTurnAroundLake1	<voice type=order>\n"Turn around! They're watching!"	<voice type=order>\n"Обърни се! Наблюдават те!"	<voice type=order>\n«Faites demi-tour! Ils regardent!»	<voice type=order>\n«Иди назад! Они следят!»
Dialogues/prepTurnAroundLake2	<voice type=question>\nUhm, who's watching exactly?	<voice type=question>\nЕй, кой точно гледа?	<voice type=question>\nHuuum, qui est-ce qui regarde exactement?	<voice type=question>\nЭм, кто конкретно?
Dialogues/prepCamera1	<voice type=question>\nWhat's this?	<voice type=question>\nТова какво е?	<voice type=question>\nEt ça, qu'est-ce que c'est?	<voice type=question>\nЧто это?
Dialogues/prepCamera2	<voice type=order>\nA camera? Hm... I think it has a government sign on it.	<voice type=order>\nКамера? Хм... Мисля, че има знак на правителството върху нея.	<voice type=order>\nUne caméra? Huum... Je crois qu'elle porte un sigle du gouvernement.	<voice type=order>\nКамера? Хм... Кажется, на ней государственная маркировка.
Dialogues/prepFarmInvitation	<voice type=disappointment>\nOh no, what nonsense is this? A farm? Do I really look like a farmer?\nI hope I'll manage to get something for myself from this.	<voice type=disappointment>\nО, не, каква глупост е това? Ферма? Наистина ли изглеждам като фермер?\nНадявам се, че ще успея да взема нещо за себе си от това.	<voice type=disappointment>\nOh non, ça n'a aucun sens. Une ferme? Est ce que j'ai vraiment l'air d'un fermier?\nJ'espère que ça va au moins m'apporter quelque chose.	<voice type=disappointment>\nО нет, да что это такое? Ферма? Неужели я похож на фермера?\nНадеюсь, я сумею извлечь для себя хоть какую-то выгоду.
Dialogues/willFarmReward1	<voice type=question>\nMr. Prepper?	<voice type=question>\nГ-т Препър?	<voice type=question>\nMr Prepper?	<voice type=question>\nМистер Выживальщик?
Dialogues/prepFarmReward2	<voice type=question>\nYes?	<voice type=question>\nДа?	<voice type=question>\nOui?	<voice type=question>\nДа?
Dialogues/willFarmReward3	I've come to the conclusion you were quite useful around here.\nSorry for not giving you the warmest of welcomes. I've grown suspicious over the years.	Дойдох до заключението, че си доста полезен тук.\nИзвинявай, че не те посрещнах с най-топлото посрещане. С годините станах подозрителен.	J'en suis arrivé à la conclusion que tu es ici d'une grand utilité. Excuse-moi de t'avoir accueilli un peu froidement. Je suis devenu méfiant avec l'âge.	Я рассудил, что вы оказались довольно полезным.\nПростите за не слишком теплый прием. С возрастом я стал подозрительным.
Dialogues/prepFarmReward4	<voice type=acceptance>\nNo offence taken.	<voice type=acceptance>\nНяма обида.	<voice type=acceptance>\nC'est pas grave.	<voice type=acceptance>\nЯ не в обиде.
Dialogues/willFarmReward5	<voice type=order>\nGood. Here you are, take these chickens.	<voice type=order>\nДобре. Ето ги, вземи тези пилешки.	<voice type=order>\nBon. Merci. Prends ces poules.	<voice type=order>\nЗдорово. Вот, возьми этих цыплят.
Dialogues/willFarmReward6	You can eat them or keep them for eggs. Your choice.	Можеш да ги изядеш или да ги запазиш за яйца. Твоят избор.	Tu peux les manger ou les élever pour avoir des œufs, comme tu veux.	Съешь их или оставь, чтобы давали яйца. Тебе решать.
Dialogues/willFarmReward7	<voice type=acceptance>\nAnd in case that you want to keep them: here are some useful blueprints about animal husbandry. Good luck!	<voice type=acceptance>\nИ в случай че искаш да ги запазиш: ето някои полезни чертежи за животновъдство. Успех!	<voice type=acceptance>\nEt dans le cas où tu voudrais les élever: voici quelques informations utiles sur l'élevage des animaux. Bonne chance!	<voice type=acceptance>\nЕсли захочешь оставить их, то вот тебе бумаги про животноводство. Удачи!
Dialogues/prepFarmReward8	<voice type=thanks>\nThanks! I've been thinking of establishing my small animal farm for some time now.	<voice type=thanks>\nБлагодаря! Отдавна ми се мисли за това да основа малка ферма с животни.	<voice type=thanks>\nMerci! Ça fait longtemps que je voulais créer ma petite ferme avec des animaux.	<voice type=thanks>\nСпасибо! Я уже и сам подумывал завести скотный дворик.
Dialogues/willMilkAndEggs1	<voice type=question>\nHey Prepper, how did it go?	<voice type=question>\nЗдравей, Препър, как мина?	<voice type=question>\nSalut Prepper, comment ça s'est passé?	<voice type=question>\nПривет, Выживальщик. Как все прошло?
Dialogues/prepMilkAndEggs2	<voice type=thanks>\nI got the shears! And the dog is unharmed.	<voice type=thanks>\nВзех носачите! И кучето е в ред.	<voice type=thanks>\n J'ai les ciseaux! Et le chien est sain et sauf.	<voice type=thanks>\nНожницы у меня! И собака не пострадала.
Dialogues/willMilkAndEggs3	<voice type=order>\nGood. \nSo let's see how has your work paid off. \n<voice type=question>\nCan you bring me some milk and eggs from my animals?	<voice type=order>\nДобре. \nНека видим как се е отплатила работата ти. \n<voice type=question>\nМожеш ли да ми донесеш малко мляко и яйца от моите животни?	<voice type=order>\nBien. \nAlors voyons les effets de ton travail.\n<voice type=question>\nTu peux m'apporter du lait et des œufs de mes animaux?	<voice type=order>\nЗдорово.\nНу, проверим, окупились ли твои труды.\n<voice type=question>\nСможешь добыть молоко и яйца?
Dialogues/prepMilkAndEggs4	<voice type=order>\nI hope so.	<voice type=order>\nНадявам се.	<voice type=order>\n J'espère bien.	<voice type=order>\nНадеюсь.
Dialogues/willMilkAndEggsIncomplite1	<voice type=question>\nDid you get milk and eggs?	<voice type=question>\nВзе ли мляко и яйца?	<voice type=question>\nTu as eu du lait et des œufs?	<voice type=question>\nРаздобыл молоко и яйца?
Dialogues/prepMilkAndEggsIncomplite2	<voice type=negation>\nWorking on it.	<voice type=negation>\nРаботя по въпроса.	<voice type=negation>\nJ'y travaille.	<voice type=negation>\nЯ в процессе.
Dialogues/prepMilkAndEggsFinished1	<voice type=order>\nHere's some milk and eggs	<voice type=order>\nЕто малко мляко и яйца	<voice type=order>\n Voici du lait et des œufs	<voice type=order>\nВот молоко и яйца.
Dialogues/willMilkAndEggsFinished2	<voice type=thanks>\nNow would you look at that.\n<voice type=question>\nIs this really from my animals?	<voice type=thanks>\nСега виж това.\n<voice type=question>\nТова наистина е от животните ми?	<voice type=thanks>\nRegardez-moi ça.\n <voice type=question>\nÇa vient vraiment de mes animaux?	<voice type=thanks>\nТолько посмотрите.\n<voice type=question>\nИх и правда дали мои животные?
Dialogues/prepMilkAndEggsFinished3	Yes. All fresh and from our own farm. Well, state-owned farm. But you know what I mean.	Да. Всичко е прясно и от нашата собствена ферма. Е, държавна ферма. Но ти знаеш какво имам предвид.	Oui. C'est tout frais et ça vient de notre propre ferme. Euh, de la ferme d'État. Mais vous voyez ce que je veux dire.	Да. Свеженькие, с нашей собственной фермы. Ну, точнее, фермой владеет государство. Но ты понял, о чем я.
Dialogues/willMilkAndEggsFinished4	<voice type=thanks>\nGreat, thank you for all the help!\nI think that I may get through another inspection now.	<voice type=thanks>\nСупер, благодаря за помощта!\nМисля, че сега мога да издържа още една проверка.	<voice type=thanks>\nSuper, merci pour toute ton aide! Je ne devrais pas avoir de problèmes à la prochaine inspection.	<voice type=thanks>\nОтлично, спасибо за помощь!\nМожет, я даже смогу пройти очередную инспекцию.
Dialogues/willMilkAndEggsFinished5	From now I will pay you for all eggs and milks you bring.\nIt's now your job after all, and I don't think agency is planning to pay you.	Отсега ще ти плащам за всички яйца и млека, които донасяш.\nТова е твоята работа, все пак, и не мисля, че агенцията планира да ти плаща.	À partir de maintenant, je te paierai les œufs et le lait que tu apporteras. Maintenant c'est ton travail après tout, je ne crois pas que l'agence envisage de te payer.	С этого момента я буду платить за молоко и яйца, которые ты мне приносишь.\nТеперь это твоя работа. Тем более, вряд ли Агентство собиралось давать тебе деньги.
Dialogues/willMilkAndEggsFinished6	And here, take this, those are some basic recipes from eggs and milk...	И тук, вземи това, това са някои основни рецепти от яйца и мляко...	Et tiens, prends ça, ce sont des recettes simples à base d'œufs et de lait...	И вот, возьми простые рецепты блюд из молока и яиц...
Dialogues/henMilkAndEggsFinished7	Cluck!	Кък!	Cot Cot!	Кудах!
Dialogues/willMilkAndEggsFinished8	<voice type=thanks>\n...yes, and from fish, thank you, Henry.	<voice type=thanks>\n...да, и от риба, благодаря, Хенри.	<voice type=thanks>\n...oui, et de poisson, merci, Henry.	<voice type=thanks>\n...да, и рыбы. Спасибо, Генри.
Dialogues/prepMilkAndEggsFinished9	<voice type=thanks>\nThank you!	<voice type=thanks>\nБлагодаря!	<voice type=thanks>\nMerci!	<voice type=thanks>\nСпасибо!
Dialogues/willMilkAndEggsFinished10	There is still a lot to do. Please come back tomorrow, it's enough work for today.	Има още много работа. Върни се утре, днес е достатъчно.	Il reste encore beaucoup à faire. Reviens demain, assez travaillé pour aujourd'hui.	Дел еще много. Приходи завтра, на сегодня ты уже достаточно поработал.
Dialogues/willWaitIncomplite1	<voice type=negation>\nThere is nothing else to do today.\n<voice type=order>\nCome back tomorrow.	<voice type=negation>\nНяма нищо друго за правене днес.\n<voice type=order>\nВърни се утре.	<voice type=negation>\nIl n'y a rien d'autre à faire aujourd'hui. \n<voice type=order>\nReviens demain.	<voice type=negation>\nНа сегодня дел больше нет.\n<voice type=order>\nВозвращайся завтра.
Dialogues/prepWaitIncomplite2	<voice type=thanks>\nWe're on top of this thing! Who would've thought.	<voice type=thanks>\nВсичко под контрол! Кой би го помислил.	<voice type=thanks>\nOn est au top! Qui aurait pu croire.	<voice type=thanks>\nМы справляемся! Кто бы мог подумать?
Dialogues/prepMilkAndEggsWrongTIme1	I have some milk and eggs...	Имам мляко и яйца...	J'ai du lait et des œufs..	У меня есть молоко и яйца...
Dialogues/willMilkAndEggsWrongTIme2	<voice type=anger>\nNot now, Mr. Prepper! There are more important matters at the moment.	<voice type=anger>\nНе сега, господин Препър! В момента има по-важни неща.	<voice type=anger>\nPas maintenant, Mr. Prepper! Il y a des choses plus importantes pour l'instant.	<voice type=anger>\nНе сейчас, мистер Выживальщик! Есть дела и поважнее.
Dialogues/prepWheresWill	<voice type=question>\nWhere is Will?	<voice type=question>\nКъде е Уил?	<voice type=question>\nOù est Will?	<voice type=question>\nГде Уилл?
Dialogues/willAnimalsKidnaped1	<voice type=fear>\nMr. Prepper! Something terrible happened!	<voice type=fear>\nГ-то Препър! Нещо ужасно се случи!	<voice type=fear>\nMr. Prepper! Il s'est passé quelque chose de terrible!	<voice type=fear>\nМистер Выживальщик! Случилась беда!
Dialogues/prepAnimalsKidnaped2	<voice type=question>\nWhat? Did the goats destroy something again?	<voice type=question>\nКакво? Заново унищожи ли козните нещо?	<voice type=question> \nQuoi? Les chèvres ont encore détruit quelque chose?	<voice type=question>\nЧто такое? Козы опять что-то уничтожили?
Dialogues/willAnimalsKidnaped3	<voice type=fear>\nNo! Much worse! They're gone!\n<voice type=upset>\nA goat and two chickens.	<voice type=fear>\nНе! Много по-лошо! Те са изчезвали!\n<voice type=upset>\nЕдин коз и две пилешки.	<voice type=fear>\nNon! Bien pire! Elles se sont échappées! \n<voice type=upset> \nUne chèvre et deux poules.	<voice type=fear>\nНет! Гораздо хуже! Они исчезли!\n<voice type=upset>\nКоза и две куры.
Dialogues/prepAnimalsKidnaped4	<voice type=upset>\nOh...	<voice type=upset>\nОо…	<voice type=upset> \nOh...	<voice type=upset>\nОх...
Dialogues/willAnimalsKidnaped5	<voice type=disappointment>\nI haven't told you before, but it's not the first time it happens.	<voice type=disappointment>\nНе съм ти казвал преди, но не е първи път, когато се случва.	<voice type=disappointment>\nJe te l'avais jamais dit, mais ce n'est pas la première fois que ça arrive.	<voice type=disappointment>\nЯ тебе об этом не говорил, но такое происходит не впервые.
Dialogues/willAnimalsKidnaped6	<voice type=anger>\nIt happens regularly! That's one of the reasons I have such low efficiency.\n<voice type=anger>\nThe Agency will give me a hard time again!	<voice type=anger>\nТова се случва редовно! Това е една от причините за ниската ми ефективност.\n<voice type=anger>\nАгенцията ще ми направи още проблеми!	<voice type=anger>\nÇa arrive régulièrement! C'est une des raisons pour lesquelles je ne suis pas très efficace.\n<voice type=anger>\nL'Agence va encore me donner du fil à retordre!	<voice type=anger>\nОни исчезают регулярно! Отчасти поэтому я так плохо справляюсь.\n<voice type=anger>\nАгентство снова на меня насядет!
Dialogues/prepAnimalsKidnaped7	Let me take a look around, okay? Maybe I can figure out what happened.	Дай ми да огледам наоколо, става ли? Може би ще разбера какво се е случило.	Laissez-moi jeter un coup d'œil, d'accord? Je vais peut-être comprendre ce qu'il s'est passé.	Давай осмотримся, ладно? Может, я пойму, в чем дело.
Dialogues/willPlayerHasNoFish	You need to bring me a new fish to gain rewards!	Трябва да ми донесеш нова риба, за да получиш награди!	Il faut que tu m'apportes un nouveau poisson pour obtenir des récompenses!	Чтобы получить награду, принеси мне новую рыбу!
Dialogues/willAnimalsKidnapedIncomplite1	<voice type=upset>\nSo, do you know what happened to them?	<voice type=upset>\nЗнаеш какво им е станало?	<voice type=upset>\nAlors, tu sais ce qui leur est arrivé?	<voice type=upset>\nНу так что, ты знаешь, что с ними произошло?
Dialogues/prepAnimalsKidnapedIncomplite2	<voice type=negation>\nNot yet, sorry.	<voice type=negation>\nОще не, съжалявам.	<voice type=negation>\nPas encore, désolé.	<voice type=negation>\nПока нет, прости.
Dialogues/prepTrapsBarnDoor	<voice type=negation>\nOpen. Not good, Will should close this door every night.\n<voice type=question>\nMaybe he forgot? \n<voice type=disappointment>\nHe seems to forget many things...\n<voice type=question>\nBut then again, who in this town doesn't?	<voice type=negation>\nОтвори. Не е добре, Уил трябва да затва тази врата всяка вечер.\n<voice type=question>\nМоже би е забравил?\n<voice type=disappointment>\nИзглежда, че забравя много неща...\n<voice type=question>\nНо от друга страна, кой в този град не забравя?	<voice type=negation>\nC'est ouvert. C'est pas bien, Will devrait fermer cette porte tous les soirs. \n<voice type=question>\nPeut-être qu'il a oublié? \n<voice type=disappointment>\nOn dirait qu'il oublie beaucoup de choses... \n<voice type=question>\nMais qui dans cette ville n'en fait pas autant?	<voice type=negation>\nОткрыто. Плохо дело, Уилл должен закрывать эту дверь каждую ночь.\n<voice type=question>\nМожет, он забыл? \n<voice type=disappointment>\nКажется, он многое забывает...\n<voice type=question>\nС другой стороны, а кто в этом городе не забывает?
Dialogues/prepTrapsHoles	<voice type=question>\nThere is a hole in a barn wall... Looks like it was made from the inside.\n<voice type=order>\nMost likely one of the goats has done it. \nIt's too small to be made by a wolf... but perhaps a fox could sneak through here.	<voice type=question>\nИма дупка в стената на хамбара... Изглежда, че е направена отвътре.\n<voice type=order>\nНай-вероятно някое от козите го е направило. \nТвърде малко е, за да е направено от вълк... но може би лисица би могла да се промъкне тук.	<voice type=question>\nIl y a un trou dans le mur de l'étable... On dirait qu'il a été fait de l'intérieur. \n<voice type=order>\nIl est fort probable que ce soit une des chèvres qui l'ait fait. C'est trop petit pour avoir été fait par un loup... mais un renard pourrait s'y faufiler.	<voice type=question>\nВ стене амбара дыра... Кажется, проделана изнутри..\n<voice type=order>\nСкорее всего, это сделала коза.\nОтверстие маловато, волк бы такое не сделал... а вот лиса могла бы.
Dialogues/prepTrapsFootPrintsWolf1	There are some animal footprints on the ground.	Има някои следи от животни на земята.	Il y a des empreintes d'animaux par terre.	На земле есть следы животных.
Dialogues/prepTrapsFootPrintsWolf2	<voice type=order>\nHmm. Not my area of expertise, but these look like wolf's footprints to me. 	<voice type=order>\nХмм. Не е моята специалност, но тези изглеждат като следи от вълк. 	<voice type=order>\nHum. Je ne m'y connais pas trop, mais pour moi, ça ressemble à des empreintes de loup.	<voice type=order>\nХм. Я, конечно, не эксперт, но, похоже, это волчьи следы.
Dialogues/prepTrapsFootPrintsHuman1	<voice type=question>\nOkay, those are definitely human's...	<voice type=question>\nДобре, това със сигурност е човешко...	<voice type=question>\nOk, celles là, elles proviennent d'humains, c'est sûr...	<voice type=question>\nТак, это явно следы человека...
Dialogues/prepTrapsFootPrintsHuman2	<voice type=question>\nNot my shoe size. Could it be Will's though?	<voice type=question>\nНе е моят номер. Може би е на Уил?	<voice type=question>\nC'est pas ma pointure. Est-ce que ça peut être celle de Will?	<voice type=question>\nНе мой размер. Но что насчет Уилла?
Dialogues/prepFarmTraps1	<voice type=order>\nSo it seems that some wild animal is behind this.	<voice type=order>\nИзглежда, че някое диво животно е зад това.	<voice type=order>\nOn dirait donc que c'est un animal sauvage qui est derrière tout ça.	<voice type=order>\nКажется, это сделал какой-то дикий зверь.
Dialogues/prepFarmTraps2	<voice type=acceptance>\nLet's set up traps in this area then and find out the culprit!	<voice type=acceptance>\nНека поставим капани в тази зона и открием виновница!	<voice type=acceptance>\nAlors posons des pièges dans cette zone et découvrons le coupable!	<voice type=acceptance>\nНужно установить здесь капканы и поймать похитителя!
Dialogues/prepFarmTrapsSet1	<voice type=order>\nDone. I should come back tomorrow and check up on those.	<voice type=order>\nГотово. Утре трябва да дойда и да погледна на тях.	<voice type=order>\nC'est fait. Il faut que je vienne demain vérifier tout ça.	<voice type=order>\nГотово. Вернусь завтра и проверю.
Dialogues/prepFarmTrapsFirstCatch1	<voice type=acceptance>\nA wolf got caught in this!	<voice type=acceptance>\nВълк се хвана в това!	<voice type=acceptance>\nUn loup s'est fait prendre là-dedans!	<voice type=acceptance>\nВолк!
Dialogues/prepFarmTrapsFirstCatch2	Another wolf. Nothing out of ordinary.	Още един вълк. Нищо необичайно.	Encore un loup. Rien d'extraordinaire.	Еще один волк. Ничего необычного.
Dialogues/prepFarmTrapsFirstCatch3	<voice type=question>\nHmm...	<voice type=question>\nХмм...	<voice type=question>\nHum...	<voice type=question>\nХм...
Dialogues/prepFarmTrapsFirstCatch4	<voice type=question>\nNow what's that?	<voice type=question>\nСега какво е това?	<voice type=question>\nQu'est-ce que c'est ça?	<voice type=question>\nА это что?
Dialogues/prepFarmTrapsFirstCatch5	<voice type=question>\nIs this a...	<voice type=question>\nТова ли е...	<voice type=question>\nEst-ce que c'est un...	<voice type=question>\nНеужели это...
Dialogues/prepFarmTrapsFirstCatch6	<voice type=acceptance>\nAh, no, it's just a fox tail.	<voice type=acceptance>\nА, не, това е просто опашка на лисица.	<voice type=acceptance>\nAh, non, c'est juste une queue de renard.	<voice type=acceptance>\nА, нет, просто лисий хвост.
Dialogues/prepFarmTrapsFirstCatch7	Okay, looks like I was right, nothing suspicious here.	Добре, изглежда, че бях прав, нищо подозрително тук.	OK, on dirait que j'avais raison, rien de suspect ici.	Так, кажется, я был прав. Ничего подозрительного.
Dialogues/prepFarmTrapsFirstCatch8	I'll better keep these traps up at all times.\n<voice type=order>\nI don't want any more cases of lost animals here.	По-добре ще поддържа тези капани винаги.\n<voice type=order>\nНе искам да има повече случаи на изгубени животни тук.	Je ferais mieux de laisser ces pièges en place.\n<voice type=order>\nJe ne voudrais que des pertes d'animaux se reproduisent.	Капканы лучше не убирать.\n<voice type=order>\nГоняться за животными я больше не собираюсь.
Dialogues/willTrapsTalk1	<voice type=question>\nSo? What was it?	<voice type=question>\nА? Какво беше?	<voice type=question>\nAlors? Qu'est-ce que c'était?	<voice type=question>\nНу что? В чем было дело?
Dialogues/prepTrapsTalk2	Just some wild animals. \nIt's fine, Will. I will set up some traps and we should be done with the problem.\n<voice type=disappointment>\nJust mind your step, I don't want to find you caught in one of the traps.	Само някои диви животни. \nНищо няма, Уил. Ще подготвя някои капани и ще сме готови с проблема.\n<voice type=disappointment>\nСамо внимавай къде стъпваш, не искам да те намеря в някоя от капаните.	Juste quelques animaux sauvages. \nC'est bon, Will. Je vais mettre des pièges et on devrait se débarrasser du problème.\n<voice type=disappointment>\nMais faites attention où vous mettez les pieds, je ne voudrais pas vous retrouver pris dans l'un de ces pièges.	Это всего лишь дикие животные. \nВсе нормально, Уилл. Я расставил капканы, скоро мы решим эту проблему.\n<voice type=disappointment>\nТолько смотри под ноги. Я не хочу, чтобы ты попал в капкан.
Dialogues/willTrapsTalk3	<voice type=anger>\nOh who do you think I am! I'll be careful, sure.	<voice type=anger>\nО, кой ми мисли, че съм! Ще бъда внимателен, разбира се.	<voice type=anger>\nOh, tu me prends pour quoi! Je serai prudent, bien sûr.	<voice type=anger>\nТы за кого меня держишь? Конечно, я буду осторожен.
Dialogues/willTrapsIncomplite1	<voice type=question>\nDid you set up those traps?	<voice type=question>\nПостави ли тези капани?	<voice type=question>\nTu as posé ces pièges?	<voice type=question>\nТы уже установил капканы?
Dialogues/prepTrapsIncomplite2	<voice type=negation>\nNot yet, sorry.	<voice type=negation>\nОще не, съжалявам.	<voice type=negation>\nPas encore, désolé.	<voice type=negation>\nПока нет, прости.
Dialogues/prepTrapsComplite2	<voice type=acceptance>\nYes, now we just have to wait.	<voice type=acceptance>\nДа, сега просто трябва да чакаме.	<voice type=acceptance>\nOui, maintenant on n'a plus qu'à attendre.	<voice type=acceptance>\nДа, теперь нам просто надо подождать.
Dialogues/willTrapsComplite3	<voice type=disappointment>\nHope you are right about those wild animals, Mr. Prepper.	<voice type=disappointment>\nНадявам се да си прав за тези диви животни, г-н Препър.	<voice type=disappointment>\nJ'espère que tu as raison, Mr. Prepper, à propos de ces animaux sauvages.	<voice type=disappointment>\nНадеюсь, ты был прав про диких животных, мистер Выживальщик.
Dialogues/willMazeRun1	<voice type=question>\nSo how are these traps of yours working?	<voice type=question>\nТова са твоите капани, нали? Как работят?	<voice type=question>\nAlors, les pièges, il y a du neuf?	<voice type=question>\nНу что там, работают твои капканы?\n
Dialogues/prepMazeRun2	<voice type=acceptance>\nGood. I've caught some wolves and a fox so far.	<voice type=acceptance>\nДобре. Улових някои волки и лисица досега.	<voice type=acceptance>\nOui. J'ai déjà attrapé des loups et un renard.	<voice type=acceptance>\nДа. Пока что поймал пару волков и лесу.
Dialogues/willMazeRun3	<voice type=order>\nGreat! I hope it's enough to stop those pesky predators.\n<voice type=thanks>\nThere is something I would like to show you.	<voice type=order>\nЧудесно! Надеждавам се да е достатъчно, за да спреш тези досадни хищници.\n<voice type=thanks>\nИмам нещо, което искам да ти покажа.	<voice type=order>\nGénial! J'espère que ça suffira pour arrêter ces satanés prédateurs.\n<voice type=thanks>\nIl y a quelque chose que j'aimerais te montrer.	<voice type=order>\nКласс! Надеюсь, этих наглых хищников удастся остановить.\n<voice type=thanks>\nЯ хочу кое-что тебе показать.
Dialogues/willMazeRun4	<voice type=disappointment>\nRemember the lake? The one that you were not supposed to see, but you did, being nosy as usual.	<voice type=disappointment>\nСпомняш ли си езерото? Това, което не трябваше да виждаш, но го видя, защото си любопитен както винаги.	<voice type=disappointment>\nTu te souviens du lac? Celui que tu n'étais pas censé voir, mais que tu as vu, curieux comme tu es.	<voice type=disappointment>\nПомнишь озеро? То, на которое тебе нельзя было ходить, а ты все равно пошел, назойливый такой.
Dialogues/prepMazeRun5	<voice type=question>\nRight. What about the lake?	<voice type=question>\nДобре. А какво е с езерото?	<voice type=question>\nC'est vrai. Et ce lac, alors?	<voice type=question>\nАга. Что с ним?
Dialogues/willMazeRun6	Next to it, you will find an entrance to the wheat maze.\n<voice type=laugh>\nIt's my little project. Designed as a kids' attraction. But maybe you'll like it too? \n<voice type=order>\nGive it a try and tell me what you think!	До него ще намери вход към пшеничното лабиринт.\n<voice type=laugh>\nТова е моят малък проект. Направена като детска атракция. Но може да ти хареса и ти?\n<voice type=order>\nОпитай и кажи ми какво мисли!	A côté de lui, tu trouveras l'entrée du labyrinthe de blé. \n<voice type=laugh>\nC'est ma petite œuvre. Conçue comme une attraction pour enfants. Mais peut-être que ça te plaira aussi?\n<voice type=order>\nEssaie-le et dis-moi ce que tu en penses!	Рядом с ним ты найдешь вход в мой пшеничный лабиринт.\n<voice type=laugh>\nЭто мой небольшой проект. Я задумал его как аттракцион для детей. Но, может, но и тебе придется по вкусу? \n<voice type=order>\nПройдись по нему и скажи, как тебе!
Dialogues/prepMazeRun7	<voice type=disappointment>\nA maze. Sure, obviously.	<voice type=disappointment>\nЛабиринт. Разбира се, очевидно.	<voice type=disappointment>\nUn labyrinthe. Bien sûr, certainement.	<voice type=disappointment>\nЛабиринт. Ну конечно.
Dialogues/willMazeRun8	Once you enter the maze you have to beat it in one go.\nI mean you can leave whenever you want, but if you do you will miss out on some rewards.	Веднъж влезли в лабиринта, трябва да го преминете наведнъж.\nИскам да кажа, можеш да си тръгнеш когато искаш, но ако го направиш, ще пропуснеш някои награди.	Une fois que tu entres dans le labyrinthe, tu dois le traverser en une seule fois. Je veux dire tu peux en sortir quand tu veux, mais si tu sors, tu n'auras pas certaines récompenses.	Как только попадешь в лабиринт, тебе придется пройти его до конца за раз.\nНу, ты, конечно, можешь уйти, но тогда получишь не все награды.
Dialogues/prepMazeRun9	I will keep it in mind, I guess.	Ще го имам предвид, предполагам.	Je crois que je n'oublierai pas.	Буду иметь это в виду.
Dialogues/willMazeRunIncomplite1	<voice type=question>\nHave you checked out my crop maze?	<voice type=question>\nВиждаше ли твоята пътека от култури?	<voice type=question>\nTu as essayé mon labyrinthe?	<voice type=question>\nТы уже побывал в моем лабиринте?
Dialogues/prepMazeRunIncomplite2	<voice type=negation>\nNo, not yet.	<voice type=negation>\nНе, още не.	<voice type=negation>\nNon, pas encore.	<voice type=negation>\nПока нет.
Dialogues/prepFishingRodInspect	<voice type=question>\nAn old fishing rod. Maybe I could use it somehow? I'll ask Will.	<voice type=question>\nСтара риболовна пръчка. Може би мога да я използвам някак? Ще попитам Уил.	<voice type=question>\nUne vieille canne à pêche. Peut-être que je vais pouvoir l'utiliser d'une manière ou d'une autre? Je vais demander à Will.	<voice type=question>\nСтарая удочка. Может, ей найдется какое-то применение? Спрошу у Уилла.
Dialogues/prepFishingRod1	<voice type=question>\nWill?	<voice type=question>\nЩе ли?	<voice type=question>\nWill?	<voice type=question>\nУилл?
Dialogues/willFishingRod2	<voice type=question>\nYes?	<voice type=question>\nДа?	<voice type=question>\nOui?	<voice type=question>\nДа?
Dialogues/prepFishingRod3	I've noticed this old fishing rod.	Забелязах тази стара въдица.	J'ai remarqué cette vieille canne à pêche.	Я нашел старую удочку.
Dialogues/willFishingRod4	<voice type=question>\nYes, what about it?	<voice type=question>\nДа, какво за него?	<voice type=question>\nOui, et alors?	<voice type=question>\nИ что?
Dialogues/prepFishingRod5	Well, there is a lake nearby. The one I wasn't supposed to see, but I'm nosy, as we established.	Е, има езеро наблизо. Това, което не трябваше да виждам, но съм любопитен, както установихме.	Eh bien, il y a un lac à proximité. Celui que je n'étais pas censé voir, mais je suis un fouineur, comme vous avez déjà pu le remarquer.	Ну, рядом с ней было озеро. То, на которое мне нельзя было ходить, но я ведь назойливый.
Dialogues/willFishingRod6	<voice type=disappointment>\nGo on.	<voice type=disappointment>\nПродължавай.	<voice type=disappointment>\nContinue.	<voice type=disappointment>\nПродолжай.
Dialogues/prepFishingRod7	<voice type=question>\nCan I borrow the rod?	<voice type=question>\nМога ли да заема кърпата?	<voice type=question>\nJe peux emprunter la canne?	<voice type=question>\nМожно мне взять удочку?
Dialogues/willFishingRod8	<voice type=anger>\nThe lake is surrounded with government cameras, you remember?	<voice type=anger>\nЕзерото е заобиколено от правителствени камери, помниш ли?	<voice type=anger>\nLe lac est entouré de caméras du gouvernement, tu te souviens?	<voice type=anger>\nНа озере полно камер, забыл?
Dialogues/prepFishingRod9	<voice type=question>\nYes, and?	<voice type=question>\nДа, и какво?	<voice type=question>\nOui, et alors?	<voice type=question>\nПомню. И что?
Dialogues/willFishingRod10	<voice type=disappointment>\n...		<voice type=disappointment>\n…	<voice type=disappointment>\n...
Dialogues/prepFishingRod11	...		...	...
Dialogues/willFishingRod12	<voice type=disappointment>\nYou're unbelievable, Mr. Prepper. Sure, take it.	<voice type=disappointment>\nТи си невероятен, господин Препър. Разбира се, вземи го.	<voice type=disappointment>\nTu es incroyable, Mr. Prepper. Bien sûr, prends-la.	<voice type=disappointment>\nИнтересный ты человек, мистер Выживальщик. Конечно, бери.
Dialogues/willFishingRod13	Here, I have a few spare fishing baits.You will need them.	Ето, имам няколко резервни примамки за риболов. Ще ти трябват.	Tiens. J'ai quelques appâts. Tu en auras besoin.	У меня даже есть лишняя наживка. Тебе пригодится.
Dialogues/prepFishingRod14	<voice type=thanks>\nThanks!	<voice type=thanks>\nБлагодаря!	<voice type=thanks>\nMerci!	<voice type=thanks>\nСпасибо!
Dialogues/willFishingRod15	And if you want to bother someone about fishing, bother Henry.\nHe is a specialist in that field.	И ако искаш да притесняваш някого за риболов, притеснявай Хенри.\nТой е специалист в тази област.	Et si tu veux embêter quelqu'un avec des histoires de pêche, embête Henry. C'est un spécialiste dans ce domaine.	А если понадобится помощь с рыбалкой, обращайся к Генри.\nОн в этой области специалист.
Dialogues/henFishingRod16	Cluck! Cluck!	Кудкудяк! Кудкудяк!	Cot! Cot!	Куд-куда!
Dialogues/prepFishingRod17	...		...	...
Dialogues/willAfterMaze1	<voice type=question>\nHave you visited the maze?	<voice type=question>\nПосети ли лабиринта?	<voice type=question>\nTu es allé voir le labyrinthe?	<voice type=question>\nБыл в лабиринте?
Dialogues/prepAfterMaze2	<voice type=acceptance>\nActually, yes.	<voice type=acceptance>\nВсъщност, да.	<voice type=acceptance>\nEuh, oui.	<voice type=acceptance>\nКстати, да.
Dialogues/willAfterMaze3	<voice type=question>\nHow did you like it?	<voice type=question>\nКак ти хареса?	<voice type=question>\nTu as aimé?	<voice type=question>\nИ как тебе?
Dialogues/prepAfterMaze4	<voice type=question>\nYou said it is a kids' attraction?	<voice type=question>\nКаза, че е атракция за деца?	<voice type=question>\nVous avez dit que c'était une attraction pour enfants?	<voice type=question>\nЭто детский аттракцион, говоришь?
Dialogues/willAfterMaze5	<voice type=laugh>\nYes! It's a bit unconventional, I know, but I'm sure they'll love it.	<voice type=laugh>\nДа! Звучи малко нетрадиционно, знам, но си сигурен, че ще им хареса.	<voice type=laugh>\nOui! C'est pas très conventionnel, je sais, mais je suis sûr qu'ils vont adorer.	<voice type=laugh>\nДа! Знаю, немного необычно, но уверен, деткам понравится.
Dialogues/prepAfterMaze6	<voice type=negation>\nI don't know. But I almost died there.	<voice type=negation>\nНе знам. Но почти умрях там.	<voice type=negation>\nJe ne sais pas. Mais j'ai failli y mourir.	<voice type=negation>\nНасчет деток не знаю, но я в нем чуть не умер.
Dialogues/willAfterMaze7	<voice type=question>\nOh. But did you like it?	<voice type=question>\nО. Но ти хареса ли?	<voice type=question>\nOh. Mais est-ce que ça t'a plu?	<voice type=question>\nОго. Но тебе ведь понравилось?
Dialogues/prepAfterMaze8	<voice type=disappointment>\nUhm...\n<voice type=acceptance>\nYeah, kind of.	<voice type=disappointment>\nЕх...\n<voice type=acceptance>\nДа, нещо такова.	<voice type=disappointment>\nEuh... \n<voice type=acceptance> \nOuais, on peut dire ça comme ça.	<voice type=disappointment>\nЭм...\n<voice type=acceptance>\nНу да, типа того.
Dialogues/prepAfterMaze9	<voice type=disappointment>\n<I>I'm glad the Agency gave him a farm to supervise and not a kindergarten.</I>	<voice type=disappointment>\n<I>Радвам се, че Агенцията му даде ферма за надзор, а не детска градина.</I>	<voice type=disappointment>\n<I>Je suis content que l'Agence lui ait donné une ferme à surveiller, et pas un jardin d'enfants.</I>	<voice type=disappointment>\n<I>Хорошо, что Агентство отправило его на ферму, а не в детский сад.</I>
Dialogues/willProtectFarmIncomplite1	<voice type=question>\nHow is it going with the traps? Everything fine?	<voice type=question>\nКак вървят капаните? Всичко е наред?	<voice type=question>\nEt les pièges? Tout va bien?	<voice type=question>\nКак там с капканами? Все нормально?
Dialogues/prepProtectFarmIncomplite2	Nothing new, just wolves and foxes from time to time.	Нищо ново, само вълци и лисици от време на време.	Rien de nouveau, juste des loups et des renards de temps en temps.	Ничего нового, только волки да лисы.
Dialogues/willAnimalsMissingSecond1	<voice type=fear>\nMr. Prepper! A tragedy! It happened again!\n<voice type=fear>\nThe animals are missing! Please help me!	<voice type=fear>\nГ-то Препър! Трагедия! Пак се случи!\n<voice type=fear>\nЖивотните са изчезнали! Помоги ми моля!	<voice type=fear>\nM. Prepper! Une tragédie! C'est arrivé encore une fois!\n<voice type=fear>\nLes animaux ont disparu! Aide-moi, s'il te plaît!	<voice type=fear>\nМистер Выживальщик! Беда! Это снова случилось!\n<voice type=fear>\nЖивотные пропадают! Пожалуйста, помоги!
Dialogues/prepAnimalsMissingSecond2	<voice type=disappointment>\nAh, damn, I thought it was over. Don't worry too much, Will, I'll do my best to find them.	<voice type=disappointment>\nАх, добре, мислех, че е свършило. Не се притеснявай толкова, Уил, ще се опитам да ги намеря.	<voice type=disappointment>\nAh, zut, je pensais que c'était fini. Ne vous inquietez pas trop, Will, je vais faire de mon mieux pour les retrouver.	<voice type=disappointment>\nВот черт, я думал, мы с этим разобрались. Ты только не переживай, Уилл, я постараюсь найти их.
Dialogues/prepAnimalsMissingSecond3	<voice type=order>\nI'll start with checking the traps.	<voice type=order>\nЩе започна с проверка на капаните.	<voice type=order>\nJe vais commencer par vérifier les pièges.	<voice type=order>\nЯ начну с проверки капканов.
Dialogues/willAnimalsMissingSecondIncomplite1	<voice type=fear>\nWhat happened this time?	<voice type=fear>\nКакво стана този път?	<voice type=fear>\nQu' est-ce qu' il s'est passé cette fois?	<voice type=fear>\nЧто случилось на этот раз?
Dialogues/prepAnimalsMissingSecondIncomplite2	<voice type=negation>\nDon't know yet, will investigate.	<voice type=negation>\nНе знам още, ще разследвам.	<voice type=negation>\nJe ne sais pas encore, je vais enquêter.	<voice type=negation>\nПока не знаю, но разберусь.
Dialogues/prepAgentMaterial1	Hey, Will. I found this in one of the traps.	Хей, Уил. Намерих това в една от капаните.	Hé, Will. J'ai trouvé ça dans un des pièges.	Привет, Уилл. В одном из капканов я нашел вот это.
Dialogues/prepAgentMaterial2	<voice type=question>\nAny idea how it could get there?	<voice type=question>\nНякаква идея как е стигнало там?	<voice type=question>\nVous avez une idée de comment ce truc a pu arriver ici?	<voice type=question>\nНе знаешь, как это туда попало?
Dialogues/willAgentMaterial3	<voice type=negation>\nNo... but it looks like... A fabric. A shred of a piece of clothing?	<voice type=negation>\nНе... но изглежда като... Някаква тъкан. Малко парче от дреха?	<voice type=negation>\nNon... mais on dirait... Un tissu. Un lambeau de vêtement?	<voice type=negation>\nНет... Но, кажется, это.. ткань. Обрывок одежды?
Dialogues/prepAgentMaterial4	That's what I was thinking too. I'll ask around.	Точно това си мислех и аз. Ще попитам наоколо.	C'est ce que je pense aussi. Je vais demander autour de moi.	Вот и я так подумал. Надо будет поспрашивать.
Dialogues/willRand1	<voice type=anger>\nI don't know why Agency chose me to supervise the farm. I knew a thing or two about fishing, but I'd never been a farmer.	<voice type=anger>\nНе знам защо Агенцията избра мен да надзирам фермата. Знаех малко за риболов, но никога не съм бил фермер.	<voice type=anger>\nJe ne sais pas pourquoi l'Agence m'a choisi pour superviser la ferme. Je m'y connaissais un peu en pêche, mais je n'ai jamais été fermier.	<voice type=anger>\r\nПонятия не имею, почему Агентство назначило меня следить за фермой. Я немного разбираюсь в рыбалке, но у меня нет опыта в фермерстве.
Dialogues/willRand2	I once found a book. Judging by the title, it could have been a handbook of animal husbandry.\n<voice type=disappointment>\nBut no, it was some kind of a weird parable. Or, well, perhaps I just hadn't understood it.	Един път намерих книга. Съдейки по заглавието, може да е била ръководство за живот с животните.\n<voice type=disappointment>\nНо не, това беше някаква странна притча. Или, добре, може би просто не я разбирах.	Une fois, j'ai trouvé un livre. À en juger par le titre, j'ai pensé qu'il s'agissait d'un manuel d'élevage.\n<voice type=disappointment>\nMais non, c'était une sorte de parabole bizarre. Ou alors c'est peut-être que j'ai tout simplement pas compris.	Как-то раз мне попалась одна книга. Судя по названию, можно было подумать, что она о животноводстве.\n<voice type=disappointment>\nНо нет, это была какая-то странная притча. Ну, или я просто ничего не понял.
Dialogues/willRand3	<voice type=thanks>\nI used to subscribe some good magazines. American Angler, Angler's World, Super Carp... \n<voice type=anger>\nNow only Our Truth appears in the mail. Bless the President.	<voice type=thanks>\nПреди се абонирах за някои добри списания. American Angler, Angler's World, Super Carp... \n<voice type=anger>\nСега в пощата излиза само Our Truth. Боже, пази президента.	<voice type=thanks>\nAvant, je m'abonnais à de bons magazines. Le Pêcheur Américain, Le Monde de la Pêche, Super Carpe... \n<voice type=anger>\nMaintenant, dans ma boîte, il n'y a plus que Notre Vérité. Que Dieu bénisse le président.	<voice type=thanks>\nРаньше я подписывался на хорошие журналы. «Американский рыбак», «Рыболовный мир», «Суперкарп»... \n<voice type=anger>\nТеперь мне на почту приходит только «Наша правда». Боже, храни президента.
Dialogues/willRand4	<voice type=order>\nMany mornings I say to myself: today I will put this farm back on its feet!\n<voice type=disappointment>\nBut it's just... too exhausting. And the Agency is not helping much.	<voice type=order>\nМного сутрини си казвам: днес ще върна тази ферма в крак!\n<voice type=disappointment>\nНо просто... е твърде изтощително. А Агенцията не помага много.	<voice type=order>\nPlusieurs fois, le matin, je me suis dit : aujourd'hui je vais remettre cette ferme sur pied!\n<voice type=disappointment>\nMais c'est tout simplement... trop épuisant. Et l'Agence ne m'aide pas beaucoup.	<voice type=order>\r\nСколько раз я вставал с постели и думал: сегодня эта ферма обязательно станет прежней!\r\n<voice type=disappointment>\r\nНо это так... утомительно. И Агентство почти не помогает.
Dialogues/willRand5	<voice type=laugh>\nI used to be a bit of an explorer like you, but then a goat bit my knee. 	<voice type=laugh>\nПреди бях като те, исках да изследвам, но след това коза ми ядe коляното.	<voice type=laugh>\nJ'étais un peu explorateur, comme toi, mais une chèvre m'a mordu au genou.	<voice type=laugh>\nКогда-то и меня вела дорога приключений, а потом коза прокусила колено. 
Dialogues/willFindAnimals1	<voice type=upset>\nMr. Prepper...	<voice type=upset>\nГ-то Препър...	<voice type=upset>\nMr. Prepper...	<voice type=upset>\r\nМистер Выживальщик...
Dialogues/willFindAnimals2	<voice type=upset>\nIt may sound crazy, but...\nIf the traps are working correctly, it means that something or someone else than wild animals is behind this.\n<voice type=question>\nWhat if my animals are still alive and we can find them?	<voice type=upset>\nМоже да звучи безумно, но...\nАко капаните работят правилно, това означава, че нещо или някой, освен дивите животни, стои зад това.\n<voice type=question>\nКакво ако животните ми все още са живи и можем да ги намерим?	<voice type=upset>\nÇa peut sembler fou, mais... Si les pièges fonctionnent correctement, ça signifie que ce ne sont pas les animaux sauvages qui sont derrière tout ça mais quelque chose ou quelqu'un d'autre .\n<voice type=question>\nEt si mes animaux étaient toujours en vie, nous pourrions les retrouver?	<voice type=upset>\nЗвучит, конечно, бредово, но...\nЕсли ловушки исправны, то за этим стоят не дикие звери.\n<voice type=question>\nА что, если мои животные все еще живы и мы можем найти их?
Dialogues/prepFindAnimals3	Well... we can't rule it out, I guess.	Е, не можем да го изключим, предполагам.	Euh oui... on ne peut pas exclure cette possibilité.	Ну... Пожалуй, этого нельзя исключать.
Dialogues/chupaFindAnimals4	Woof!	Уф!	Ouaf!	Гав!
Dialogues/prepFindAnimals5	<voice type=acceptance>\nI may have an idea.	<voice type=acceptance>\nМоже би имам идея.	<voice type=acceptance>\nJ'ai peut-être une idée.	<voice type=acceptance>\nКажется, у меня есть идея.
Dialogues/prepFindAnimals6	These ID bands... All our animals have them. \nAnd if I'm correct, these may be tracking devices of some sort.	Тези ID ленти... Всички наши животни ги имат. \nИ ако не греша, това може да са някакви проследяващи устройства.	Ces colliers d'identification... Tous nos animaux en ont. Et si je ne me trompe pas, c'est des appareils de pistage, non?	Эти ID-ошейники... Носят все наши животные. \nЕсли не ошибаюсь, это какие-то отслеживающие устройства.
Dialogues/prepFindAnimals7a	And the only person who might know how to track them is Murricaville's technology expert, Joe.	И единственият човек, който може би знае как да ги проследи, е експертът по технологии на Мюрикавил, Джо.	Et la seule personne qui pourrait savoir comment les localiser, c'est l'expert en technologie de Murricaville, Joe.	И единственный, кому по силам их отследить – это Джо, технарь Мерикосвиля.
Dialogues/prepFindAnimals7b	<voice type=negation>\nI don't know how to track them, though. I need to find someone who knows a thing or two about such devices.	<voice type=negation>\nНе знам как да ги проследя. Трябва да намеря някой, който знае нещо за такива устройства.	<voice type=negation>\nJe ne sais pas comment les localiser. J'ai besoin de trouver quelqu'un qui s'y connaît.	<voice type=negation>\nПравда я не знаю, как отслеживать по ним животных. Надо будет найти кого-нибудь, кто разбирается в таких устройствах.
Dialogues/prepAgentLegFound1	<voice type=question>\nNow this is odd...	<voice type=question>\nСега това е странно...	<voice type=question>\nBon, ça c'est bizarre...	<voice type=question>\nСтранно..
Dialogues/prepAgentLegFound2	<voice type=order>\nSome black fabric.	<voice type=order>\nНякакъв черен плат.	<voice type=order>\nDu tissu noir.	<voice type=order>\nЭто обрывок черной ткани.
Dialogues/prepAgentLegFound3	<voice type=question>\nIs this...?	<voice type=question>\nТова ли е...?	<voice type=question>\nEst-ce que c'est... ?	<voice type=question>\nЭто?..
Dialogues/prepAgentLegFound4	<voice type=upset>\nYup, definitely there's some <color=red>blood</color> on it.	<voice type=upset>\nДа, определено има някакви <color=red>кръв</color> върху него.	<voice type=upset>\nOui, je suis sûr qu'il y a du <color=red>sang</color> dessus.	<voice type=upset>\nДа, определенно <color=red>кровь</color>.
Dialogues/prepAgentLegFound5	Where could it come from? Maybe Will has an idea.	Откъде може да е дошло? Може би Уил има идея.	D'où cela peut-il venir? Will a peut-être une idée.	Но откуда это здесь? Может, Уилл знает.
Dialogues/prepAnimalsBand1	Joe, I have a question for you.	Джо, имам въпрос към теб.	Joe, j'ai une question pour vous.	Джо, у меня вопрос.
Dialogues/joeAnimalsBand2	<voice type=order>\nShoot!	<voice type=order>\nОбличай!	<voice type=order>\nAllez-y!	<voice type=order>\nВаляй!
Dialogues/prepAnimalsBand3	Let's say I have a device that is used to track certain creatures.	Да кажем, че имам устройство, което се използва за проследяване на определени животни.	Disons que j'ai un appareil utilisé pour suivre certaines créatures.	Скажем так, у меня есть устройство, которое отслеживает определенных существ.
Dialogues/joeAnimalsBand4	<voice type=surprise>\nWhat kind of cryptid are we talking about? The Bigfoot? The Mothman? The Jersey Devil?	<voice type=surprise>\nКакъв криптид говориш? Бигфут? Мосман? Джерси Девил?	<voice type=surprise>\nDe quel type de cryptide parlons-nous? Big Foot? Mothman? Diable de Jersey?	<voice type=surprise>\nИ какую же невидаль ты имеешь в виду? Бигфута? Человека-мотылька? Дьявола из Джерси? 
Dialogues/prepAnimalsBand5	Any creature. Take a look at this.	Всяко същество. Погледни това.	N'importe quelle créature. Regardez.	Да любую. Вот, взгляни.
Dialogues/joeAnimalsBand6	Mhm... yes...	Хмм... да...	Hum... oui...	Хм... да...
Dialogues/joeAnimalsBand7	<voice type=acceptance>\nGovernment work, one hundred percent.	<voice type=acceptance>\nПравителствена работа, сто процента.	<voice type=acceptance>\nÇa, c'est un coup du gouvernement, j'en suis sûr à cent pour cent.	<voice type=acceptance>\nС этим точно связано правительство, зуб даю.
Dialogues/prepAnimalsBand8	<voice type=question>\nDo you know how can I track these?	<voice type=question>\nЗнаеш ли как да проследя тези?	<voice type=question>\nVous ne savez pas comment je pourrais les localiser?	<voice type=question>\nЕсть мысли, как лучше отследить?
Dialogues/joeAnimalsBand9	Won't be very easy...\n<voice type=acceptance>\nBut I may have an idea.	Ще не е лесно...\n<voice type=acceptance>\nНо може да имам идея.	Ça ne va pas être très facile...\n<voice type=acceptance>\nMais j'ai peut-être une idée.	Это будет непросто...\n<voice type=acceptance>\nНо, кажется, у меня появилась идея.
Dialogues/joeAnimalsBand10	Come back tomorrow, I'll come up with something.	Върни се утре, ще измисля нещо.	Revenez demain, je trouverai quelque chose.	Приходи завтра, я что-нибудь придумаю.
Dialogues/prepAnimalsBand11	<voice type=thanks>\nOkay, Joe. I'm counting on you!	<voice type=thanks>\nДобре, Джо. Считам на теб!	<voice type=thanks>\nD'accord, Joe. Je compte sur vous!	<voice type=thanks>\nХорошо. Я рассчитываю на тебя, Джо!
Dialogues/joeTrackingDevice1	<voice type=laugh>\nAnd voila! State-of-the-art, homemade, copyleft, universal ID-band finder! \nYou'll track them all down in no time!	<voice type=laugh>\nИ ето го! Най-модерният, домашен, copyleft, универсален тракер за ID-ленти!\nЩе ги намериш всички за кратко!	<voice type=laugh>\nEt voilà! Un appareil universel de recherche de colliers d'identification, à la pointe de la technologie, fait maison, avec copyleft! Vous allez tous les retrouver en un rien de temps!	<voice type=laugh>\nВуаля! Крутой, самодельный, уникальный и универсальный искатель ID-частот ошейников!\nОтслеживает любого в мгновение ока!
Dialogues/prepTrackingDevice2	<voice type=thanks>\nThanks, man! I owe you.	<voice type=thanks>\nБлагодаря, човече! Дължа ти едно.	<voice type=thanks>\nMerci! Je vous revaudrai ça.	<voice type=thanks>\nСпасибо, друг! Я твой должник.
Dialogues/prepAskJoeMaterial1	<voice type=question>\nYou're the specialist on stuff that can be found around here, do you recognize this?	<voice type=question>\nТи си специалистът по нещата, които могат да се намерят наоколо, разпознаваш ли това?	<voice type=question>\nVous êtes un spécialiste des choses qu'on peut trouver par ici, ça vous dit quelque chose, ça?	<voice type=question>\nТы же вроде у нас тут каждую пылинку знаешь, узнаешь это?
Dialogues/joeAskJoeMaterial2	<voice type=negation>\nNo. Doesn't ring a bell.	<voice type=negation>\nНе. Не ми говори нищо.	<voice type=negation>\nNon. Ça ne me dit rien.	<voice type=negation>\nНеа. Первый раз вижу.
Dialogues/prepAskJoeMaterial3	<voice type=order>\nOK, thanks.	<voice type=order>\nДобре, благодаря.	<voice type=order>\nD'accord, merci.	<voice type=order>\nЛады, спасибо.
Dialogues/prepAskBobMaterial1	<voice type=question>\nDo you recognize this piece of fabric?	<voice type=question>\nРазпознаваш ли този парче тъкан?	<voice type=question>\nEst-ce que vous reconnaissez ce morceau de tissu?	<voice type=question>\nУзнаешь этот обрывок ткани?
Dialogues/bobAskBobMaterial2	<voice type=negation>\nDo I look like a tailor? I might have a lot of books, but you seem to overestimate my knowledge.	<voice type=negation>\nИзглежда като портнер? Може да имам много книги, но сякаш преценяваш знанията ми твърде високо.	<voice type=negation>\nEst-ce que j'ai l'air d'un tailleur? J'ai peut-être beaucoup de livres, mais je crois que vous surestimez mon savoir.	<voice type=negation>\nЯ похож на портного? Может, я и книжный червь, но ты определенно переоцениваешь широту моих знаний.
Dialogues/prepAskBobMaterial3	<voice type=order>\nThanks.	<voice type=order>\nБлагодаря.	<voice type=order>\nMerci.	<voice type=order>\nСпасибо.
Dialogues/prepAskHerbMaterial1	<voice type=question>\nDo you recognize this?	<voice type=question>\nРазпознаваш ли това?	<voice type=question>\nVous ne reconnaissez pas ça?	<voice type=question>\nУзнаешь?
Dialogues/herbAskHerbMaterial2	<voice type=disappointment>\nNo, it looks like an awful material, I wouldn't use it for anything.	<voice type=disappointment>\nНе, изглежда като ужасен материал, няма да го използвам за нищо.	<voice type=disappointment>\nNon, c'est juste un bout de tissu horrible, je ne l'utiliserais pour rien au monde.	<voice type=disappointment>\nНеа, но материал ужасный, я бы такой использовать не стал.
Dialogues/prepAskHerbMaterial3	Thanks.	Благодаря.	Merci.	Спасибо.
Dialogues/prepAskPostMaterial1	<voice type=question>\nDo you recognize this?	<voice type=question>\nРазпознаваш ли това?	<voice type=question>\nVous ne reconnaissez pas ça?	<voice type=question>\nУзнаешь?
Dialogues/postAskPostMaterial2	<voice type=negation>\nNo, no idea. Does it come from a piece of clothing? I don't think it's of anyone I deliver post to.	<voice type=negation>\nНе, никаква идея. Дали не е от някаква дреха? Не мисля, че е на някого, на когото доставям поща.	<voice type=negation>\nNon, aucune idée. Ça vient d'un vêtement? Je ne pense pas que ça appartienne à quelqu'un à qui j'apporte le courrier.	<voice type=negation>\nПервый раз вижу. Это обрывок одежды? По крайней мере, из тех, кому я доставляю посылки, никто такое не носит.
Dialogues/prepAskPostMaterial3	<voice type=thanks>\nThis might be it, thanks!	<voice type=thanks>\nТова може да е всичко, благодаря!	<voice type=thanks>\nC'est peut-être ça, merci!	<voice type=thanks>\nПохоже, ты прав, спасибо!
Dialogues/prepAskNeighMaterial1	<voice type=question>\nDo you recognize this?	<voice type=question>\nРазпознаваш ли това?	<voice type=question>\nVous ne reconnaissez pas ça?	<voice type=question>\nУзнаешь?
Dialogues/neighAskNeighMaterial2	<voice type=acceptance>\nMmm... Oh yes! I think the Agents' suits are made of such fabric! They always look so smart and sleek.	<voice type=acceptance>\nХмм... О, да! Мисля, че костюмите на агентите са направени от такава материя! Винаги изглеждат толкова стилни и елегантни.	<voice type=acceptance>\nMmm... Oh si! Il me semble que les costumes des Agents sont faits dans ce tissu! Ils ont toujours un air tellement intelligent et élégant.	<voice type=acceptance>\nМ-м... да! Кажется, костюмы агентов сшиты из точно такой же ткани! Они всегда так элегантно выглядят...
Dialogues/prepAgentMaterialRecognize1	<voice type=question>\nIs the Agent limping?	<voice type=question>\nПрепърът се накланя ли?	<voice type=question>\nEst-ce que l'Agent boite?	<voice type=question>\nМне кажется, или агент хромает?
Dialogues/prepAgentMaterialRecognize2	<voice type=question>\nWait...	<voice type=question>\nЧакай…	<voice type=question>\nVoyons...	<voice type=question>\nПогоди-ка...
Dialogues/prepAgentMaterialRecognize3	<voice type=surprise>\nIs this black fabric a fragment of his suit?!	<voice type=surprise>\nТова черно тъканче е фрагмент от неговия костюм?!	<voice type=surprise>\nCe tissu noir est un fragment de son costume?!	<voice type=surprise>\nЭтот обрывок ткани – от его костюма?!
Dialogues/prepAgentMaterialConfront1	<voice type=greeting>\nBless the President!\n<voice type=question>\nDear Mr. Agent, can I ask you a question?	<voice type=greeting>\nБоже, пази президента!\n<voice type=question>\nУважаеми господин Агент, мога ли да ти зададам въпрос?	<voice type=greeting>\nQue Dieu bénisse le président!\n<voice type=question>\nMonsieur l'Agent, puis-je vous poser une question?	<voice type=greeting>\nБоже, храни президента!\n<voice type=question>\nУважаемый агент, могу я задать вам вопрос?
Dialogues/agentAgentMaterialConfront2	<voice type=question>\nWhat is it, citizen?	<voice type=question>\nКакво е, гражданино?	<voice type=question>\nQu'y a-t-il, citoyen?	<voice type=question>\nВ чем дело, гражданин?
Dialogues/prepAgentMaterialConfront3	<voice type=question>\nCould you explain how this fragment of your suit ended up on the grounds of Murricaville State Farm?	<voice type=question>\nМожеш ли да ми обясниш как този фрагмент от твоя костюм е попаднал на територията на Мърикавил State Farm?	<voice type=question>\nPourriez-vous m'expliquer comment ce fragment de votre costume s'est retrouvé sur le terrain de la ferme d'état de Murricaville?	<voice type=question>\nНе могли бы вы объяснить, как обрывок вашего костюма оказался на земле Мерикосвильского хозяйства?
Dialogues/agentAgentMaterialConfront4.1	<voice type=question>\n?		<voice type=question>\n?	<voice type=question>\n?
Dialogues/agentAgentMaterialConfront4.2	<voice type=surprise>\n?!?!		<voice type=surprise>\n?!?!	<voice type=surprise>\n?!?!
Dialogues/agentAgentMaterialConfront5	<voice type=negation>\nThis is unacceptable, Citizen.\n<voice type=anger>\nFrom now on, you are banned from entering the farm!\n<voice type=order>\nEspecially on the next Sunday!	<voice type=negation>\nТова е неприемливо, Граждани.\n<voice type=anger>\nОтсега нататък си забранен да влизаш във фермата!\n<voice type=order>\nОсобено в следващата неделя!	<voice type=negation>\nC'est inacceptable, Citoyen.\n<voice type=anger>\nÀ partir de maintenant, il vous est interdit d'entrer dans la ferme!\n<voice type=order>\nEn particulier dimanche prochain!	<voice type=negation>\nЭто неприемлемо, гражданин.\n<voice type=anger>\nС этого момента вам запрещено появляться на территории хозяйства!\n<voice type=order>\nОсобенно – в следующее воскресенье!
Dialogues/agentAgentMaterialConfront6	<voice type=disappointment>\nUhm...	<voice type=disappointment>\nЕх...	<voice type=disappointment>\nEuh...	<voice type=disappointment>\nЭм...
Dialogues/agentAgentMaterialConfront7	<voice type=negation>\nNo, wait. I don't have anyone to replace you.\n<voice type=acceptance>\nWhat I meant is... you need to double your efforts on the farm, Citizen.\n<voice type=order>\nYou can expect a formal letter with updated requirements very soon.\nBless the President.	<voice type=negation>\nНе, чакай. Нямам никого да те замени.\n<voice type=acceptance>\nТова, което казах, е... трябва да удвоиш усилията си на фермата, Гражданин.\n<voice type=order>\nМного скоро ще получиш официално писмо с обновените изисквания.\nБлагословено бъде президента.	<voice type=negation>\nNon, attendez. Je n'ai personne pour vous remplacer.\n<voice type=acceptance>\nCe que je voulais dire, c'est que... vous devez redoubler d'efforts à la ferme, citoyen. \n<voice type=order>\nAttendez-vous à recevoir une lettre officielle dans les plus brefs délais, avec une mise à jour des exigences. Que Dieu bénisse le Président.	<voice type=negation>\nХотя погодите-ка. Мне некем вас заменить.\n<voice type=acceptance>\nА значит... вам нужно будет удвоить усилия в вашей работе на ферме.\n<voice type=order>\nОфициальное письмо с обновленными требованиями скоро будет доставлено. Боже, храни президента.
Dialogues/prepAgentMaterialConfront8	<voice type=laugh>\nThat was... very interesting.\n<voice type=question>\nSunday, you say?	<voice type=laugh>\nТова беше... много интересно.\n<voice type=question>\nНеделя, казваш?	<voice type=laugh>\nC'était... très intéressant.\n<voice type=question>\nDimanche, dites-vous?	<voice type=laugh>\nЭто было... занимательно.\n<voice type=question>\nВоскресенье, значит?
Dialogues/prepPlayesSeeAgent1	<voice type=surprise>\nThe Agent?\n<voice type=question>\nWhat is he doing here at this time?\n<voice type=question>\nI thought he was gone for good.	<voice type=surprise>\nАгентът?\n<voice type=question>\nКакво прави той тук по това време?\n<voice type=question>\nМислех, че си е отишъл завинаги.	<voice type=surprise>\nL'agent? \n<voice type=question>\nQu'est-ce qu'il fait ici?\n<voice type=question>\nJe pensais qu'il était parti pour de bon.	<voice type=surprise>\nАгент?\n<voice type=question>\nЧто он забыл здесь в такое время?\n<voice type=question>\nЯ думал, что он уже не появится.
Dialogues/prepNightAgent1	<voice type=question>\nIs it a proper time for inspection?	<voice type=question>\nЕто подходящо време за проверка?	<voice type=question>\nEst-ce que c'est le moment adéquat pour une inspection?	<voice type=question>\nРазве сейчас подходящее время для проверки?
Dialogues/agentNightAgent2	<voice type=order>\nIt's always a proper time for inspection.	<voice type=order>\nВинаги е подходящо време за проверка.	<voice type=order>\nC'est toujours le moment adéquat pour une inspection.	<voice type=order>\nДля проверки любое время – подходящее.
Dialogues/agentNightAgent3	<voice type=order>\nMr. Prepper, let's be serious now.\nI know about your... investigation.	<voice type=order>\nГ-то Препър, да бъдем сериозни вече.\nЗнам за твоето... разследване.	<voice type=order>\nMr. Prepper, soyons sérieux maintenant. Je suis au courant de votre... enquête.	<voice type=order>\nА теперь, мистер Выживальщик, давайте начистоту.\nЯ осведомлен о вашем... расследовании.
Dialogues/prepNightAgent4	<voice type=question>\nOh, I'm always serious. What about it, Mr. Agent?	<voice type=question>\nО, винаги съм сериозен. Какво има, г-н Агент?	<voice type=question>\nOh, je suis toujours sérieux. Et qu'en est-il, monsieur l'agent?	<voice type=question>\nО, я всегда открыт словно книга. И что же не так с моим расследованием, господин агент?
Dialogues/agentNightAgent5	<voice type=order>\nMr. Prepper, please stop getting involved in this.\n<voice type=order>\nThis is an official order from the authorities.	<voice type=order>\nГ-н Препър, моля, спре да се намесваш в това.\n<voice type=order>\nТова е официална заповед от властите.	<voice type=order>\nMr. Prepper, ne vous mêlez plus de ça, s'il vous plaît.\n<voice type=order>\nCeci est un ordre officiel des autorités.	<voice type=order>\nМистер Выживальщик, пожалуйста, прекратите копать в этом направлении.\n<voice type=order>\nЭто официальное распоряжение властей.
Dialogues/agentNightAgent6	<voice type=order>\nAnd stay out of the farm on Sunday. Take a well-deserved day off.	<voice type=order>\nИ не влизай в фермата в неделя. Вземи заслужен почивка.	<voice type=order>\nEt ne restez pas à la ferme dimanche. Prenez une journée de repos bien méritée.	<voice type=order>\nИ держитесь подальше от фермы в воскресенье. Возьмите заслуженный выходной.
Dialogues/prepNightAgent7	<voice type=question>\nSure thing. Who'd want to work on Sunday anyway?	<voice type=question>\nРазбира се. Кой би искал да работи в неделя, така или иначе?	<voice type=question>\nBien sûr. Qui est-ce qui voudrait travailler un dimanche?	<voice type=question>\nНу разумеется. Кто вообще захотел бы работать в воскресенье?
Dialogues/prepSundayOnFarm1	So it is a lovely sunday.\n<voice type=laugh>\nAnd I am on the farm. Don't tell the authorities.	Така, мило е неделята.\n<voice type=laugh>\nИ аз съм на фермата. Не кажи на властите.	Voici donc un beau dimanche.\n<voice type=laugh>\nEt je suis à la ferme. Ne le dites pas aux autorités.	Какое прекрасное воскресенье.\n<voice type=laugh>\nИ я на ферме. Не говорите властям.
Dialogues/prepSundayOnFarm2	Everything looks normal so far... \nI must be missing something.	Всичко изглежда нормално засега... \nСигурно пропускам нещо.	Tout a l'air normal jusqu'à présent... \nIl doit y avoir quelque chose que je n'ai pas remarqué.	Не вижу ничего подозрительного...\nДолжно быть, я что-то упускаю.
Dialogues/prepSundayOnFarm3	No point in waiting.\nI'll better do something else.\nMaybe something will come up later. 	Няма смисъл да чакам.\nПо-добре да направя нещо друго.\nМоже би нещо ще се появи по-късно.	C'est pas la peine d'attendre.\nJe ferais mieux de faire autre chose. \nPeut-être qu'il se passera quelque chose plus tard.	Нет смысла ждать.\nЛучше заняться другими делами.\nМожет, придумаю что-нибудь позже.
Dialogues/prepStawQuest1	In the meantime, I'll investigate the mysterious lake.\n<voice type=question>\nWhat are all the cameras for?\nI'd better not draw too much attention.\n<voice type=question>\nMaybe I'll go fishing and look around?	Междувременно ще разследвам мистериозното езеро.\n<voice type=question>\nЗа какво са всички камери?\nПо-добре да не привличам твърде много внимание.\n<voice type=question>\nМоже би ще отида да ловя риба и да се разгледам?	En attendant, je vais enquêter sur ce mystérieux lac.\n<voice type=question>\nÀ quoi servent toutes ces caméras?\nJe ferais mieux de ne pas trop attirer l'attention.\n<voice type=question>\nJe vais peut-être aller pêcher et regarder autour de moi?	Займусь-ка я исследованием таинственного озера.\n<voice type=question>\nДля чего все эти камеры?\nЛучше бы мне не привлекать к себе внимания.\n<voice type=question>\nМожет, использовать рыбалку как прикрытие?
Dialogues/prepNeedFishingRod	<voice type=negation>\nI need a fishing rod. I won't be very believeable without one.	<voice type=negation>\nИмам нужда от въдица. Без нея няма да изглеждам много достоверно.	<voice type=negation>\nJ'ai besoin d'une canne à pêche. Je ne serai pas très crédible sinon.	<voice type=negation>\nМне нужна удочка. Без нее будет не слишком-то правдоподобно.
Dialogues/prepBrokenCamera1	<voice type=question>\nWhat's that? \nA camera...\n<voice type=order>\nI should take it somewhere else for inspection.\n<voice type=order>\nI don't want the Agency to see this.	<voice type=question>\nКакво е това? \nКамера...\n<voice type=order>\nТрябва да го занеса някъде другаде за проверка.\n<voice type=order>\nНе искам Агенцията да види това.	<voice type=question>\nQu'est-ce que c'est? Une caméra...\n<voice type=order>\nJe devrais l'emmener plus loin pour la regarder.\n<voice type=order>\nJe ne veux pas que l'Agence voie ça.	<voice type=question>\nЧто это тут у нас? \nКамера...\n<voice type=order>\nНадо бы забрать ее и осмотреть в безопасном месте.\n<voice type=order>\nЯ же не хочу, чтобы Агентство об этом узнало.
Dialogues/prepBrokenCamera2	<voice type=negation>\nNo, not here.	<voice type=negation>\nНе, не тук.	<voice type=negation>\nNon, pas ici.	<voice type=negation>\nНу уж нет, точно не здесь.
Dialogues/prepBrokenCamera3	Okay, let's take a look.	Добре, да видим.	Bon, jetons un coup d'œil.	Так, посмотрим.
Dialogues/prepBrokenCamera4	<voice type=disappointment>\nHmm, it's broken.\n<voice type=disappointment>\nIt won't turn on.\nI will need some help with this one. 	<voice type=disappointment>\nХмм, счупено е.\n<voice type=disappointment>\nНяма да се включи.\nЩе ми трябва малко помощ с това. 	<voice type=disappointment>\nHmm, elle est cassée.\n<voice type=disappointment>\nElle ne s'allume pas. Je vais avoir besoin d'aide.	<voice type=disappointment>\nХм, сломана.\n<voice type=disappointment>\nНе включается.\nМне понадобится помощь, чтобы заставить ее работать.
Dialogues/prepBrokenCameraJoe5	<voice type=acceptance>\nI'm sure Joe can fix a camera.	<voice type=acceptance>\nСигурен съм, че Джо може да оправи камерата.	<voice type=acceptance>\nJe suis sûr que Joe doit savoir réparer une caméra.	<voice type=acceptance>\nУверен, Джо может с этим помочь.
Dialogues/prepBrokenCameraNoJoe5	<voice type=acceptance>\nI'm sure someone in this town knows how to fix a camera.	<voice type=acceptance>\nСигурен съм, че някой в този град знае как да поправи камера.	<voice type=acceptance>\nJe suis sûr que quelqu'un dans cette ville sait réparer une caméra.	<voice type=acceptance>\nНаверняка кто-нибудь из городских знает, как починить камеру.
Dialogues/prepJoeBrokenCamera1	<voice type=question>\nHey Joe, do you think you can fix this?	<voice type=question>\nХей, Джо, мислиш ли, че можеш да оправиш това?	<voice type=question>\nSalut Joe, pensez-vous pouvoir réparer ça?	<voice type=question>\nЭй, Джо, как думаешь, сможешь починить ее?
Dialogues/joeJoeBrokenCamera2	Another piece of government equipment, eh? Let's see.\n<voice type=negation>\nI'm not sure about fixing, but I might be able to recover some data from it.\n<voice type=question>\nWould that be helpful?	Още едно правителствено оборудване, а? Да видим.\n<voice type=negation>\nНе съм сигурен дали мога да го поправя, но може да извадя някои данни от него.\n<voice type=question>\nБи ли това полезно?	Encore un équipement du gouvernement, hein? Voyons voir.\n<voice type=negation>\nJe ne suis pas sûr de pouvoir la réparer, mais je devrais pouvoir récupérer certaines données.\n<voice type=question>\nÇa vous aiderait?	Очередная правительственная приблуда, а? Дай-ка взглянуть.\n<voice type=negation>\nНе уверен, что получится починить, но данные вытащить можно.\n<voice type=question>\nКак тебе такой вариант?
Dialogues/prepJoeBrokenCamera3	<voice type=acceptance>\nYes! Very much!\nWell, I think so...\nIt's worth a try anyway.	<voice type=acceptance>\nДа! Много!\nЕ, мисля че да...\nВъпреки това си струва да опиташ.	<voice type=acceptance>\nOui! Beaucoup! \nEh bien, je pense que oui... \nÇa vaut quand même la peine d'essayer.	<voice type=acceptance>\nОтлично!\nНу, наверное...\nПо крайней мере, попробовать стоит.
Dialogues/joeJoeBrokenCamera4	<voice type=acceptance>\nAlright then. I'll get around to it.	<voice type=acceptance>\nДобре тогава. Ще се заема с това.	<voice type=acceptance>\nBon, très bien. Je vais m'y mettre.	<voice type=acceptance>\nЛадненько. Займусь этим позже.
Dialogues/joeJoeBrokenCamera5	Please come back tomorrow.	Ела пак утре.	Revenez demain, s'il vous plaît.	Заходи завтра.
Dialogues/joeUfoRecoding1	<voice type=surprise>\nHey, Mr. Prepper!\n<voice type=order>\nThis camera that you gave me.\n<voice type=question>\nWhere is it from?\n<voice type=thanks>\nIt's incredible! The recording, it's the proof, finally!	<voice type=surprise>\nЗдравей, г-н Препър!\n<voice type=order>\nТази камера, която ми даде.\n<voice type=question>\nОткъде е?\n<voice type=thanks>\nНевероятно е! Записът, това е доказателството, накрая!	<voice type=surprise>\nHé, Mr. Prepper!\n<voice type=order>\nCette caméra que vous m'avez apportée.\n<voice type=question>\nD'où est-ce qu'elle vient?\n<voice type=thanks>\nC'est incroyable! Ce film, c'est la preuve, enfin!	<voice type=surprise>\nЭй, мистер Выживальщик!\n<voice type=order>\nА та камера, которую ты мне дал...\n<voice type=question>\n...откуда она?\n<voice type=thanks>\nНевероятно! Запись ведь все доказывает! Наконец-то!
Dialogues/prepUfoRecoding2	<voice type=question>\nHey, hey, Joe, calm down, the proof of what? What did you find out?	<voice type=question>\nХей, хей, Джо, успокой се, доказателството за какво? Какво откри?	<voice type=question>\nHé, hé, Joe, calmez-vous, la preuve de quoi? Qu'est ce que vous avez découvert?	<voice type=question>\nПогоди, Джо, успокойся... доказывает что? Что ты нашел?
Dialogues/joeUfoRecoding3	<voice type=laugh>\nJust look at it!	<voice type=laugh>\nПогледни само!	<voice type=laugh>\nRegardez!	<voice type=laugh>\nСам посмотри!
Dialogues/joeUfoRecoding4	<voice type=thanks>\nIt's clearly a UFO! An unknown flying object! A flying saucer!	<voice type=thanks>\nТова е ясно НЛО! Неизвестно летателно тяло! Летащ чинии!	<voice type=thanks>\nC'est un OVNI, sans aucun doute! Un objet volant non identifié! Une soucoupe volante!	<voice type=thanks>\nЭто же НЛО! Неопознанный летающий объект! Летающая тарелка!
Dialogues/prepUfoRecoding5	<voice type=disappointment>\nUhm... I don't know, Joe. It's very blurry. It can be anything.	<voice type=disappointment>\nЕх... Не знам, Джо. Много е размазано. Може да е всичко.	<voice type=disappointment>\nEuh... Je ne sais pas, Joe. C'est très flou. Ça peut être n'importe quoi.	<voice type=disappointment>\nЭм... ну не знаю, Джо. Слишком размытая запись. Это может быть что угодно.
Dialogues/prepUfoRecoding6	Oh... the record freezes at 2:59 AM.\nInteresting...	Ох... записът замръзва в 2:59 сутринта.\nИнтересно...	Oh... le film s'arrête à 2h59.\nIntéressant...	Ох... запись встает на времени 2:59. Любопытно...
Dialogues/prepUfoRecoding7	I don't know what to do with that knowledge for now, but I'll think about it.\n<voice type=thanks>\nThanks, Joe! Good job.	Не знам какво да направя с това знание за момента, но ще помисля.\n<voice type=thanks>\nБлагодаря, Джо! Добре си се справи.	Je ne sais pas que faire de cette information pour l'instant, mais je vais y réfléchir.\n<voice type=thanks>\nMerci, Joe! Bon travail.	Даже не знаю, что теперь делать с этими знаниями, но у меня будет время подумать.\n<voice type=thanks>\nСпасибо, Джо! Ты отлично справился.
Dialogues/prepConnectTheDots1	<voice type=order>\nRecording from a government camera, frozen on 2:59 with a possible flying object in the frame.\n<voice type=order>\nThe Agent forbidding me from going to the farm on Sunday. \n<voice type=question>\nIs there a connection? I need to find out what all of this is about. \n<voice type=disappointment>\n(deep breath)\n<voice type=acceptance>\nLet's try to spend a night on the farm and see what happens at 3:00 AM on Sunday.\nWorst case scenario, I just don't get much sleep. 	<voice type=order>\nЗапис от правителствена камера, замръзнал на 2:59 с възможен летящ обект в кадъра.\n<voice type=order>\nАгентът, който ми забранява да ходя на фермата в неделя. \n<voice type=question>\nИма ли връзка? Трябва да разбера за какво става въпрос. \n<voice type=disappointment>\n(дълбоко вдишване)\n<voice type=acceptance>\nНека опитаме да прекараме една нощ на фермата и да видим какво се случва в 3:00 сутринта в неделя.\nВ най-лошия случай просто не спя много. 	<voice type=order>\nEnregistrement provenant d'une caméra du gouvernement, s'arrêtant à 2:59 avec un éventuel objet volant dans le cadre.\n<voice type=order>\nL'agent m'a interdit d'aller à la ferme dimanche.\n<voice type=question>\nY a-t-il un lien? Je dois découvrir de quoi il s'agit.\n<voice type=disappointment> \n(respiration profonde)\n<voice type=acceptance>\nEssayons de passer une nuit à la ferme et voyons ce qu'il va se passer à 3 heures du matin dimanche. \nAu pire des cas, je ne dormirai pas beaucoup.	<voice type=order>\nЗапись с правительственной камеры, которая останавливается на времени 2:59. Предположительно запечатлен летающий объект.\n<voice type=order>\nАгентство запретило мне приближаться к ферме в воскресенье.\n<voice type=question>\nЕсть ли между этими событиями связь? Я должен узнать, в чем дело.\n<voice type=disappointment>\n(глубоко дышит)\n<voice type=acceptance>\nНужно провести ночь на ферме и посмотреть, что же произойдет в 3 часа ночи, в воскресенье.\nВ худшем случае я просто не высплюсь.
Dialogues/prepMazeClosed	OPENING SOON\n<voice type=question>\nWhat is this? It looks a bit out of place...	ОТВАЕТ СКОРО\n<voice type=question>\nКакво е това? Изглежда малко извън мястото си...	OUVERTURE BIENTÔT\n<voice type=question>\nQu'est-ce que c'est? Ça n'a pas l'air à sa place, ça...	СКОРО ОТКРОЕМСЯ\n<voice type=question>\nЭто еще что? Выглядит странно...
Dialogues/prepMazeOpen	OPEN 	ОТВОРИ	OUVERT	ОТКРЫТО
Dialogues/prepMazeDay	"Day maze"	"Дневна пъзел стая"	" Labyrinthe de jour "	«Дневной лабиринт»
Dialogues/prepMazeNight	"Night maze"	"Нощна пътека"	" Labyrinthe nocturne "	«Ночной лабиринт»
Dialogues/prepMazeDiff1	<voice type=laugh>\n"Difficulty 1"	<voice type=laugh>\n„Сложност 1“	<voice type=laugh>\n" Niveau de difficulté 1 "	<voice type=laugh>\n«Сложность 1»
Dialogues/prepMazeDiff2	"Difficulty 2"	Трудност 2	" Niveau de difficulté 2 "	«Сложность 2»
Dialogues/prepMazeDiff3	"Difficulty 3"	Трудност 3	" Niveau de difficulté 3 "	«Сложность 3»
Dialogues/prepMazeDiff4	<voice type=order>\n"Difficulty 4"	<voice type=order>\n„Сложност 4“	<voice type=order>\n" Niveau de difficulté 4 "	<voice type=order>\n«Сложность 4»
Dialogues/prepMazeDiff5	<voice type=fear>\n"Difficulty 5"	<voice type=fear>\n„Сложност 5“	<voice type=fear>\n" Niveau de difficulté 5 "	<voice type=fear>\n«Сложность 5»
Dialogues/prepNeedAGun	<voice type=negation>\nI need a gun for that.	<voice type=negation>\nИмам нужда от оръжие за това.	<voice type=negation>\nJ'ai besoin d'une arme pour ça.	<voice type=negation>\nДля этого мне понадобится пушка.
Dialogues/prepUFOMazeEnter1	<voice type=question>\nWhat... Oh, wow. Where am I?	<voice type=question>\nКакво... О, wow. Къде съм?	<voice type=question>\nQuoi... Oh, waouh. Où suis-je?	<voice type=question>\nЧто... ох, ничего себе. Где это я?
Dialogues/prepUFOMazeEnter2	<voice type=disappointment>\nMy head... it's killing me.	<voice type=disappointment>\nГлавата ми... ме боли.	<voice type=disappointment>\nMa tête... je vais mourir.	<voice type=disappointment>\nГолова... просто раскалывается.
Dialogues/prepUFOMazeEnter3	<voice type=fear>\nDamn it! They are still after me!	<voice type=fear>\nБъди грешен! Все още ме търсят!	<voice type=fear>\nMerde! Ils sont toujours après moi!	<voice type=fear>\nЧерт возьми! Они все еще у меня на хвосте!
Dialogues/prepUFOMazeEnter4	<voice type=fear>\nI have to get out of here!	<voice type=fear>\nТрябва да изляза оттук!	<voice type=fear>\nJe dois sortir d'ici!	<voice type=fear>\nНадо убираться отсюда!
Dialogues/prepUFOScarecrow1	<voice type=greeting>\nOh. Hello, Mr. Scarecrow. This is unexpected.	<voice type=greeting>\nО. Здравей, г-н Препър. Това е неочаквано.	<voice type=greeting>\nOh. Bonjour, monsieur l'épouvantail. Quelle rencontre inattendue.	<voice type=greeting>\nО, ну здравствуйте, мистер Пугало. Какая неожиданная встреча!
Dialogues/crowUFOScarecrow2	<voice type=greeting>\nHello, Mr. Prepper.	<voice type=greeting>\nЗдравей, господин Препър.	<voice type=greeting>\nBonjour, Mr. Prepper.	<voice type=greeting>\nЗдравствуйте, мистер Выживальщик.
Dialogues/prepUFOScarecrow2.5	Hello. Not something I say very often.	Здравей. Нещо, което не казвам много често.	Bonjour. Ce n'est pas quelque chose que je dis très souvent.	Здравствуйте. Я не так уж часто это говорю.
Dialogues/prepUFOScarecrow3	<voice type=disappointment>\nThis just keeps getting weirder. 	<voice type=disappointment>\nТова става все по-странно.	<voice type=disappointment>\nÇa devient de plus en plus bizarre.	<voice type=disappointment>\nПроисходящее становится все чудесатее...
Dialogues/crowUFOScarecrow4	Don't worry, Mr. Prepper. It's just a hallucination. Isn't it?	Не се притеснявай, г-н Препър. Това е просто халюцинация. Нали?	Ne vous inquiétez pas, Mr. Prepper. C'est juste une hallucination. Non?	Не волнуйтесь, мистер Выживальщик. Это всего лишь галлюцинация. Разве не так?
Dialogues/crowUFOScarecrow5	Tomorrow you will not remember any of this. Any of this.	Утре няма да си спомняш нищо от това. Нищо.	Demain, vous ne vous souviendrez de rien de tout ça. Rien de tout ça.	Завтра вы ничего этого не вспомните. Вообще ничего.
Dialogues/crowUFOScarecrow6	Don't believe everything that you see. Seeing is believing, seeing is also not believing.	Не вярвай на всичко, което виждаш. Виждането е вярване, но също така и невярване.	Ne croyez pas tout ce que vous voyez. Voir c'est croire, voir c'est aussi ne pas croire.	Все не то, чем кажется. Видеть – значит, верить; но также подвергать все сомнению.
Dialogues/prepUFOScarecrow7	Thank you for that.	Благодаря за това.	Merci pour ça.	Спасибо вам.
Dialogues/prepUFOFeet	<voice type=negation>\nThis... doesn't look right.	<voice type=negation>\nТова... не изглежда правилно.	<voice type=negation>\nCe... n'est pas très rassurant.	<voice type=negation>\nКак это... странно.
Dialogues/prepUFORat	<voice type=disappointment>\nThis is concerning.	<voice type=disappointment>\nТова е притенително.	<voice type=disappointment>\nC'est inquiétant.	<voice type=disappointment>\nЯ озадачен.
Dialogues/prepNeedScizzors	<voice type=negation>\nI need proper shears for this.	<voice type=negation>\nТрябва ми подходящи ножи за това.	<voice type=negation>\nJ'ai besoin de bons ciseaux pour ça.	<voice type=negation>\nДля этого мне нужны нормальные ножницы.
Dialogues/prepNeedGoatFood	<voice type=negation>\nI need goat food for this.\nHay is their favourite,\nbut goats can eat almost anything that's not meat.	<voice type=negation>\nТрябва ми храна за коз.\nСено е любимото им,\nно козите могат да ядат почти всичко, освен месо.	<voice type=negation>\nJ'ai besoin de nourriture pour chèvres pour ça. \nLe foin est leur nourriture préférée, \nmais les chèvres peuvent manger presque tout ce qui n'est pas de la viande.	<voice type=negation>\nМне понадобится козья еда.\nОни любят сено,\nно могут съесть все, кроме мяса.
Dialogues/prepNeedDogFood	<voice type=negation>\nI need dog food for this.\nRat meat is his favorite.\nAny other meat will be fine too.	<voice type=negation>\nТрябва ми храна за кучето.\nМъсото от свиня е любимото му.\nВсяко друго месо ще го задоволи.	<voice type=negation>\nJ'ai besoin de nourriture pour chiens pour ça. \nLa viande de rat est sa préférée. \nToute autre viande conviendra également.	<voice type=negation>\nМне понадобится собачья еда.\nОни любят крысиное мясо...\nНо любое другое мясо тоже подойдет.
Dialogues/prepNeedChickenFood	<voice type=negation>\nI need chicken food for this.\nWheat is their favorite.\nCorn, sunflower, or any other seed will be fine too.	<voice type=negation>\nТрябва ми храна за пиле за това.\nТе обичат пшеницата.\nЗерал, слънчогледово или всяка друга семейна храна ще подефира.	<voice type=negation>\nJ'ai besoin de nourriture pour poules pour ça.\nLe blé est leur préférée.\nLe maïs, le tournesol ou toute autre graine conviendra également.	<voice type=negation>\nМне понадобится куриный корм.\nОни любят пшеницу.\nКукуруза, подсолнух и любые другие зерна тоже подойдут.
Dialogues/prepNeedCowFood	<voice type=negation>\nI need cow food for this.\nHay and Corn is their favourite.\nThey also enjoy some fruit as a little snack.	<voice type=negation>\nТрябва ми храна за корови за това.\nСено и царевица са любимото им.\nОще харесват някаки плодове като лек закуска.	<voice type=negation>\nJ'ai besoin de nourriture pour vaches pour ça. \nLe foin et le maïs sont leurs préférées. \nElles aiment aussi les fruits comme petit en-cas.	<voice type=negation>\nМне понадобится корм для коров.\nОни любят сено и кукурузу.\nХотя им понравятся и фрукты.
Dialogues/crowUFOScarecrowBeforeBoss1	<voice type=question>\nDid you know that the aliens are scared of daylight?	<voice type=question>\nЗнаеш ли че чудовищата се страхуват от дневната светлина?	<voice type=question>\nSaviez-vous que les extraterrestres ont peur de la lumière du jour?	<voice type=question>\nА ты в курсе, что пришельцы боятся дневного света?
Dialogues/crowUFOScarecrowBeforeBoss2	It's true. They seem to be night creatures. Daylight, sweet sun, scares them.	Вярно е. Изглеждат като нощни създания. Слънчевата светлина ги плаши.	C'est vrai. Il semble que ce soit des créatures nocturnes. La lumière du jour, le doux soleil, ça leur fait peur.	Все так. Они ночные существа.\nДень и радостные лучи солнца пугают их.
Dialogues/crowUFOScarecrowBeforeBoss3	<voice type=acceptance>\nGood luck! You are very close to the exit. You may see the sun again and again.	<voice type=acceptance>\nУспех! Много си близо до изхода. Можеш да видиш слънце отново и отново.	<voice type=acceptance>\nBonne chance! Vous êtes tout près de la sortie. Puissiez-vous voir le soleil encore et encore.	<voice type=acceptance>\nУдачи! Выход уже близко. Возможно, тебе еще не раз доведется увидеть солнце.
Dialogues/prepUFOBoss1	<voice type=disappointment>\nThis is a dead end.	<voice type=disappointment>\nТова е тупик.	<voice type=disappointment>\nC'est une impasse.	<voice type=disappointment>\nЭто тупик.
Dialogues/prepUFOBoss2	<voice type=order>\nAlright, bring it on, extraterrestrials!	<voice type=order>\nДобре, дойдете, чудовища!	<voice type=order>\nBon, allez-y, les extraterrestres!	<voice type=order>\nНу ладно, давайте, пришельцы!
Dialogues/prepUFOBoss3	<voice type=laugh>\nLet's kick you back to the outer space!	<voice type=laugh>\nДа те изпратя обратно в външния космос!	<voice type=laugh>\nJe vais vous renvoyer dans le cosmos!	<voice type=laugh>\nДадим вам пинка под зад и в далекий космос!
Dialogues/prepUFOBoss4	I will tire them out. I won't be weaker than a bunch of saucer riders.	Ще ги изморя. Няма да съм по-слаб от купчината пътници в чинии.	Je vais les fatiguer. Je ne vais pas être plus faible qu'une bande de pilotes de soucoupe.	Нужно их вымотать. Я не могу оказаться слабее кучки тех, кто катается на тарелках.
Dialogues/prepUFOBoss5	And now to find the exit.	И сега да намерим изхода.	Et maintenant, voilà la sortie.	Надо найти выход.
Dialogues/prepUFOBossEnd1	<voice type=thanks>\nIt's gone...	<voice type=thanks>\nИзчезна...	<voice type=thanks>\nC'est parti...	<voice type=thanks>\nВсе кончено...
Dialogues/prepUFOBossEnd2	for now.	засега.	pour l'instant.	...пока.
Dialogues/prepUFOBossEnd3	<voice type=thanks>\nIt seems that my headache is gone too.	<voice type=thanks>\nИзглежда, че и главоболието ми е изчезнало.	<voice type=thanks>\nIl semble que mon mal de tête soit passé, lui aussi.	<voice type=thanks>\nКажется, головная боль прошла.
Dialogues/prepUFOBossEnd4	<voice type=thanks>\nAnd this looks like an exit. Finally!	<voice type=thanks>\nИ това изглежда като изход. Накрая!	<voice type=thanks>\nEt ça, ça ressemble à une sortie. Enfin!	<voice type=thanks>\nИ это очень похоже на выход. Ну наконец-то!
Dialogues/old_willAfterConfrontation1	Mr. Prepper! You look like death itself! What happened?	Препър! Изглеждаш като мъртвец! Какво се случи?	Monsieur Prepper ! Vous avez l'air de la mort elle-même ! Qu'est-il arrivé ?\n	Мистер Преппер! Вы выглядите, как сама смерть! Что случилось?\n
Dialogues/old_prepAfterConfrontation2	Oh, do I? \nI feel pretty good,\nbut I must say it was close. \nI just fought off a bunch of aliens, as one does.	О, така ли? \nЧувствам се доста добре,\nно трябва да кажа, че беше на косъм. \nТоку-що се справих с цяла група извънземни, както се прави.	Oh, vraiment ? Je me sens plutôt bien, mais je dois dire que c'était chaud. Je viens de repousser une bande d'extraterrestres, comme on le fait.\n	О, действительно? Я чувствую себя довольно хорошо, но, должен признать, было близко. Я только что отбился от группы пришельцев, как это обычно делается.\n
Dialogues/old_willAfterConfrontation3	You sound like a crazy person, Mr. Prepper.	Звучиш като луд, господин Препър.	Vous avez l'air d'une personne folle, Monsieur Prepper.\n	Мистер Преппер, вы звучите как сумасшедший.\n
Dialogues/old_prepAfterConfrontation4	Oh? I don't know anymore what 'crazy' means in Murricaville.\nUFOs are real and they're here.\nThe aliens are real.\nAnd your animals have been abducted by the intruders from outer space.	О? Вече не знам какво означава "луд" в Мъррикавил.\nНЛО-тата са истински и са тук.\nИзвънземните са истински.\nИ твоите животни са отвлечени от нашествениците от космоса.	Oh ? Je ne sais plus ce que signifie 'fou' à Murricaville. Les OVNI sont réels et ils sont là. Les extraterrestres sont réels. Et vos animaux ont été enlevés par les intrus venus de l'espace.\n	О? Я уже не знаю, что означает 'сумасшедший' в Меррикавилле. НЛО реальны и они здесь. Пришельцы реальны. И ваши животные были похищены вторженцами из космоса.\n
Dialogues/old_willAfterConfrontation5	Incredible! My animals! This is practically a declaration of war!	Невероятно! Животните ми! Това е практически обявяване на война!	Incroyable ! Mes animaux ! C'est pratiquement une déclaration de guerre !\n	Невероятно! Мои животные! Это практически объявление войны!\n
Dialogues/old_prepAfterConfrontation6	...Right.\nSo what now?	...Добре.\nИ сега какво?	...Exact. Alors, que faire maintenant ?\n	...Правильно. И что теперь?\n
Dialogues/old_willAfterConfrontation7	Why do you ask me? \nYou are an ingenious inventor, engineer, constructor, prepper and gentleman, right? \nI'm sure you can figure something out.	Защо ме питаш? \nТи си гениален изобретател, инженер, строител, препър и джентълмен, нали? \nСигурен съм, че можеш да измислиш нещо.	Pourquoi me demandes-tu ? Tu es un inventeur ingénieux, ingénieur, constructeur, prepper et gentleman, n'est-ce pas ? Je suis sûr que tu peux trouver quelque chose.\n	Почему ты спрашиваешь меня? Ведь ты гениальный изобретатель, инженер, конструктор, подготовщик и джентльмен, верно? Уверен, ты что-то придумаешь.\n
Dialogues/old_prepAfterConfrontation8	Figure out what exactly?	Разбери какво точно?	Comprendre quoi exactement ?\n	Разобраться, в чем именно?\n
Dialogues/old_willAfterConfrontation9	A way to destroy the aliens once and for all, of course!\nWhat else could we do?\nWe need to do this for this farm! And the humanity, possibly.	Разбира се, начин да унищожим извънземните веднъж завинаги!\nКакво друго можехме да направим?\nТрябва да го направим заради тази ферма! И човечеството, може би.	Bien sûr, une manière de détruire les extraterrestres une fois pour toutes ! Que pourrions-nous faire d'autre ? Nous devons le faire pour cette ferme ! Et éventuellement pour l'humanité.\n	Конечно, способ уничтожить пришельцев раз и навсегда! Что еще мы можем сделать? Нам нужно сделать это для этой фермы! И, возможно, для человечества.\n
Dialogues/old_prepAfterConfrontation10	Oh... Right. I'll just defeat the unknown, technologically superior civilization.	Ох... Добре. Просто ще победя неизвестната, технологично превъзхождаща цивилизация.	Oh... D'accord. Je vais simplement vaincre cette civilisation inconnue et technologiquement supérieure.\n	Ох... Правильно. Просто победить неизвестную, технологически превосходную цивилизацию.\n
Dialogues/old_prepAfterConfrontation11	How did I get myself into this mess?	Как се забърках в тази каша?	Comment ai-je pu me mettre dans ce pétrin ?\n	Как я попал в этот бардак?\n
Dialogues/old_prepAfterConfrontation12	I... I guess I should talk to Joe. He might know what's to be done. 	Говоря с Джо. Може би знае какво трябва да се направи.	Je... Je suppose que je devrais parler à Joe. Il pourrait savoir ce qu'il faut faire.\n	Я... Наверное, мне стоит поговорить с Джо. Может быть, он знает, что делать.\n
Dialogues/msagentPreAfterConfrontation1	<voice type=question>\nHello, Mr. Corso. Is Mr. Prepper here?	<voice type=question>\nЗдравей, господин Корсо. Тук ли е господин Препър?	<voice type=question>\nBonjour, M. Corso. Est-ce que M. Prepper est là?	<voice type=question>\nЗдравствуйте, мистер Корсо. Мистер Выживальщик здесь?
Dialogues/willPreAfterConfrontation2	No, I don't think so. But he was here yesterday at night...	Не, не мисля. Но беше тук вчера вечерта...	Non je ne pense pas. Mais il était là hier soir...	Кажется, нет. Но он был здесь вчера ночью...
Dialogues/willPreAfterConfrontation3	He was.. tending to animals.	Той се грижеше за животните.	Il... s'occupait des animaux.	Он... ухаживал за животными.
Dialogues/willPreAfterConfrontation4	One goat was.. ehm... Constipated... and needed some extra care.	Една коза беше... ех... запечена... и имаше нужда от допълнителни грижи.	Une chèvre était... euh... constipée... et elle avait besoin de soins particuliers.	У одного козла был, эм... запор. Ему нужен был особый уход.
Dialogues/msagentPreAfterConfrontation5	<voice type=question>\nFine. And where is Mr. Prepper now?	<voice type=question>\nДобре. А къде е сега г-н Препър?	<voice type=question>\nTrès bien. Et où est M. Prepper maintenant?	<voice type=question>\nЛадно. И где мистер Выживальщик сейчас?
Dialogues/willPreAfterConfrontation6	I don't know.	Не знам.	Je ne sais pas.	Я не знаю.
Dialogues/willPreAfterConfrontation7	I thought he was sleeping in the barn.	Мислех, че спи в обора.	Je pensais qu'il dormait dans l'étable.	Я думал, он спит в сарае.
Dialogues/willPreAfterConfrontation8	But now he is gone.	Но сега той си е отишъл.	Mais il est parti maintenant.	Но его там нет.
Dialogues/willPreAfterConfrontation9	Do you think something bad might have happen to him?	Мислиш ли, че нещо лошо може да му се е случило?	Vous pensez qu'il a pu lui arriver quelque chose?	Может, с ним что-то случилось?
Dialogues/msagentPreAfterConfrontation10	I just want to know his whereabouts.	Искам само да знам къде е.	Je veux juste savoir où il se trouve.	Мне просто нужно знать, где он.
Dialogues/msagentPreAfterConfrontation11	<voice type=question>\nDid you notice anything unusual last night?	<voice type=question>\nЗабеляза нещо необичайно вчера вечер?	<voice type=question>\nVous avez remarqué quelque chose d'inhabituel la nuit dernière?	<voice type=question>\nВы заметили что-нибудь необычное прошлой ночью?
Dialogues/willPreAfterConfrontation12	Hmm... Now that you mention it... I remember a flash of green light.	Хмм... Сега като го споменаваш... Спомням си проблясък на зелена светлина.	Hmm... Maintenant que vous le dites... Je me souviens d'un flash de lumière verte.	Хм... если подумать, я припоминаю зеленую вспышку.
Dialogues/willPreAfterConfrontation13	I've seen it from inside my room, through the window.	Видях го от стаята си, през прозореца.	Je l'ai vu de l'intérieur de ma chambre, par la fenêtre.	Я видел ее в окно своей комнаты.
Dialogues/willPreAfterConfrontation14	In the morning I thought it was just a dream... But maybe it wasn't?	Сутринта си помислих, че е просто сън... Но може би не беше?	Ce matin, j'ai cru que ce n'était qu'un rêve... Mais peut-être que c'était la réalité?	Наутро я решил, что мне это приснилось... Но что, если нет?
Dialogues/msagentPreAfterConfrontation15	Interesting, thank you.	Интересно, благодаря.	Intéressant, merci.	Интересно, спасибо.
Dialogues/willPreAfterConfrontation16	Ms Agent, could the Agency maybe send... a searching party to...	Агентке, може ли Агенцията да изпрати... група за търсене на...	Madame l'Agent, l'Agence pourrait-elle envoyer... une équipe de recherche pour...	Госпожа агент, а не могло бы Агентство прислать поисковой отряд, чтобы...
Dialogues/msagentPreAfterConfrontation17	<voice type=question>\nTo?	<voice type=question>\nКъде?	<voice type=question>\nPour?	<voice type=question>\nЧтобы что?
Dialogues/willPreAfterConfrontation18	<voice type=negation>\nAh, nevermind.	<voice type=negation>\nА, нищо.	<voice type=negation>\nAh, peu importe.	<voice type=negation>\nДа неважно.
Dialogues/willPreAfterConfrontation19	Mr. Prepper probably just couldn't sleep on hay and went back home.	Г-н Препър вероятно просто не можа да спи на сено и се прибра вкъщи.	M. Prepper n'a probablement pas réussi à dormir dans le foin et il est rentré chez lui.	Мистер Выживальщик наверняка просто не смог уснуть на сене и вернулся домой.
Dialogues/msagentPreAfterConfrontation20	I'm sure he can take care of himself. Thank you, citizen.	Сигурен съм, че може да се справи сам. Благодаря ти, гражданино.	Je suis sûre qu'il sait très bien prendre soin de lui. Merci, citoyen.	Думаю, он способен о себе позаботиться. Благодарю вас, гражданин.
Dialogues/willAfterConfrontation1	<voice type=surprise>\nMr. Prepper! You look like death itself! What happened?	<voice type=surprise>\nГ-то Препър! Изглежда като мъртъв! Какво се случи?	<voice type=surprise>\nMr Prepper! Tu as l'air plus mort que vif! Qu'est ce qu'il s'est passé?	<voice type=surprise>\nМистер Выживальщик! Да ты бледный как смерть! Что случилось?
Dialogues/prepAfterConfrontation2	<voice type=question>\nOh, do I? \n<voice type=order>\nI feel pretty good,\nbut I must say it was close. \n<voice type=laugh>\nI just fought off a bunch of aliens, as one does.	<voice type=question>\nО, така ли? \n<voice type=order>\nЧувствам се доста добре,\nно трябва да призная, че беше на косъм. \n<voice type=laugh>\nТоку-що се бих с куп извънземни, както се прави.	<voice type=question>\nAh oui?\n<voice type=order>\nJe me sens plutôt bien, mais je dois dire que je ne suis pas passé loin.\n<voice type=laugh>\nJe viens de combattre un groupe d'extraterrestres, ça peut arriver, parfois.	<voice type=question>\nОх, правда?\n<voice type=order>\nЧувствую себя неплохо,\nно это определенно было близко.\n<voice type=laugh>\nЯ только что отбился от кучки инопланетян, обычное дело.
Dialogues/willAfterConfrontation3	<voice type=disappointment>\nYou sound like a crazy person, Mr. Prepper.	<voice type=disappointment>\nЗвучиш като луд, господин Препър.	<voice type=disappointment>\nTu parles comme si tu étais fou, M. Prepper.	<voice type=disappointment>\nТы сейчас говоришь как сумасшедший, мистер Выживальщик.
Dialogues/prepAfterConfrontation4	<voice type=question>\nOh? I don't know anymore what 'crazy' means in Murricaville.	<voice type=question>\nОо? Вече не знам какво означава „маразен“ в Мъритикайл.	<voice type=question>\nAh oui? Je ne sais plus ce que ça veut dire, "fou", à Murricaville.	<voice type=question>\nПравда? Теперь я и не знаю, что в Мерикосвиле означает слово «сумасшедший».
Dialogues/willAfterConfrontation5	<voice type=anger>\nShhh, Mr. Prepper! Careful, can't you see who is here...?	<voice type=anger>\nШш, господин Препър! Внимавай, не виждаш кой е тук...	<voice type=anger>\nChut, M. Prepper! Fais attention, tu ne vois pas qui est là...?	<voice type=anger>\nТш-ш, мистер Выживальщик! Разве ты не видишь, с кем говоришь?..
Dialogues/prepAfterConfrontation6	<voice type=order>\nYes, I see, Will. I'm not blind.\n<voice type=order>\nListen to me, Will.	<voice type=order>\nДа, виждам, Уил. Не съм сляп.\n<voice type=order>\nСлушай ме, Уил.	<voice type=order>\nSi, je vois, Will. Je ne suis pas aveugle.\n<voice type=order>\nÉcoutez-moi, Will.	<voice type=order>\nО, я вижу, Уилл. Я не слепой.\n<voice type=order>\nПослушай меня.
Dialogues/prepAfterConfrontation7	<voice type=order>\nAnd you too, Ms. Agent.	<voice type=order>\nИ ти, госпожо Агент.	<voice type=order>\nEt vous aussi, Mme l'agent.	<voice type=order>\nИ вы тоже, госпожа агент.
Dialogues/msagentAfterConfrontation8	<voice type=question>\nDo you have something to report, Mr. Prepper?	<voice type=question>\nИмаш ли нещо да докладваш, г-н Препър?	<voice type=question>\nVous avez quelque chose à signaler, M. Prepper?	<voice type=question>\nВы хотели бы о чем-то сообщить, мистер Выживальщик?
Dialogues/prepAfterConfrontation9	<voice type=acceptance>\nYes. UFOs are real and they're here.\n<voice type=anger>\nThe aliens are real!	<voice type=acceptance>\nДа. НЛО-тата са истински и са тук.\n<voice type=anger>\nИзвънземните са истински!	<voice type=acceptance>\nOui. Les OVNI existent et ils sont ici.\n<voice type=anger>\nLes extraterrestres existent!	<voice type=acceptance>\nДа. НЛО реально, и оно здесь.\n<voice type=anger>\nПришельцы – реальны!
Dialogues/prepAfterConfrontation10	<voice type=anger>\nAnd your animals are being abducted by the intruders from outer space, Will.	<voice type=anger>\nИ животните ти са похитени от чужденците отвън, Уил.	<voice type=anger>\nEt vos animaux sont enlevés par des intrus venus de l'espace, Will.	<voice type=anger>\nПришельцы похищают твоих животных, Уилл.
Dialogues/msagentAfterConfrontation11	<voice type=question>\nAliens, you say?	<voice type=question>\nИзвънземни, казваш?	<voice type=question>\nDes extraterrestres, dites-vous?	<voice type=question>\nПришельцы, значит?
Dialogues/prepAfterConfrontation12	<voice type=order>\nYes!\n<voice type=disappointment>\nI know you might not believe me, but...	<voice type=order>\nДа!\n<voice type=disappointment>\nЗнам, че може да не ми вярваш, но...	<voice type=order>\nOui!\n<voice type=disappointment> \nJe sais que vous n'allez peut-être pas me croire, mais...	<voice type=order>\nДа!\n<voice type=disappointment>\nВы можете мне не верить, но...
Dialogues/msagentAfterConfrontation13	Oh, I do believe you, Mr. Prepper.	О, вярвам ти, г-н Препър.	Oh, je vous crois, M. Prepper.	О, я верю вам, мистер Выживальщик.
Dialogues/prepAfterConfrontation14	<voice type=question>\n...you do?	<voice type=question>\n...ти какво правиш?	<voice type=question>\n... ah oui??	<voice type=question>\n...правда?
Dialogues/msagentAfterConfrontation15	I have no reason not to. Please tell me about your experiences.	Нямам причина да не го направя. Моля, разкажи ми за твоите преживявания.	Je n'ai aucune raison de ne pas vous croire. Mais racontez-moi ce qu'il vous est arrivé.	У меня нет причин не верить. Пожалуйста, расскажите о своем опыте.
Dialogues/prepAfterConfrontation16	<voice type=upset>\nI... I was abducted.\n<voice type=upset>\nTaken onto their ship by a beam of some sort, and examined. It was terrifying!	<voice type=upset>\nАз... аз бях откраднат.\n<voice type=upset>\nВзехме с лъч на някакъв кораб, прегледаха ме. Беше ужасно!	<voice type=upset>\nJ'ai... j'ai été enlevé.\n<voice type=upset>\nEmbarqué sur leur vaisseau par une sorte de rayon, et examiné. C'était terrifiant!	<voice type=upset>\nЯ... меня похитили.\n<voice type=upset>\nЗахватили каким-то лучом, доставили на корабль и исследовали. Это было ужасно!
Dialogues/willAfterConfrontation17	<voice type=anger>\nThis is outrageous!\n<voice type=anger>\nThis is practically a declaration of war!	<voice type=anger>\nТова е неоправдано!\n<voice type=anger>\nТова е практически обява на война!	<voice type=anger>\nC'est scandaleux!\n<voice type=anger>\nC'est presque une déclaration de guerre!	<voice type=anger>\nВозмутительно!\n<voice type=anger>\nДа это же объявление войны!
Dialogues/msagentAfterConfrontation18	<voice type=laugh>\nWar? Heh.\n<voice type=order>\nHold your horses, citizens.	<voice type=laugh>\nВойна? Хех.\n<voice type=order>\nДръжте се, граждани.	<voice type=laugh>\nUne guerre? Ehh.\n<voice type=order>\nUn peu de retenue, citoyen.	<voice type=laugh>\nВойны. Хех.\n<voice type=order>\nПридержите лошадей, граждане.
Dialogues/msagentAfterConfrontation19	We know about the extraterrestrials and the Agency closely monitors their activity.\nEverything is under control and there is no reason to worry.\nBesides, their saucers are covered in force field, and no human technology can penetrate them from the outside.\nThat was shown in our early attempts... I mean, our expert observational assessment.\nAnd our conclusions indicate they do not want to wage a war against us.	Знаем за извънземните и Агенцията ги следи отблизо.\nВсичко е под контрол и няма причина за притеснение.\nОсвен това, техните чинии са покрити с енергийно поле и никоя човешка технология не може да ги пробие отвън.\nТова беше показано в ранните ни опити... имам предвид, нашия експертен наблюдателен анализ.\nИ нашите заключения сочат, че те не искат да водят война срещу нас.	Nous connaissons l’existence des extraterrestres et l'Agence surveille de près leurs activités.\nLa situation est sous contrôle et il n'y a aucune raison de s'inquiéter.\nLeurs soucoupes sont protégées par un champ de force, et aucune technologie humaine n'est capable de les pénétrer de l'extérieur.\nCe qui a été démontré lors de nos premières tentatives... je veux dire lors de notre évaluation observationnelle spécialisée.\nEt nos conclusions sont claires : ils ne veulent pas nous faire la guerre.	Мы осведомлены об активности пришельцев и наблюдаем за ними.\nВсе под контролем, причин волноваться нет.\nК тому же, их тарелки защищены силовым полем, которое не пробить снаружи.\nТаковы результаты наших предыдущих попыток... То есть, такова наша экспертная оценка.\nНасколько мы можем судить, они не хотят воевать с нами.
Dialogues/msagentAfterConfrontation20	<voice type=surprise>\nOh, how late it is already!\nI still need to file some reports.\nBless the president.	<voice type=surprise>\nО, колко късно вече е!\nВсе още трябва да подам някои доклади.\nБлаги да е президентът.	<voice type=surprise>\nOh, il est déjà cette heure là!\nJe dois encore déposer des rapports.\nQue Dieu bénisse le président.	<voice type=surprise>\nОх, как же уже поздно!\nА мне еще нужно заполнить кое-какие отчеты.\nБоже, храни президента.
Dialogues/willAfterConfrontation21	<voice type=question>\nWow, what was that about? Is our Ms. Agent a big UFO nerd?	<voice type=question>\nУау, какво беше това? Дали нашата госпожа Агент е голям фен на НЛО?	<voice type=question>\nWaouh, ça voulait dire quoi tout ça? Notre chère Mme l'agent serait-elle une grande amatrice d'ufologie?	<voice type=question>\nОго, и как это понять? Наша госпожа агент одержима НЛО?
Dialogues/prepAfterConfrontation22	Hm, maybe. But I'm sure she's not telling us the whole truth.	Мда, може би. Но съм сигурен, че не ни казва цялата истина.	Hum, peut-être. Mais je suis sûr qu'elle ne nous dit pas toute la vérité.	Хм, возможно. Уверен, она что-то недоговаривает.
Dialogues/prepAfterConfrontation23	<voice type=disappointment>\nAnd I didn't like being abducted at all.\n<voice type=question>\nSo what do we do now?	<voice type=disappointment>\nИ изобщо не ми хареса да ме отвличат.\n<voice type=question>\nКакво правим сега?	<voice type=disappointment>\nEt je n'ai pas du tout apprécié d'être enlevé.\n<voice type=question>\nAlors, qu'est-ce qu'on fait maintenant?	<voice type=disappointment>\nА еще мне совершенно не нравится быть похищенным.\n<voice type=question>\nЧто нам теперь делать?
Dialogues/willAfterConfrontation24	<voice type=question>\nWhy do you ask me? \n<voice type=question>\nYou are an ingenious inventor, engineer, constructor, prepper and gentleman, right? \nI'm sure you can figure something out.	<voice type=question>\nЗащо ме питаш?\n<voice type=question>\nТи си гениален изобретател, инженер, строител, препър и джентълмен, нали?\nСигурен съм, че можеш да измислиш нещо.	<voice type=question>\nPourquoi est-ce que tu me demandes?\n<voice type=question>\nToi, tu es un inventeur, un ingénieur, un constructeur, un prepper et un gentleman ingénieux, pas vrai ? Je suis sûr que tu vas trouver ce qu'il faut faire.	<voice type=question>\nА почему ты меня спрашиваешь?\n<voice type=question>\nЭто ты гениальный изобретатель, инженер, конструктор, выживальщик и просто джентльмен.\nУверен, ты что-нибудь придумаешь.
Dialogues/prepAfterConfrontation25	<voice type=question>\nFigure out what exactly?	<voice type=question>\nРазбери какво точно?	<voice type=question>\nTrouver quoi exactement?	<voice type=question>\nПридумаю что?
Dialogues/willAfterConfrontation26	<voice type=anger>\nA way to destroy the aliens once and for all, of course!\n<voice type=disappointment>\nWhat else could we do?\n<voice type=anger>\nWe need to do this for this farm! And the humanity, possibly.	<voice type=anger>\nРазбира се, начин да унищожим извънземните веднъж завинаги!\n<voice type=disappointment>\nКакво друго можехме да направим?\n<voice type=anger>\nТрябва да го направим заради тази ферма! И човечеството, може би.	<voice type=anger>\nUn moyen de détruire les extraterrestres une bonne fois pour toutes, bien sûr!\n<voice type=disappointment>\nQu'est-ce qu'on peut faire d'autre?\n<voice type=anger>\nOn doit le faire pour cette ferme! Et pour l'humanité, peut-être.	<voice type=anger>\nКак раз и навсегда сокрушить пришельцев!\n<voice type=disappointment>\nЧто еще нам остается?\n<voice type=anger>\nМы должны сделать это ради фермы. И, возможно, ради всего человечества.
Dialogues/prepAfterConfrontation27	<voice type=disappointment>\nOh... Right. I'll just defeat the unknown, technologically superior civilization.	<voice type=disappointment>\nО... Добре. Просто ще победя неизвестната, технологично превъзхождаща цивилизация.	<voice type=disappointment>\nOui... Bien sûr. Je vais tout simplement vaincre une civilisation inconnue et technologiquement supérieure.	<voice type=disappointment>\nОх... ага. Всего-то надо сразить неизвестную цивилизацию, обладающую технологическим превосходством.
Dialogues/prepAfterConfrontation28	<voice type=disappointment>\nHow did I get myself into this mess?	<voice type=disappointment>\nКак се попаднах в този проблем?	<voice type=disappointment>\nComment est-ce que j'ai pu me retrouver dans ce pétrin?	<voice type=disappointment>\nИ как я в это вляпался?
Dialogues/prepAfterConfrontation29	I... I guess I should talk to Joe. He might know what's to be done. \nMs. Agent mentioned something about the UFOs being covered in unpenetrable force field.\nI should keep that information in mind.	Говоря с Джо. Може би той знае какво трябва да се направи. \nГоспожа Агент спомена нещо за НЛО-тата, покрити с непробиваемо поле. \nТрябва да имам това предвид.	Je... Je crois que je devrais parler à Joe. Il saurait peut-être ce qu'il faut faire. Mme l'agent a mentionné quelque chose au sujet des OVNI, qu'ils étaient protégés par un champ de force impénétrable. Il faut que je garde cette information à l'esprit.	Думаю... стоит поговорить с Джо. Может, он что-то подскажет.\nГоспожа агент упомянула что-то об НЛО, спрятанном под непроницаемым силовым полем.\nНужно это обдумать.
Dialogues/prepUFOJoe1	<voice type=greeting>\nHey, Joe.\nI need your advice.	<voice type=greeting>\nЗдравей, Джо.\nИмам нужда от съвет.	<voice type=greeting>\nSalut, Joe. J'ai besoin de votre avis.	<voice type=greeting>\nЭй, Джо.\nМне нужен твой совет.
Dialogues/joeUFOJoe2	<voice type=surprise>\nPrepper! What is it?\n<voice type=question>\nDo you have more UFO evidence?	<voice type=surprise>\nПрепър! Какво има?\n<voice type=question>\nИмаш още доказателства за НЛО?	<voice type=surprise>\nPrepper ! Qu'est-ce que vous voulez?\n<voice type=question>\nEst-ce que vous avez des preuves supplémentaires au sujet des OVNI?	<voice type=surprise>\nВыживальщик! Что такое?\n<voice type=question>\nНашел очередное доказательство существования НЛО?
Dialogues/prepUFOJoe3	More than that, in a sense. I had a close encounter of the third kind.\nWell, I don't really know how these kinds are counted, but it was pretty close and personal.	Повече от това, в известен смисъл. Имах близка среща от трети вид.\nЕ, не знам точно как се броят тези видове, но беше доста близко и лично.	Dans un sens j'ai même encore mieux. J'ai vecu une rencontre rapprochée du troisième type. Je ne sais pas vraiment comment on les compte, ces types, mais c'était assez rapproché, pour ne pas dire intime.	В каком-то смысле – даже больше. Мне довелось повстречаться с кое-кем.\nНе знаю, как назвать этих существ, но контакт был довольно тесным.
Dialogues/joeUFOJoe4	<voice type=question>\nWhat do you mean...?\n<voice type=surprise>\nWere you... were you abducted?!	<voice type=question>\nКакво имаш предвид...?\n<voice type=surprise>\nБяхте ли... отвлечени?!	<voice type=question>\nQu'est ce que vous voulez dire... ?\n<voice type=surprise>\nVous avez été... enlevé?!	<voice type=question>\nО чем ты?..\n<voice type=surprise>\nТебя... тебя похитили?!
Dialogues/prepUFOJoe5	<voice type=acceptance>\nYes, that's the best way to put it.\nI went to the farm at night, and a UFO appeared at 3:00 AM. \nThen a beam of green light pulled me through the roof... And then I passed out.	<voice type=acceptance>\nДа, така е най-добре да се каже.\nОтидох на фермата през нощта и в 3:00 сутринта се появи НЛО.\nСлед това лъч от зелена светлина ме изведе през покрива... И след това изпаднах.	<voice type=acceptance>\nOui, on peut dire ça comme ça. Je suis allé à la ferme la nuit et un OVNI est apparu à 3h00 du matin. Puis un faisceau de lumière verte m'a fait traversé le plafond... Et puis je me suis évanoui.	<voice type=acceptance>\nДа, пожалуй, так точнее всего.\nЯ был на ферме ночью, и ровно в 3 часа появилось НЛО.\nЗеленым лучом меня притянуло прямо через крышу... и я вырубился.
Dialogues/joeUFOJoe6	<voice type=surprise>\nPrepper, this is incredible!\n<voice type=thanks>\nI dreamt of such an opportunity! I have so many questions!\n<voice type=question>\nDid you see them? How do you feel now?\n<voice type=surprise>\nWere they behind the celestial battle over Nuremberg in 1561?\n<voice type=question>\nHave you checked your body for any weird markings?	<voice type=surprise>\nПрепър, това е невероятно!\n<voice type=thanks>\nСънувах се за такава възможност! Имам толкова много въпроси!\n<voice type=question>\nВидях ли ги? Как се чувстваш сега?\n<voice type=surprise>\nБях ли те зад небесната битка над Нюрнберг през 1561 г.?\n<voice type=question>\nПроверих ли тялото си за някакви странни знаци?	<voice type=surprise>\nC'est incroyable, Prepper!\n<voice type=thanks>\nJ'aurais rêvé d'une telle occasion! J'ai tellement de questions!\n<voice type=question>\nVous les avez vus? Comment est-ce que vous vous sentez maintenant?\n<voice type=surprise>\nEst-ce que c'est eux qui étaient à l'origine de la bataille céleste de Nuremberg en 1561?\n<voice type=question>\nVous avez vérifié votre corps, vous n'avez pas de marques suspectes?	<voice type=surprise>\nВыживальщик, это невероятно!\n<voice type=thanks>\nЯ мечтал о подобном! У меня так много вопросов!\n<voice type=question>\nТы их видел? Как ты себя сейчас чувствуешь?\n<voice type=surprise>\nЭто они стояли за воздушной битвой над Нюрнбергом в 1561-м?\n<voice type=question>\nУ тебя на теле никаких отметин не осталось?
Dialogues/prepUFOJoe7	<voice type=negation>\nSlow down, Joe. It's not like they briefed me on their agenda.	<voice type=negation>\nПо-бавно, Джо. Не е като да са ме информирали за техния план.	<voice type=negation>\nDoucement, Joe. Ils ne m'ont pas fait un rapport sur leurs activités.	<voice type=negation>\nДжо, притормози. Они не отчитывались мне о своих планах.
Dialogues/joeUFOJoe8	<voice type=acceptance>\nOK, OK. I just got excited. So let's take it slow.\n<voice type=question>\nDoes the UFO always appear at the farm at the same time?	<voice type=acceptance>\nДобре, добре. Просто се вълнувам. Така че, нека го направим бавно.\n<voice type=question>\nПоявява ли се НЛО-то винаги на фермата по едно и също време?	<voice type=acceptance>\nD'accord, d'accord. Je suis juste tout excité. Alors reprenons tranquillement.\n<voice type=question>\nEst ce que les ovnis apparaissent toujours à la même heure à la ferme?	<voice type=acceptance>\nЛадно-ладно. Просто это так будоражит. Давай по порядку.\n<voice type=question>\nНЛО появляется над фермой в определенное время?
Dialogues/prepUFOJoe9	Yes. And that's why...	Да. И точно затова...	Oui. Et c'est pour ça que...	Да. И именно поэтому...
Dialogues/joeUFOJoe10	<voice type=surprise>\nPrepper, I need to see this! Take me there!\n<voice type=thanks>\nI will record the whole thing!\n<voice type=laugh>\nThe UFO mysteries will be exposed and I'll be rich and famous!	<voice type=surprise>\nПрепър, трябва да видя това! Вземи ме там!\n<voice type=thanks>\nЩе запиша всичко!\n<voice type=laugh>\nТайната на НЛО ще бъде разкрита и ще бъда богат и известен!	<voice type=surprise>\nPrepper, il faut que je voie ça! Emmenez-moi là-bas!\n<voice type=thanks>\nJe vais tout filmer!\n<voice type=laugh>\nLes mystères des OVNI seront dévoilés et je deviendrai riche et célèbre!	<voice type=surprise>\nВыживальщик, я должен это увидеть! Отведи меня туда!\n<voice type=thanks>\nЯ все запишу!\n<voice type=laugh>\nТайна НЛО будет раскрыта, и я стану богат и знаменит!
Dialogues/prepUFOJoe11	<voice type=order>\nJoe, please focus. How can I destroy the UFO?	<voice type=order>\nДжо, моля, концентрирай се. Как мога да унищожа НЛО-то?	<voice type=order>\nJoe, concentrez-vous s'il vous plaît. Comment est-ce que je peux détruire l'OVNI?	<voice type=order>\nДжо, возьми себя в руки. Как мне уничтожить НЛО?
Dialogues/joeUFOJoe12	<voice type=question>\n...what?\n<voice type=surprise>\nDestroy it?\n<voice type=laugh>\nMr. Prepper, you are crazier than I thought. It's an advanced technology...\nBut then we can observe and study it carefully. Damn, this could be exciting.	<voice type=question>\n…какво?\n<voice type=surprise>\nДа го унищожа?\n<voice type=laugh>\nГ-н Препър, ти си по-маразен от това, което си мислил. Това е напреднала технология...\nНо след това можем да го наблюдаваме и да го изучаваме внимателно. Черт, това може да бъде вълнуващо.	<voice type=question>\n... quoi?\n<voice type=surprise>\nLe détruire?\n<voice type=laugh>\nMais Prepper, vous êtes encore plus fou que je ne le pensais. C'est une technologie de pointe...\nMais alors on va pouvoir l'observer et l'étudier attentivement. Oh la la, ça pourrait être passionnant.	<voice type=question>\n...чего?\n<voice type=surprise>\nУничтожить?\n<voice type=laugh>\nМистер Выживальщик, да ты еще двинутей, чем я думал. Это ведь продвинутая технология...\nМы ведь можем ее исследовать. Черт, это было бы так круто!
Dialogues/prepUFOJoe13	<voice type=question>\nSo, any ideas?	<voice type=question>\nЗначи, имаш идеи?	<voice type=question>\nAlors, des idées?	<voice type=question>\nТак что, какие мысли?
Dialogues/joeUFOJoe14	I need more information. Everything you know.\n<voice type=question>\nWhat did you learn about UFO?	Трябва ми повече информация. всичко, което знаеш.\n<voice type=question>\nКакво научи за НЛО?	Il me faut de plus d'informations. Tout ce que vous savez.\n<voice type=question>\nQu'est-ce que vous avez appris sur les OVNI?	Мне нужно больше информации. Все, что ты знаешь.\n<voice type=question>\nЧто тебе удалось узнать об НЛО?
Dialogues/prepUFOJoe15	Hm... Ms. Agent claims that every UFO is protected by a powerful external force field.\nNo human technology can damage it.	Хм... Госпожа Агент твърди, че всяко НЛО е защитено от мощно външно енергийно поле.\nНито една човешка технология не може да го повреди.	Hum... Mme l'agent affirme que tous les OVNI sont protégés par un puissant champ de force extérieur \nAucune technologie humaine ne peut l'endommager.	Хм... Госпожа агент говорит, что каждое НЛО защищено мощным силовым полем.\nНи одной человеческой технологии его не пробить.
Dialogues/joeUFOJoe16	<voice type=surprise>\nForce field! Incredible! This is so exciting.\nOkay. Let's think. \n<voice type=question>\nWe know that the UFO comes to this farm and abducts animals, right?	<voice type=surprise>\nСилови поле! Невероятно! Това е толкова вълнуващо.\nДобре. Да помислиме.\n<voice type=question>\nЗнаем, че НЛО идва на тази ферма и отвлича животни, нали?	<voice type=surprise>\nUn champ de force! Incroyable! C'est tellement passionnant. \nD'accord. Réfléchissons. \n<voice type=question>\nOn sait que l'OVNI vient dans cette ferme et enlève des animaux, n'est-ce pas?	<voice type=surprise>\nСиловое поле! Невероятно! Это так круто.\nЛадно. Надо подумать.\n<voice type=question>\nНам известно, что НЛО появляется над фермой и похищает животных, так?
Dialogues/prepUFOJoe17	Yes, go on.	Да, продължавай.	Oui, continuons.	Верно.
Dialogues/joeUFOJoe18	So the UFOs must have a way to carry objects through their force fields.\nI know you can make some explosives... and you're in general good with some small arts & crafts. 	Така че НЛО-тата трябва да имат начин да пренасят предмети през своите силови полета.\nЗнам, че можеш да направиш някои експлозиви... и като цяло си добър в малките занаяти.	Donc, les OVNI doivent avoir un moyen de faire passer des objets à travers leurs champs de force. Je sais que vous savez fabriquer des explosifs... et que vous êtes plutôt doué pour le petit bricolage.	Значит, каким-то образом НЛО позволяет переносить объекты через силовое поле.\nЯ знаю, что ты умеешь делать взрывчатку... да и в целом руки у тебя из правильного места.
Dialogues/joeUFOJoe19	<voice type=order>\nAnd here goes are perfect trap: you could build a fake goat and fill it with explosives!\n<voice type=order>\nThe UFO may be impenetrable from the outside, but they won't expect an attack from the inside. \n<voice type=order>\nIt's a surefire plan, I can tell you.	<voice type=order>\nИ ето го перфектният капан: можеш да построиш фалшива коза и да я напълниш с експлозиви!\n<voice type=order>\nНЛО може да е непробиваемо отвън, но няма да очакват атака отвътре. \n<voice type=order>\nТова е сигурен план, мога да ти кажа.	<voice type=order>\nVoici le piège idéal : vous pouvez construire une fausse chèvre et la remplir d'explosifs!\n<voice type=order>\nL'OVNI est peut être impénétrable de l'extérieur, mais il ne s'attendra pas à une attaque de l'intérieur.\n<voice type=order>\nVoilà un plan qui ne peut pas échouer, je vous le dis.	<voice type=order>\nТак что вот тебе идеальная ловушка: можно соорудить поддельного козла и нашпиговать его взрывчаткой!\n<voice type=order>\nМожет, снаружи НЛО и не повредить, зато удара изнутри они точно не будут ждать.\n<voice type=order>\nСтопроцентный план, зуб даю.
Dialogues/prepUFOJoe20	I guess we could give it a try. What's the worst that can happen?	Може би си струва да опитаме. Какво най-лошо може да се случи?	Oui, on pourrait essayer. Qu'est-ce qui pourrait arriver?	Думаю, попробовать можно. Что мы теряем?
Dialogues/joeUFOJoe21	<voice type=question>\nSo when are we doing it?	<voice type=question>\nТака че кога ще го направим?	<voice type=question>\nAlors, c'est quand qu'on va le faire?	<voice type=question>\nТак когда мы это сделаем?
Dialogues/prepUFOJoe22	Sunday.\n<voice type=order>\nBe ready.	Неделя.\n<voice type=order>\nБъди готов.	Dimanche.\n<voice type=order>\nTenez-vous prêt.	В воскресенье.\n<voice type=order>\nБудь готов.
Dialogues/joeUFOJoe23	<voice type=thanks>\nOf course! I will be there.	<voice type=thanks>\nРазбира се! Ще бъда там.	<voice type=thanks>\nBien sûr ! J'y serai.	<voice type=thanks>\nНу разумеется! Я приду.
Dialogues/prepBombCreate1	Okay, it looks...\nconvincing enough. 	Добре, изглежда...\nдостатъчно убедително. 	OK, ça a l'air... assez convaincant.	Ладно, выглядит...\nдостаточно убедительно.
Dialogues/prepBombCreate2	But this needs to wait for the next Sunday.	Но това трябва да почака до следващата неделя.	Mais ça doit attendre dimanche prochain.	Но теперь нужно дождаться следующего воскресенья.
Dialogues/prepBombStillStuffToDo	<voice type=negation>\nNah, I have some things to do before that.	<voice type=negation>\nНе, имам някои неща за вършене преди това.	<voice type=negation>\nBon, j'ai des choses à faire avant.	<voice type=negation>\nУ меня еще есть другие дела.
Dialogues/prepBombNotSunday	I have to wait until Sunday with this.	Трябва да изчакам до неделя с това.	Pour ça, je dois attendre jusqu'à dimanche.	Нужно дождаться воскресенья.
Dialogues/joeJoeMeetWill1	...yes, there have been sightings since the ancient times, and in different cultures: China, Japan, Germany...	...да, имало е забелязвания още от древни времена и в различни култури: Китай, Япония, Германия...	...oui, des observations ont été faites depuis l'antiquité, et dans différentes cultures : Chine, Japon, Allemagne...	...да, наблюдения дошли с древних времен и из разных культур: Китая, Японии, Германии...
Dialogues/willJoeMeetWill2	<voice type=question>\nWow. And do we know what actually brings them here?	<voice type=question>\nВау. И знаем ли какво ги привлича тук?	<voice type=question>\nWaouh. Et savons-nous ce qui les amène réellement ici?	<voice type=question>\nОго. А известно, что их так привлекает здесь?
Dialogues/joeJoeMeetWill3	They probably want to study us and life on Earth in general.\nAnd there is a hypothesis they are VERY interested in nuclear weapons - many of the sightings occur close to nuclear bases.	Вероятно искат да ни изучават и живота на Земята като цяло.\nИма хипотеза, че са МНОГО заинтересовани от ядрени оръжия - много от наблюденията се случват близо до ядрени бази.	Ils veulent probablement nous étudier et étudier la vie sur Terre en général. Et il existe une hypothèse selon laquelle ils seraient TRÈS intéressés par les armes nucléaires - de nombreuses observations ont été faites à proximité de bases nucléaires.	Вероятно, они просто хотят изучить жизнь на планете.\nА еще, чисто гипотетически, они могут быть ОЧЕНЬ заинтересованы в ядерном оружии – многие из их появлений были неподалеку от предполагаемых ядерных предприятий.
Dialogues/willJoeMeetWill4	<voice type=anger>\nI didn't know that! Those outworldly bastards surely want to steal our nukes!	<voice type=anger>\nНе знаех това! Те чудовища от друга планета със сигурност искат да откраднат нашите ядрени оръжия!	<voice type=anger>\nJe ne le savais pas! Ces salauds d'extraterrestres veulent sûrement nous voler nos armes nucléaires!	<voice type=anger>\nА я и не знал! Эти ублюдки точно хотят украсть нашу ядерку!
Dialogues/willJoeMeetWill5	<voice type=greeting>\nOh, hi, Mr. Prepper. \nJoe was interested in the incidents on our farm and came to say hello.	<voice type=greeting>\nО, здравей, господин препър.\nДжо беше заинтригуван от инцидентите на нашата ферма и дойде да поздрави.	<voice type=greeting>\nOh, salut, M. Prepper. Joe s'intéresse aux incidents dans notre ferme et est passé dire bonjour.	<voice type=greeting>\nО, привет, мистер Выживальщик.\nДжо заинтересовали происшествия на нашей ферме, так что он заглянул поболтать.
Dialogues/joeJoeMeetWill6	<voice type=acceptance>\nThat's right.	<voice type=acceptance>\nТочно така.	<voice type=acceptance>\nC'est ça.	<voice type=acceptance>\nТочно.
Dialogues/willJoeMeetWill7	Joe knows a lot about aliens! Why haven't you mentioned him to me before?	Джо знае много за извънземните! Защо не ми го спомена преди?	Joe en sait long sur les extraterrestres! Pourquoi ne m'as-tu pas parlé de lui avant?	Джо так много знает о пришельцах! Почему ты мне раньше о нем не говорил?
Dialogues/prepJoeMeetWill8	<voice type=disappointment>\nEmm...	<voice type=disappointment>\nЕмм...	<voice type=disappointment>\nEuh...	<voice type=disappointment>\nЭм-м...
Dialogues/willJoeMeetWill8	It's nice talking to someone who gets it, for a change.	Радвам се да говоря с някой, който разбира, за разнообразие.	C'est agréable de parler à quelqu'un qui comprend, ça change.	Так приятно для разнообразия поговорить с тем, кто видит суть.
Dialogues/prepJoeMeetWill9	I'm glad you two are getting along.	Радвам се, че двамата се разбирате.	Je suis content que vous vous entendiez bien.	Рад, что вы двое ладите.
Dialogues/willFarmEnd1	<voice type=question>\nWill that work?	<voice type=question>\nЩе работи това?	<voice type=question>\nEst-ce que ça va fonctionner?	<voice type=question>\nЭто сработает?
Dialogues/joeFarmEnd2	Oh yes, surely.	Да, разбира се.	Oh oui, sûrement.	О да, сто процентов.
Dialogues/prepFarmEnd3	<voice type=disappointment>\nI want to believe.	<voice type=disappointment>\nИскам да вярвам.	<voice type=disappointment>\nJ'aimerais bien vous croire.	<voice type=disappointment>\nХочу верить.
Dialogues/joeFarmEnd4	<voice type=thanks>\nThis is so exciting!	<voice type=thanks>\nТова е толкова вълнуващо!	<voice type=thanks>\nC'est tellement passionnant!	<voice type=thanks>\nЭто так круто!
Dialogues/willFarmEnd5	<voice type=question>\nYou think we are safe here?	<voice type=question>\nМислиш, че сме в безопасност тук?	<voice type=question>\nVous croyez qu'on est en sécurité ici?	<voice type=question>\nДумаешь, мы здесь в безопасности?
Dialogues/joeFarmEnd6	<voice type=negation>\nI don't know if 'safe' applies to the contact of civilizations.\n<voice type=question>\nBut what's the worst that could happen?	<voice type=negation>\nНе знам дали „безопасно“ се отнася за контакта с цивилизациите.\n<voice type=question>\nНо какво може да се случи най-лошо?	<voice type=negation>\nJe ne sais pas si le mot 'sécurité' peut être appliqué au contact entre les civilisations.\n<voice type=question>\nMais quelle est la pire chose qui pourrait arriver?	<voice type=negation>\nНе уверен, что слово «безопасность» уместно при контакте с другой цивилизацией.\n<voice type=question>\nНо что может случиться?
Dialogues/prepFarmEnd7	<voice type=question>\nHmm. You could get abducted?	<voice type=question>\nХм. Може да те отвлекат?	<voice type=question>\nHum. Vous pourriez vous faire enlever?	<voice type=question>\nХм... тебя могут похитить?
Dialogues/joeFarmEnd8	<voice type=surprise>\nOh boy, when you say it like this, it makes me giddy to run in and let the green light take me!	<voice type=surprise>\nО, момче, когато го казваш така, ме кара да се вълнувам и да хукна да ме вземе зеленият лъч!	<voice type=surprise>\nOuh, quand vous dites ça comme ça, ça me donne envie de courir et de laisser le rayon vert m'emporter!	<voice type=surprise>\nБожечки, когда ты так говоришь, так и хочется выбежать под зеленый луч, чтобы он забрал меня!
Dialogues/prepFarmEnd9	<voice type=negation>\nPlease don't.\n<voice type=question>\nWe want to plant a bomb, remember?	<voice type=negation>\nМоля те, недей.\n<voice type=question>\nИскаме да заложим бомба, помниш ли?	<voice type=negation>\nNe faites pas ça, s'il vous plaît.\n<voice type=question>\nOn veut poser une bombe, vous vous souvenez?	<voice type=negation>\nПожалуйста, не надо.\n<voice type=question>\nМы ведь хотим заложить бомбу, помнишь?
Dialogues/joeFarmEnd10	<voice type=disappointment>\nRight, right.	<voice type=disappointment>\nДобре, добре.	<voice type=disappointment>\nC'est vrai, c'est vrai.	<voice type=disappointment>\nТочно, точно.
Dialogues/prepFarmEnd11	And don't worry, Will. \nThey only seem to be interested in animals.	И не се притеснявай, Уил. \nИзглежда, че се интересуват само от животни.	Et ne vous inquiétez pas, Will.\nIls semblent ne s'intéresser qu'aux animaux.	И не нужно так переживать, Уилл. \nИх, кажется, интересуют только животные.
Dialogues/willFarmEnd12	<voice type=question>\nBut they have abducted you, right?	<voice type=question>\nНо те те са откраднали, нали?	<voice type=question>\nMais ils vous ont enlevé, n'est-ce pas?	<voice type=question>\nНо они ведь утащили и тебя, разве нет?
Dialogues/joeFarmEnd13	<voice type=surprise>\nOh, look! It begins!	<voice type=surprise>\nО, погледни! Започва!	<voice type=surprise>\nOh, regardez! Ça commence!	<voice type=surprise>\nСмотрите! Начинается!
Dialogues/joeFarmEndSecond1	<voice type=laugh>\n...wow.\n<voice type=question>\nHave you guys seen this?	<voice type=laugh>\n…уау.\n<voice type=question>\nВидяхте ли това?	<voice type=laugh>\n...waouh.\n<voice type=question>\nVous avez vu ça?	<voice type=laugh>\n...ого.\n<voice type=question>\nВы это видели?
Dialogues/prepFarmEndSecond2	Yes, we have.	Да, имаме.	Oui.	Да, видели.
Dialogues/joeFarmEndSecond3	<voice type=thanks>\nThis is amazing!\n<voice type=thanks>\nI've waited for something like this all my life! \n<voice type=thanks>\nAll the secret readings, theories, testimonies, gossips - and finally I saw them with my own eyes!	<voice type=thanks>\nТова е невероятно!\n<voice type=thanks>\nЦели живот съм чакал нещо подобно! \n<voice type=thanks>\nВсички тайни данни, теории, свидетелства, слухове – и накрая ги видя с моите очи!	<voice type=thanks>\nIncroyable !\n<voice type=thanks>\nJ'ai attendu ça toute ma vie!\n<voice type=thanks>\nToutes ces lectures secrètes, ces théories, ces témoignages, ces commérages - et voilà que je les vois de mes propres yeux!	<voice type=thanks>\nПотрясающе!\n<voice type=thanks>\nЯ ждал этого всю свою жизнь!\n<voice type=thanks>\nВсе эти тайные писания, теории, свидетельства, сплетни – и вот я наконец увидел это собственными глазами!
Dialogues/prepFarmEndSecond4	<voice type=laugh>\nYou might be in for a few more treats, I seem to keep attracting weird stuff.	<voice type=laugh>\nМоже би те очакват още няколко изненади, изглежда привличам странни неща.	<voice type=laugh>\nIl va peut-être encore vous arriver de drôles de choses, j'ai l'impression de continuer à attirer les trucs bizarres.	<voice type=laugh>\nМожет, тебе повезет увидеть и еще что-нибудь, я прямо магнит для странностей.
Dialogues/willFarmEndSecond5	<voice type=question>\nPhew. So it's over? 	<voice type=question>\nУф. Значи свърши? 	<voice type=question>\nOuf. Alors c'est fini?	<voice type=question>\nФух. Все кончено?
Dialogues/msagentFarmEndSecond6	<voice type=negation>\nNo, I don't think so, citizens.	<voice type=negation>\nНе, не мисля, граждани.	<voice type=negation>\nNon citoyens, je ne crois pas, .	<voice type=negation>\nЯ так не думаю, граждане.
Dialogues/willFarmEndSecond7	<voice type=surprise>\nMs. Agent?! Why are you here?	<voice type=surprise>\nГ-жо Агент?! Защо си тук?	<voice type=surprise>\nMme l'agent?! Que faites-vous là?	<voice type=surprise>\nГоспожа агент? Что вы здесь делаете?
Dialogues/msagentFarmEndSecond8	<voice type=anger>\nI think you've made a terrible mistake.	<voice type=anger>\nМисля, че си направил ужасна грешка.	<voice type=anger>\nJe pense que vous avez fait une terrible erreur.	<voice type=anger>\nЯ думаю, вы совершили ужасную ошибку.
Dialogues/prepFarmEndSecond9	<voice type=order>\nBut... I only did what I was supposed to do! To protect this farm!	<voice type=order>\nНо... аз направих само това, което трябваше да направя! За да защитавам тази ферма!	<voice type=order>\nMais... j'ai seulement fait ce que j'étais censé faire! Pour protéger cette ferme!	<voice type=order>\nНо... я сделал то, что должен был! Чтобы защитить ферму!
Dialogues/prepFarmEndSecond10	<voice type=question>\nThis is my job here, right?	<voice type=question>\nТова е моята работа тук, нали?	<voice type=question>\nC'est mon travail ici, n'est-ce pas?	<voice type=question>\nЭто ведь моя работа, разве нет?
Dialogues/msagentFarmEndSecond11	<voice type=order>\nI'm afraid this will have consequences. Far-reaching ones, possibly.	<voice type=order>\nСтрахувам се, че това ще има последици. Далечни и сериозни, може би.	<voice type=order>\nJ'ai bien peur que cela ait des conséquences. D'importantes conséquences probablement..	<voice type=order>\nБоюсь, это будет иметь последствия. Вероятно, далекоидущие.
Dialogues/msagentFarmEndSecond12	<voice type=negation>\nBut no, don't be afraid, the Agency won't make you any trouble.\nYou didn't exactly follow all the regulations... but you were defending the farm indeed.\nAnd the Agency might be able to make use of the wreckage.	<voice type=negation>\nНо не, не се страхувай, Агенцията няма да ти направи никакви проблеми.\nНе следваше точно всички правила... но защитавах фермата, наистина.\nИ Агенцията може да използва и развалините.	<voice type=negation>\nMais non, n'ayez pas peur, l'Agence ne vous cherchera aucun problème. Vous n'avez pas suivi exactement tous les règlements... mais vous défendiez la ferme. Et l'Agence pourra peut-être utiliser l'épave.	<voice type=negation>\nНо не нужно бояться, Агентство не станет вас наказывать.\nХоть вы и не следовали указаниям... но действительно защищали ферму.\nА Агентство, возможно, еще вытащит что-то полезное из обломков.
Dialogues/willFarmEndSecond13	<voice type=question>\nSo... what consequences?\n<voice type=fear>\nWill I lose my farm?\n<voice type=disappointment>\nI didn't like it here at first, but... it kind of grew on me.\n<voice type=disappointment>\nThis is my home now.	<voice type=question>\nЗначи… какви са последствията?\n<voice type=fear>\nЩе загубя фермата си?\n<voice type=disappointment>\nПърво не ми хареса тук, но… започна да ми харесва.\n<voice type=disappointment>\nТова е моят дом сега.	<voice type=question>\nAlors... de quelles conséquences s'agit-il?\n<voice type=fear>\nJe vais perdre ma ferme?\n<voice type=disappointment>\nÇa ne me plaisait pas au début, mais... avec le temps je me suis habitué.\n<voice type=disappointment>\nC'est chez moi maintenant.	<voice type=question>\nТак... о каких последствиях идет речь?\n<voice type=fear>\nМеня лишат фермы?\n<voice type=disappointment>\nХоть мне здесь поначалу и не нравилось... я обжился.\n<voice type=disappointment>\nЭто мой дом.
Dialogues/msagentFarmEndSecond14	<voice type=negation>\nNo, Mr. Corso, you won't lose your post.\nAnd everything will be back to normal from tomorrow. \nThis night just simply never happened.	<voice type=negation>\nНе, г-н Корсо, няма да загубиш поста си.\nИ всичко ще се върне към нормалното от утре.\nТази нощ просто никога не се е случила.	<voice type=negation>\nNon, M. Corso, vous n'allez pas perdre votre poste. Et tout reviendra à la normale à partir de demain. Cette nuit n'a tout simplement jamais existé.	<voice type=negation>\nНет, мистер Корсо, мы не лишим вас поста.\nЗавтра все вернется на круги своя. \nА этой ночи – попросту не было.
Dialogues/msagentFarmEndSecond15	Tomorrow morning you will not remember any of this,\nso I can as well say this.\n<voice type=order>\nThey will be back.\nAnd whether they'll start a war or not, it will be bad for us.	Утре сутрин няма да си спомниш нищо от това,\nзатова мога и аз да кажа това.\n<voice type=order>\nТе ще се върнат.\nИ дали ще започнат война или не, ще е зле за нас.	Demain matin, vous ne vous souviendrez de rien de tout ça, alors je peux aussi bien vous dire ceci.\n<voice type=order>\nIls reviendront.\nEt qu'ils déclenchent ou non une guerre, ça sera mauvais pour nous.	Завтра утром вы ничего не вспомните, так что я могу сказать это.\n<voice type=order>\nОни вернутся.\nИ вне зависимости от того, начнут они войну или нет, нам придется туго.
Dialogues/msagentFarmEndSecond16	I believe they were protecting a fragile state of balance here on Earth...\nAnd now this balance is off, and the chain reaction might be starting just now.\n<voice type=laugh>\nOK, the show's over, gentlemen. Bzzzt!	Вярвам, че тук на Земята са защитавали хрупкаво състояние на баланс...\nИ сега този баланс е нарушен, и веричната реакция може да започне точно сега.\n<voice type=laugh>\nДобре, шоуто приключи, господа. Бззз!	Je crois qu'ils protégeaient un état d'équilibre fragile ici, sur Terre... Et maintenant, cet équilibre est rompu et les réactions en chaîne pourraient commencer tout de suite.\n<voice type=laugh>\nOK, le spectacle est terminé, messieurs. Bzzzt!	Я склоняюсь к тому, что они поддерживали и без того хрупкий баланс на планете.\r\nИ раз баланс нарушен, цепная реакция может начаться уже сейчас.\r\n<voice type=laugh>\r\nТак, шоу окончено, господа. Бз-з!
Dialogues/old-joeFarmEndSecond7	I bet it wasn't the only saucer flying around here.	Залагам, че не е бил единственият летящ поднос наоколо.	Je parie que ce n'était pas la seule soucoupe volante dans les environs.\n	Да, наверное, это был не единственный летающий тарелка в этом районе.\n
Dialogues/old-prepFarmEndSecond8	Yes, you might be right. We need more sustained protection.	Да, може би си прав. Имаме нужда от по-устойчива защита.	Oui, tu as peut-être raison. Nous avons besoin d'une protection plus soutenue.\n	Да, ты, возможно, прав. Нам нужна более устойчивая защита.\n
Dialogues/old-prepFarmEndSecond9	I will reinforce this barn. \nAfter I'm done with that, it should not be so easy to damage, like it was for this UFO. 	Ще укрепим този обор. \nСлед като приключа, няма да е толкова лесно да го повредят, както направи това НЛО.	Je vais renforcer cette grange.\nUne fois que j'aurai terminé, elle ne devrait pas être aussi facile à endommager, comme c'était le cas pour cet OVNI.\n	Я укреплю этот амбар.\nПосле того, как я закончу, его не будет так легко повредить, как было с этим НЛО.\n
Dialogues/old-willFarmEndSecond10	Thank you, Mr. Prepper. I don't know what I'd do without you!	Благодаря ти, г-н Препър. Не знам какво щях да правя без теб!	Merci, M. Prepper. Je ne sais pas ce que je ferais sans toi !\n	Спасибо, мистер Преппер. Не знаю, что бы я делал без тебя!\n
Dialogues/old-joeFarmEndSecond11	I'm happy you both let me experience that.\nIt was a blast.	Радвам се, че и двамата ми позволихте да изживея това.\nБеше страхотно.	Je suis content que vous m'ayez laissé vivre ça.\nC'était génial.\n	Я рад, что вы оба позволили мне это пережить.\nЭто было потрясающе.\n
Dialogues/prepFarmWakeUp1	<voice type=question>\nMmm... where am I?	<voice type=question>\nХмм... къде съм?	<voice type=question>\nMmm... où suis-je?	<voice type=question>\nМ-м... где я?
Dialogues/prepFarmWakeUp2	<voice type=acceptance>\nOh, okay, the farm. The farm... It looks safe. The animals are safe.	<voice type=acceptance>\nО, добре, фермата. Фермата... Изглежда безопасно. Животните са в безопасност.	<voice type=acceptance>\nAh, oui, la ferme. La ferme... Ça a l'air sûr. Les animaux sont en sécurité.	<voice type=acceptance>\nО, кажется, это ферма. Вроде... все в порядке. Животные целы.
Dialogues/prepFarmWakeUp3	<voice type=question>\nAnd I...	<voice type=question>\nИ аз...	<voice type=question>\nEt je...	<voice type=question>\nА я...
Dialogues/prepFarmWakeUp4	<voice type=surprise>\nWait! I have destroyed the UFO!	<voice type=surprise>\nЧакай! Унищожих НЛО-то!	<voice type=surprise>\nAttendez! J'ai détruit l'OVNI!	<voice type=surprise>\nПогодите-ка! Я уничтожил НЛО!
Dialogues/prepFarmWakeUp5	Ms. Agent... She was there too.	Г-жа Агент... Тя също беше там.	Mme l'agent... Elle était là aussi.	И агент... она здесь тоже была.
Dialogues/prepFarmWakeUp6	<voice type=disappointment>\nAh, things are blurry.\n<voice type=question>\nDid she say something... about a war? The world thrown off-balance? A chain reaction? Weird.	<voice type=disappointment>\nА, нещата са замъглени.\n<voice type=question>\nКаза ли нещо... за война? Светът извън равновесие? Верижна реакция? Странно.	<voice type=disappointment>\nAh, tout ça me parait flou.\n<voice type=question>\nElle n'a pas dit quelque chose... à propos d'une guerre? Le monde déséquilibré? Des réactions en chaîne? Bizarre.	<voice type=disappointment>\nОх, все как в тумане.\n<voice type=question>\nОна ведь сказала что-то... о войне? О нарушенном мировом балансе? Цепной реакции? Вот муть.
Dialogues/prepFarmWakeUp7	<voice type=acceptance>\nAlright, I'll better get back to prepping.	<voice type=acceptance>\nДобре, по-добре да се върна към подготовката.	<voice type=acceptance>\nBon, je ferais mieux de retourner à la préparation.	<voice type=acceptance>\nЛадно, нужно вернуться к выживанию.
Dialogues/prepGoatDesert1	<voice type=question>\nIt was an Agency's car. What's going on here?	<voice type=question>\nТова беше кола на Агенцията. Какво се случва тук?	<voice type=question>\nC'était une voiture de l'agence. Qu'est-ce qu'il se passe ici?	<voice type=question>\nМашина из Агентства? Что тут творится?
Dialogues/prepGoatDesert2	<voice type=disappointment>\nI'm losing signal...	<voice type=disappointment>\nГубя сигнала...	<voice type=disappointment>\nJe perds le signal...	<voice type=disappointment>\nСигнал нестабильный...
Dialogues/prepGoatDesert3	<voice type=upset>\nThere is no way to save this one.	<voice type=upset>\nНяма начин да спасиш този.	<voice type=upset>\nCelle-là, on ne peut pas la sauver	<voice type=upset>\nТут уже ничем не поможешь.
Dialogues/prepGoatDesert4	<voice type=surprise>\nWhat the...?!	<voice type=surprise>\nКакво...?!	<voice type=surprise>\nQu'est-ce que... ?!	<voice type=surprise>\nКакого?!..
Dialogues/prepGoatDesert5	<voice type=greeting>\nOh, hello. How did you manage to escape?	<voice type=greeting>\nО, здравей. Как успя да избягаш?	<voice type=greeting>\nOh, salut. Comment tu as réussi à t'échapper?	<voice type=greeting>\nО, привет. Как тебе удалось выбраться?
Dialogues/prepGoatDesert6	I'd better grab it and get out of here quickly. They might come back.	По-добре да го взема и да се махам бързо оттук. Може да се върнат.	Je ferais mieux de l'attraper et de sortir d'ici le plus vite possible. Ils pourraient revenir.	Надо бы прихватить это с собой и сваливать. Они могут сюда вернуться.
Dialogues/prepInUFOShip1	<voice type=surprise>\nOoooh--?!	<voice type=surprise>\nОоооо--?!	<voice type=surprise>\nOoooh-- ?!	<voice type=surprise>\nА-а-а?!..
Dialogues/prepInUFOShip2	<voice type=question>\nWhat? What is this place?	<voice type=question>\nКакво? Какво е това място?	<voice type=question> \nQuoi? Qu'est ce que c'est que cet endroit?	<voice type=question>\nЧто? Где это я?
Dialogues/prepInUFOShip3	<voice type=anger>\nGet off me!	<voice type=anger>\nСвали се от мен!	<voice type=anger>\nLâchez-moi!	<voice type=anger>\nОтвали!
Dialogues/prepUFOEscape	<voice type=thanks>\nYes! Here we go!	<voice type=thanks>\nДа! Започваме!	<voice type=thanks>\nOui, bien sûr! C'est parti!	<voice type=thanks>\nДа! Отлично!
Dialogues/alien1rand1	specimen awake and active	проба е будна и активна	spécimen éveillé et actif	объекты проснулись и готовы действовать
Dialogues/alien1rand2	high intelligence and determination	висока интелигентност и решителност	haut niveau d'intelligence et de détermination	высокий интеллект и целеустремленность
Dialogues/alien1rand3	specimen seeks to escape	екземпляр иска да избяга	le spécimen cherche à s'échapper	объекты пытаются сбежать
Dialogues/alien2rand1	i hate this planet	омразата ми към тази планета е огромна	je déteste cette planète	ненавижу эту планету
Dialogues/alien2rand2	mission in danger	мисия в опасност	mission en danger	миссия под угрозой срыва
Dialogues/alien2rand3	very intelligent for an earthling	много умен за землянин	très intelligent pour un terrien	очень умно для землянина
Dialogues/alien3rand1	i miss our last mission on alpha centauri	Липсва ми последната ни мисия на Алфа Кентавър.	je rate notre dernière mission sur alpha centauri	миссия на альфе центавра была куда лучше
Dialogues/alien3rand2	what is happening	Какво става?	qu'est-ce qu'il se passe	что происходит
Dialogues/alien3rand3	earthling escaping	земянин бягащ	terrien qui s'échappe	землянин убегает
Dialogues/prepNoticeAlien1	<voice type=question>\nWhat... what is this?	<voice type=question>\nКакво... какво е това?	<voice type=question>\nQuoi... qu'est-ce que c'est?	<voice type=question>\nЧто... Что это?
Dialogues/prepNoticeAlien2	<voice type=disappointment>\nMy head hurts.\n<voice type=question>\nWhat did they do to me?	<voice type=disappointment>\nГлава ми болка.\n<voice type=question>\nКакво ми направиха?	<voice type=disappointment>\nJ'ai mal à la tête.\n<voice type=question>\nQu'est-ce qu'ils m'ont fait ?	<voice type=disappointment>\nГолова трещит.\n<voice type=question>\nЧто они со мной сделали?
Dialogues/prepNoticeAlien3	<voice type=order>\nOK, let's not think about it.\n<voice type=order>\nLet's just ignore it.\n<voice type=order>\nNeed to get out of here.\n<voice type=order>\nFast.	<voice type=order>\nДобре, да не мислим повече за това.\n<voice type=order>\nДа го игнорираме.\n<voice type=order>\nТрябва да излезем оттук.\n<voice type=order>\nБързо.	<voice type=order>\nOK, n'y pensons pas.\n<voice type=order>\nIgnorons.\n<voice type=order>\nJe dois sortir d'ici.\n<voice type=order>\nEt vite.	<voice type=order>\r\nЛучше об этом не думать.\r\n<voice type=order>\r\nЗабыли.\r\n<voice type=order>\r\nНадо отсюда выбираться.\r\n<voice type=order>\r\nИ побыстрее.
Dialogues/willGoat1Name	<voice type=greeting>\nStevie!	<voice type=greeting>\nСтиви!	<voice type=greeting>\nStevie!	<voice type=greeting>\nСтиви!
Dialogues/willGoat2Name	<voice type=greeting>\nAngelo!	<voice type=greeting>\nАнджело!	<voice type=greeting>\nAngelo!	<voice type=greeting>\nАнджело!
Dialogues/willChicken1Name	<voice type=greeting>\nEartha!	<voice type=greeting>\nЗемя!	<voice type=greeting>\nEartha!	<voice type=greeting>\nЭрта!
Dialogues/willChicken2Name	<voice type=greeting>\nGloria!	<voice type=greeting>\nГлория!	<voice type=greeting>\nGloria!	<voice type=greeting>\nГлория!
Dialogues/willChicken3Name	<voice type=greeting>\nAdele!	<voice type=greeting>\nАдел!	<voice type=greeting>\nAdèle!	<voice type=greeting>\nАдель!
Dialogues/willThxResqueRand1	<voice type=thanks>\nThank you!	<voice type=thanks>\nБлагодаря!	<voice type=thanks>\nMerci!	<voice type=thanks>\nСпасибо!
Dialogues/willThxResqueRand2	<voice type=thanks>\nI knew I can count on you, Mr. Prepper!	<voice type=thanks>\nЗнаех, че мога да се разчита на теб, г-н Препър!	<voice type=thanks>\nJe savais que je pouvais compter sur toi, Mr. Prepper!	<voice type=thanks>\nНа тебя всегда можно положиться, мистер Выживальщик!
Dialogues/willThxResqueRand3	<voice type=thanks>\nThanks a lot!	<voice type=thanks>\nМного благодаря!	<voice type=thanks>\nMerci beaucoup!	<voice type=thanks>\nБольшое спасибо!
Dialogues/willGoat1Talk1	Now you can get back to quarreling with your friends, you magnificent beast.	Сега можеш да се върнеш към караниците с приятелите си, ти величествено чудовище.	Tu peux recommencer à te disputer avec tes copines maintenant, ma belle.	Можешь снова идти ссориться с друзьями, прекрасное ты чудовище.
Dialogues/willGoat2Talk1	<voice type=order>\nYour family missed you!	<voice type=order>\nСемейството ти е скучало без теб!	<voice type=order>\nTu as manqué à ta famille!	<voice type=order>\nРодные по тебе скучали!
Dialogues/willChicken1Talk1	<voice type=acceptance>\nGood to see you back! Stylish as always.	<voice type=acceptance>\nРадвам се да те видя отново! Всеки път стилен.	<voice type=acceptance>\nContent de te revoir! Élégant, comme toujours.	<voice type=acceptance>\nРад тебя снова видеть! Ты, как всегда, красотка.
Dialogues/willChicken2Talk1	<voice type=upset>\nI was afraid for you, I was petrified! Welcome back.	<voice type=upset>\nБях притеснен за теб, беше ми страшно! Добре дошъл обратно.	<voice type=upset>\nJ'avais peur pour toi, j'étais pétrifié! Content de te revoir.	<voice type=upset>\nЯ боялся за тебя, места себе не находил! Добро пожаловать домой.
Dialogues/willChicken3Talk1	<voice type=question>\nHello, how are you?	<voice type=question>\nЗдравей, как си?	<voice type=question>\nBonjour, comment ça va?	<voice type=question>\nПривет. Как у нас дела?
Dialogues/willTakeThemBackSingle	I will take it back to the others.	Ще го върна на другите.	Je vais le remettre avec les autres.	Заберу к остальным.
Dialogues/willTakeThemBackMultiple	I will take them back to the others.	Ще ги върна на другите.	Je vais les remettre avec les autres.	Заберу их к остальным.
Dialogues/willDogeTreat1	Mr. Prepper, give Xeno those treats from me.	Господин Препър, дай на Ксено тези лакомства от мен.	M. Prepper, donne à Xeno ces friandises de ma part.	Передай Ксено вкусняшки от меня, мистер Выживальщик.
Dialogues/willDogeTreat2	He loves that stuff even more than rat meat.\nIt's made according to my own secret recipe.	Той обожава това дори повече от плъхове.\nНаправено е по моя тайна рецепта.	Il aime ça encore plus que la viande de rat. C'est préparé selon ma propre recette secrète.	Они ему нравятся даже больше крысиного мяса.\nПо моему особому рецепту сделаны.
Dialogues/prepGoatEscapeRand1	<voice type=order>\nWait!	<voice type=order>\nЧакай!	<voice type=order>\nAttends!	<voice type=order>\nСтоять!
Dialogues/prepGoatEscapeRand2	<voice type=order>\nCome back here!	<voice type=order>\nВърни се тук!	<voice type=order>\nReviens ici!	<voice type=order>\nА ну вернись!
Dialogues/prepGoatForest1	<voice type=surprise>\nHere it is! One of the goats from the farm.	<voice type=surprise>\nЕто го! Едно от козните от фермата.	<voice type=surprise>\nElle est là! Une des chèvres de la ferme.	<voice type=surprise>\nКоза с фермы! Вот она где.
Dialogues/prepGoatForest2	<voice type=question>\nIt's acting weird.\n<voice type=question>\nIs it in pain?	<voice type=question>\nТова се държи странно\n<voice type=question>\nИма ли болка?	<voice type=question>\nElle se comporte bizarrement.\n<voice type=question>\nElle a mal quelque part?	<voice type=question>\nВедет себя странно.\n<voice type=question>\nМожет, ей больно?
Dialogues/prepGoatForest3	Looks like it's fighting something.	Изглежда, че се бие с нещо.	On dirait qu'elle se bat contre quelque chose.	Кажется, она с кем-то дерется.
Dialogues/prepGoatForest4	<voice type=acceptance>\nOkay... Looks like it has finally calmed down.	<voice type=acceptance>\nДобре... Изглежда, че накрая се успокои.	<voice type=acceptance>\nBon... On dirait que ça s'est calmé.	<voice type=acceptance>\nХорошо... Кажется, наконец успокоилась.
Dialogues/prepGoatForest5	Come on, buddy, I will take you back home.	Хайде, приятелю, ще те върна у дома.	Allez viens, ma belle, je te ramène à la maison.	Идем, подруга, отведу тебя домой.
Dialogues/prepMineChicken1	<voice type=greeting>\nOh, hey, Bob.	<voice type=greeting>\nО, здравей, Боб.	<voice type=greeting>\nOh, hé, Bob.	<voice type=greeting>\nПривет, Боб.
Dialogues/prepMineChicken2	<voice type=question>\nI see you got a situation here?	<voice type=question>\nВиждам, че имаш ситуация тук?	<voice type=question>\nJe vois que vous avez un problème ici?	<voice type=question>\nСмотрю, у тебя тут проблемка?
Dialogues/bobMineChicken3	<voice type=upset>\nYes, this chicken is driving me crazy. \nIt just appeared out of nowhere a couple of days ago.\n<voice type=disappointment>\nAnd it is so nimble I can't catch it.	<voice type=upset>\nДа, тази кокошка ме побърква. \nПросто се появи от нищото преди няколко дни.\n<voice type=disappointment>\nИ е толкова пъргаво, че не мога да го хвана.	<voice type=upset>\nOui, cette poule me rend fou. Elle est arrivée de nulle part il y a quelques jours.\n<voice type=disappointment>\nEt elle est tellement agile que je n'arrive pas à l'attraper.	<voice type=upset>\nДа, эта курица меня с ума сводит.\nОбъявилась тут пару дней назад непонятно откуда.\n<voice type=disappointment>\nЕще и такая шустрая, мне за ней не угнаться.
Dialogues/bobMineChicken4	This band on its leg produces a weird sound.\n<voice type=negation>\nI've been worrying it was some sort of transmitter, and I don't want our hideout to be compromised.\n<voice type=fear>\nIs this chicken sent by the government?!	Тази лента на крака издава странен звук.\n<voice type=negation>\nБеше си притеснявал, че е някакъв излъчвател, и не искам нашето убежище да бъде компрометирано.\n<voice type=fear>\nТова изпратило от правителството ли е това пиле?!	Ce bracelet sur sa patte émet un son bizarre.\n<voice type=negation>\nJ'ai commencé à avoir peur qu'il ne s'agisse d'une sorte d'émetteur, je ne voudrais pas compromettre notre cachette.\n<voice type=fear>\nEst-ce que cette poule est envoyée par le gouvernement?!	И это кольцо у нее на лапе издает странные звуки.\n<voice type=negation>\nБоюсь, это какой-то передатчик, а я не хочу, чтобы кто-то узнал о нашем убежище.\n<voice type=fear>\nЭту курицу правительство сюда заслало?!
Dialogues/bobMineChicken5	<voice type=question>\nHaha, no, that would be crazy, right?	<voice type=question>\nХаха, не, това би било лудо, нали?	<voice type=question>\nHaha, non, ça serait fou, non ?	<voice type=question>\nХа-ха, нет, это уж совсем дико, да?
Dialogues/prepMineChicken6	Don't worry, Bob, I will handle this. \n<voice type=laugh>\nI'm suprisingly good with animals, as it turned out.	Не се притеснявай, Боб, аз ще се погрижа за това. \n<voice type=laugh>\nИзглежда, че съм изненадващо добър с животните.	Ne vous inquiétez pas, Bob, je m'en occupe.\n<voice type=laugh>\nIl s'avère en fait que je suis étonnamment doué avec les animaux	Не волнуйся, Боб, я со всем разберусь.\n<voice type=laugh>\nКак выяснилось, я на удивление неплохо лажу с животными.
Dialogues/prepGrabChicken1	That went well.	Това мина добре.	Ça s'est bien passé.	Неплохо вышло.
Dialogues/prepGrabChicken2	I should bring it back to Will.	Трябва да го върна на Уил.	Je devrais la rapporter à Will.	Надо вернуть ее Уиллу.
Dialogues/bobMineChickenCought1	<voice type=thanks>\nThank you, Prepper, you made it look so easy.	<voice type=thanks>\nБлагодаря, препър, направи го толкова лесно.	<voice type=thanks>\nMerci, Prepper, on aurait dit que tu avais fait ça toute ta vie.	<voice type=thanks>\nСпасибо, Выживальщик. Все-то у тебя получается.
Dialogues/prepMineChickenCought2	I've gained some experience with animals thanks to a work order from our favorite Agency.\n<voice type=question>\nBy the way, how did this chicken get in here?	Натрупахме някакъв опит с животните благодарение на работа от нашите любими Агенции.\n<voice type=question>\nКстати, как е попаднал този пиле тук?	J'ai acquis de l'expérience avec les animaux grâce à un ordre de travail de notre chère Agence. \n<voice type=question>\nAu fait, comment cette poule est-elle arrivée ici?	Это все наряд на работу от нашего дорогого Агентства: благодаря ему я поднаторел в обращении с животными.\n<voice type=question>\nА кстати, как куры вообще здесь оказались?
Dialogues/bobMineChickenCought3	This is a great question.\nIt just suddenly appeared here, it seems.	Това е страхотен въпрос.\nТой просто изведнъж се появи тук, изглежда.	C'est une excellente question. Elle est tout simplement apparue ici.	Вопрос хороший.\nКажется, просто появились откуда ни возьмись.
Dialogues/bobMineChickenCought4	<voice type=disappointment>\nAnd... I don't want to sound crazy, Prepper.\nBut shortly before, I saw something flying in the night sky. \nIt is producing green and blue lights, but didn't look like a plane. \n<voice type=question>\nIs the Agency up to something again?	<voice type=disappointment>\nИ... не искам да звуча луд, препър.\nНо преди малко виждах нещо, което летеше в нощното небе.\nИзпускаше зелени и сини светлини, но не приличаше на самолет.\n<voice type=question>\nКъм нещо се занимава Агенцията отново?	<voice type=disappointment>\nEt... Je ne voudrais pas passer pour un fou, Prepper. Mais juste avant, j'ai vu quelque chose voler dans le ciel noir. Quelque chose qui émettait des lumières vertes et bleues, mais qui ne ressemblait pas à un avion.\n<voice type=question>\nL'Agence mijote-t-elle encore quelque chose?	<voice type=disappointment>\nИ... Не подумай, что я сбрендил, Выживальщик.\nНо незадолго до этого я видел, как что-то летит по ночному небу.\nОно светилось зелеными и синими огнями, но это был не самолет.\n<voice type=question>\nВ Агентстве снова что-то затевают?
Dialogues/prepMineChickenCought5	Odd! I don't know what to make of it.	Странно! Не знам какво да правя с това.	Bizarre! Je ne sais pas quoi penser.	Ну и ну! Даже не знаю, что бы это могло значить.
Dialogues/prepMazeChickens1	<voice type=laugh>\nJackpot, 2 for one. 	<voice type=laugh>\nДжакпот, две за едно. 	<voice type=laugh>\nJackpot, 2 pour un.	<voice type=laugh>\nДжекпот, два к одному.
Dialogues/prepMazeChickens2	<voice type=question>\nAnd what's that? Doesn't really look like a kids' attraction.\n<voice type=disappointment>\nThis mark. Looks familiar...	<voice type=question>\nИ какво е това? Не изглежда много като детска забава\n<voice type=disappointment>\nТози знак. Изглежда ми познат...	<voice type=question>\nEt ça, qu'est-ce que c'est? Ça ne ressemble pas vraiment à une attraction pour enfants.\n<voice type=disappointment>\nCette marque. Ça me parait familier...	<voice type=question>\nИ что тут? На детский аттракцион не похоже.\n<voice type=disappointment>\nЭтот знак. Кажется, я его уже видел...
Dialogues/antenaSignalFromSpace1	YOU ARE IN GRAVE DANGER\nPLEASE COOPERATE\nLAY DOWN YOUR ARMS	ТИ СИ В ОПАСНОСТ\nМОЛЯ, СЪДЕЙСТВАЙ\nОПРОВЕРГАЙ ОРЪЖИЕТО СИ	VOUS ÊTES EN GRAVE DANGER,\nVEUILLEZ COOPÉRER \nDÉPOSEZ VOS ARMES	ВЫ В СМЕРТЕЛЬНОЙ ОПАСНОСТИ\nПОЖАЛУЙСТА, НЕ СОПРОТИВЛЯЙТЕСЬ\nСЛОЖИТЕ ОРУЖИЕ
Dialogues/prepSignalFromSpace2	<voice type=anger>\nAh...! Terrible noise! And what is it, a threat?	<voice type=anger>\nАх...! Страшен шум! И какво е това, заплаха?	<voice type=anger>\nAh... ! Quel bruit terrible! Et ça c'est quoi, une menace?	<voice type=anger>\nА!.. Какой ужасный шум! И что это вообще, угрозы?
Dialogues/prepMazeChickens3	It's alright now, I will bring you two back to Will. 	Всичко е наред, ще донеса и двамата обратно на Уил.	Tout va bien maintenant, je vais vous ramener toutes les deux à Will.	Все хорошо, я верну вас обеих Уиллу.
Dialogues/prepAllAnimalsFound1	<voice type=thanks>\nAll of them. The family is together again!	<voice type=thanks>\nВсички. Семейството отново е заедно!	<voice type=thanks>\nTout le monde est là. La famille est à nouveau réunie!	<voice type=thanks>\nЭто последние. Теперь вся семья снова вместе!
Dialogues/prepAllAnimalsFound2	Now it's time to talk with Will.	Сега е време да говориш с Уил.	Il est maintenant temps de parler avec Will.	Пора поболтать с Уиллом.
Dialogues/prepDogPetRand1	<voice type=question>\nWho's a good boy?	<voice type=question>\nКой е добър момче?	<voice type=question>\nC'est qui le gentil toutou?	<voice type=question>\nКто у нас хороший мальчик?
Dialogues/prepDogPetRand2	<voice type=acceptance>\nYou're a good boy!	<voice type=acceptance>\nТи си добро момче!	<voice type=acceptance>\nTu es un gentil toutou!	<voice type=acceptance>\nТы хороший мальчик!
Dialogues/prepDogPetRand3	You're very brave to put up with all the stuff that's going around here.	Ти си много смел, че издържаш на всичко това, което се случва наоколо.	Tu es bien courageux pour supporter tout ce qui se passe ici.	Тут столько всего происходит, а ты так храбро держишься.
Dialogues/prepAllAnimalsResqued1	<voice type=acceptance>\nSo all the missing animals are back. Mission completed!	<voice type=acceptance>\nТака че всички изчезнали животни са се върнали. Мисията е изпълнена!	<voice type=acceptance>\nBon, tous les animaux disparus sont de retour. Mission accomplie!	<voice type=acceptance>\nНу все, все пропавшие животные на месте. Миссия выполнена!
Dialogues/willAllAnimalsResqued2	<voice type=negation>\nHmm? Oh no, of course not. I had a lot more. 	<voice type=negation>\nХмм? О, не, разбира се, че не. Имах много повече. 	<voice type=negation>\nHumm? Oh non, pas du tout. J'en avais beaucoup plus.	<voice type=negation>\nХм-м? Нет-нет, ты что. У меня было гораздо больше.
Dialogues/willAllAnimalsResqued3	<voice type=disappointment>\nBut they were disappearing back then, before you came here.\n<voice type=disappointment>\nIf you haven't encountered them... I think they are already gone.	<voice type=disappointment>\nНо те изчезваха преди, преди да дойдеш тук.\n<voice type=disappointment>\nАко не си ги срещал... мисля, че вече са си отишли.	<voice type=disappointment>\nMais ils ont disparu il y a longtemps, avant que tu n'arrives ici.\n<voice type=disappointment>\nSi tu ne les as pas rencontrés... Je pense qu'ils ont déjà disparu.	<voice type=disappointment>\nНо они исчезали и раньше, до твоего появления.\n<voice type=disappointment>\nЕсли ты их не нашел... значит, они сгинули.
Dialogues/willAllAnimalsResqued4	<voice type=thanks>\nAnyway, thank you for bringing the animals back to me! \n<voice type=anger>\nI hope the problems are over. I'm fed up with both the Agency and the aliens or whatever.	<voice type=thanks>\nВсе пак, благодаря ти, че върна животните на мен! \n<voice type=anger>\nНадявам се проблемите да са свършили. Омръзна ми и на Агенцията, и на извънземните или каквото и да е.	<voice type=thanks>\nEn tous cas, merci de m'avoir ramené les animaux!\n<voice type=anger>\nJ'espère que les problèmes sont réglés. J'en ai marre et de l'Agence et des extraterrestres ou qui que ce soit d'autre.	<voice type=thanks>\nНу что ж, спасибо, что вернул мне животных!\n<voice type=anger>\nНадеюсь, проблем больше не будет. Меня уже достали и агенты, и пришельцы – или кто они там.
Dialogues/willAllAnimalsResqued5	<voice type=question>\nBy the way, how is Xeno doing? \n<voice type=question>\nDo you get along well?	<voice type=question>\nМежду другото, как е Ксено? \n<voice type=question>\nДобре ли се разбирате?	<voice type=question>\nAu fait, comment va Xeno?\n<voice type=question>\nVous vous entendez bien?	<voice type=question>\nКстати, как там Ксено поживает?\n<voice type=question>\nВы подружились?
Dialogues/prepAllAnimalsResqued6	Yes, he's a good dog.	Да, той е добро куче.	Oui, c'est un bon chien.	Да, он хороший пес.
Dialogues/willAllAnimalsResqued7	<voice type=thanks>\nGood, I'm glad.\nMr. Prepper. Here, take a look.\nThis is how I make his favorite treats.	<voice type=thanks>\nДобре, се радвам.\nГ-р Препър. Ето, погледни.\nТака го правя с любимите му лакомства.	<voice type=thanks>\nBon, je suis bien content. Mr Prepper. Tiens, regarde. C'est comme ça que je prépare ses friandises préférées.	<voice type=thanks>\nОтлично, я рад.\nВзгляни-ка, мистер Выживальщик.\nВот как я делаю его любимые вкусняшки.
Dialogues/prepAllAnimalsResqued8	Mhm, the secret ingredient is rat meat.\n<voice type=disappointment>\nI should have guessed.	Мхм, тайната съставка е месо от щегол.\n<voice type=disappointment>\nТрябваше да го догадая.	Mhm, l'ingrédient secret, c'est la viande de rat. \n<voice type=disappointment>\nJ'aurais dû m'en douter.	Ага, так секретный ингредиент – крысиное мясо.\n<voice type=disappointment>\nМог бы и сам догадаться.
Dialogues/willAllAnimalsResqued9	Just don't spoil him too much, Mr. Prepper.	Не го глези прекалено, препър.	Ne le gâte pas trop, M. Prepper.	Только не слишком его балуй, мистер Выживальщик.
Dialogues/prepAllAnimalsResqued10	Sure thing.	Разбира се.	Bien sûr.	Конечно.
Dialogues/willDogeReward1	<voice type=question>\nUhm, Mr. Prepper?	<voice type=question>\nХм, господин Препър?	<voice type=question>\nHuum, M. Prepper ?	<voice type=question>\nЭм, мистер Выживальщик?
Dialogues/prepDogeReward2	I'm here.	Тук съм.	Oui.	Я тут.
Dialogues/willDogeReward3	<voice type=order>\nI have made a decision.	<voice type=order>\nВзерих решение.	<voice type=order>\nJ'ai pris une décision.	<voice type=order>\nЯ принял решение.
Dialogues/prepDogeReward4	<voice type=question>\nWhat decision?	<voice type=question>\nКаква решение?	<voice type=question>\nLaquelle?	<voice type=question>\nКакое?
Dialogues/willDogeReward5	<voice type=disappointment>\nSee... you know, my dog Xeno is here illegally.\n<voice type=upset>\nYou know the Agency is weird about dogs.	<voice type=disappointment>\nВиждаш... знаеш, моят куче Xeno е тук незаконно.\n<voice type=upset>\nЗнаеш, Агенцията е странна относно кучета.	<voice type=disappointment>\nÉcoute... tu sais, mon chien Xeno est ici de manière illégale.\n<voice type=upset>\nTu sais que l'Agence est bizarre avec les chiens.	<voice type=disappointment>\nВидишь ли... понимаешь, мой пес Ксено живет тут незаконно.\n<voice type=upset>\nСам знаешь, у Агентства свои заморочки насчет собак.
Dialogues/willDogeReward6	And I've heard from some folks that you have... \nA small illegal project on your own in your house.\n<voice type=question>\nSo you're more... used to this kind of stuff?	И чух от някои хора, че имаш... \nмалък нелегален проект сам в къщата си.\n<voice type=question>\nЗначи си по-… свикнал с такива неща?	Et j'ai entendu dire par certaines personnes que tu avais... Un petit projet illégal dans ta maison.\n<voice type=question>\nAlors tu es plus... habitué à ce genre de choses?	А я тут слышал кое от кого, что у тебя в доме тоже...\nнебольшой незаконный проект.\n<voice type=question>\nТак что ты лучше... знаешь, как это все делается?
Dialogues/prepDogeReward7	<voice type=surprise>\nWhat folks?!	<voice type=surprise>\nКакво става?!	<voice type=surprise>\nQuelles personnes?!	<voice type=surprise>\nОт кого ты это слышал?!
Dialogues/willDogeReward8	<voice type=negation>\nOh, don't think about that too much.	<voice type=negation>\nО, не мисли много за това.	<voice type=negation>\nOh, n'y pense pas trop.	<voice type=negation>\nОй, да не бери в голову.
Dialogues/prepDogeReward9	<voice type=disappointment>\n...		<voice type=disappointment>\n…	<voice type=disappointment>\n...
Dialogues/willDogeReward10	<voice type=question>\nSo what do you think? Xeno would be a lot safer with you.	<voice type=question>\nТака че какво мислиш? Ксено ще е много по-безопасно с теб.	<voice type=question>\nAlors, qu'en penses-tu? Xeno serait beaucoup plus en sécurité avec toi.	<voice type=question>\nНу, что думаешь? Ксено с тобой было бы гораздо безопаснее.
Dialogues/willDogeReward11	<voice type=anger>\nI can't imagine him getting taken by the Agency one day.\n<voice type=upset>\nIt would break my heart.	<voice type=anger>\nНе мога да си представя че някой ден да го вземе Агенцията.\n<voice type=upset>\nЩе ми счупи сърцето.	<voice type=anger>\nPenser qu'il pourrait se faire attrapper par l'Agence un jour.\n<voice type=upset>\nÇa me brise le cœur.	<voice type=anger>\nИ думать не хочу, что его могут просто взять и забрать в Агентство.\n<voice type=upset>\nЭто бы разбило мне сердце.
Dialogues/willDogeReward12	<voice type=question>\nMr. Prepper, can you take care of him for me? \nI see that he likes you.	<voice type=question>\nГосподин Препър, можеш ли да се погрижиш за него вместо мен? \nВиждам, че ти харесва.	<voice type=question>\nM. Prepper, tu peux t'occuper de lui à ma place? Je vois qu'il t'aime bien.	<voice type=question>\nМистер Выживальщик, позаботишься о нем вместо меня?\nТы ему нравишься, я вижу.
Dialogues/willDogeReward13	<voice type=upset>\nJust visit me from time to time, Xeno.	<voice type=upset>\nПосети ме от време на време, Xeno.	<voice type=upset>\nRends-moi visite de temps en temps, Xeno.	<voice type=upset>\nТолько навещай меня иногда, Ксено.
Dialogues/willDogeReward14	In this book you will find everything you need to take care of him.	В тази книга ще намериш всичко необходимо, за да се грижиш за него.	Dans ce livre, tu trouveras tout ce dont tu as besoin pour prendre soin de lui.	В этой книге – все что нужно, чтобы о нем позаботиться.
Dialogues/prepDogeReward15	Xeno will be safe with me, I promise.\n<voice type=thanks>\nThank you for entrusting him to me.\n<voice type=acceptance>\nI'm sure he will be a great help.	Xeno ще е в безопасност с мен, обещавам.\n<voice type=thanks>\nБлагодаря, че ми го довери.\n<voice type=acceptance>\nСигурен съм, че ще бъде голяма помощ.	Xeno sera en sécurité avec moi, je vous le promets.\n<voice type=thanks>\nMerci de me le confier.\n<voice type=acceptance>\nJe suis sûr qu'il me sera d'une grande aide.	Я Ксено в обиду не дам, обещаю.\n<voice type=thanks>\nСпасибо, что доверил его мне.\n<voice type=acceptance>\nУверен, он мне очень поможет.
Dialogues/prepperFIdleRand1	What a quiet day.	Колко тихо е днес.	Quelle journée calme.	Какой тихий денек.
Dialogues/prepperFIdleRand2	<voice type=laugh>\nBaby shark, do do do...\n<voice type=disappointment>\nah, damn, it's the worst of earworms.	<voice type=laugh>\nБебеш акула, ду ду ду...\n<voice type=disappointment>\nАх, доц, най-лошият е този песен в главата.	<voice type=laugh>\nLes petits poissons dans l'eauuu...\n<voice type=disappointment>\nah, zut, c'est le pire des vers d'oreille.	<voice type=laugh>\nBaby shark, do do do...\n<voice type=disappointment>\nвот черт, теперь не отвяжешься от нее.
Dialogues/prepperFIdleRand3	Give man a fish, you'll feed him for a day.\nTeach a man to fish, and he'll soon establish a fishing industry and destroy the ecosystem.	Дай на човека риба и ще го нахраниш за един ден.\nНаучи един човек да лови риба и той скоро ще създаде риболовна индустрия и ще унищожи екосистемата.	Donnez un poisson à un homme, vous le nourrissez pour la journée. Apprenez-lui à pêcher, il développera bientôt une industrie de la pêche et détruira l'écosystème.	Дай человеку рыбу, и он будет сыт один день.\nНаучи человека рыбачить, и он скоро откроет рыбное хозяйство и разрушит экосистему.
Dialogues/prepperFIdleRand4	Not much happening. I guess those scoundrels from the Agency don't even stock fish in here.	Не се случва много. Предполагам, че тези негодници от Агенцията дори не зареждат риба тук.	Il ne se passe pas grand chose. Je suppose que ces pourritures de l'Agence ne stockent pas de poisson ici.	Ничего. Думаю, эти пройдохи из Агентства даже не разводят тут рыб.
Dialogues/prepperFIdleRand5	<voice type=disappointment>\nNot the most exciting day of fishing.	<voice type=disappointment>\nНе е най-вълнуващият ден за риболов.	<voice type=disappointment>\nCe n'est pas la plus passionnante des journées de pêche.	<voice type=disappointment>\nНе самый рыбный день.
Dialogues/prepperFIdleRand6	<voice type=question>\nWhat's that smell...? Ah, nevermind, I'm sure this lake is very clean.	<voice type=question>\nКакво е това миризма...? А, нищо, сигурен съм, че това езеро е много чисто.	<voice type=question>\nC'est quoi cette odeur... ? Ah, tant pis, je suis sûr que ce lac est très propre.	<voice type=question>\nЧто за запах такой?.. А, неважно. Уверен, что озеро чистое.
Dialogues/prepperFCatchRand1	<voice type=surprise>\nOooh... I got something!	<voice type=surprise>\nОоо... Намерих нещо!	<voice type=surprise>\nOooh... Ça mord!	<voice type=surprise>\nУ-у-у... Я что-то поймал!
Dialogues/prepperFCatchRand2	<voice type=surprise>\nGotcha!	<voice type=surprise>\nУлових те!	<voice type=surprise>\nJe t'ai eu!	<voice type=surprise>\nПоймал!
Dialogues/prepperFCatchRand3	<voice type=surprise>\nCome to me!	<voice type=surprise>\nЕла при мен!	<voice type=surprise>\nViens là!	<voice type=surprise>\nВылезай!
Dialogues/prepperFCatchItemRand1	<voice type=disappointment>\nAww... Just trash.	<voice type=disappointment>\nУф... Само боклуци.	<voice type=disappointment>\nAh... C'est juste un déchet.	<voice type=disappointment>\nУф... Просто мусор.
Dialogues/prepperFCatchItemRand2	<voice type=disappointment>\nNothing.	<voice type=disappointment>\nНищо.	<voice type=disappointment>\nRien.	<voice type=disappointment>\nНичего.
Dialogues/prepperFCatchItemRand3	<voice type=disappointment>\nEhh... Come on!	<voice type=disappointment>\nЕх... Хайде!	<voice type=disappointment>\nEhh... Allez!	<voice type=disappointment>\nЭх... Ну серьезно!
Dialogues/prepperFLoseMinigameRand1	<voice type=upset>\nAlmost!	<voice type=upset>\nПочти!	<voice type=upset>\nPresque!	<voice type=upset>\nПочти!
Dialogues/prepperFLoseMinigameRand2	<voice type=disappointment>\nShucks.	<voice type=disappointment>\nЕ, жалко.	<voice type=disappointment>\nEt zut.	<voice type=disappointment>\nБлин.
Dialogues/prepperFLoseMinigameRand3	<voice type=upset>\nHey fish, come back.	<voice type=upset>\nЕй риба, върни се.	<voice type=upset>\nHé, les poissons, revenez.	<voice type=upset>\nЭй, рыбка, вернись.
Dialogues/prepperFHeavyFishRand1	<voice type=laugh>\nWow, that's a big fish!	<voice type=laugh>\nВау, това е голяма риба!	<voice type=laugh>\nWaouh, ça c'est un gros poisson!	<voice type=laugh>\nОго, здоровенная рыба!
Dialogues/prepperFHeavyFishRand2	Oh, I hope the rod will hold!	Надявам се пръчката да издържи!	Oh, j'espère que la canne tiendra!	Ой, надеюсь, удочка выдержит!
Dialogues/prepperFMediumFishRand1	Here comes that boy!	Ето го момчето!	La voila la belle bête!	Иди-ка ко мне!
Dialogues/prepperFMediumFishRand2	<voice type=order>\nI'll make it! I'll make it!	<voice type=order>\nЩе го направя! Ще го направя!	<voice type=order>\nJe vais y arriver! Je vais y arriver!	<voice type=order>\nЯ вытяну! Вытяну!
Dialogues/prepperFSmallFishRand1	<voice type=laugh>\nOh, so tiny!	<voice type=laugh>\nО, колко си малък!	<voice type=laugh>\nOh, il est tout petit!	<voice type=laugh>\nОй, какая малышка!
Dialogues/prepperFSmallFishRand2	Just taking it slow and casual.	Просто си вървиш бавно и спокойно.	Il faut juste y aller doucement et tranquillement.	Тихо, без суеты.
Dialogues/prepperFUncommonFishRand1	Aw yiss!	Да!	Oh oui!	О да!
Dialogues/prepperFUncommonFishRand2	<voice type=thanks>\nWow, catch of the day!	<voice type=thanks>\nВау, уловът на деня!	<voice type=thanks>\nWaouh, la pêche du jour!	<voice type=thanks>\nОго, да это улов дня!
Dialogues/prepperFRareFishRand1	Swim right to me!	Плувай направо към мен!	Viens voir par là!	Плыви ко мне!
Dialogues/prepperFRareFishRand2	<voice type=thanks>\nShiny!	<voice type=thanks>\nБляскаво!	<voice type=thanks>\nBrillant!	<voice type=thanks>\nБлестит!
Dialogues/prepperFEpicFishRand1	<voice type=thanks>\nWhat a happy day!	<voice type=thanks>\nКак щастлив ден!	<voice type=thanks>\nQuelle belle journée!	<voice type=thanks>\nСчастливый день!
Dialogues/prepperFEpicFishRand2	Jackpot!	Джакпот!	Bingo!	Джекпот!
Dialogues/willFishRewardStarterRand1	How is your fishing going?	Как върви риболовът ти?	Ça marche la pêche?	Как дела на рыбалке?
Dialogues/willFishRewardStarterRand2	<voice type=question>\nHey, Prepper. Did you catch the fish that Henry wanted?	<voice type=question>\nЗдравей, Препър. Хвана ли рибата, която искаше Хенри?	<voice type=question>\nHé, Prepper. Tu as pêché le poisson que voulait Henry?	<voice type=question>\nЭй, Выживальщик. Уже поймал рыбу, которую Генри просил?
Dialogues/willFishRewardStarterRand3	I see you really like fishing. \nWhat do you got there?	Виждам, че наистина обичаш риболова. \nКакво имаш там?	Je vois que tu aimes vraiment la pêche. \nQu'est-ce que tu as là?	Вижу, рыбалка тебе по вкусу.\nЧто поймал?
Dialogues/prepFishRewardShowRand1	I got the fish you asked for.	Имам рибата, която искаше.	J'ai le poisson que vous avez demandé.	Я поймал рыбу, которую ты хотел.
Dialogues/prepFishRewardShowRand2	I'm proud of this catch.	Гордея се с тази уловка.	Je suis fier de cette prise.	Я горд своим уловом.
Dialogues/prepFishRewardShowRand3	Check this out!	Виж това!	Regardez-moi ça!	Посмотри!
Dialogues/prepFishRewardShowRand4	<voice type=question>\nWhat do you know about this fish?	<voice type=question>\nКакво знаеш за тази риба?	<voice type=question>\nQu'est-ce que vous savez sur ce poisson?	<voice type=question>\nЧто тебе известно об этой рыбе?
Dialogues/prepFishRewardShowRand5	<voice type=question>\nWhy did you ask for this fish anyway?	<voice type=question>\nЗащо си поискал тази риба?	<voice type=question>\nEt pourquoi vous avez demandé ce poisson?	<voice type=question>\nЗачем она тебе вообще?
Dialogues/willWhiteMinnowTalk1	A white minnow. Not the greatest of catches, but it's a good fish for beginners if you want to start an aquarium.	Бяла рибка. Не е най-добрата уловка, но е добра рибка за начинаещи, ако искаш да започнеш аквариум.	Un vairon. Ce n'est pas la plus grande des prises, mais c'est un bon poisson pour les débutants si vous voulez faire un aquarium.	Белый пескарь. Небогатый улов, но хороша для новичков, которые не прочь поставить у себя аквариум.
Dialogues/willSilverMinnowTalk1	A silver minnow. They shine like coins in the sun. They make for good baits for bigger fish.	Сребърна рибка. Блестят като монети на слънцето. Подходящи са за стръв за по-големи риби.	Un vairon argenté. Il brille comme une pièce de monnaie au soleil. C'est un bon appât pour les gros poissons.	Серебряный пескарь. Эти сияют на солнце, словно монетки. Из них выходит хорошая наживка для рыб покрупнее.
Dialogues/willEmeraldMinnowTalk1	An emerald minnow! Either an effective live bait or a pretty aquarium fish.	Смарагдова рибка! Или ефективна жива стръв, или красива аквариумна рибка.	Un vairon émeraude! Un appât vivant efficace ou un joli poisson d'aquarium.	Изумрудный пескарь! И живая приманка из него отличная, и в аквариуме смотрится удачно.
Dialogues/willGoldMinnowTalk1	A golden minnow! A nice, rare catch.	Златна рибка! Хубава, рядка уловка.	Un vairon doré! Une belle prise, rare.	Золотой пескарь! Редкая и богатая добыча.
Dialogues/willBlackBassTalk1	A black bass! A classic of American angling. Common, but can put up a good fight.	Черна костурка! Класика на американския риболов. Често срещана, но може да се бори добре.	Un Achigan à grande bouche! Un classique de la pêche à la ligne américaine. Commun, mais très combatif.	Черный окунь! Традиционный улов любого американца. Рыбка нередкая, но с крючка рвется бодро.
Dialogues/willWhitePerchTalk1	A white perch. A decent catch. Tasty if cooked properly.	Бяла риба. Свястно уловена. Вкусна, ако се сготви правилно.	Une perche blanche. Une prise décente. Délicieux s'il est bien cuisiné.	Белый окунь. Хороший улов. И вкусный, если правильно приготовить.
Dialogues/willYellowPerchTalk1	A yellow perch! Vivid color and stripes. Very pretty, very tasty.	Жълта перка! Ярки цветове и ивици. Много красива, много вкусна.	Une perchaude! Couleurs vives et rayures. Poisson très beau et très bon.	Желтый окунь! Что за полосы, что за цвет. Очень красивый и очень вкусный.
Dialogues/willStripedBassTalk1	A striped bass! These are tough ones, fitted for long migration. A good catch.	Една пъстърва! Тези са трудни, пригодени за дълги миграции. Добър улов.	Un bar rayé! Ce sont des costauds, adaptés à de longues migrations. Une bonne prise.	Полосатый окунь! Этих поймать непросто, они и длительные миграции переживают. Отличный улов.
Dialogues/willPinkSalmonTalk1	You've caught a pink salmon. A popular fish, even if not my favorite.	Хванал си розова сьомга. Популярен рибен вид, макар и не мой фаворит.	Tu as attrapé un saumon rose. Un poisson commun, même si ce n'est pas mon préféré.	Ты поймал горбушу. Неплохая рыба, хоть я ее и не слишком люблю.
Dialogues/willRedSalmonTalk1	Ah, here's a red salmon. They just go headfirst into life and death and love sporting intense red.	Ето един червен сьомга. Те просто се хвърлят с главата напред в живота и смъртта и обичат да се занимават с интензивно червено.	Ah, voici un saumon rouge. Ils se jettent tête la première dans la vie et la mort et aiment porter un rouge intense.	А, тут у тебя нерка. Они так и рвутся жить, умирать и любить, а заодно щеголяют ярко-красным окрасом.
Dialogues/willRainbowTroutTalk1	It's a rainbow trout you have here. They're very energetic and require good skill to catch.	Това е дъгова пъстърва, която имаш тук. Те са много енергични и изискват добра умелост, за да ги уловиш.	C'est une truite arc-en-ciel que tu as là. Elles sont très énergiques et demandent de l'habileté pour être attrapées.	А это радужная форель. Очень энергичная, если с удочкой на вы, такую не поймать.
Dialogues/willGoldTroutTalk1	A golden trout! Rare and beautiful fish. A great catch.	Златна пъстърва! Редка и красива риба. Голям улов.	Une truite dorée! Un poisson rare et magnifique. Une belle prise.	Золотая форель! Редкая и красивая рыба. Богатый улов.
Dialogues/willBlackCatfishTalk1	A black catfish. They're rather small and taste well only if they lived in clean water. 	Черна котка. Те са доста малки и имат добър вкус само ако са живели в чиста вода.	Un poisson-chat noir. Ils sont assez petits et n'ont bon goût que lorsqu'ils vivent dans de l'eau propre.	Черный сом. Они довольно мелкие и хороши на вкус, только если жили в чистом водоеме.
Dialogues/willBlueCatfishTalk1	Apparently a blue catfish. They're tough and long-living. But well, you outsmarted this one.	Очевидно синя риба. Те са издръжливи и дълголетни. Но, е, ти надхитри този.	On dirait un poisson-chat bleu. Ils sont résistants et vivent longtemps. Bon. Sauf que tu as réussi à l'avoir, celui-là.	Это явно голубой сом. Они упрямые, борются до последнего. Но этого ты, смотрю, перехитрил.
Dialogues/willWhiteCatfishTalk1	A white catfish. Funny, I didn't know you can catch them in this area.	Една бяла риба. Забавна, не знаех, че можеш да ги хванеш в този район.	Un poisson-chat blanc. C'est drôle, je ne savais pas qu'on pouvait en attraper par ici.	Белый сом. Как странно, я и не думал, что они тут водятся.
Dialogues/willTigerfishTalk1	The stripes, the shape - it must be a tigerfish! They fight relentlessly.	Ивиците, формата - трябва да е тигрова риба! Те се бият безмилостно.	Les rayures, la forme - ça doit être un poisson-tigre! Ils se battent sans merci.	Полоски, форма тела – это явно тигровая рыба! Они беспощадные бойцы.
Dialogues/prepNoticeCrashedUFOInLake1	Oh, here it is. Thus passes the glory of the outer world.	Ето го. Така минава славата на външния свят.	Oups, et voilà. C'est comme ça que finit la gloire de l'univers.	А, вот и оно. Так проходит слава внешнего мира.
Dialogues/prepInspectCrashedUFOInLake1	A crashed UFO. I'm still not sure if it was the right thing to do, but they really were a hassle.	Едно катастрофирало НЛО. Все още не съм сигурен дали беше правилното нещо, но наистина бяха досадни.	Un OVNI écrasé. Je ne sais toujours pas si c'était la bonne chose à faire, mais c'était vraiment un problème.	Упавший НЛО. Я все еще не уверен, что правильно поступил, но они порядком потрепали мне нервы.
Dialogues/prepCrashedUFOInLakeGone1	Oh, the UFO is gone now. Someone must have retrieved the wreckage.	Уф, НЛО-то вече го няма. Някой явно е прибрал останките.	Oh, l'OVNI n'est plus là. Quelqu'un a dû récupérer l'épave.	О, НЛО пропал. Наверное, кто-то собрал обломки.
Dialogues/prepIncorrectFishOnAqua	<voice type=negation>\nOops... You're not gonna fit in here, buddy.	<voice type=negation>\nОпс... Няма да се побереш тук, приятелю.	<voice type=negation>\nOups... Tu ne vas pas pouvoir passer ici, mon pote.	<voice type=negation>\nУпс... Ты сюда не влезешь, приятель.
Dialogues/prepEndFishes	That's all I got.	Това е всичко, което имам.	C'est tout ce que j'ai.	Вот и все.
Dialogues/willFishingRewardRand1	<voice type=acceptance>\nHere, take those gifts and make use of them!	<voice type=acceptance>\nЕто, вземи тези подаръци и ги използвай!	<voice type=acceptance>\nTiens, prends ces cadeaux et utilise-les!	<voice type=acceptance>\nВот, возьми и используй с умом!
Dialogues/willFishingRewardRand2	<voice type=acceptance>\nThose are for you, thank me later.	<voice type=acceptance>\nТе са за теб, благодари ми по-късно.	<voice type=acceptance>\nCeux-ci sont pour toi, tu me remercieras plus tard.	<voice type=acceptance>\nЭто тебе. Поблагодаришь потом.
Dialogues/willFishingRewardRand3	<voice type=acceptance>\nI've got you some good gifts.	<voice type=acceptance>\nИмам ти няколко хубави подаръка.	<voice type=acceptance>\nJ'ai de beaux cadeaux pour toi.	<voice type=acceptance>\nЯ для тебя отличные подарки приготовил.
Dialogues/willFishingRewardEnd1	Henry is satisfied for now. Come back later.	Хенри е доволен засега. Върни се по-късно.	Henry est satisfait pour l'instant. Reviens plus tard.	Пока что Генри доволен. Возвращайся позже.
Dialogues/prepFishingRewardEnd2	<voice type=thanks>\nThank you. I will.	<voice type=thanks>\nБлагодаря. Ще го направя.	<voice type=thanks>\nMerci. D'accord.	<voice type=thanks>\nСпасибо. Вернусь.
Dialogues/prepNeedFishingBait	<voice type=negation>\nI need a fishing bait.	<voice type=negation>\nТрябва ми стръв за риболов.	<voice type=negation>\nJ'ai besoin d'un appât pour la pêche.	<voice type=negation>\nМне нужна приманка.
Dialogues/prepUFOShipHole	<voice type=negation>\nThere is a hole in the floor.	<voice type=negation>\nИма дупка в пода.	<voice type=negation>\nIl y a un trou dans le sol.	<voice type=negation>\nТут дыра в полу.
Dialogues/prepUFOShipNeedClothes	This should work... \nI think.\nBut I should grab my clothes before I leave.	Това трябва да работи... \nМисля.\nНо трябва да взема дрехите си, преди да тръгна.	Ça devrait fonctionner... \nJe pense. \nMais il faudrait que je récupère mes vêtements avant de partir.	Должно сработать...\nНаверное.\nНо перед уходом лучше прихватить с собой вещи.
Dialogues/prepPostGameUFO	<voice type=order>\nNow I am become Death, the destroyer of worlds.\nWell, outworldly vehicles at least.\n<voice type=negation>\nNo chance that saucer will fly again.	<voice type=order>\nСега ставам за смърт, разрушител на светове.\nПоне, извънземните превозни средства.\n<voice type=negation>\nНяма шанс дискът да полети отново.	<voice type=order>\nMaintenant je suis la Mort, le destructeur des mondes.\nEuh, ou du moins des vaisseaux extraterrestres.\n<voice type=negation>\nIl n'y a aucune chance que cette soucoupe vole à nouveau.	<voice type=order>\nЯ Смерть, Разрушитель миров.\nНу, инопланетных кораблей как минимум.\n<voice type=negation>\nЭта тарелка уже точно никуда не полетит.
Dialogues/prepPostGameUFOGone1	<voice type=question>\nSomething is missing...	<voice type=question>\nНещо ли липсва…	<voice type=question>\nIl manque quelque chose...	<voice type=question>\nЧего-то не хватает...
Dialogues/prepPostGameUFOGone2	<voice type=surprise>\nUFO! It's gone!	<voice type=surprise>\nНЛО! Изчезна!	<voice type=surprise>\nL'OVNI ! Il est parti!	<voice type=surprise>\nНЛО пропал!
Dialogues/prepPostGameUFOGone3	<voice type=question>\nDid it lift up somehow? \n<voice type=question>\nOr did someone take it?	<voice type=question>\nКак се е повдигнало?\n<voice type=question>\nИли някой го е взел?	<voice type=question>\nEst-ce qu'il aurait réussi à s'envoler?\n<voice type=question>\nOu est-ce que quelqu'un l'a pris ?	<voice type=question>\nОн как-то поднялся в воздух?\n<voice type=question>\nИли его кто-то забрал?
Dialogues/prepBeesTut	Bees need flowers to produce honey.\nI should plant some flowers in this room.	Пчелите имат нужда от цветя, за да произвеждат мед.\nТрябва да засадя някои цветя в тази стая.	Les abeilles ont besoin de fleurs pour produire du miel. Je devrais planter des fleurs dans cette pièce.	Чтобы делать мед, пчелам нужны цветы.\nНужно посадить несколько в этой комнате.
Dialogues/prepBeesTutGrowing	Flowers are growing.\nNeed to wait a bit to get some honey.	Цветята растат.\nТрябва да изчакаш малко, за да получиш мед.	Les fleurs poussent. Il faut attendre un peu pour avoir du miel.	Цветы подрастают.\nНужно немножко подождать, а там и мед будет.
Dialogues/henIdle	Cluck!	Кудкудяк!	Cot!	Кудах!
Dialogues/henReaction	Cluck!	Кудкудяк!	Cot!	Кудах!
Dialogues/msagentMsAgentSecond1	<voice type=order>\nMr. Prepper.	<voice type=order>\nГ-то Препър.	<voice type=order>\nM. Prepper.	<voice type=order>\nМистер Выживальщик.
Dialogues/prepMsAgentSecond2	<voice type=question>\nOh, I... didn't see you there.. Ms...	<voice type=question>\nО, аз... не те видях... г-жо...	<voice type=question>\nOh, je... ne vous avais pas vue... Mme...	<voice type=question>\nО, я... вас не заметил... Госпожа...
Dialogues/msagentMsAgentSecond3	<voice type=question>\nSo how are things going on the farm?	<voice type=question>\nКак върви на фермата?	<voice type=question>\nAlors, comment ça se passe à la ferme ?	<voice type=question>\nКак идут дела на ферме?
Dialogues/prepMsAgentSecond4	<voice type=acceptance>\nFarm, right.\nIt's... getting better. The animals stopped acting up.\nI fixed a few things here and there.	<voice type=acceptance>\nФермата, да.\nСтава... по-добре. Животните спряха да се държат странно.\nПоправих няколко неща тук и там.	<voice type=acceptance>\nÀ la ferme, bien. Ça... s'améliore. Les animaux ont cessé de faire des leurs. J'ai réparé quelques trucs ici et là.	<voice type=acceptance>\nТочно, ферма.\nДела... все лучше. Животные больше не шалят.\nЯ кое-что починил.
Dialogues/msagentMsAgentSecond5	<voice type=question>\nSo nothing bad had happened?	<voice type=question>\nНямаше нищо лошо да се случи?	<voice type=question>\nIl ne s'est donc rien passé de mal?	<voice type=question>\nИ никаких происшествий?
Dialogues/prepMsAgentSecond6	Some animals went missing.\nIt happened last night, I think.\nI suspect it's because of some wild animals. I will take care of that.	Някои животни изчезнаха.\nТова се случи снощи, мисля.\nПредполагам, че е заради някои диви животни. Ще се погрижа за това.	Certains animaux ont disparu. Ça s'est passé hier soir, je crois. Je pense que c'est à cause d'animaux sauvages. Je vais m'en occuper.	Несколько животных пропали.\nКажется, прошлой ночью.\nПодозреваю, в этом виноваты дикие звери. Я займусь этим.
Dialogues/msagentMsAgentSecond7	<voice type=order>\nGood. I will keep checking the developments. Bless the president!	<voice type=order>\nДобре. Ще продължа да следя развитието на нещата. Боже, пази президента!	<voice type=order>\nBien. Je continuerai à vérifier les progrès. Que Dieu bénisse le président!	<voice type=order>\nХорошо. Я буду наблюдать за вашими успехами.\nБоже, храни президента!
Dialogues/prepMsAgentSecond8	<voice type=disappointment>\nWow, I should be more careful.\nShe really keeps an eye on this farm. Perhaps agriculture is not the only thing the Agency observes here...	<voice type=disappointment>\nУау, трябва да съм по-внимателен.\nТя наистина следи тази ферма. Може би земеделието не е единственото нещо, което Агенцията наблюдава тук...	<voice type=disappointment>\nWaouh, je devrais être plus prudent. Elle garde vraiment un œil sur cette ferme. L'agriculture n'est peut-être pas la seule chose que l'Agence observe ici...	<voice type=disappointment>\nОго. Надо быть осторожнее.\nОна и правда следит за этой фермой. Возможно, Агентство не только сельским хозяйством интересуется...
Dialogues/prepMsAgentThird1	<voice type=order>\nThe Agent is coming!	<voice type=order>\nАгентът идва!	<voice type=order>\nL'Agent arrive!	<voice type=order>\nАгент уже близко!
Dialogues/willMsAgentThird2	<voice type=surprise>\n!?		<voice type=surprise>\n!?	<voice type=surprise>\n?!
Dialogues/willMsAgentThird3	<voice type=order>\nXeno, hide! Quickly!	<voice type=order>\nЕно, крий се! Бързо!	<voice type=order>\nXeno, cache-toi! Vite!	<voice type=order>\nКсено, прячься! Быстро!
Dialogues/prepMsAgentThird4	<voice type=question>\nWait, why does he have to hide?	<voice type=question>\nЧакай, защо трябва да се крие?	<voice type=question>\nMais pourquoi est-ce qu'il devrait se cacher?	<voice type=question>\nСтоп, а зачем ему прятаться?
Dialogues/willMsAgentThird5	<voice type=anger>\nNot now!	<voice type=anger>\nНе сега!	<voice type=anger>\nPas maintenant!	<voice type=anger>\nНе сейчас!
Dialogues/msagentMsAgentThird6	<voice type=order>\nCitizens.	<voice type=order>\nГраждани.	<voice type=order>\nCitoyens.	<voice type=order>\nГраждане.
Dialogues/willMsAgentThird7	<voice type=greeting>\nOh, hello, Ms. Agent! What a lovely day we have here!\n<voice type=acceptance>\nEverything on the farm is going great. \nAnd Mr. Prepper's assistance has been very useful...	<voice type=greeting>\nО, здравей, госпожо Агент! Какъв прекрасен ден имаме тук!\n<voice type=acceptance>\nВсичко на фермата върви чудесно. \nИ помощта на г-н Препър беше много полезна...	<voice type=greeting>\nOh, bonjour, Mme l'Agent ! Quelle belle journée nous avons!\n<voice type=acceptance>\nTout se passe bien à la ferme.\nEt l'aide de M. Prepper est très utile...	<voice type=greeting>\nО, здравствуйте, госпожа агент! Что за чудный день сегодня!\n<voice type=acceptance>\nНа ферме все идет замечательно.\nИ мистер Выживальщик мне очень помогает...
Dialogues/msagentMsAgentThird8	<voice type=order>\nCitizen. The dog. Don't think I didn't see him.	<voice type=order>\nГражданино. Кучето. Не мисли, че не го видях.	<voice type=order>\nCitoyen. Le chien. Ne croyez pas que je ne l'ai pas vu.	<voice type=order>\nГражданин. Не думайте, что я не заметила пса.
Dialogues/msagentMsAgentThird9	<voice type=order>\nThis issue must be dealt with.	<voice type=order>\nТози проблем трябва да бъде решен.	<voice type=order>\nCe problème doit être résolu.	<voice type=order>\nЭту проблему нужно устранить.
Dialogues/willMsAgentThird10	<voice type=anger>\nNo, you can't! You cruel, self-righteous...	<voice type=anger>\nНе, не можеш! Ти жестоък, самодоволен...	<voice type=anger>\nNon, vous ne pouvez pas faire ça! Vous êtes cruelle et moralisatrice...	<voice type=anger>\nНет, вы не можете! Вы, жестокая, самодовольная...
Dialogues/prepMsAgentThird11	<voice type=order>\nWill!	<voice type=order>\nУил!	<voice type=order>\nWill!	<voice type=order>\nУилл!
Dialogues/willMsAgentThird12	<voice type=upset>\nI'm sorry, Ms. Agent.	<voice type=upset>\nСъжалявам, госпожо Агент.	<voice type=upset>\nJe suis désolé, Mme l'Agent.	<voice type=upset>\nПростите, госпожа агент.
Dialogues/msagentMsAgentThird13	<voice type=question>\nAnimals are missing once more, correct?	<voice type=question>\nЗемите отново са без животни, нали?	<voice type=question>\nD'autres animaux ont disparu, n'est-ce pas?	<voice type=question>\nУ вас снова пропадают животные, так?
Dialogues/prepMsAgentThird14	<voice type=disappointment>\nUhm... yes.	<voice type=disappointment>\nЕх... да.	<voice type=disappointment>\nEuh... oui.	<voice type=disappointment>\nЭм... да.
Dialogues/msagentMsAgentThird15	I wasn't really expecting anything else.\n<voice type=disappointment>\n(Why, oh why was I assigned here.)\nAlright, until next time. Bless the president.	Не очаквах нищо друго.\n<voice type=disappointment>\n(Защо, защо ме поставиха тук.)\nДобре, до следващия път. Благословено бъдеш президент.	Je ne m'attendais pas vraiment à entendre autre chose.\n<voice type=disappointment>\n(Pourquoi, oh pourquoi ai-je été affectée ici.)\nBon, à la prochaine fois. Que Dieu bénisse le président.	Ничего другого я и не ожидала.\n<voice type=disappointment>\n(Ну зачем, зачем меня сюда назначили.)\nХорошо, пока я с вами прощаюсь. Боже, храни президента.
Dialogues/willMsAgentThirdAfter16	<voice type=anger>\nDamn Agency! May they rot in hell! 	<voice type=anger>\nПрокълна агенцията! Да гние в ада!	<voice type=anger>\nMaudite agence! Qu'elle aille au diable!	<voice type=anger>\nКлятое Агентство! Чтоб они в аду сгнили!
Dialogues/prepMsAgentThird17	I'm sorry, Will. But explain something to me.\n<voice type=question>\nIs Xeno some outlaw? Pirate on a run?\n<voice type=question>\nDid he bite an Agent or something?	Съжалявам, Уил. Но обясни ми нещо.\n<voice type=question>\nЛично ли е Зено някакъв бандит? Пират в бягство?\n<voice type=question>\nГадна ли е агент или нещо такова?	Excusez-moi, Will. Mais expliquez-moi quelque chose.\n<voice type=question>\nXeno est un hors-la-loi? Un pirate en fuite?\n<voice type=question>\nIl a mordu un agent ou quoi?	Мне жаль, Уилл. Но объясни мне кое-что.\n<voice type=question>\nКсено что, преступник? Беглый пират?\n<voice type=question>\nОн агента цапнул или что?
Dialogues/willMsAgentThirdAfter18	<voice type=disappointment>\nYou know the Agency is weird with dogs in general. They were taking dogs away from people under some feeble pretexts.\n<voice type=upset>\nAnd Ms. Agent... When she first saw Xeno, she told me she wants to confiscate him on behalf of the Agency.\n<voice type=upset>\nBut he felt that and ran away from her. Still avoids her whenever he can. And she regularly threatens to hunt him down. 	<voice type=disappointment>\nЗнаеш, че Агенцията е странна с кучетата като цяло. Вземаха кучета от хората под някакви слаби предлози.\n<voice type=upset>\nИ мис Агент... Когато за първи път видя Ксено, тя ми каза, че иска да го конфискува от името на Агенцията.\n<voice type=upset>\nНо той го усети и избяга от нея. Все още я избягва, когато може. А тя редовно го заплашва, че ще го преследва. 	<voice type=disappointment>\nTu sais que l'Agence a quelque chose contre les chiens en général. Ils ont enlevé des chiens à des gens sous des prétextes suspects.\n<voice type=upset>\nEt Mme l'Agent... Quand elle a vu Xeno pour la première fois, elle m'a dit qu'elle voulait le confisquer au nom de l'Agence.\n<voice type=upset>\nMais il s'en est rendu compte et s'est enfui loin d'elle. Il l'évite toujours chaque fois qu'il le peut. Et elle menace régulièrement de l'attraper.	<voice type=disappointment>\nТы знаешь, что Агентство в целом чудит, когда дело касается собак. Под любым сомнительным предлогом псов у людей забирают.\n<voice type=upset>\nА госпожа агент... Когда она впервые увидела Ксено, заявила, что хочет конфисковать его от лица Агентства.\n<voice type=upset>\nНо пес все понял и сбежал от нее. И все еще от нее прячется, если может. А она раз через раз угрожает открыть на него охоту.
Dialogues/prepMsAgentThird19	I see.\nBut Xeno is smart. \nSmartest dog I have ever met.\n<voice type=acceptance>\nThere is no way some Agency's dog catcher will win with him.	Разбрах.\nНо Зено е умен.\nНай-уменят куче, с който някога съм срещал.\n<voice type=acceptance>\nНяма шанс някой кучелов от Агенцията да го победи.	Je vois. Mais Xeno est intelligent. C'est le chien le plus intelligent que j'aie jamais rencontré.\n<voice type=acceptance>\nUn attrapeur de chiens de l'Agence n'aura aucune chance de gagner avec lui.	Понятно.\nНо Ксено умный.\nУмнее пса я не встречал.\n<voice type=acceptance>\nАгентским ищейкам с ним ни за что не справиться.
Dialogues/willMsAgentThirdAfter20	<voice type=thanks>\nThank you, Mr. Prepper.\n<voice type=disappointment>\nAnd remember about my missing animals.\n<voice type=disappointment>\nI need to rest and think for a bit.	<voice type=thanks>\nБлагодаря ти, препър.\n<voice type=disappointment>\nИ не забравяй за моите изчезнали животни.\n<voice type=disappointment>\nТрябва да си почина и да помисля малко.	<voice type=thanks>\nMerci, M. Prepper.\n<voice type=disappointment>\nEt souviens-toi de mes animaux disparus.\n<voice type=disappointment>\nJ'ai besoin de me reposer et de réfléchir un peu.	<voice type=thanks>\nСпасибо, мистер Выживальщик.\n<voice type=disappointment>\nИ не забудь о моих пропавших животных.\n<voice type=disappointment>\nМне надо отдохнуть и все обдумать.
Dialogues/prepNeedFishingRod2	<voice type=negation>\nI need a fishing rod.	<voice type=negation>\nТрябва ми въдица.	<voice type=negation>\nJ'ai besoin d'une canne à pêche.	<voice type=negation>\nМне нужна удочка.
Dialogues/weatherRadioSunny	clear skies	ясно небе	ciel clair	ясно
Dialogues/weatherRadioRain	rain	дъжд	pluie	дождь
Dialogues/weatherRadioHeavyRain	heavy rain	тежък дъжд	forte pluie	ливень
Dialogues/weatherRadioFog	fog	мъгла	brouillard	туман
Dialogues/weatherRadioThunder	thunder	гръм	tonnerre	гроза
Dialogues/prepNotEnoughGranades	<voice type=negation>\nI need grenades to play this.	<voice type=negation>\nТрябва ми гранати, за да играя това.	<voice type=negation>\nJ'ai besoin de grenades pour jouer à ça.	<voice type=negation>\nДля этого мне нужно больше гранат.
Dialogues/weatherRadioStartTime	from #0#	от #0#	À partir de #0#	. Начало: #0#,
Dialogues/weatherRadioStartMorning	from the morning	от сутринта	depuis le matin	. Начало: утро,
Dialogues/weatherRadioEndTime	until #0#	до #0#	jusqu'à #0#	окончание: #0#
Dialogues/weatherRadioEndDay	until the end of the day	до края на деня	jusqu'à la fin de la journée	до конца дня погода не изменится
Dialogues/weatherRadioStartSent	We can expect	Можем да очакваме	Temps prévu :	Будет
Dialogues/prepNotHaveWeapon	I need a range weapon to play this.	Трябва ми оръжие с обсег, за да играя това.	J'ai besoin d'une arme à distance pour jouer à ça.	Для этого нужно оружие дальнего боя.
Dialogues/prepNotHaveAmmo	I need more ammunition.	Имам нужда от повече муниции.	J'ai besoin de plus de munitions.	Нужно больше патронов.
Dialogues/weatherRadioConnector	and	и	et	и
Dialogues/prepWillPostGame1	<voice type=greeting>\nHello, Will. I wanted to ask you something.	<voice type=greeting>\nЗдравей, Уил. Исках да те попитам нещо.	<voice type=greeting>\nBonjour Will. Je voulais vous demander quelque chose.	<voice type=greeting>\nПривет, Уилл. Я хотел кое о чем тебя спросить.
Dialogues/willWillPostGame2	<voice type=question>\nHello, Mr. Prepper. Sure, what it is?	<voice type=question>\nЗдравей, господин Препър. Разбира се, какво има?	<voice type=question>\nBonjour, M. Prepper. Bien sûr, et quoi?	<voice type=question>\nПривет, мистер Выживальщик. Спрашивай, конечно!
Dialogues/prepWillPostGame3	<voice type=question>\nDo you remember what was the thing Ms. Agent mentioned last night?	<voice type=question>\nСпочи, помниш ли какво споменаваше госпожа Агент вчера вечер?	<voice type=question>\nVous vous souvenez de ce que Mme l'Agent a dit hier soir?	<voice type=question>\nПомнишь, о чем вчера вечером госпожа агент упоминала?
Dialogues/willWillPostGame4	<voice type=question>\nWhat? Ms. Agent was here last night?\n<voice type=question>\nWhy? What did she want?\n<voice type=fear>\nAm I in trouble?	<voice type=question>\nКакво? Г-ца Агент беше тук вчера?\n<voice type=question>\nЗащо? Какво искаше?\n<voice type=fear>\nСам съм в беда?	<voice type=question>\nQuoi? Mme l'Agent était ici hier soir?\n<voice type=question>\nPourquoi? Qu'est-ce qu'elle voulait?\n<voice type=fear>\nEst-ce que j'ai des soucis?	<voice type=question>\nЧто? Тут вчера вечером была госпожа агент?\n<voice type=question>\nПочему? Чего она хотела?\n<voice type=fear>\nЯ влип?
Dialogues/prepWillPostGame5	<voice type=disappointment>\nOh.\n<voice type=negation>\nNo, sorry, you misheard me.\n<voice type=question>\nI just wanted to ask your opinion: which fish is the king of all waters: the muskie or the largemouth bass?	<voice type=disappointment>\nО.\n<voice type=negation>\nНе, извинявай, не си ме чул добре.\n<voice type=question>\nПросто исках да попитам за мнението ти: коя риба е кралят на всички води: муският или голямата сомче?	<voice type=disappointment>\nOh.\n<voice type=negation>\nNon, désolé, vous ne m'avez pas bien entendu.\n<voice type=question>\nJe voulais juste vous demander votre avis : quel poisson est le roi de toutes les eaux : le maskinongé ou l'achigan à grande bouche?	<voice type=disappointment>\nО.\n<voice type=negation>\nНет, извини, ты ослышался.\n<voice type=question>\nЯ просто хотел спросить, какая, по твоему мнению, рыба лучше всех: щука или большеротый окунь?
Dialogues/willWillPostGame6	Of course, the largemouth bass is the king of all waters like the lion is the king of the jungle.	Разбира се, големият костур е кралят на всички води, както лъвът е кралят на джунглата.	L'achigan à grande bouche, bien sûr. C'est lui le roi de toutes les eaux comme le lion est le roi de la jungle.	Конечно большеротый окунь, он царь морей, прямо как лев – царь джунглей.
Dialogues/henWillPostGame7	Cluck!	Кукуригу!	Cot!	Кудах!
Dialogues/prepWillPostGame8	Thank you, Will.	Благодаря, Уил.	Merci Will.	Спасибо, Уилл.
Dialogues/prepJoePostGame1	<voice type=disappointment>\nJoe, about the UFO wreckage...	<voice type=disappointment>\nДжо, за развалините на НЛОто…	<voice type=disappointment>\nJoe, à propos de l'épave de l'OVNI...	<voice type=disappointment>\nДжо, насчет упавшего НЛО...
Dialogues/joeJoePostGame2	<voice type=question>\nUFO wreckage? Which one? The one from Roswell? \n<voice type=question>\nThe one from Shag Harbour? Or maybe this weird case from Aurora, Texas? \n<voice type=laugh>\nMr. Prepper, you keep suprising me!\n<voice type=acceptance>\nI didn't know you were interested in this stuff too!	<voice type=question>\nОстанки от НЛО? Кое? От Розуел?\n<voice type=question>\nОт Шаг Харбър? Или може би от този странен случай от Аврора, Тексас?\n<voice type=laugh>\nГосподин Препър, винаги ме изненадваш!\n<voice type=acceptance>\nНе знаех, че и ти се интересуваш от такива неща!	<voice type=question>\nL'épave de l'OVNI? Laquelle? Celle de Roswell?\n<voice type=question>\nCelle de Shag Harbour? Ou peut-être ce cas étrange d'Aurora, au Texas?\n<voice type=laugh>\nM. Prepper, vous continuez de me surprendre!\n<voice type=acceptance>\nJe ne savais pas que vous vous intéressiez aussi à ce genre de choses!	<voice type=question>\nУпавшего НЛО? Какого? Того, что из Розуэлла?\n<voice type=question>\nИли из Шег-Харбора? А может, ты про тот странный случай в Авроре, которая в Техасе?\n<voice type=laugh>\nМистер Выживальщик, вечно ты меня удивляешь!\n<voice type=acceptance>\nНе знал, что тебе и это интересно!
Dialogues/prepJoePostGame3	<voice type=disappointment>\nOh my...\nYou know what, I think I left something in the furnace back home.\nI'll be right back.	<voice type=disappointment>\nО, моя...\nЗнаеш ли какво, мисля, че оставих нещо в печката от вкъщи.\nВеднага се връщам.	<voice type=disappointment>\nOh mon... \nVous savez quoi, je crois que j'ai laissé un truc sur le feu à la maison.\nJe reviens tout de suite.	<voice type=disappointment>\nОй-ой...\nЗнаешь, я кое-что из печи забыл вынуть.\nСейчас вернусь.\n
Dialogues/prepTemplate	template		modèle	образец
Dialogues/prepToBigBoy	This fish is way too big!	Тази риба е прекалено голяма!	Ce poisson est bien trop gros!	Эта рыба слишком большая!
Dialogues/prepDogeUnderground	<voice type=disappointment>\nHm... \n<voice type=disappointment>\nHe doesn't look too happy in here.\n<voice type=question>\nMaybe I should keep him on the surface, in the house?	<voice type=disappointment>\nХмм... \n<voice type=disappointment>\nТой не изглежда много щастлив тук.\n<voice type=question>\nМоже би трябва да го оставя на повърхността, в къщата?	<voice type=disappointment>\nHum...\n<voice type=disappointment>\nIl n'a pas l'air très heureux ici.\n<voice type=question>\nPeut-être qu'il serait mieux à la maison, et pas sous terre?	<voice type=disappointment>\nХм...\n<voice type=disappointment>\nЕму тут, кажется, не слишком нравится.\n<voice type=question>\nМожет, лучше держать его на поверхности, в доме?
Dialogues/prepDogeOverground	<voice type=acceptance>\nOh hey, this is a nice place for you.\nI will have to make sure to hide you from Agency before each inspection, though. You need to stay quiet and listen to me!	<voice type=acceptance>\nО, здравей, това е хубаво място за теб.\nЩе трябва да се уверя, че ще те скрия от Агенцията преди всяка проверка, обаче. Трябва да си мълчиш и да ме слушаш!	<voice type=acceptance>\nLà, c'est un bon endroit pour toi. Mais je vais devoir faire attention de te cacher avant chaque inspection de l'Agence. Tu vas devoir te taire et m'écouter!	<voice type=acceptance>\nО, гляди, вот отличное местечко для тебя.\nНо перед каждой проверкой агентов придется тебя прятать. Сиди тихо и будь послушным!
Dialogues/prepDogGone	<voice type=surprise>\nWait... The dog is gone?! My good boy?\n<voice type=question>\nMaybe it wasn't good enough with me for him?\n<voice type=upset>\nI hope he will come back.	<voice type=surprise>\nЧака... Кучето изчезна?! Моят добър момче?\n<voice type=question>\nМоже би не е било достатъчно добре с мен за него?\n<voice type=upset>\nНадявам се да се върне.	<voice type=surprise>\nAttends... Le chien est parti?! Mon gentil toutou?\n<voice type=question>\nPeut-être que c'était pas assez bien pour lui avec moi?\n<voice type=upset>\nJ'espère qu'il va revenir.	<voice type=surprise>\nСтоп... Пес пропал?! Мой хороший мальчик?\n<voice type=question>\nМожет, ему у меня не понравилось?\n<voice type=upset>\nНадеюсь, он вернется.
Dialogues/prepDogExpedition	Aw... I see that the dog has just simply gone to do dog stuff.\nHope he doesn't get into trouble.	Ех... Виждам, че кучето просто си прави кучешки работи.\nНадявам се да не се забърка в неприятности.	Ah... Je vois que le chien est simplement parti faire ses affaires de chien. J'espère qu'il n'aura pas d'ennuis.	О... Кажется, пес просто ушел по своим песьим делам.\nНадеюсь, он не влипнет в неприятности.
Dialogues/prepAgressiveAnimal	<voice type=negation>\nI can see it's stressed out, better not to touch it now.	<voice type=negation>\nВиждам, че е стресирано, по-добре да не го пипам сега.	<voice type=negation>\nJe vois qu'il est stressé, mieux vaut ne pas le toucher pour l'instant.	<voice type=negation>\nВидно, что животное нервничает, лучше его пока не трогать.
Dialogues/agentDogDenNoticed	<random>\nDo you keep any pets here, Citizen?\nI'd like to remind you that keeping pets is against the regulations, Citizen.\nI hope you are aware, Citizen, that keeping pets is forbidden.\nI noticed a non-standard piece of furniture. I hope it is not intended for a pet.\nCitizen, I see an unusual object. I'd say it's intended for a pet, but you surely know it's forbidden.\nI see a non-standard piece of furniture, but I'll just assume it's a weird ornament, Citizen.\n</random>	<random>\nДържиш ли някакви домашни любимци тук гражданин\nИскам да ти напомня че държането на домашни любимци е забранено гражданин\nНадявам се да си свесен гражданин че държането на домашни любимци е забранено\nЗабелязах нестандартен предмет мебел Надявам се че не е за домашни любимци\nГражданин виждам необикновен предмет Казвам че е за домашни любимци но си знаеш че е забранено\nВиждам нестандартен предмет мебел но ще приемем че е странен украс гражданин\n</random>	<random>\nAvez-vous des animaux de compagnie ici, citoyen ?\nJ'aimerais vous rappeler que les animaux de compagnie ne sont pas autorisés par la réglementation, citoyen. J'espère que vous savez, citoyen, qu'il est interdit d'avoir des animaux de compagnie. J'ai remarqué un meuble non standard. J'espère qu'il n'est pas destiné à un animal de compagnie. Citoyen, je vois un objet insolite. J'ai l'impression qu'il est destiné à un animal de compagnie, mais vous savez certainement que c'est interdit. Je vois un meuble non standard, je suppose qu'il s'agit juste d'un élément de décoration bizarre, citoyen. \n</random>	<random>\nВы здесь домашних животных держите, гражданин?\nВынужден напомнить вам, что держать дома домашних животных незаконно, гражданин.\nНадеюсь, вам известно, что домашние животные запрещены, гражданин.\nЯ заметил в доме нестандартный предмет мебели. Надеюсь, она не предназначена для содержания питомцев.\nГражданин, я вижу необычный предмет. Я бы мог предположить, что он предназначен для питомца, но вы, разумеется, знаете, что держать питомцев запрещено.\nГражданин, я заметил в доме нестандартный предмет мебели, но предположу, что это лишь странный аксессуар.\n</random>
Dialogues/agentDogNoticed	<random>\nCitizen, keeping pets in the house is forbidden and can get you in trouble.\nOh, what do we have here. A dog. You know it's forbidden, Citizen?\nKeeping pets is against the regulations, I need to report this.\nWhat, a dog? This is obviously against the regulations, Citizen.\nMy employers will not be happy, Citizen.\nI see a dog. You must have known it is forbidden to keep a pet, Citizen.\n</random>	<random>\nГражданино, отглеждането на домашни любимци в къщата е забранено и може да ви донесе неприятности.\nО, какво имаме тук. Куче. Знаеш ли, че е забранено, Гражданино?\nОтглеждането на домашни любимци е против правилата, трябва да докладвам за това.\nКакво, куче? Това очевидно е против разпоредбите, Граждани.\nМоите работодатели няма да са доволни, Граждани.\nВиждам куче. Трябва да си знаел, че е забранено да имаш домашен любимец, Гражданино.\n</random>	<random>\nCitoyen, il est interdit d'avoir des animaux de compagnie dans la maison et cela peut vous causer des ennuis.\nOh, qu'est-ce que c'est que ça. Un chien. Vous savez que c'est interdit, citoyen?\nAvoir des animaux de compagnie est contraire à la réglementation, je dois le signaler.\nQuoi, un chien? C'est strictement interdit par le règlement, citoyen. \nMes employeurs ne seront pas contents, citoyen.\nJe vois un chien. Vous devez savoir qu'il est interdit d'avoir un animal de compagnie, citoyen. </random>	<random>\r\nГражданин, держать в доме домашних животных запрещено, у вас могут быть неприятности.\nО, что тут у нас? Собака. Вы знаете, что держать собак запрещено, гражданин?\nДержать в доме питомцев незаконно, я должен об этом сообщить.\nЧто, собака? Это совершенно незаконно, гражданин.\nМое начальство не обрадуется, гражданин.\nЯ вижу тут собаку. Вам должно быть известно, что держать дома собак запрещено, гражданин.\n</random>
Dialogues/willTamplate				
Dialogues/willTamplate2				
Dialogues/willFishingQuestBegin1	<voice type=question>\nHenry, what kind of fish would you like to have next?	<voice type=question>\nХенри, какъв вид риба би искал да имаш следващия път?	<voice type=question>\nHenry, qu'est-ce que tu veux comme poisson après?	<voice type=question>\nКакую рыбку ты хотел бы съесть следующей, Генри?
Dialogues/henFishingQuestBegin2	Cluck! Cluck!	Кудкудяк! Кудкудяк!	Cot! Cot!	Куд-куда!
Dialogues/willFishingQuestBegin3	he said.	той каза.	il a dit.	- вот что он сказал.
Dialogues/willFishingQuestBegin4	<voice type=question>\nMr. Prepper, would you bring us such a fish?	<voice type=question>\nПрепър, би ни донесъл такава риба?	<voice type=question>\nM. Prepper, tu peux nous apporter un poisson comme ça?	<voice type=question>\nМистер Выживальщик, принесешь нам такую рыбку?
Dialogues/willFishingQuestBegin5	I will reward you!	Ще те възнаградя!	je te récompenserai!	А я тебя награжу!
Dialogues/prepFishingQuestBeginRand1	<voice type=acceptance>\nSure.	<voice type=acceptance>\nРазбира се.	<voice type=acceptance>\nBien sûr.	<voice type=acceptance>\nКонечно.
Dialogues/prepFishingQuestBeginRand2	<voice type=acceptance>\nAgreed.	<voice type=acceptance>\nСъгласен.	<voice type=acceptance>\nD'accord.	<voice type=acceptance>\nДоговорились.
Dialogues/prepFishingQuestBeginRand3	<voice type=acceptance>\nWill do.	<voice type=acceptance>\nЩе направя.	<voice type=acceptance>\nÇa vient.	<voice type=acceptance>\nСделаем.
Dialogues/prepAnimalsInvestigateToFarRand1	Let's stay close to the barn.	Нека да останем близо до хамбара.	Restons près de l'étable.	Давай-ка держаться поближе к сараю.
Dialogues/prepAnimalsInvestigateToFarRand2	I don't think I will find any clues this far.	Не мисля, че ще намеря някакви следи толкова далеч.	Je ne pense pas trouver d'indices si loin.	Так я улик не найду.
Dialogues/prepAnimalsInvestigateToFarRand3	Maybe I can find more clues closer to the barn.	Може би ще намеря повече следи по-близо до хамбара.	Peut-être que je peux trouver plus d'indices plus près de l'étable.	Может, у сарая улик будет больше.
Dialogues/prepAnimalsInvestigateHoleRand1	This hole in the barn looks suspicious.	Тази дупка в хамбара изглежда подозрителна.	Ce trou dans l'étable est suspect.	Эта дыра в сарае выглядит подозрительно.
Dialogues/prepAnimalsInvestigateHoleRand2	What a mess... I should fix this hole later.	Какъв хаос... По-късно ще оправя тази дупка.	Quel bazar... Il faudra que je répare ce trou plus tard.	Ну и беспорядок... Надо будет потом залатать дыру.
Dialogues/prepAnimalsInvestigateHoleRand3	Something destroyed the wall of the barn...	Нещо разруши стената на хамбара...	Quelque chose a détruit le mur de l'étable...	Что-то разнесло стену сарая...
Dialogues/prepAnimalsInvestigateFootprintsRand1	I see some paw prints on the ground.	Виждам следи от лапи на земята.	Je vois des empreintes de pattes sur le sol.	Я вижу на земле следы лап.
Dialogues/prepAnimalsInvestigateFootprintsRand2	What are those paw prints on the ground?	Какви са тези следи от лапи на земята?	Qu'est-ce que c'est que ces empreintes de pattes sur le sol?	Что это за следы на земле?
Dialogues/prepAnimalsInvestigateFootprintsRand3	Hm... Seems that an animal has left some traces...	Хм... Изглежда, че някакво животно е оставило следи...	Hm... On dirait qu'un animal a laissé des traces...	Хм... Кажется, животное тут наследило...
Dialogues/prepAnimalsInvestigateNothingRand1	I don't see anything interesting in this area.	Не виждам нищо интересно в тази зона.	Je ne vois rien d'intéressant par là.	Тут не на что смотреть.
Dialogues/prepAnimalsInvestigateNothingRand2	No clues here.	Няма следи тук.	Aucun indice ici.	Никаких улик.
Dialogues/prepAnimalsInvestigateNothingRand3	I don't see anything suspicious in here, I'll better check somewhere else.	Не виждам нищо подозрително тук, по-добре да проверя някъде другаде.	Je ne vois rien de suspect ici, je ferais mieux d'aller voir ailleurs.	Тут ничего подозрительного, лучше проверю в другом месте.
Dialogues/prepSleeplessChickenHintRand1	The tracker points to this entrance.	Тракерът сочи към този вход.	Le traceur indique cette entrée.	Маячок указывает на этот вход.
Dialogues/prepSleeplessChickenHintRand2	The entrance is blocked.	Входът е блокиран.	L'entrée est bloquée.	Вход заблокирован.
Dialogues/prepSleeplessChickenHintRand3	Blocked. Maybe Bob can help me with that.	Блокирано. Може би Боб може да ми помогне с това.	Bloquée. Bob pourrait peut-être m'aider.	Не пройти. Может, Боб мне с этим поможет.
Dialogues/prepSleeplessChickenHintRand4	The tracker points to here, but I can't go through now.	Тракерът сочи насам, но сега не мога да мина.	Le traceur indique ici, mais pour l'instant, je ne peux pas passer.	Маячок указывает сюда, но пока что здесь не пройти.
Dialogues/prepNothingToCollect	Nothing to collect.	Няма нищо за събиране.	Rien à ramasser.	Тут нечего брать.
Dialogues/willRankUp1.1	What? What is it, Henry?	Какво? Какво е, Хенри?	Quoi? Qu'est-ce qu'il y a, Henry?	Что? Что такое, Генри?
Dialogues/willRankUp1.2	Ah... He says that you are now an <color=yellow>Novice Fisherman</color>!\nCongratulations.	Ах... Той казва, че вече си <color=yellow>Нова рибарска ученик</color>!\nПоздравления.	Ah... Il dit que pour l'instant, tu es un <color=yellow>pêcheur débutant</color> ! Félicitations.	А... Он говорит, ты теперь <color=yellow>рыбак-новичок</color>!\nПоздравляю.
Dialogues/willRankUp1.3	Mhm.. with each rank quests will be harder and rewards better.	Мхм... с всяко ниво задачите ще стават по-трудни, а наградите - по-добри.	Mhm .. à chaque niveau, les quêtes seront plus difficiles et les récompenses meilleures.	Угум... с каждым новым рангом задания будут сложнее, а награды лучше.
Dialogues/willRankUp2	You advanced to <color=yellow>Apprentice Fisherman</color>!	Напредна в <color=yellow>Ученик рибар</color>!	Tu es devenu un <color=yellow>apprenti pêcheur</color> !	Ты вырос до <color=yellow>рыбака-любителя</color>!
Dialogues/willRankUp3	In Henry's eyes you are now an <color=yellow>Advanced Fisherman</color>!	В очите на Хенри вече си <color=yellow>Напреднал рибар</color>!	Aux yeux d'Henry, tu es désormais un <color=yellow>pêcheur avancé</color> !	Для Генри ты теперь <color=yellow>продвинутый рыбак</color>!
Dialogues/willRankUp4	Incredible! You can call yourself now an <color=yellow>Expert Fisherman</color>!	Невероятно! Сега можеш да се наричаш <color=yellow>Експерт рибар</color>!	Incroyable! Tu peux maintenant dire que tu es un <color=yellow>pêcheur expert</color> !	Невероятно! Теперь ты можешь звать себя <color=yellow>рыбаком-экспертом</color>!
Dialogues/willRankUp5.1	Mr. Prepper, you have reached the peak.\nAccording to Henry, you are an <color=yellow>Master Fisherman</color>!	Г-н Препър, достигнах си върха.\nСпоред Хенри, ти си <color=yellow>Майстор рибар</color>!	M. Prepper, tu as atteint le sommet. Selon Henry, tu es un <color=yellow>maître pêcheur</color> !	Мистер Выживальщик, ты достиг невиданных высот.\nГенри говорит, что ты <color=yellow>рыбак-мастер</color>!
Dialogues/willRankUp5.2	You have learned everything you could from Henry. \nYou are both equals now in fishing mastery, incredible!	Научил си всичко, което можеше от Хенри. \nИ двамата сте равни сега в майсторството на риболова, невероятно!	Henry t'as appris tout ce qu'il pouvait t'apprendre. Vous êtes à présent tous les deux égaux dans la maîtrise de l'art de la pêche, incroyable!	Ты научился у Генри всему, чему мог.\nВы сравнялись в рыболовном мастерстве,\nневероятно!
Dialogues/willRank1	You are a <color=yellow>Novice Fisherman</color>.	Ти си <color=yellow>Нова рибар</color>	Tu es un <color=yellow>Pêcheur débutant</color>.	Ты <color=yellow>рыбак-новичок</color>.
Dialogues/willRank2	You are a <color=yellow>Apprentice Fisherman</color>.	Ти си <color=yellow>Ученик рибар</color>	Tu es un <color=yellow>Apprenti pêcheur</color>.	Ты <color=yellow>рыбак-любитель</color>.
Dialogues/willRank3	You are a <color=yellow>Advanced Fisherman</color>.	Ти си <color=yellow>Напреднал рибар</color>	Tu es un <color=yellow>Pêcheur avancé</color>.	Ты <color=yellow>бывалый новичок</color>.
Dialogues/willRank4	You are a <color=yellow>Expert Fisherman</color>.	Ти си <color=yellow>Експерт рибар</color>.	Tu es un <color=yellow>Pêcheur expert</color>.	Ты <color=yellow>рыбак-эксперт</color>.
Dialogues/willRank5	You are a <color=yellow>Master Fisherman</color>.	Ти си <color=yellow>Майстор рибар</color>	Tu es un <color=yellow>Maître pêcheur</color>.	Ты <color=yellow>рыбак-мастер</color>.
Dialogues/willFishCount1	You have completed... how many quests, Henry?	Колко задачи си изпълнил, Хенри?	Tu as terminé... combien de quêtes, Henry?	Ты выполнил... сколько заданий, Генри?
Dialogues/willToRankUp	Complete <color=yellow>[count]</color> more fishing quests to rank up.	Завърши още <color=yellow>[count]</color> рибни задачи, за да се повишиш.	Terminez <color=yellow>[count]</color> d'autres quêtes de pêche pour passer au niveau supérieur.	И заданий до повышения ранга тебе осталось выполнить <color=yellow>[count]</color>.
Dialogues/willMaxRank				
Dialogues/prepNotEnoughFishes	All fish are gone from here.	Всички риби ги няма тук.	Tous les poissons sont partis d'ici.	Больше рыб нет.
Dialogues/prepLucky	I feel lucky.	Чувствам се късметлия.	J'ai de la chance aujourd'hui	Чувствую, мне сегодня повезет
Dialogues/prepMazeMinigameFinished	I've already done what could be done.	Вече направих всичко, което можеше да се направи.	J'ai déjà fait ce qui pouvait être fait.	Я сделал тут все, что мог.
Dialogues/prepFriendshipLevel0	He still is distrustful.	Той все още е недоверчив.	Il est toujours méfiant.	Он мне все еще не доверяет.
Dialogues/prepFriendshipLevel1	He begins to get used to me.	Започва да свиква с мен.	Il commence à s'habituer à moi.	Он начинает ко мне привыкать.
Dialogues/prepFriendshipLevel2	It seems he likes me after all.	Изглежда, че ме харесва след всичко.	On dirait enfin qu'il m'aime bien	Кажется, я ему нравлюсь.
Dialogues/prepFriendshipLevel3	He trusts me immensely.	Той ми има огромно доверие.	Il me fait une confiance absolue.	Он полностью мне доверяет.
Dialogues/prepTreatIsNotHealthy	I shouldn't give my dog ​​these treats too often.\nOnce a day is enough.	Не трябва да давам на кучето си тези лакомства твърде често.\nВеднъж на ден е достатъчно.	Je ne devrais pas donner ces friandises à mon chien trop souvent. Une fois par jour, ça suffit.	Не стоит мне так часто давать псу вкусности.\nОдного раза в день достаточно.
Dialogues/prepDogeDenAdventureTime	I'd better not disturb his lair.\nHe'll probably be back soon.	По-добре да не безпокоя леговището му.\nВероятно скоро ще се върне.	Je ferais mieux de laisser son coussin. Il va sûrement revenir bientôt.	Лучше не трогать его подстилку.\nОн, наверное, скоро вернется.
Dialogues/prepCannotTakeUpgrade	Aquarium is not empty.\nI should empty aquarium before I install an upgrade.	Аквариумът не е празен.\nТрябва да изпразня аквариума, преди да инсталирам ъпгрейд.	L'aquarium n'est pas vide. Je devrais vider l'aquarium avant d'installer une mise à niveau.	Аквариум полон.\nНужно опустошить его, прежде чем ставить улучшение.
Dialogues/prepNoEnemys	<voice type=question>\nNo enemies?\nLucky me.	<voice type=question>\nНяма врагове?\nКъсметлия съм.	<voice type=question>\nPas d'ennemis? \nJ'ai de la chance.	<voice type=question>\nНикаких противников?\nПовезло.
Dialogues/prepDogeUpperFloor	<voice type=disappointment>\nHm... \n<voice type=disappointment>\nIt seems that Xeno wants to be free.\n<voice type=question>\nMaybe I should take him downstairs. He can go out into the yard.	<voice type=disappointment>\nХмм... \n<voice type=disappointment>\nИзглежда, че Xeno иска да бъде свободен.\n<voice type=question>\nМоже би трябва да го сваля долу. Може да излезе в двора.	<voice type=disappointment>\nHm...\n<voice type=disappointment>\nOn dirait que Xeno a envie d'être libre.\n<voice type=question>\nJe devrais peut-être l'emmener en bas. Il pourrait sortir dans la cour.	<voice type=disappointment>\nХм...\n<voice type=disappointment>\nКажется, Ксено хочет на свободу.\n<voice type=question>\nМожет, поселить его внизу. Он сможет гулять в саду.
Dialogues/survNoWay	<voice type=negation>\nI can't get there!	<voice type=negation>\nНе мога да стигна!	<voice type=negation>\nJe ne peux pas aller là-bas!	<voice type=negation>\nЯ не могу туда попасть!
Dialogues/survBlockedWay	<voice type=negation>\nThe way is blocked!	<voice type=negation>\nПътят е блокиран!	<voice type=negation>\nLa route est bloquée!	<voice type=negation>\nПуть заблокирован!
Dialogues/survIdleTalkingRand1	Hello There	Здравей!	Bonjour là	Ну привет
Dialogues/survIdleTalkingRand2	General Kenobi	Общ. Кеноби	Général Kenobi	Генерал Кеноби
Dialogues/prepFinalePostApo	<voice type=negation>\nDamn...\n<voice type=question>\nMaybe running away is not the solution...\nSo many poor people suffer...\n<voice type=acceptance>\nNo more escapes, it's time to take matters into my own hands!\n<voice type=acceptance>\nI'm started this nightmare and i will end this!	<voice type=negation>\nБля...\n<voice type=question>\nМоже би бягството не е решението...\nТърпете на толкова хора...\n<voice type=acceptance>\nКраят на бягството, време е да сам се справя!\n<voice type=acceptance>\nАз започнах този кошмар и аз ще го приключя!		
Dialogues/bobPostApoLaunch0	Prepper?\nCo ty tutaj robisz?	Препър?\nКакво правиш тук?		
Dialogues/bobPostApoLaunch0.5	W dodatku agent też jest tutaj?\nNie rozumiem.	В допълнение, агентът също е тук?\nНе разбирам.		
Dialogues/bobPostApoLaunch1	Ale jak to?\nCo zrobiłeś?\nGdzie poleciała rakieta?	Абе, как стана това?\nКакво направи?\nКъде отиде ракетата?		
Dialogues/bobPostApoLaunch2	O rany...	О, рани...		
Dialogues/bobPostApoLaunch3	Co zamierzasz teraz zrobić?	Какво ще правиш сега?		
Dialogues/bobPostApoLaunch4	Oczywiście!\nTo będzie dla nas zaszcz....	Разбира се!\nТова ще бъде за нас заще...		
Dialogues/bobPostApoLaunch5	...			
Dialogues/joePostApoLaunch0	Chłopie, przecież miałeś uciekać!	Човече, трябваше да бягаш!		
Dialogues/joePostApoLaunch1	A to ci checa...	А да ти чека...		
Dialogues/joePostApoLaunch2	...			
Dialogues/jennyPostApoLaunch0	Co się dzieje kwiatuszku?	Какво става, цветенце?		
Dialogues/jennyPostApoLaunch1	O marmolatko...	О, мамарлък...		
Dialogues/jennyPostApoLaunch2	Dobry Boże...	Добри Боже...		
Dialogues/willPostApoLaunch0	Kurza twarz\nAle niespodzianka	Куца физиономия\nНо изненада		
Dialogues/willPostApoLaunch1	Święta krowa!	Света крава!		
Dialogues/willPostApoLaunch2	...			
Dialogues/agentPostApoLaunch0	Co tutaj się dzieje?\nPrepper?\nCzemu nie uciekłeś?	Какво става тук?\nПрепър?\nЗащо не избяга?		
Dialogues/agentPostApoLaunch1	Spokojnie\nNie przysporzę wam żadnych kłopotów.	Спокойно\nНяма да ви създавам никакви проблеми.		
Dialogues/agentPostApoLaunch2	Nie mów mi że zrobiłeś to o czym myślę...	Не ми казвай, че си го направил...		
Dialogues/agentPostApoLaunch3	O kurde...\nW zarządzie pospadają z krzeseł...	О, по дяволите...\nВ управлението падат от столове...		
Dialogues/agentPostApoLaunch4	Oczywiście...\nTylko że jestet jeden szkopuł...	Разбира се... \nНо има един проблем...		
Dialogues/agentPostApoLaunch5	A no właśnie...\nTaki szkopół...\nNajgorsze jest to że to dopiero jedna z wielu bomb...	Е, точно така... \nТози проблем... \nНай-лошото е, че това е само една от многото бомби...		
Dialogues/agentPostApoLaunch6	...			
Dialogues/prepPostApoLaunch0	Wiesz co Bob?\nPostanowiłem przestać uciekać i stawić czoła koszmarowi który zapoczątkowałęm.	Знаеш ли, Боб?\nРеших да спра да бягам и да се изправя срещу кошмара, който започнах.		
Dialogues/prepPostApoLaunch0.5	"Wiecie co?\nPostanowiłem przestać uciekać i stawić czoła koszmarowi który zapoczątkowałęm."\t\t\t	"Знаете ли какво?"\nРеших да спра да бягам и да се изправя срещу кошмара, който започнах.\t\t\t		
Dialogues/prepPostApoLaunch1	Moja praca nad satelitą przysporzyła wielu osobom wielką krzywdę\nUciekanie od tej odpowiedzialnośni byłoby niesamowitym tchórzostwem\nDlatego postanowiłem zniszczyć satelitę i uwolnić tych wszystkich ludzi których zniewoliła	Моята работа над сателита причини голяма вреда на много хора\nБягането от тази отговорност би било огромно малодушие\nЗатова реших да унищожа сателита и да освободя всички тези хора, които той пороби		
Dialogues/prepPostApoLaunch2	Jeżeli mi pozwolisz Bob, chciałbym dołączyć do ciebie w akcji "Przebudzenie"\nŻeby naprawić krzywdy które wyrządziłem	Ако ми позволиш, Боб, бих искал да се присъединя към теб в акцията "Събуждане".\nЗа да поправя злините, които извърших		
Dialogues/prepPostApoLaunch2.5	Jeżeli mi pozwolicie, chciałbym dołączyć do was w akcji "Przebudzenie"\nŻeby naprawić krzywdy które wyrządziłem	Ако ми позволиш, искам да се присъединя към теб в акцията "Събуждане"\nЗа да поправя грешките, които направих		
Dialogues/prepPostApoLaunch2.75	Wraz z agentem chcielibyśmy dołączyć do akcji "Przebudzenie"\nŻeby naprawić krzywdy które wyrządziliśmy\nPrawda Minutmenie?	Заедно с агента бихме искали да се присъединим към акцията "Събуждане"\nЗа да поправим злините, които сме извършили\nИстина ли е това, което чувам?		
Dialogues/prepPostApoLaunch3	Jasna cholera...\nCo to ma być!	Ясна холера... \n Какво да бъде!		
Dialogues/prepPostApoLaunch4	Dobra słuchaj Bob\nNie ma czasu na oglądanie fajerwerków\nBiegnij Szybko do mojego bunkra\nNiewiadomo co zaraz się wydaży\nJa jeszcze postaram się pozbierać najpotrzebniejsze rzeczy!	Слушай внимателно, Боб.\nНяма време за гледане на фойерверки.\nБягай бързо до моя бункер\nНе знам какво ще се случи скоро.\nЩе се опитам да събера най-необходимите неща!		
Dialogues/prepPostApoLaunch4.5	Dobra słuchajcie wszyscy\nNie ma czasu na oglądanie fajerwerków\nBiegnijcie Szybko do mojego bunkra\nNiewiadomo co zaraz się wydaży\nJa jeszcze postaram się pozbierać najpotrzebniejsze rzeczy!	Бързо всички слушайте\nНяма време за гледане на фойерверки\nБягайте бързо в моя бункер\nНещо ще се случи скоро\nАз ще се опитам да събера най-необходимите неща!		
Dialogues/prepPostApoLaunch4.75	Jedna z wielu?!\nKiedy zamierzałeś nam o tym powiedzieć?!	Една от многото?!\nКога възнамеряваше да ни кажеш за това?!		
Dialogues/prepPostApoLaunch5	Dobra teraz nie jest to ważne Biegnijcie szybko do mojego bunkra Ja jeszcze postaram się pozbierać najpotrzebniejsze rzeczy!	Сега не е важно, тичай бързо към моя бункер, аз ще се опитам да събера най-необходимите неща!		
Dialogues/prepPostApoLaunch6	Nie na darmo nazywam się Mr. Prepper!	Не напразно се казвам г-н Препър!		
Dialogues/prepPostApoLaunch7	Dobra mam nadzieję że zabrałem wszystko co może nam się przydać\nPora uciekać	Добра надежда, че съм взел всичко, което може да ни потрябва\nВреме е да бягаме		
Dialogues/prepDrinkCoffee	This will definitely get me back on my feet.	Това със сигурност ще ме върне на крака.	Cela va certainement me remettre sur pied.	Это меня уж точно взбодрит.
Dialogues/willFishingReward1	Incredible!\nYou caught every kind of fish that lives in this area.\nSuch a feat demands a special reward.\nLet's see... hmm...	Невероятно! \nУлови всички видове риба, които живеят в този район. \nТакъв подвиг заслужава специална награда. \nДа видим... хмм...	Incroyable !\r\nTu as attrapé chaque type de poisson qui vit dans cette région.\r\nUn tel exploit mérite une récompense spéciale.\r\nVoyons voir... hmm...	Поверить не могу!\nТы выловил все, что здесь водится! Ты видел все виды рыб!\nЗа такой подвиг полагается особая награда.\nДай-ка подумать... Хм-м...
Dialogues/prepFishingReward2	It's fine, Will. I got enough rewards from you already.	Добре, Уил. Вече получих достатъчно награди от теб.	C'est bien, Will. J'ai déjà assez de récompenses de ta part.	Уилл, да не заморачивайся. Ты меня и так уже завалил наградами.
Dialogues/willFishingReward3	<voice type=negation>\nNo! You need to be rewarded. \nHere you go.	<voice type=negation>\nНе! Трябва да получиш награда. \nЕто.	<voice type=negation>\r\nNon ! Tu dois être récompensé.\r\nTiens.	<voice type=negation>\nНет-нет-нет! Будет тебе награда. \nВот, держи.
Dialogues/willFishingReward4	It's my old fishing hat.	Това е старата ми рибарска шапка.	C'est mon vieux chapeau de pêche.	Это моя старая рыболовная шляпа.
Dialogues/prepFishingReward5	Ah... Thanks... It looks very...\n<voice type=question>\nUseful?	Ах... Благодаря... Изглежда много...\n<voice type=question>\nПолезно?	Ah... Merci... Ça a l'air très...\r\n<voice type=question>\r\nUtile ?	О... Спасибо... Очень...\n<voice type=question>\nПолезно?
Dialogues/willFishingReward6	It sure is! With this hat catching more fish will be a breeze.	Да, наистина! С тази шапка уловът на риба ще бъде като детска игра.	C'est sûr ! Avec ce chapeau, attraper plus de poissons sera un jeu d'enfant.\r\n\r	А то! С этой шляпой ты будешь не успевать вынимать улов.
Dialogues/prepFishingReward7	I will give it a try.	Ще пробвам.	Je vais essayer.\r\n\r	Обязательно проверю.
Dialogues/prepCoffeeMachineCoffeeBeans	I need coffee beans for that.	Трябва ми кафе на зърна за това.	J'ai besoin de grains de café pour cela.\r\n\r	Мне нужны кофейные зерна для этого.\r\n\r
Dialogues/prepReciveJoeUraniumLetter	<voice type=question>\nInteresting.\n<voice type=acceptance>\nI'd be very happy to take a look at this item, it might lead somewhere.	<voice type=question>\nИнтересно.\n<voice type=acceptance>\nЩе се радвам да погледна този предмет, може да води до нещо.	<voice type=question>\nIntéressant.\n<voice type=acceptance>\nJe serais très heureux de jeter un œil à cet objet, cela pourrait mener quelque part.\n	<voice type=question>\nИнтересно.\n<voice type=acceptance>\nЯ был бы очень рад взглянуть на этот предмет, он может куда-то привести.\n
Dialogues/prepGlowingGlass1	<voice type=greeting>\nHi, Joe. I received your letter. I'd love to take a look at this thing you found.	<voice type=greeting>\nЗдравей, Джо. Получих писмото ти. Много бих искал да разгледам това нещо, което си намерил.	<voice type=greeting>\nSalut, Joe. J'ai reçu ta lettre. J'adorerais jeter un œil à cette chose que tu as trouvée.\n	<voice type=greeting>\nПривет, Джо. Я получил твое письмо. Я с удовольствием посмотрю на эту вещь, которую ты нашел.\n
Dialogues/joeGlowingGlass2	<voice type=laugh>\nRight! It's amazing! As I said, I was just walking around the yard with a UV lamp...	<voice type=laugh>\nТочно! Невероятно е! Като казах, просто ходея по двора с UV лампа...	<voice type=laugh>\nExact ! C'est incroyable !  \nComme je l'ai dit, je me promenais juste dans la cour avec une lampe UV...\n	<voice type=laugh>\nТочно! Это удивительно!  \nКак я уже сказал, я просто гулял по двору с УФ-лампой...\n
Dialogues/prepGlowingGlass3	<voice type=acceptance>\nAs one does.	<voice type=acceptance>\nКакто трябва	<voice type=acceptance>\nComme on fait.\n	<voice type=acceptance>\nКак это обычно делают.\n
Dialogues/joeGlowingGlass4	But of course! You should also try looking at your place in a different light sometimes.	Разбира се! Понякога трябва да погледнеш на мястото си по различен начин.	Mais bien sûr !  \nTu devrais aussi parfois essayer de voir ton endroit sous un autre angle.\n	Конечно!  \nТебе тоже стоит иногда посмотреть на своё место в другом свете.\n
Dialogues/prepGlowingGlass5	<voice type=question>\nSure. So this piece glowed up?	<voice type=question>\nРазбира се. Значи този парче светна?	<voice type=question>\nBien sûr. Donc cet objet a brillé ?\n\n	<voice type=question>\r\nКонечно. Значит, эта вещь засветилась?\r\n
Dialogues/joeGlowingGlass6	<voice type=surprise>\nLike a neon light! \nI think it's uranium glass, they used to make those before they started using the material for... these other things.\nBut that's not everything. Take a look at this stamp at the bottom of the glass.	<voice type=surprise>\nКато неонова лампа!\nМисля, че е ураниево стъкло, преди да започнат да го използват за… тези други неща.\nНо това не е всичко. Погледни този печат от дъното на стъклото.	<voice type=surprise>\nComme une lumière au néon !  \nJe pense que c'est du verre à uranium, ils en fabriquaient avant d'utiliser le matériau pour... ces autres choses.  \nMais ce n'est pas tout. Regarde ce tampon au fond du verre.\n	<voice type=surprise>\nКак неоновая лампа!  \nДумаю, это урановое стекло, раньше такие делали, прежде чем начали использовать материал для... этих других вещей.  \nНо это ещё не всё. Посмотри на штамп на дне стакана.\n
Dialogues/prepGlowingGlass7	<voice type=question>\n"Murricaville Uranium Co." Oh wow, do you think it was made here?	<voice type=question>\n„Мърикавил Uranium Co.“ О, wow, мислиш че е направена тук?	<voice type=question>\n« Murricaville Uranium Co. »  \nOh, wow, tu crois que ça a été fabriqué ici ?\n	<voice type=question>\n«Murricaville Uranium Co.»  \nОго, думаешь, это сделали здесь?\n
Dialogues/joeGlowingGlass8	<voice type=negation>\nNo idea. \n<voice type=question>\nBut Bob knows a lot of stuff about local history, right? Maybe you should ask him?	<voice type=negation>\nНямам представа. \n<voice type=question>\nНо Боб знае много неща за местната история, нали? Може би трябва да го попиташ?	<voice type=negation>\nAucune idée.  \n<voice type=question>\nMais Bob connaît beaucoup de choses sur l’histoire locale, non ? Tu devrais peut-être lui demander ?\n	<voice type=negation>\nПонятия не имею.  \n<voice type=question>\nНо Боб много знает о местной истории, верно? Может, тебе стоит его спросить?\n
Dialogues/prepGlowingGlass9	<voice type=thanks>\nThat's a good tip, thanks.	<voice type=thanks>\nДобра съветка, благодаря.	<voice type=thanks>\nC’est un bon conseil, merci.\n	<voice type=thanks>\nХороший совет, спасибо.\n
Dialogues/joeGlowingGlass10	<voice type=order>\nAnd you should consider checking more stuff with your Geiger counter. Maybe you'll find some more!	<voice type=order>\nИ ти трябва да провериш повече неща с твоя Гайгер брояч. Може би ще намериш още!	<voice type=order>\nEt tu devrais envisager de vérifier plus de choses avec ton compteur Geiger.  \nPeut-être que tu en trouveras d’autres !\n	<voice type=order>\nА тебе стоит проверить ещё больше вещей своим счетчиком Гейгера.  \nМожет, найдёшь ещё!\n
Dialogues/prepGlowingGlass11	<voice type=disappointment>\nUhm... Right... I think I lost the previous one. Do you maybe have another?	<voice type=disappointment>\nЕх... Добре... Мисля, че изгубих предишния. Може би имаш друг?	<voice type=disappointment>\nEuh... D’accord... Je crois que j’ai perdu le précédent.  \nTu en aurais peut-être un autre ?\n	<voice type=disappointment>\nЭм... Да... Кажется, я потерял предыдущий.  \nУ тебя, может, есть ещё один?\n
Dialogues/joeGlowingGlass12	<voice type=laugh>\nHaha, Prepper, do you think I run a storage of old nuclear equipment?\n...I have another one, yes. You can take it. Good hunting!	<voice type=laugh>\nХаха, препър, мислиш че поддържам склад със старо ядрено оборудване?\n...Имам още едно, да. Можеш да го вземеш. Успешна лов!	<voice type=laugh>\nHaha, Prepper, tu crois que je gère un entrepôt d’anciens équipements nucléaires ?\n...J’en ai un autre, oui. Tu peux le prendre. Bonne chasse !\n	<voice type=laugh>\nХа-ха, Prepper, ты думаешь, я держу склад старого ядерного оборудования?\n...У меня есть еще один, да. Можешь взять. Удачной охоты!\n
Dialogues/prepGlowingGlass13	<voice type=thanks>\nThanks, Joe, I can always count on you.	<voice type=thanks>\nБлагодаря, Джо, винаги мога да разчитам на теб.	<voice type=thanks>\nMerci, Joe. Je peux toujours compter sur toi.\n	<voice type=thanks>\nСпасибо, Джо. Я всегда могу на тебя рассчитывать.\n
Dialogues/prepUraniumMine1	<voice type=greeting>\nHey Bob, I need your expertise on local history, and perhaps your amazing book-searching skills.	<voice type=greeting>\nЗдравей, Боб, имам нужда от твоята експертиза по местната история и може би от невероятните ти умения да търсиш книги.	<voice type=greeting>\nSalut Bob, j’ai besoin de ton expertise sur l’histoire locale  \net peut-être aussi de ton incroyable talent pour trouver des livres.\n	<voice type=greeting>\nПривет, Боб, мне нужна твоя экспертиза по местной истории  \nи, возможно, твой удивительный талант находить книги.\n
Dialogues/bobUraniumMine2	<voice type=thanks>\nOh, my favorite! Give me what you have.	<voice type=thanks>\nО, любими! Дай ми каквото имаш.	<voice type=thanks>\nOh, mon préféré !  \nDonne-moi ce que tu as.\n	<voice type=thanks>\nО, моё любимое!  \nДай мне то, что у тебя есть.\n
Dialogues/prepUraniumMine3	Take a look at the stamp on this glass piece.	Погледни печата на това стъкло.	Regarde le tampon sur ce morceau de verre.\n	Посмотри на штамп на этом стеклянном изделии.\n
Dialogues/bobUraniumMine4	<voice type=negation>\n"Murricaville Uranium Co." Never heard of that! Where do you have it from?	<voice type=negation>\nНе съм чувал за „Мърикавил Uranium Co.“ Откъде го имаш?	<voice type=negation>\n« Murricaville Uranium Co. »  \nJamais entendu parler !  \nD’où l’as-tu ?\n	<voice type=negation>\n«Murricaville Uranium Co.»  \nНикогда не слышал!  \nОткуда у тебя это?\n
Dialogues/prepUraniumMine5	Joe found it in his junkyard. Looks genuine to me.	Джо го намери в своя автоморга. Изглежда автентично.	Joe l’a trouvé dans sa casse.  \nÇa me semble authentique.\n	Джо нашёл это на своём свалке.  \nНа мой взгляд, выглядит подлинно.\n
Dialogues/bobUraniumMine6	I'll dive into the books and see what I can find. Ask me again about this later.	Ще се потопя в книгите и ще видя какво мога да намеря. Питай ме пак за това по-късно.	Je vais plonger dans les livres et voir ce que je peux trouver.  \nRepose-moi la question plus tard.\n	Я погружусь в книги и посмотрю, что смогу найти.  \nСпроси меня об этом позже.\n
Dialogues/prepUraniumMineAfterResearch1	<voice type=greeting>\nHi Bob! Found anything on the uranium thing?	<voice type=greeting>\nЗдравей, Боб! Намери ли нещо за урана?	<voice type=greeting>\nSalut Bob !  \nAs-tu trouvé quelque chose à propos de ce truc à l’uranium ?\n	<voice type=greeting>\nПривет, Боб!  \nНашёл что-нибудь про этот уран?\n
Dialogues/bobUraniumMineAfterResearch2	<voice type=acceptance>\nHa, you bet I did. And this quickly got surprising.	<voice type=acceptance>\nХа, разбира се, че го направих. И това бързо стана изненадващо.	<voice type=acceptance>\nHa, bien sûr.  \nEt ça a vite été surprenant.\n	<voice type=acceptance>\nХа, конечно.  \nИ это быстро стало неожиданным.\n
Dialogues/prepUraniumMineAfterResearch3	Don't keep me waiting.	Не ме бави.	Ne me fais pas attendre.\n	Не заставляй меня ждать.\n
Dialogues/bobUraniumMineAfterResearch4	There was indeed a Murricaville Uranium Co. here, founded some time before World War II, in the 1920s most probably.\nThey were manufacturing various products with uranium.	Имаше наистина Мърикавил Uranium Co. тук, основана някъде преди Втората световна война, най-вероятно през 1920-те години.\nПроизвеждаха различни продукти с уран.	Il y avait en effet une Murricaville Uranium Co. ici,  \nfondée quelque temps avant la Seconde Guerre mondiale, probablement dans les années 1920.  \nIls fabriquaient divers produits à base d’uranium.\n	Здесь действительно существовала компания Murricaville Uranium Co.,  \nоснованная, вероятно, ещё до Второй мировой войны, скорее всего в 1920-х годах.  \nОни производили различные изделия с ураном.\n
Dialogues/prepUraniumMineAfterResearch5	<voice type=surprise>\nProducts with uranium...?!	<voice type=surprise>\nПродукти с уран...?!	<voice type=surprise>\nDes produits avec de l’uranium...?!\n	<voice type=surprise>\nПродукты с ураном...?!\n
Dialogues/bobUraniumMineAfterResearch6	<voice type=acceptance>\nHa, yes. It was used to strengthen some kinds of steel. But also to color glass with pretty shades of green and yellow. And glowing in the UV light, too.\nThere were also some health products containing uranium and radium, did you know that?	<voice type=acceptance>\nХа, да. Използвало се е за заздравяване на някои видове стомана. Но също така и за оцветяване на стъклото с красиви нюанси на зелено и жълто. И свети в UV светлината, също така.\nИмаше и някои здравни продукти, съдържащи уран и радий, знаеш ли това?	<voice type=acceptance>\nHa, oui.  \nIl était utilisé pour renforcer certains types d’acier.  \nMais aussi pour colorer le verre avec de jolis tons verts et jaunes.  \nEt il brillait aussi sous la lumière UV.  \nIl existait aussi certains produits de santé contenant de l’uranium et du radium, le savais-tu ?\n	<voice type=acceptance>\nХа, да.  \nЕго использовали для укрепления некоторых видов стали.  \nНо также для окрашивания стекла в красивые оттенки зелёного и жёлтого.  \nИ оно светилось под ультрафиолетом.  \nБыли также некоторые оздоровительные продукты с ураном и радием, ты знал об этом?\n
Dialogues/prepUraniumMineAfterResearch7	<voice type=surprise>\nHealth products?! So people didn't know radiation is dangerous?	<voice type=surprise>\nПродукти за здраве?! Значи хората не са знали, че радиацията е опасна?	<voice type=surprise>\nDes produits de santé ?!  \nAlors les gens ne savaient pas que la radiation est dangereuse ?\n	<voice type=surprise>\nОздоровительные продукты?!  \nТак люди не знали, что радиация опасна?\n
Dialogues/bobUraniumMineAfterResearch8	<voice type=acceptance>\nIt was not a common knowledge back then. I wouldn't recommend using a radium cream for your grooming routine, but uranium glass should be mostly harmless.\nEven mining uranium wasn't considered particularly dangerous back then, and nobody was interested in comparing cancer rates.	<voice type=acceptance>\nТогава не беше общоизвестно. Не бих препоръчал да използваш радиева крем за рутинната си грижа, но уранното стъкло би трябвало да е предимно безопасно.\nДори добивът на уран не се смяташе за особено опасен по онова време и никой не се интересуваше от сравняване на нивата на рак.	<voice type=acceptance>\nCe n’était pas une connaissance commune à l’époque.  \nJe ne recommanderais pas d’utiliser une crème au radium dans votre routine de soins,  \nmais le verre à l’uranium devrait être en grande partie inoffensif.  \nMême l’extraction de l’uranium n’était pas considérée comme particulièrement dangereuse à l’époque,  \net personne ne s’intéressait à comparer les taux de cancer.\n	<voice type=acceptance>\nВ то время это не было общеизвестным.  \nЯ не рекомендовал бы использовать радиевый крем в своей повседневной гигиене,  \nно урановое стекло должно быть в основном безопасным.  \nДаже добычу урана тогда не считали особенно опасной,  \nи никого не интересовало сравнение уровня заболеваемости раком.\n
Dialogues/prepUraniumMineAfterResearch9	<voice type=question>\nRight... And were there also mining operations in Murricaville?	<voice type=question>\nТова е... И имаше ли и добив в Мъритикавал?	<voice type=question>\nD'accord... Et y avait-il aussi des opérations minières à Murricaville ?\n	<voice type=question>\nВерно... А в Murricaville также велась добыча?\n
Dialogues/bobUraniumMineAfterResearch10	That's the fascinating part. There were, and the only logical option for this is... this mine.\nBut I don't really know where the uranium ore might be, perhaps you need to look for it.\nDuring Project Manhattan, when the military realized there are... those other uses for uranium than cool-looking glass, they seized the mine and unused uranium.\nBut the excavation here wasn't efficient enough, and the Oppenheimer guys used another mine eventually.	Това е най-интересната част. Имаше, и единствената логична опция за това е... тази мина.\nНо не знам наистина къде може да е уранът, може би трябва да го потърсиш.\nПо време на Проект Манхатън, когато военните осъзнаха, че има... други приложения за урана освен готини стъкла, те завзеха мината и неизползвания уран.\nНо разкопките тук не бяха достатъчно ефективни, и хората на Опенхаймер използваха друга мина в крайна сметка.	C'est la partie fascinante.  \nIl y en avait, et la seule option logique pour cela est... cette mine.  \nMais je ne sais pas vraiment où le minerai d'uranium pourrait être, peut-être devez-vous le chercher.  \nPendant le Projet Manhattan, lorsque l'armée s'est rendu compte qu'il existe... d'autres usages de l'uranium que pour le verre esthétique,  \nils ont saisi la mine et l’uranium inutilisé.  \nMais l’extraction ici n’était pas assez efficace, et les gars d’Oppenheimer ont finalement utilisé une autre mine.\n	Вот в чём самое интересное.  \nОни были, и единственный логичный вариант для этого —... эта шахта.  \nНо я на самом деле не знаю, где может быть урановая руда, возможно, тебе нужно поискать её.  \nВо время Проекта Манхэттен, когда военные поняли, что уран имеет... другие применения кроме красивого стекла,  \nони конфисковали шахту и неиспользованный уран.  \nНо добыча здесь была недостаточно эффективной, и ребята Оppenheimer в итоге использовали другую шахту.\n
Dialogues/prepUraniumMineAfterResearch11	<voice type=question>\nSo what happened to this one?	<voice type=question>\nТова какво му стана?	<voice type=question>\nAlors, qu'est-il arrivé à celle-ci ?\n	<voice type=question>\nТак что же произошло с этой?\n
Dialogues/bobUraniumMineAfterResearch12	Uranium excavation was discontinued. After inventing the atomic bomb, the government restricted civilian uses of uranium.\nBut you're a master explorer, maybe you'll still be able to find the parts of the mine that were used for it?	Уранодобивът беше прекратен. След като изобретиха атомната бомба, правителството ограничи гражданските употреби на уран.\nНо ти си майстор изследовател, може би все още ще можеш да намериш частите от мината, които са били използвани за него?	L'extraction d'uranium a été arrêtée.  \nAprès l'invention de la bombe atomique, le gouvernement a restreint les usages civils de l'uranium.  \nMais tu es un explorateur chevronné, peut-être pourras-tu encore trouver les parties de la mine qui étaient utilisées à cet effet ?\n	Добыча урана была прекращена.  \nПосле изобретения атомной бомбы правительство ограничило гражданское использование урана.  \nНо ты мастер-исследователь, может быть, тебе удастся найти части шахты, которые для этого использовались?\n
Dialogues/prepUraniumMineAfterResearch13	<voice type=thanks>\nThanks for all the information. I'll try.	<voice type=thanks>\nБлагодаря за цялата информация. Ще се опитам.	<voice type=thanks>\nMerci pour toutes les informations.  \nJe vais essayer.\n	<voice type=thanks>\nСпасибо за всю информацию.  \nЯ попробую.\n
Dialogues/prepSearchingForRadiatedPass1	Hmm, the instrument shows me there is some radiation in this spot.	Хм, уредът ми показва, че има радиация на това място.	Hmm, l'instrument me montre qu'il y a des radiations à cet endroit.\n	Хмм, прибор показывает, что в этом месте есть некоторое излучение.\n
Dialogues/prepSearchingForRadiatedPass2	<voice type=question>\nOh! What's this?	<voice type=question>\nОо! Какво е това?	<voice type=question>\nOh ! Qu'est-ce que c'est ?\n	<voice type=question>\nО! Что это?\n
Dialogues/prepInspectDestroyedHazmat1	Protective clothing... I think it's some kind of an old hazmat suit. Way too damaged to use though.\nI will search the pockets.	Защитно облекло... Мисля, че е някакъв стар костюм за химическа защита. Много е повреден, за да го използваш.\nЩе претърся джобовете.	Vêtements de protection...  \nJe pense que c'est une sorte de vieille combinaison de protection. Trop abîmée pour être utilisée cependant.  \nJe vais fouiller les poches.\n	Защитная одежда...  \nКажется, это какой-то старый защитный костюм. Но слишком повреждён, чтобы использовать.  \nЯ проверю карманы.\n
Dialogues/prepInspectDestroyedHazmat2	<voice type=thanks>\nAnother elevator pass! That must be the way to another level of the mine!	<voice type=thanks>\nОще един пропуск за асансьор! Това трябва да е пътят към следващото ниво на рудника!	<voice type=thanks>\nUn autre pass pour l'ascenseur !  \nCela doit être le chemin vers un autre niveau de la mine !\n	<voice type=thanks>\nЕщё один пропуск для лифта!  \nЭто должно быть путь на другой уровень шахты!\n
Dialogues/prepRadiatedMushroomGrab1	<voice type=question>\nThis looks odd, even for mushroom standards.\n<voice type=order>\nThe counter shows it's radiated. I shouldn't keep it close to me for too long.	<voice type=question>\nТова изглежда странно, дори за стандарти на гъби.\n<voice type=order>\nСчетът показва, че е радиоактивно. Не трябва да го държа близо до себе си твърде дълго.	<voice type=question>\nÇa a l'air étrange, même pour des standards de champignons.\n<voice type=order>\nLe compteur montre que c'est irradié. Je ne devrais pas le garder trop longtemps près de moi.\n	<voice type=question>\nЭто выглядит странно, даже по грибным меркам.\n<voice type=order>\nСчётчик показывает, что оно радиоактивно. Мне не стоит держать это слишком долго рядом с собой.\n
Dialogues/prepRadiatedMushroomGrab2	I don't know if there's any meaningful use of those. But I'll show them to Jenny, maybe she'll find it interesting. 	Не знам дали има някакъв смисъл в тях. Но ще ги покажа на Джени, може би ще й е интересно.	Je ne sais pas s'il y a une utilisation significative pour ça.  \nMais je vais les montrer à Jenny, peut-être que cela l'intéressera.\n	Не знаю, есть ли у них какое-то полезное применение.  \nНо я покажу их Дженни, возможно, ей будет интересно.\n
Dialogues/prepRadiatedMushroomTalk1	<voice type=greeting>\nHello, Jenny. I have some... curiosity for you to take a look at.	<voice type=greeting>\nЗдравей, Джени. Имам някаква... любопитност, която да погледнеш.	<voice type=greeting>\nBonjour, Jenny. J'ai une petite... curiosité à te montrer.\n	<voice type=greeting>\nПривет, Дженни. У меня есть кое-что... любопытное, что ты можешь посмотреть.\n
Dialogues/herbRadiatedMushroomTalk2	<voice type=greeting>\nOh, it's so nice of you to think about the old lady! Show me.	<voice type=greeting>\nО, много ми е мило, че ми мислиш! Покажи ми.	<voice type=greeting>\nOh, c'est si gentil de ta part de penser à la vieille dame !  \nMontre-moi.\n	<voice type=greeting>\nО, как мило с твоей стороны подумать о старушке!  \nПокажи мне.\n
Dialogues/prepRadiatedMushroomTalk3	So I found this mushroom. I think it's mutated. Even more than that: currently radioactive.	Намерих тази гъба. Мисля, че е мутирала. Дори повече от това: в момента е радиоактивна.	J'ai trouvé ce champignon.  \nJe pense qu'il est muté.  \nEt plus encore : il est actuellement radioactif.\n	Я нашёл этот гриб.  \nКажется, он мутировал.  \nБолее того: сейчас он радиоактивен.\n
Dialogues/herbRadiatedMushroomTalk4	<voice type=question>\nOh Buttercup, it's never just cute flowers with you, right? But it does sound interesting, let me take a look.\n<voice type=acceptance>\nYou're right, these are surely mutated. I've seen such specimen once, a friend living close to Three Mile Island sent it to me.\nI have an idea for a small experiment with this one. Please visit me later and maybe you'll get a small treat.	<voice type=question>\nО, Buttercup, никога не са само сладки цветя с теб, нали? Но звучи интересно, нека да погледна.\n<voice type=acceptance>\nТи си прав, тези със сигурност са мутирали. Виждал съм такъв екземпляр веднъж, приятел, който живее близо до Трий Мил Айлънд, ми го изпрати.\nИмам идея за малък експеримент с този. Моля, посети ме по-късно и може би ще получиш малка награда.	<voice type=question>\nOh Buttercup, ce ne sont jamais juste de jolies fleurs avec toi, hein ?  \nMais ça a l'air intéressant, laisse-moi jeter un œil.\n<voice type=acceptance>\nTu as raison, elles sont sûrement mutées.  \nJ'ai déjà vu un tel spécimen, une amie vivant près de Three Mile Island me l'a envoyé.  \nJ'ai une idée pour une petite expérience avec celui-ci. Viens me rendre visite plus tard et peut-être recevras-tu une petite récompense.\n	<voice type=question>\nО, Баттеркап, у тебя никогда не бывает просто милых цветов, верно?  \nНо это звучит интересно, дай-ка взгляну.\n<voice type=acceptance>\nТы прав, эти явно мутировали.  \nОднажды я видел такой экземпляр, мне прислала его подруга, живущая рядом с Три-Майл-Айленд.  \nУ меня есть идея для небольшого эксперимента с этим. Пожалуйста, загляни ко мне позже, возможно, получишь маленькое угощение.\n
Dialogues/prepRadiatedMushroomTalk5	<voice type=acceptance>\nMysterious as always! I'll make sure to come back.	<voice type=acceptance>\nМистериозен като винаги! Ще се погрижа да се върна.	<voice type=acceptance>\nMystérieuse comme toujours !  \nJe reviendrai sûrement.\n	<voice type=acceptance>\nТаинственная, как всегда!  \nЯ обязательно вернусь.\n
Dialogues/prepAntiRadiation1	<voice type=greeting>\nHello, Jenny! Have you managed to do something interesting with the mutated, radioactive mushroom?	<voice type=greeting>\nЗдравей, Джени! Успя ли да направиш нещо интересно с мутирания, радиоактивния гъба?	<voice type=greeting>\nBonjour, Jenny !  \nAs-tu réussi à faire quelque chose d'intéressant avec le champignon muté et radioactif ?\n	<voice type=greeting>\nПривет, Дженни!  \nТебе удалось сделать что-то интересное с мутировавшим, радиоактивным грибом?\n
Dialogues/herbAntiRadiation2	This might surprise you. I used it to make an extract that cleanses some of the radiation from your body.\nHere, take a sample.	Това може да те изненада. Използвах го, за да направя екстракт, който пречиства част от радиацията от тялото ти.\nЕто, вземи проба.	Cela pourrait te surprendre.  \nJe l'ai utilisé pour fabriquer un extrait qui élimine une partie des radiations de ton corps.  \nTiens, prends un échantillon.\n	Это может тебя удивить.  \nЯ использовала его, чтобы сделать экстракт, который очищает часть радиации из твоего тела.  \nВот, возьми образец.\n
Dialogues/prepAntiRadiation3	<voice type=thanks>\nIncredible! How does that work?	<voice type=thanks>\nНевероятно! Как работи това?	<voice type=thanks>\nIncroyable !  \nComment ça marche ?\n	<voice type=thanks>\nНевероятно!  \nКак это работает?\n
Dialogues/herbAntiRadiation4	<voice type=laugh>\nI can't tell you. But weird old ladies are also fit for the atomic age, Buttercup. \nAnyway, here's the recipe, if you need to make more.	<voice type=laugh>\nНе мога да ти кажа. Но и странните стари дами са подходящи за атомната ера, Батъркап.\nВъпреки това, ето рецептата, ако трябва да направиш повече.	<voice type=laugh>\nJe ne peux pas te le dire.  \nMais les vieilles dames bizarres conviennent aussi à l'ère atomique, Buttercup.  \nQuoi qu'il en soit, voici la recette si tu as besoin d'en faire plus.\n	<voice type=laugh>\nЯ не могу тебе сказать.  \nНо странные старушки тоже подходят для атомной эпохи, Баттеркап.  \nВ любом случае, вот рецепт, если тебе нужно сделать больше.\n
Dialogues/prepAntiRadiation5	<voice type=thanks>\nThank you. I'm sure it's going to be useful.	<voice type=thanks>\nБлагодаря. Сигурен съм, че ще ти пригоди нещо.	<voice type=thanks>\nMerci.  \nJe suis sûr que ça va être utile.\n	<voice type=thanks>\nСпасибо.  \nЯ уверен, что это будет полезно.\n
Dialogues/prepOldGasMask1	This seems to be an old gas mask. \n<voice type=question>\nWere they trying to protect themselves with this?\nIt's a very incomplete radiation protection... But there's a good idea in it.\nIt would at least protect from inhaling radioactive particles.	Това изглежда като стара газова маска. \n<voice type=question>\nТряха ли да се защитават с нея?\nТова е много непълна радиационна защита... Но има добра идея в нея.\nПоне би предпазила от вдишване на радиоактивни частици.	Cela semble être un vieux masque à gaz.  \n<voice type=question>\nEssayaient-ils de se protéger avec ça ?  \nC'est une protection contre les radiations très incomplète...  \nMais l'idée est bonne.  \nAu moins, cela protégerait de l'inhalation de particules radioactives.\n	Похоже, это старая противогаз.  \n<voice type=question>\nОни пытались защититься этим?  \nЭто очень неполная защита от радиации...  \nНо идея хорошая.  \nХотя бы защищает от вдыхания радиоактивных частиц.\n
Dialogues/prepOldGasMask2	I think I could make my own mask, better than this one.	Мисля, че мога да си направя собствена маска, по-добра от тази.	Je pense que je pourrais fabriquer mon propre masque, meilleur que celui-ci.\n	Я думаю, что мог бы сделать свою собственную маску, лучше этой.\n
Dialogues/prepUraniumMiningMachine1	<voice type=question>\nOh, and what's that? An excavator?\nIt sure would be great not to mine uranium by hand like its's 1930. Let's see if it's in working condition.	<voice type=question>\nО, а това какво е? Екскаватор?\nЩе беше страхотно да не се добива уран с ръце като през 1930-те. Да видим дали работи.	<voice type=question>\nOh, et ça, qu'est-ce que c'est ? Une excavatrice ?  \nCe serait vraiment génial de ne pas extraire l'uranium à la main comme en 1930.  \nVoyons si elle est en état de marche.\n	<voice type=question>\nО, а что это? Экскаватор?  \nБыло бы здорово не добывать уран вручную, как в 1930-х.  \nПосмотрим, работает ли он.\n
Dialogues/prepUraniumMiningMachine2	<voice type=thanks>\nWow, it seems to be working!\nNow I will be able to get uranium ore fast. The nuclear future looks bright.	<voice type=thanks>\nВау, изглежда работи!\nСега ще мога бързо да добивам уранов руда. Ядреният бъдещ изглежда светъл.	<voice type=thanks>\nWow, ça a l'air de fonctionner !  \nMaintenant je pourrai obtenir du minerai d'uranium rapidement.  \nL'avenir nucléaire s'annonce prometteur.\n	<voice type=thanks>\nВау, похоже, что работает!  \nТеперь я смогу быстро добывать урановую руду.  \nЯдерное будущее выглядит светлым.\n
Dialogues/prepUraniumMiningMachine3	Now I need to come up with a way of really using this resource.\n<voice type=question>\nMaybe I should ask Bob about a book on nuclear energy and engineering.	Сега трябва да ми измисля начин да използвам наистина този ресурс.\n<voice type=question>\nМоже да попитам Боб за книга за ядрена енергия и инженерство.	Maintenant, je dois trouver un moyen d'utiliser réellement cette ressource.  \n<voice type=question>\nPeut-être devrais-je demander à Bob un livre sur l'énergie nucléaire et le génie nucléaire.\n	Теперь мне нужно придумать способ действительно использовать этот ресурс.  \n<voice type=question>\nМожет быть, мне стоит спросить Боба о книге по ядерной энергии и инженерии.\n
Dialogues/prepNuclearEngineering1	<voice type=greeting>\nHi, Bob. Last time I asked you about history, and today I'm looking for something more practical.\n<voice type=question>\nDo you have anything on nuclear engineering? Ways of producing nuclear energy?	<voice type=greeting>\nЗдравей, Боб. Последния път те попитах за история, а днес търся нещо по-практично.\n<voice type=question>\nИмаш ли нещо за ядрената енергетика? Начини за производство на ядрена енергия?	<voice type=greeting>\nSalut Bob. La dernière fois, je t'ai demandé sur l'histoire, et aujourd'hui je cherche quelque chose de plus pratique.  \n<voice type=question>\nAs-tu quelque chose sur le génie nucléaire ? Des façons de produire de l'énergie nucléaire ?\n	<voice type=greeting>\nПривет, Боб. В прошлый раз я спрашивал тебя о истории, а сегодня ищу что-то более практичное.  \n<voice type=question>\nЕсть ли у тебя что-то по ядерной инженерии? Способы производства ядерной энергии?\n
Dialogues/bobNuclearEngineering2	<voice type=acceptance>\nI see your ambitions are increasing. Yes, I think I have something just for you.	<voice type=acceptance>\nВиждам, че амбициите ти се увеличават. Да, мисля, че имам нещо точно за теб.	<voice type=acceptance>\nJe vois que tes ambitions augmentent. Oui, je pense avoir quelque chose juste pour toi.\n	<voice type=acceptance>\nВижу, твои амбиции растут. Да, думаю, у меня есть кое-что именно для тебя.\n
Dialogues/bobNuclearEngineering3	Here you go. This book covers small-scale devices as well. Just, listen, Prepper, I'll say it once again.	Ето. Тази книга обхваща и малки устройства. Просто слушай, Препър, ще го кажа само веднъж.	Voilà. Ce livre traite aussi des dispositifs à petite échelle. Écoute bien, Prepper, je vais le répéter une fois de plus.\n	Вот, держи. В этой книге также рассматриваются маломасштабные устройства. Просто послушай, Prepper, я скажу это еще раз.\n
Dialogues/prepNuclearEngineering4	<voice type=question>\nYes?	<voice type=question>\nДа?	<voice type=question>\nOui ?\n	<voice type=question>\nДа?\n
Dialogues/bobNuclearEngineering5	<voice type=disappointment>\nPlease don't blow us all up.	<voice type=disappointment>\nМоля те, не ни взривявай всички.	<voice type=disappointment>\nS'il te plaît, ne nous fais pas tous exploser.\n	<voice type=disappointment>\nПожалуйста, не взрывай нас всех.\n
Dialogues/prepNeedNuclearRod	<voice type=negation>\nI need a nuclear rod for it.	<voice type=negation>\nТрябва ми ядрена стъвка за това.	<voice type=negation>\nJ'ai besoin d'une barre nucléaire pour ça.\n	<voice type=negation>\nМне нужен для этого ядерный стержень.\n
Dialogues/prepUraniumMineSign	<voice type=question>\nA radiation symbol.\n<voice type=order>\nI should be careful here. And also about the objects taken from here.	<voice type=question>\nРадиационен символ.\n<voice type=order>\nТрябва да бъда внимателен тук. И също с предметите, които взема оттук.	<voice type=question>\nUn symbole de radiation.  \n<voice type=order>\nJe dois être prudent ici. Et aussi avec les objets que je prends d'ici.\n	<voice type=question>\nСимвол радиации.  \n<voice type=order>\nМне нужно быть осторожным здесь. И с предметами, которые я беру отсюда.\n
Dialogues/prepElevatorShaftBlocked1	<voice type=negation>\nDoesn't work. 	<voice type=negation>\nНе работи. 	<voice type=negation>\nÇa ne marche pas.\n	<voice type=negation>\nНе работает.\n
Dialogues/prepElevatorShaftBlocked2	Elevator shaft seems to be collapsed.\nLooks like it's the end of the mine and there's nothing more below.	Асансьорната шахта изглежда е срутена.\nИзглежда, че това е краят на мината и няма нищо повече долу.	La cage d'ascenseur semble effondrée.  \nOn dirait que c'est la fin de la mine et qu'il n'y a rien en dessous.\n	Похоже, шахта лифта обрушилась.  \nПохоже, это конец шахты, и ниже ничего нет.\n
Dialogues/scientistGiveQuestStage1	TEMP TEXT GIVE QUEST 1	TEMP ТЕКСТ ДАВАНЕ НА ЗАДАЧА 1		
Dialogues/scientistGiveQuestStage2	TEMP TEXT GIVE QUEST 2	ДАВАМ ЗАДАЧА 2		
Dialogues/scientistGiveQuestStage3	TEMP TEXT GIVE QUEST 3	ДАВАМ ЗАДАЧА 3		
Dialogues/scientistGiveQuestStage4	TEMP TEXT GIVE QUEST 4	ДАВАМ ЗАДАЧА 4		
Dialogues/scientistNoItem1	TEMP TEXT NO ITEMS 1	Няма налични предмети 1		
Dialogues/scientistNoItem2	TEMP TEXT NO ITEMS 2	Временно текст без предмети 2		
Dialogues/scientistNoItem3	TEMP TEXT NO ITEMS 3	Временно текст без предмети 3		
Dialogues/scientistNoItem4	TEMP TEXT NO ITEMS 4	Временно текст без предмети 4		
Dialogues/scientistCompleteQuestStage1	TEMP TEXT COMPLETE QUEST 1	Завърши задача 1		
Dialogues/scientistCompleteQuestStage2	TEMP TEXT COMPLETE QUEST 2	Завърши задача 2		
Dialogues/scientistCompleteQuestStage3	TEMP TEXT COMPLETE QUEST 3	Завърши задача 3		
Dialogues/scientistCompleteQuestStage4	TEMP TEXT COMPLETE QUEST 4	Завърши задача 4		
Dialogues/scientistRandomTalk1	TEMP TEXT RANDOM TALK 1	Случайна реплика 1		
Dialogues/scientistRandomTalk2	TEMP TEXT RANDOM TALK 2	Случайна реплика 2		
Dialogues/scientistRandomTalk3	TEMP TEXT RANDOM TALK 3	Случайна реплика 3		
Dialogues/scientistRandomTalk4	TEMP TEXT RANDOM TALK 4	Случайна реплика 4		
Dialogues/scientistRandomTalk5	TEMP TEXT RANDOM TALK 5	Случайна реплика 5		
Dialogues/prepGasMask1	<voice type=question>\nExcuse me, can I ask why are you wearing this gas mask?\nNo one else seems to be doing it here.	<voice type=question>\nИзвинявай, може ли да попитам защо носиш тази противогаз?\nНикой друг не изглежда да го прави тук.	<voice type=question>\nExcusez-moi, puis-je demander pourquoi vous portez ce masque à gaz ?  \nPersonne d'autre ne semble le faire ici.\n	<voice type=question>\nИзвините, могу спросить, почему вы носите эту противогаз?  \nПохоже, никто другой здесь этого не делает.\n
Dialogues/sleep1GasMask2	<voice type=disappointment>\n...		<voice type=disappointment>\n...\n	<voice type=disappointment>\n...\n
Dialogues/prepGasMask3	It's a very old design.\nI doubt it still works.\n<voice type=question>\nWhat exactly are you protecting yourself from?	Това е много стар дизайн.\nСъмнявам се дали все още работи.\n<voice type=question>\nОт какво точно се защитаваш?	C'est un modèle très ancien.  \nJe doute qu'il fonctionne encore.  \n<voice type=question>\nDe quoi te protèges-tu exactement ?\n	Это очень старая конструкция.  \nСомневаюсь, что она еще работает.  \n<voice type=question>\nОт чего именно вы пытаетесь защититься?\n
Dialogues/sleep1GasMask4	Uhm... It's harder to breathe in it... \nSo it helps me to stay awake.\nDifferent people have different methods, you know.	Ех... По-трудно ми е да дишам с него... \nТака ми помага да не заспя.\nРазличните хора имат различни методи, знаеш.	Euh... Il est plus difficile de respirer dedans...  \nDonc ça m'aide à rester éveillé.  \nChacun a ses méthodes, tu sais.\n	Эм... В ней труднее дышать...  \nТак что она помогает мне не заснуть.  \nУ разных людей разные методы, знаешь ли.\n
Dialogues/prepGasMask5	<voice type=acceptance>\nOkay, I see.\n<voice type=question>\nAre you maybe willing to sell it?	<voice type=acceptance>\nДобре, виждам.\n<voice type=question>\nМоже би си готов да го продадеш?	<voice type=acceptance>\nD'accord, je comprends.  \n<voice type=question>\nSeriez-vous éventuellement prêt à la vendre ?\n	<voice type=acceptance>\nХорошо, понял.  \n<voice type=question>\nТы, случайно, не хочешь её продать?\n
Dialogues/sleep1GasMask6	<voice type=disappointment>\n...		<voice type=disappointment>\n...\n	<voice type=disappointment>\n...\n
Dialogues/prepGasMask7	<voice type=question>\nWhat about trading it for something else?	<voice type=question>\nА какво да правиш, ако го поменяш с нещо друго?	<voice type=question>\nEt si on l'échangeait contre autre chose ?\n	<voice type=question>\nА как насчет обмена на что-то другое?\n
Dialogues/sleep1GasMask8	Well... Come to think of it, it's not comforable to wear it all the time. \nIf you have something that would keep me awake better than this... Then maybe.	Е, като се замисля, не е много удобно да го нося постоянно. \nАко имаш нещо, което би ме държало буден по-добре от това... Тогава може би.	Eh bien... Maintenant que j'y pense, ce n'est pas confortable de le porter tout le temps.  \nSi tu as quelque chose qui me garderait plus éveillé que ça... alors peut-être.\n	Ну... Если подумать, носить это всё время неудобно.  \nЕсли у тебя есть что-то, что будет держать меня в бодрствующем состоянии лучше... тогда возможно.\n
Dialogues/prepGasMask9	<voice type=acceptance>\nI may have an idea. I'll get back to you.	<voice type=acceptance>\nМоже да имам идея. Ще се върна при теб.	<voice type=acceptance>\nJ'ai peut-être une idée. Je te recontacterai.\n	<voice type=acceptance>\nУ меня, возможно, есть идея. Я свяжусь с тобой.\n
Dialogues/prepGasMaskRecive1	Here you are. Just take it from time to time.\nMuch more pleasant than the gas mask.	Ето ти. Просто го вземай от време на време.\nМного по-приятно е от противогаза.	Voilà. Prends-le de temps en temps.  \nBien plus agréable que le masque à gaz.\n	Вот, держи. Принимай это время от времени.  \nГораздо приятнее, чем газовая маска.\n
Dialogues/sleep1GasMaskRecive2	<voice type=question>\nAnd it will help me to stay awake?	<voice type=question>\nИ ще ми помогне да остана събуден?	<voice type=question>\nEt ça m'aidera à rester éveillé ?\n	<voice type=question>\nИ это поможет мне не заснуть?\n
Dialogues/prepGasMaskRecive3	Yes. It helps me just fine.	Да. Помага ми чудесно.	Oui. Ça m'aide parfaitement.\n	Да. Оно отлично мне помогает.\n
Dialogues/sleep1GasMaskRecive4	<voice type=acceptance>\nDeal.	<voice type=acceptance>\nСделка.	<voice type=acceptance>\nMarché conclu.\n	<voice type=acceptance>\nСогласен.\n
Dialogues/lemonTest1	Test		Test	Тест\n
Dialogues/lemonRandomCall1	Lemonade for sale!	Лимонада за продажба!	Limonade à vendre !\n	Лимонад продается!\n
Dialogues/lemonRandomCall2	Lemonade! Lemonade!	Лимонада! Лимонада!	Limonade ! Limonade !\n	Лимонад! Лимонад!\n
Dialogues/lemonRandomCall3	Cheapest lemonade in town!	Най-евтината лимонада в града!	La limonade la moins chère de la ville !\n	Самый дешевый лимонад в городе!\n
Dialogues/lemonRandomCall4	Buy lemonade! Support local businesses!	Купи лимонада! Подкрепи местния бизнес!	Achetez de la limonade ! Soutenez les commerces locaux !\n	Покупайте лимонад! Поддержите местный бизнес!\n
Dialogues/lemonRandomCall5	Buy lemonade, support your local girl scouts!	Купи лимонада, подкрепи местните скаути!	Achetez de la limonade, soutenez vos guides locales !\n	Покупайте лимонад, поддержите местных скауток!\n
Dialogues/lemonRandomCall6	Bless the President, buy the lemonade!	Боже, пази президента, купи лимонадата!	Gloire au Président, achetez la limonade !\n	Слава Президенту, покупайте лимонад!\n
Dialogues/lemonRandomCall7	Every good citizen buys lemonade! Buy lemonade!	Всеки добър гражданин купува лимонада! Купи лимонада!	Chaque bon citoyen achète de la limonade ! Achetez de la limonade !\n	Каждый хороший гражданин покупает лимонад! Покупайте лимонад!\n
Dialogues/lemonRandomCall8	Lemonade!	Лимонада!	Limonade!\n	Лимонад!\n
Dialogues/lemonRandomCall9	Buy the president, bless the lemonade! Uhh, wait...	Купи президента, благослови лимонадата! Абе, чакай...	Achetez le président, gloire à la limonade ! Euh, attendez...\n	Покупайте президента, слава лимонаду! Эээ, подождите...\n
Dialogues/lemonRandomCall10	When life gives you mushrooms, drink lemonade!	Когато животът ти дава гъби, пий лимонада!	Quand la vie te donne des champignons, bois de la limonade !\n	Когда жизнь дарит тебе грибы — пей лимонад!\n
Dialogues/lemonRandomCall11	Lemonade, lemonade! Support the Girl Scouts of Murricaville!	Лимонада, лимонада! Подкрепи скаутите на Мъррикавил!	Limonade, limonade ! Soutenez les Girl Scouts de Murricaville !\n	Лимонад, лимонад! Поддержите скауток Murricaville!\n
Dialogues/lemonRandomTalk1	<voice type=question>\nOh, how I miss summer camps with my fellow scouts in the wildernesses of Nevorado! Or was it Texizona? Wait...	<voice type=question>\nО, колко ми липсват летните лагери с моите съратници-скаути в дикровата на Неворадо! Или беше Текзизона? Чака...	<voice type=question>\nOh, comme les camps d’été avec mes camarades éclaireuses dans les contrées sauvages de Nevorado me manquent ! \nOu était-ce Texizona ? \nAttends...\n	<voice type=question>\nАх, как же я скучаю по летним лагерям с моими подругами-скаутами в диких местах Неворадо! \nИли это была Тексизона? \nПодожди...\n
Dialogues/lemonRandomTalk2	<voice type=disappointment>\nThree, four, five... Gosh, not so much today. This won't help my dad much.	<voice type=disappointment>\nТри, четири, пет... Господи, не толкова много днес. Това няма да помогне много на татко ми.	<voice type=disappointment>\nTrois, quatre, cinq... \nEh bien, pas tellement aujourd'hui. \nÇa n'aidera pas beaucoup mon père.\n	<voice type=disappointment>\nТри, четыре, пять... \nБоже, сегодня не так много. \nЭто особо не поможет моему отцу.\n
Dialogues/lemonRandomTalk3	<voice type=question>\n"Should auld acquaintance be forgot, and never brought to mind?"	<voice type=question>\n„Да ли трябва да забравим старата позната и да не я споменим никога?“	<voice type=question>\n(chante) "Faut-il oublier les vieilles connaissances et ne jamais s'en souvenir ?"\n	<voice type=question>\n(поет) "Следует ли забыть старое знакомство и никогда о нем не вспоминать?"\n
Dialogues/lemonRandomTalk4	<voice type=question>\nThe people in the town used to be nicer, and the animals in the woods more friendly.\nOr is it just me growing up?	<voice type=question>\nХората в града някога бяха по-мили, а животните в гората - по-дружелюбни.\nИли просто аз пораствам?	<voice type=question>\nAutrefois, les habitants de la ville étaient plus gentils, et les animaux de la forêt plus amicaux.\nOu est-ce juste moi qui grandis ?\n	<voice type=question>\nРаньше люди в городе были дружелюбнее, а животные в лесу — приветливее.\nИли это только я взрослею?\n
Dialogues/lemonRandomTalk5	<voice type=question>\nMaybe I should sell different products. Would people want to buy origami atomic mushrooms?	<voice type=question>\nМоже би трябва да продавам различни продукти. Ще искат ли хората да купуват оригами атомни гъби?	<voice type=question>\nPeut-être devrais-je vendre d'autres produits. \nLes gens voudraient-ils acheter des champignons atomiques en origami ?\n	<voice type=question>\nМожет, мне стоит продавать что-то другое. \nХотели бы люди покупать атомные грибы из оригами?\n
Dialogues/lemonRandomTalk6	<voice type=thanks>\nI miss campfires at summer camps. Singing, watching fireflies, stars, glowing oval things shooting through the night sky, eating marshmallows.	<voice type=thanks>\nЛипсват ми лагерните огни от летните лагери. Пеене, гледане на светлинки, звезди, светещи овални неща, които летят през нощното небе, яден мармалад.	<voice type=thanks>\nLes feux de camp des colonies d'été me manquent. \nChanter, observer les lucioles, les étoiles, des choses ovales lumineuses traversant le ciel nocturne, manger des guimauves.\n	<voice type=thanks>\nЯ скучаю по кострам в летних лагерях. \nПение, наблюдение за светлячками, звездами, светящимися овальными объектами, мчащимися по ночному небу, поедание маршмеллоу.\n
Dialogues/lemonRandomTalk7	<voice type=upset>\nWe used to sing a lot of different songs with my troop. Somehow I remember only the ones about the President.	<voice type=upset>\nПреди често пеех различни песни с моята група. По някакъв начин си спомням само тези за президента.	<voice type=upset>\nNous chantions beaucoup de chansons différentes avec ma troupe. \nD'une manière ou d'une autre, je me souviens seulement de celles sur le Président.\n	<voice type=upset>\nМы с моей отрядом пели много разных песен. \nКак-то я помню только те, что о президенте.\n
Dialogues/lemonRandomTalk8	I'd like to have a pet wolf, but I'm afraid my father won't let me.	Искам да си имам вълк за домашен любимец, но се страхувам, че татко няма да ми позволи.	J'aimerais avoir un loup comme animal de compagnie, \nmais j'ai peur que mon père ne me le permette pas.\n	Я бы хотела завести волка в качестве питомца, \nно боюсь, что мой отец не позволит.\n
Dialogues/lemonRandomTalk9	I hope the money from the stand really helps my dad.	Надявам се парите от щанда наистина да помогнат на татко.	J'espère que l'argent de ce stand aidera vraiment mon père.\n	Надеюсь, деньги с прилавка действительно помогут моему отцу.\n
Dialogues/lemonRandomTalk10	<voice type=disappointment>\nGosh, I'm so bored here.	<voice type=disappointment>\nОх, много ми е скучно тук.	<voice type=disappointment>\nOh là là, je m'ennuie tellement ici.\n	<voice type=disappointment>\nБоже, мне здесь так скучно.\n
Dialogues/lemonRandomTalk11	<voice type=laugh>\nI remember one time we were hiking up a mountain. Chloe from the Bears almost fell from a cliff! It was so much fun!	<voice type=laugh>\nПомня едно време когато се качвахме на планина. Хлои от Медвежовете почти падна от скалата! Беше толкова забавно!	<voice type=laugh>\nJe me souviens d'une fois où nous faisions une randonnée en montagne. \nChloe des Bears a failli tomber d'une falaise ! \nC'était tellement amusant !\n	<voice type=laugh>\nЯ помню, как однажды мы поднимались в гору. \nХлоя из "Медведей" чуть не упала со скалы! \nЭто было так весело!\n
Dialogues/lemonRandomTalk12	<voice type=disappointment>\nI wish there were more kids my age in Murricaville.	<voice type=disappointment>\nЩе си желал повече деца като мен в Мъритикавил.	<voice type=disappointment>\nJ'aimerais qu'il y ait plus d'enfants de mon âge à Murricaville.\n	<voice type=disappointment>\nХотелось бы, чтобы в Murricaville было больше детей моего возраста.\n
Dialogues/lemonRandomTalk13	<voice type=question>\nOn the east there is: the Atlantic Ocean, the Carribean Sea, the Bay of... Bay of... gosh, what was that?	<voice type=question>\nНа изток има: Атлантическият океан, Карибско море, заливът на... заливът на... бе, какво беше това?	<voice type=question>\nÀ l'est, il y a : l'océan Atlantique, la mer des Caraïbes, la baie de... \nBaie de... oh, comment ça s'appelait déjà ?\n	<voice type=question>\nIm Osten gibt es: den Atlantischen Ozean, das Karibische Meer, die Bucht von... \nBucht von... oh, wie hieß die nochmal?\n
Dialogues/lemonRandomTalk14	<voice type=laugh>\nI've found such a good place to hide for the hide and seek game! But who will play with me?	<voice type=laugh>\nНамерих толкова добро място за играта „скриване“! Но кой ще играе с мен?	<voice type=laugh>\nJ'ai trouvé un super endroit pour me cacher au jeu de cache-cache ! \nMais qui va jouer avec moi ?\n	<voice type=laugh>\nЯ нашла такое хорошее место для игры в прятки! \nНо кто будет играть со мной?\n
Dialogues/lemonRandomTalk15	<voice type=laugh>\nWhat if we just all started blowing bubbles, and covered the whole street with bubbles? The whole town? 	<voice type=laugh>\nАко просто започнем да пускаме мехурчета и да покрием цялата улица с тях? Целия град?	<voice type=laugh>\nEt si nous commencions tous à souffler des bulles, \net que nous recouvrions toute la rue de bulles ? \nToute la ville ? \n	<voice type=laugh>\nА что если мы все начнем пускать мыльные пузыри, \nи покроем всю улицу пузырями? \nВесь город? \n
Dialogues/lemonFirstInteraction1	Hello, dear customer! I have delicious lemonade! Do you want a free sample?	Здравей, скъпи клиент! Имам вкусен лимонов сок! Искаш ли безплатна проба?	Bonjour, cher client ! \nJ'ai une délicieuse limonade ! \nVoulez-vous un échantillon gratuit ?\n	Здравствуйте, дорогой клиент! \nУ меня вкусный лимонад! \nХотите бесплатный образец?\n
Dialogues/prepFirstInteraction2	Oh, an interesting business strategy! Sure, I'll have a sip.	О, интересна бизнес стратегия! Разбира се, ще си взема глътка.	Oh, une stratégie commerciale intéressante ! \nBien sûr, je vais prendre une gorgée.\n	О, интересная бизнес-стратегия! \nКонечно, я попробую немного.\n
Dialogues/prepFirstInteraction3	It's very tasty!	Много е вкусно!	C'est très bon !\n	Очень вкусно!\n
Dialogues/lemonFirstInteraction4	Cool! So you'll become a regular now! What's your name, dear customer?	Страхотно! Значи ще станеш редовен! Как се казваш, скъпи клиент?	Super ! Alors vous allez devenir un client régulier ! \nComment vous appelez-vous, cher client ?\n	Круто! Значит, ты теперь постоянный клиент! \nКак тебя зовут, дорогой клиент?\n
Dialogues/prepFirstInteraction5	I'm Mr. Prepper. Nice to meet you. Are you from around here?	Аз съм г-н Препър. Приятно ми е да се запознаем. Ти оттук ли си?	Je suis Mr. Prepper. Enchanté de te rencontrer. Es-tu d’ici ?\n	Я Mr. Prepper. Рад встрече. Ты местный?\n
Dialogues/lemonFirstInteraction6	Yes! Proudly representing the Girl Scouts of Murricaville! \nEven if our group is not too active these days. But I hope we'll get back at our feet again!\nMaybe with the funds from the lemonade sale! After I support my struggling dad though.	Да! Гордо представяме Girl Scouts of Мърикавил! \nДори и групата ни да не е много активна тези дни. Но се надявам, че пак ще се вдигнем на крака! \nМоже би с парите от продажбата на лимонада! След като подкрепя борбения си татко обаче.	Oui ! Je représente fièrement les Girl Scouts de Murricaville ! \nMême si notre groupe n'est pas très actif ces derniers temps. \nMais j'espère que nous nous remettrons sur pied ! \nPeut-être grâce aux fonds de la vente de limonade ! \nAprès avoir aidé mon père en difficulté, bien sûr.\n	Да! Гордо представляю скауток Murricaville!\nХотя наша группа в последнее время не слишком активна. Но я надеюсь, что мы снова встанем на ноги!\nВозможно, благодаря средствам от продажи лимонада! Но сначала я помогу своему struggling отцу.\n
Dialogues/prepFirstInteraction7	So I wish you luck with the sale! I might stop by sometimes.	Успех с продажбата! Може да мина някой път.	Alors je te souhaite bonne chance pour la vente ! \nJe passerai peut-être de temps en temps.\n	Так что желаю удачи с продажей! \nВозможно, я буду заглядывать время от времени.\n
Dialogues/lemonUnlockExpedition1	<voice type=greeting>\nHello, Mr. Prepper. I have noticed you roam around a lot.\n<voice type=question>\nBusy life? Or... you're looking for something?	<voice type=greeting>\nЗдравей, господин Препър. Забелязах, че обикаляш доста.\n<voice type=question>\nЗает живот? Или... търсиш нещо?	<voice type=greeting>\nBonjour, Mr. Prepper. J’ai remarqué que vous vous promenez beaucoup.\n<voice type=question>\nVie bien remplie ? Ou... cherchez-vous quelque chose ?\n	<voice type=greeting>\nЗдравствуйте, Mr. Prepper. Я заметила, что вы часто ходите по окрестностям.\n<voice type=question>\nЗанятая жизнь? Или... вы что-то ищете?\n
Dialogues/prepUnlockExpedition2	<voice type=order>\nHm... yes, I need to be on the move a lot because of my... because of my work.	<voice type=order>\nХм... да, трябва да се движа много заради моята... заради моята работа.	<voice type=order>\nHm... oui, je dois beaucoup me déplacer à cause de mon... \nà cause de mon travail.\n	<voice type=order>\nХм... да, мне нужно много передвигаться из-за моей... \nиз-за моей работы.\n
Dialogues/lemonUnlockExpedition3	Well, my lemonade business is going great, but I need to expand.\n<voice type=order>\nMaybe I can help? I know a lot about the area here!	Е, бизнесът ми с лимонад върви отлично, но трябва да се разширя.\n<voice type=order>\nМоже би мога да помогна? Много знам за района тук!	Eh bien, mon entreprise de limonade se porte très bien, mais je dois m'étendre.\n<voice type=order>\nPeut-être que je peux aider ? Je connais bien le coin !\n	Ну, мой бизнес с лимонадом идет отлично, но мне нужно расширяться.\n<voice type=order>\nМожет, я могу помочь? Я много знаю об этом районе!\n
Dialogues/prepUnlockExpedition4	<voice type=negation>\nLook, kid, I think my line of work is too dangerous for you.	<voice type=negation>\nСлушай, момче, мисля че моята работа е твърде опасна за теб.	<voice type=negation>\nÉcoute, gamin, je pense que mon travail est trop dangereux pour toi.\n	<voice type=negation>\nСлушай, малыш, я думаю, моя работа для тебя слишком опасна.\n
Dialogues/lemonUnlockExpedition5	<voice type=question>\nBut please?	<voice type=question>\nНо моля те?	<voice type=question>\nMais s'il vous plaît ?\n	<voice type=question>\nНо, пожалуйста?\n
Dialogues/prepUnlockExpedition6	<voice type=negation>\nNo.	<voice type=negation>\nНе.	<voice type=negation>\nNon.\n	<voice type=negation>\nНет.\n
Dialogues/lemonUnlockExpedition7	<voice type=order>\nI'm a scout! I have earned Danger Detection and Predator Avoidance badges!	<voice type=order>\nАз съм разузнавач! Заслужих значките за откриване на опасност и избягване на хищници!	<voice type=order>\nJe suis une éclaireuse ! J'ai obtenu les badges Détection du Danger et Évitement des Prédateurs !\n	<voice type=order>\nЯ скаут! У меня есть значки «Обнаружение опасности» и «Избегание хищников»!\n
Dialogues/prepUnlockExpedition8	<voice type=question>\nWhy would you have a Predator Avoidance badge in your... Ah, nevermind.	<voice type=question>\nЗащо би имал значка за избягване на хищници в... А, нищо.	<voice type=question>\nPourquoi auriez-vous un badge d'Évitement des Prédateurs dans votre... \nAh, peu importe.\n	<voice type=question>\nЗачем у тебя значок «Избегание хищников» в твоем... \nАх, неважно.\n
Dialogues/lemonUnlockExpedition9	<voice type=disappointment>\nGive me a challenge, please! It's boring here in the lemonade stand.	<voice type=disappointment>\nДа ми дадеш предизвикателство! Тук в лемонадния киоск е скучно.	<voice type=disappointment>\nDonne-moi un défi, s'il te plaît ! \nC'est ennuyeux ici au stand de limonade.\n	<voice type=disappointment>\nДай мне задание, пожалуйста! \nЗдесь скучно на лимонадном прилавке.\n
Dialogues/prepUnlockExpedition10	<voice type=order>\nEhrm, fine. Go to the forest and bring me some blueberries. Just don't go too deep!\nIn return, I'll... buy a big, big cup of lemonade from you!	<voice type=order>\nЕх, добре. Отиди в гората и ми донеси малко боровинки. Само не се отдалечавай много!\nВ замяна ще... купя една голяма, голяма чаша лимонада от теб!	<voice type=order>\nEuh, d'accord. \nVa dans la forêt et apporte-moi des myrtilles. \nNe va pas trop loin !\nEn retour, je vais... t'acheter une grande, grande tasse de limonade !\n	<voice type=order>\nЭмм, хорошо. \nИди в лес и принеси мне немного черники. \nТолько не заходи слишком глубоко!\nВзамен я… куплю у тебя огромный, огромный стакан лимонада!\n
Dialogues/lemonUnlockExpedition11	<voice type=acceptance>\nYes, sir! Blueberries coming right up!\n<voice type=question>\nWhere exactly should I go then?	<voice type=acceptance>\nДа, шеф! Сини борови идват веднага!\n<voice type=question>\nКъде точно трябва да отида тогава?	<voice type=acceptance>\nOui, monsieur ! Les myrtilles arrivent !\n<voice type=question>\nOù exactement dois-je aller alors ?\n	<voice type=acceptance>\nДа, сэр! Черника идет!\n<voice type=question>\nТак куда же мне идти?\n
Dialogues/lemonUnlockPowerPlant1	<voice type=greeting>\nPsst... Hey, Mr. Prepper! I have a special new offer! For my bestest VIP customers only!	<voice type=greeting>\nПсст... Здравей, г-н Препър! Имам специално ново предложение! Само за моите най-добри VIP клиенти!	<voice type=greeting>\nPsst... Salut, Mr. Prepper ! J’ai une nouvelle offre spéciale ! Réservée uniquement à mes meilleurs clients VIP !\n	<voice type=greeting>\nПсс... Привет, Mr. Prepper! У меня есть специальное новое предложение! Только для моих лучших VIP-клиентов!\n
Dialogues/prepUnlockPowerPlant2	<voice type=question>\nAnd that would be me...?	<voice type=question>\nИ това би бил аз...?	<voice type=question>\nEt ce serait moi... ?\n	<voice type=question>\nИ это я...?\n
Dialogues/lemonUnlockPowerPlant3	Oh, Mr. Prepper! Of course I mean you! No other customer talks to me this much!	О, господин Препър! Разбира се, че имам предвид теб! Никой друг клиент не ми говори толкова много!	Oh, Mr. Prepper ! Bien sûr que je parle de vous ! \nAucun autre client ne me parle autant !\n	О, Mr. Prepper! Конечно, я имею в виду тебя! \nНи один другой клиент не говорит со мной так много!\n
Dialogues/prepUnlockPowerPlant4	Okay, let's see where this is going.\n<voice type=question>\nDo you have a new lemonade flavor or something?	Добре, да видим къде води това.\n<voice type=question>\nИмаш ли нов вкус лимонад или нещо такова?	D'accord, voyons où cela nous mène.\n<voice type=question>\nAs-tu une nouvelle saveur de limonade ou quelque chose comme ça ?\n	Хорошо, посмотрим, к чему это приведет.\n<voice type=question>\nУ тебя есть новый вкус лимонада или что-то в этом роде?\n
Dialogues/lemonUnlockPowerPlant5	<voice type=negation>\nNo!\nSomething veeery valuable, and what scouts are trained to gather.\n<voice type=order>\nR E C O N!\n<voice type=order>\nI N F O R M A T I O N!	<voice type=negation>\nНе!\nНещо много ценно, и това, което скаутите са обучени да събират.\n<voice type=order>\nРЕКОН!\n<voice type=order>\nИНФОРМАЦИЯ!	<voice type=negation>\nNon !\nQuelque chose de trèèès précieux, et que les scouts sont formés à collecter.\n<voice type=order>\nR E C O N !\n<voice type=order>\nI N F O R M A T I O N !\n	<voice type=negation>\nНет!\nЧто-то оооочень ценное, и чему скауты обучены собирать.\n<voice type=order>\nР Е К О Н!\n<voice type=order>\nИ Н Ф О Р М А Ц И Я!\n
Dialogues/prepUnlockPowerPlant6	Right... I guess I have nothing to lose.	Добре... Предполагам, че нямам какво да губя.	Bon... \nJe suppose que je n'ai rien à perdre.\n	Ладно... \nНаверное, мне нечего терять.\n
Dialogues/lemonUnlockPowerPlant7	It will cost you only a thousand dollars!	Ще ти струва само хиляда долара!	Ça ne vous coûtera qu’un millier de dollars !\n	Это будет стоить тебе всего тысячу долларов!\n
Dialogues/prepUnlockPowerPlant7	<voice type=negation>\nWhat? No.	<voice type=negation>\nКакво? Не.	<voice type=negation>\nQuoi ? Non.\n	<voice type=negation>\nЧто? Нет.\n
Dialogues/lemonUnlockPowerPlant8	<voice type=upset>\nOh, but Mr. Prepper, it's really a bargain!\nOkay, for the bestest VIP customer, I will give you my final offer!\nFor the next ten minutes, I give the information as a bonus to a cup of lemonade.\n<voice type=laugh>\nAre you accepting the deal, Mr. Prepper? Clock is ticking! Tick-tock!	<voice type=upset>\nО, но господин Препър, това е истинска оферта!\nДобре, за най-добрия VIP клиент ще ти дам последното ми предложение!\nЗа следващите десет минути ти давам информацията като бонус към чаша лимонад.\n<voice type=laugh>\nПриемаш сделката, господин Препър? Часовникът ти тика! Тик-так!	<voice type=upset>\nOh, Mr. Prepper, c’est vraiment une affaire !\nD’accord, pour mon meilleur client VIP, je te fais ma dernière offre !\nPendant les dix prochaines minutes, je donne l’information en bonus avec un verre de limonade.\n<voice type=laugh>\nAcceptes-tu l’offre, Mr. Prepper ? L’horloge tourne ! Tic-tac !\n	<voice type=upset>\nО, Mr. Prepper, но это действительно выгодное предложение!\nХорошо, для моего лучшего VIP-клиента я дам тебе окончательное предложение!\nСледующие десять минут я даю информацию в качестве бонуса к стакану лимонада.\n<voice type=laugh>\nПринимаешь сделку, Mr. Prepper? Время идет! Тик-так!\n
Dialogues/prepUnlockPowerPlant9	<voice type=question>\nYou just really, really want to tell me something, don't you?	<voice type=question>\nИскаш да ми кажеш нещо, нали?	<voice type=question>\nTu veux vraiment, vraiment me dire quelque chose, n'est-ce pas ?\n	<voice type=question>\nТы просто очень-очень хочешь что-то мне сказать, да?\n
Dialogues/lemonUnlockPowerPlant10	...\n<voice type=surprise>\nJust listen! I found a BIG abandoned building! Concrete! Industrial! BIG chimneys! \nIt looks cool! But has a funny smell around.	...\n<voice type=surprise>\nСлушай! Намерих голяма изоставена сграда! Бетон! Индустриална! Големи камини!\nИзглежда страхотно! Но има странен мирис около нея.	...\n<voice type=surprise>\nÉcoute ! J’ai trouvé un GRAND bâtiment abandonné ! En béton ! Industriel ! DE GRANDES cheminées !\nÇa a l’air super ! Mais ça sent un peu bizarre.\n	...\n<voice type=surprise>\nПросто послушай! Я нашла БОЛЬШОЕ заброшенное здание! Бетонное! Промышленное! БОЛЬШИЕ трубы!\nВыглядит круто! Но пахнет там странно.\n
Dialogues/prepUnlockPowerPlant11	<voice type=thanks>\nThis is interesting indeed. Thank you, kid.	<voice type=thanks>\nТова е наистина интересно. Благодаря ти, момче.	<voice type=thanks>\nC'est en effet intéressant. Merci, gamin.\n	<voice type=thanks>\nЭто действительно интересно. Спасибо, малыш.\n
Dialogues/lemonBuy1	<voice type=thanks>\nThank you for supporting girl scouts, Mr. Prepper!	<voice type=thanks>\nБлагодаря, че подкрепяш девициите, г-н Препър!	<voice type=thanks>\nMerci de soutenir les scouts filles, Mr. Prepper !\n	<voice type=thanks>\nСпасибо за поддержку скаутов, Mr. Prepper!\n
Dialogues/lemonBuy2	<voice type=thanks>\nThank you, Mr. Prepper! My dad... I mean, the girl scouts will be thankful!	<voice type=thanks>\nБлагодаря ти, господин Препър! Моят татко... искам да кажа, момичетата скаути ще са благодарни!	<voice type=thanks>\nMerci, Mr. Prepper ! Mon père… enfin, les scouts filles seront reconnaissantes !\n	<voice type=thanks>\nСпасибо, Mr. Prepper! Мой папа... то есть, скауты будут благодарны!\n
Dialogues/lemonBuy3	<voice type=thanks>\nGosh, thanks a lot! The money goes for a good cause!	<voice type=thanks>\nО, благодаря много! Парите ще отидат за добра причина!	<voice type=thanks>\nOh, merci beaucoup ! L'argent va à une bonne cause !\n	<voice type=thanks>\nОго, большое спасибо! Деньги пойдут на благую цель!\n
Dialogues/lemonBuy4	<voice type=thanks>\nThank you for supporting your local scouts!	<voice type=thanks>\nБлагодаря, че подкрепяш местните си чистачи!	<voice type=thanks>\nMerci de soutenir vos scouts locaux !\n	<voice type=thanks>\nСпасибо за поддержку местных скаутов!\n
Dialogues/lemonBuy5	<voice type=thanks>\nThank you! And don't forget to come for more!	<voice type=thanks>\nБлагодаря! И не забравя да дойдеш за още!	<voice type=thanks>\nMerci ! Et n'oubliez pas de revenir pour en avoir plus !\n	<voice type=thanks>\nСпасибо! И не забудьте прийти за добавкой!\n
Dialogues/lemonFreeSmaple	Enjoy your drink, Mr. Prepper!\nIt's on the house.	Наслади се на питието си, г-н Препър! \nПодарък от нас.	Profite de ta boisson, Mr. Prepper !\nC’est pour la maison.\n	Приятного напитка, Mr. Prepper!\nЭто за мой счёт.\n
Dialogues/scientistNextQuest1	I have another request for you, Mr. Prepper.	Имам още една молба към теб, препър.	J’ai une autre demande pour toi, Mr. Prepper.\n	У меня есть к тебе ещё одна просьба, Mr. Prepper.\n
Dialogues/scientistNextQuest2	Will you do me a favor, Mr. Prepper?	Ще ми направиш ли една услуга, препър?	Me feras-tu une faveur, Mr. Prepper ?\n	Сделаешь мне одолжение, Mr. Prepper?\n
Dialogues/scientistNextQuest3	<voice type=question>\nWould you help me again, Mr. Prepper?	<voice type=question>\nЩе ми помогнеш отново, г-н Препър?	<voice type=question>\nM’aiderais-tu encore une fois, Mr. Prepper ?\n	<voice type=question>\nТы поможешь мне снова, Mr. Prepper?\n
Dialogues/scientistFetchTemplate				
Dialogues/scientistFetchItem1	Imma need $x$.	Ще ми трябват $x$ долара.	Il me faut $x$.\n	Мне нужно $x$.\n
Dialogues/scientistFetchItem2	My work demands $x$.	Моята работа изисква $x$.	Mon travail exige $x$.\n	Моя работа требует $x$.\n
Dialogues/scientistFetchItem3	Find $x$ for me.	Намери ми $x$.	Trouve $x$ pour moi.\n	Найди для меня $x$.\n
Dialogues/scientistFetchItem4	Bring me $x$, will ya?	Донеси ми $x$, става ли?	Apporte-moi $x$, d'accord ?\n	Принеси мне $x$, ладно?\n
Dialogues/scientistPromiseReward1	Bring it to me and I'll tell you some of my scientific secrets. For real!	Донеси ми го и ще ти разкрия някои от научните си тайни. Наистина!	Apporte-le-moi et je te révélerai quelques-uns de mes secrets scientifiques. Vraiment !\n	Принеси это мне, и я расскажу тебе несколько моих научных секретов. Серьезно!\n
Dialogues/scientistPromiseReward2	This will help us make progress.	Това ще ни помогне да напреднем.	Cela nous aidera à progresser.\n	Это поможет нам добиться прогресса.\n
Dialogues/scientistPromiseReward3	This will be another step towards scientific excellence.	Това ще е още една стъпка към научната превъзходност.	Ce sera une autre étape vers l'excellence scientifique.\n	Это будет ещё один шаг к научному совершенству.\n
Dialogues/scientistEndQuestThanks1	<voice type=thanks>\nThanks, man, that's exactly what I needed.	<voice type=thanks>\nБлагодаря ти, това точно беше това, което ми трябваше.	<voice type=thanks>\nMerci mec, c'est exactement ce dont j'avais besoin.\n	<voice type=thanks>\nСпасибо, приятель, это именно то, что мне было нужно.\n
Dialogues/scientistEndQuestThanks2	<voice type=thanks>\nGood job, Mr. Prepper, I will use it for the good of Murricaville.	<voice type=thanks>\nДобре работеше препър, ще го използвам за доброто на Мърицивил.	<voice type=thanks>\nBon travail, Mr. Prepper, je vais l’utiliser pour le bien de Murricaville.\n	<voice type=thanks>\nХорошая работа, Mr. Prepper, я использую это на благо Murricaville.\n
Dialogues/scientistEndQuestThanks3	<voice type=thanks>\nThank you, man! One step closer to making Murricaville prosperous.	<voice type=thanks>\nБлагодаря ти, човек! Една стъпка по-близо до просперитета на Мърикавил.	<voice type=thanks>\nMerci, mec ! Un pas de plus vers la prospérité de Murricaville.\n	<voice type=thanks>\nСпасибо, приятель! Один шаг ближе к процветанию Murricaville.\n
Dialogues/scientistEndQuestThanks4	<voice type=thanks>\nThank you for your service for scientific and engineering advancement! I'll try to keep it awesome.	<voice type=thanks>\nБлагодаря за твоята служба за научен и инженерно развитие! Ще се опитам да поддържам всичко страхотно.	<voice type=thanks>\nMerci pour votre service pour le progrès scientifique et technique ! Je vais essayer de garder ça génial.\n	<voice type=thanks>\nСпасибо за ваш вклад в научный и инженерный прогресс! Я постараюсь поддерживать это на высоте.\n
Dialogues/scientistEndQuestThanks5	<voice type=thanks>\nI am grateful for your contribution. Will do something cool with it.	<voice type=thanks>\nБлагодаря за присъствието ти. Ще направя нещо страхотно с това.	<voice type=thanks>\nJe suis reconnaissant pour ta contribution. Je vais en faire quelque chose de génial.\n	<voice type=thanks>\nЯ благодарен за твой вклад. Сделаю с этим что-то классное.\n
Dialogues/scientistEndQuestThanks6	<voice type=thanks>\nThanks for adding this small brick to the great edifice of science. You're the best.	<voice type=thanks>\nБлагодаря, че добавих този малък камък към великия храм на науката. Ти си най-добрият.	<voice type=thanks>\nMerci d'avoir ajouté cette petite brique au grand édifice de la science. Tu es le meilleur.\n	<voice type=thanks>\nСпасибо за то, что добавил этот маленький кирпич к великому зданию науки. Ты лучший.\n
Dialogues/scientistEndQuestReward1	Catch your reward.	Вземи наградата си.	Attrape ta récompense.\n	Лови свою награду.\n
Dialogues/scientistEndQuestReward2	Take a look at this blueprint. It might blow your mind.	Разгледай този чертеж. Може да ти отвори очите.	Jette un œil à ce plan. Ça pourrait te souffler l'esprit.\n	Взгляни на этот чертеж. Тебя может просто поразить.\n
Dialogues/scientistEndQuestReward3	Take a look at this, it's dope.	Виж това, готино е.	Regarde ça, c'est génial.\n	Взгляни на это, это круто.\n
Dialogues/scientistEndQuestReward4	Here, accept this small reward for your efforts. Pretty sure you'll dig it.	Ето, вземи тази малка награда за усилията си. Сигурен съм, че ще ти хареса.	Tiens, accepte cette petite récompense pour tes efforts. Je suis sûr que ça te plaira.\n	Вот, прими эту небольшую награду за свои усилия. Уверен, тебе понравится.\n
Dialogues/scientistEndQuestReward5	Take this as a sign of your participation in the steady march of progress. Keep up the good work y'all.	Вземи това като знак за участието си в постоянния напредък. Продължавай в същия дух.	Prenez ceci comme un signe de votre participation à la marche constante du progrès. Continuez votre excellent travail.\n	Прими это как знак своего участия в неуклонном марше прогресса. Продолжайте в том же духе.\n
Dialogues/scientistEndQuestReward6	Awesome, man. Here's a small thank you for taking part in this great work.	Страхотно, човече. Ето ти малка благодарност за участието в тази страхотна работа.	Génial, mec. Voici un petit merci pour avoir participé à ce grand travail.\n	Отлично, приятель. Вот маленькое спасибо за участие в этой великой работе.\n
Dialogues/prepNotEnoughtMoney	I don't have enough money.	Нямам достатъчно пари.	Je n'ai pas assez d'argent.\n	У меня недостаточно денег.\n
Dialogues/scientistFirstEncounter1	<voice type=surprise>\nWho's there?\n<voice type=order>\nYou better get out of here.\nThere are wicked snakes everywhere around!	<voice type=surprise>\nКой е там?\n<voice type=order>\nПо-добре излез оттук.\nНавсякъде има зли змии!	<voice type=surprise>\nQui est là ?\n<voice type=order>\nTu ferais mieux de partir d'ici.\nIl y a des serpents méchants partout !\n	<voice type=surprise>\nКто там?\n<voice type=order>\nТебе лучше уйти отсюда.\nВокруг повсюду опасные змеи!\n
Dialogues/prepFirstEncounter2	Yes, I noticed!\n<voice type=negation>\nBut the snakes are no more.\n<voice type=greeting>\nAnd people call me Mr. Prepper.	Да, забелязах!\n<voice type=negation>\nНо змиите вече не са.\n<voice type=greeting>\nИ хората ме наричат г-н Препър.	Oui, je l’ai remarqué !\n<voice type=negation>\nMais les serpents ne sont plus là.\n<voice type=greeting>\nEt les gens m’appellent Mr. Prepper.\n	Да, я заметил!\n<voice type=negation>\nНо змей больше нет.\n<voice type=greeting>\nИ люди зовут меня Mr. Prepper.\n
Dialogues/scientistFirstEncounter3	<voice type=question>\nMr. Prepper, huh? Sounds familiar.\nWait a sec.	<voice type=question>\nГ-н Препър, а? Звучи познато.\nИзчакай малко.	<voice type=question>\nMr. Prepper, hein ? Ça me dit quelque chose.\nAttends une seconde.\n	<voice type=question>\nMr. Prepper, да? Звучит знакомо.\nПодожди секунду.\n
Dialogues/scientistFirstEncounter4	<voice type=thanks>\nThanks, man.\n<voice type=greeting>\nI am Dr. Edward.\n<voice type=thanks>\nBless the President, y'all.\nI've been stuck this place for a while and my rations have almost run out already.	<voice type=thanks>\nБлагодаря ти.\n<voice type=greeting>\nАз съм д-р Едвард.\n<voice type=thanks>\nБъди благословен, господин.\nЗастрял съм тук от известно време и провизиите ми почти свършиха.	<voice type=thanks>\nMerci, mec.\n<voice type=greeting>\nJe suis le Dr Edward.\n<voice type=thanks>\nGloire au Président, tout le monde.\nJe suis coincé ici depuis un moment et mes rations sont presque épuisées.\n	<voice type=thanks>\nСпасибо, дружище.\n<voice type=greeting>\nЯ доктор Эдвард.\n<voice type=thanks>\nСлава Президенту, всем вам.\nЯ застрял здесь уже какое-то время, и мои запасы почти закончились.\n
Dialogues/prepFirstEncounter5	<voice type=question>\nDid you just say...?	<voice type=question>\nКазахте ли току-що...?	<voice type=question>\nAs-tu vraiment dit...?\n	<voice type=question>\nТы только что сказал...?\n
Dialogues/scientistFirstEncounter6	<voice type=acceptance>\nThank you? Yeah, I've been trapped in here for a couple of weeks, happy to be out now.\nThe food issue was troubling, but what really blew was the fact I needed to interrupt my work.	<voice type=acceptance>\nБлагодаря? Да, бях затворен тук няколко седмици, радвам се, че съм навън сега.\nХранителният въпрос беше притеснителен, но това, което наистина ме ядоса, беше фактът, че трябваше да прекъсна работата си.	<voice type=acceptance>\nMerci ? Oui, j’ai été coincé ici pendant quelques semaines, content d’être enfin dehors.\nLe problème de nourriture était préoccupant, mais ce qui m’a vraiment pesé, c’est d’avoir dû interrompre mon travail.\n	<voice type=acceptance>\nСпасибо? Да, я был здесь заперт пару недель, рад наконец выбраться.\nС едой были проблемы, но хуже всего было то, что пришлось прервать свою работу.\n
Dialogues/prepFirstEncounter7	I'm glad you're ok then.\n<voice type=question>\nThose snakes were... different that I'm used too.	Радвам се че си в ред.\n<voice type=question>\nТе змии бяха... различни от тези, с които съм свикнал.	Je suis content que tu ailles bien alors.\n<voice type=question>\nCes serpents étaient... différents de ceux auxquels je suis habitué.\n	Хорошо, что с тобой всё в порядке.\n<voice type=question>\nЭти змеи были... другими, чем те, к которым я привык.\n
Dialogues/scientistFirstEncounter8	Ah, yes. It's because of elevated radiation in the area. They're just a bit mutated.\n<voice type=question>\nTo be expected around here, really. Did the bastards bite you, Mr. Prepper?\nThis species is not venomous, but the radiation might be an issue.\nI have something to fix you up with: a concoction made of irradiated mushrooms.\n<voice type=laugh>\nI almost started eating them raw when rations were running out! That would not be a good idea though.\nBut they're helpful when processed into an extract. Take this, it will be useful.	А, да. Това е заради повишената радиация в района. Просто са малко мутирани.\n<voice type=question>\nОчаквано е тук, наистина. Те ли те хапнаха, г-н препър?\nТози вид не е отровен, но радиацията може да бъде проблем.\nИмам нещо, с което да те поправя: смес от радиационни гъби.\n<voice type=laugh>\nПочти започнах да ги ям сурови, когато провизиите свършиха! Но това нямаше да бъде добра идея.\nНо те са полезни, когато бъдат обработени в екстракт. Вземи това, ще ти пригоди.	Ah, oui. C'est à cause de l'élévation de la radiation dans la zone. Ils sont juste un peu mutés.\n<voice type=question>\nC'est normal par ici, vraiment. Est-ce que ces salauds t'ont mordu, Mr. Prepper ?\nCette espèce n'est pas venimeuse, mais la radiation pourrait poser problème.\nJ'ai quelque chose pour te remettre sur pied : une concoction faite de champignons irradiés.\n<voice type=laugh>\nJ'ai presque commencé à les manger crus quand les rations se faisaient rares ! Ce ne serait pas une bonne idée.\nMais ils sont utiles lorsqu'ils sont transformés en extrait. Prends ça, ça sera utile.\n	А, да. Всё из-за повышенного радиационного фона в этом районе. Они просто немного мутировали.\n<voice type=question>\nЭто здесь вполне ожидаемо. Эти ублюдки тебя укусили, Mr. Prepper?\nЭтот вид не ядовит, но радиация может быть проблемой.\nУ меня есть что-то, чтобы тебя вылечить: смесь из радиационных грибов.\n<voice type=laugh>\nЯ чуть было не начал есть их сырыми, когда истощались запасы! Но это была бы плохая идея.\nЗато они полезны, если сделать из них экстракт. Возьми это, пригодится.\n
Dialogues/prepFirstFetchQuest1	<voice type=question>\nWhat are you doing in here exactly?	<voice type=question>\nКакво правиш точно тук?	<voice type=question>\nQue fais-tu exactement ici?\n	<voice type=question>\nЧто именно ты здесь делаешь?\n
Dialogues/scientistFirstFetchQuest2	Ah, just working for the advancement of science and engineering. And for the good of our beautiful Murricaville.\n<voice type=thanks>\nBless the Murricaville and its people.	А, просто работя за напредъкът на науката и инженерството. И за благото на нашето прекрасно Мъритикавил.\n<voice type=thanks>\nБлесла Муритикавил и нейните хора.	Ah, je travaille juste pour l’avancement de la science et de l’ingénierie. Et pour le bien de notre belle Murricaville.\n<voice type=thanks>\nBénis Murricaville et son peuple.\n	Ах, просто работаю на благо науки и техники. И на благо нашего прекрасного Murricaville.\n<voice type=thanks>\nБлагослови Murricaville и его жителей.\n
Dialogues/prepFirstFetchQuest3	<voice type=question>\nRight. And the science and engineering you do is...?	<voice type=question>\nДобре. А каква наука и инженерство правиш?	<voice type=question>\nD’accord. Et la science et l’ingénierie que tu pratiques, c’est… ?\n	<voice type=question>\nПонятно. А науку и инженерию, которой ты занимаешься, это…?\n
Dialogues/scientistFirstFetchQuest4	<voice type=question>\nOkay, did you notice the electricity going off randomly? \nOur town needs a better, more efficient and more stable source of energy. And I'm gonna provide it.	<voice type=question>\nДобре, забеляза ли как електричеството изчезва на случаен принцип?\nНашето град се нуждае от по-добър, по-ефективен и по-стабилен източник на енергия. И аз ще го осигуря.	<voice type=question>\nD’accord, as-tu remarqué que l’électricité s’éteint de façon aléatoire ? \nNotre ville a besoin d’une source d’énergie meilleure, plus efficace et plus stable. Et je vais la fournir.\n	<voice type=question>\nЛадно, ты заметил, что электричество иногда выключается случайным образом? \nНашему городу нужен лучший, более эффективный и стабильный источник энергии. И я его обеспечу.\n
Dialogues/prepFirstFetchQuest5	<voice type=question>\nSo I'm guessing this is a nuclear power plant?	<voice type=question>\nЗначи, предполагам че това е ядрен енергиен завод?	<voice type=question>\nDonc je suppose que c’est une centrale nucléaire ?\n	<voice type=question>\nТак я предполагаю, это атомная электростанция?\n
Dialogues/scientistFirstFetchQuest6	<voice type=thanks>\nBingo! \nNow that I can finally work again without worrying about food and predators, I just need a couple of days and the plant will be running as new.\nThere is just... one issue.	<voice type=thanks>\nБинго! \nСега, когато накрая мога да работя отново без да се притеснявам за храна и хищници, ми трябват само няколко дни и растението ще работи като ново.\nИма само... един проблем.	<voice type=thanks>\nBingo ! \nMaintenant que je peux enfin travailler à nouveau sans me soucier de la nourriture et des prédateurs, il me suffit de quelques jours et la centrale fonctionnera comme neuve.\nIl y a juste… un problème.\n	<voice type=thanks>\nБинго! \nТеперь, когда я наконец могу работать без забот о еде и хищниках, мне нужно всего пару дней, и электростанция будет как новая.\nЕсть только... одна проблема.\n
Dialogues/prepFirstFetchQuest7	<voice type=question>\nI know. Radioactive pollution spilling over, influencing the local wildlife and throwing the whole ecosystem off balance?	<voice type=question>\nЗнаеш. Радиоактивното замърсяване се разлива, влияе на местната фауна и нарушава цялата екосистема?	<voice type=question>\nJe sais. La pollution radioactive qui se répand, \ninfluence la faune locale et déséquilibre tout l’écosystème ?\n	<voice type=question>\nЯ знаю. Радиоактивное загрязнение распространяется, \nвлияя на местную флору и фауну и нарушая баланс всей экосистемы?\n
Dialogues/scientistFirstFetchQuest8	<voice type=negation>\nWhat? No.\nI'm running out of resources.\n<voice type=question>\nWould you lend me a hand, Mr. Prepper? \n<voice type=thanks>\nFor the good of our glorious town.	<voice type=negation>\nКакво? Не.\nСвършват ми ресурсите.\n<voice type=question>\nБи ли ми помогнал, господин Препър? \n<voice type=thanks>\nЗа доброто на нашия славен град.	<voice type=negation>\nQuoi ? Non.\nJe manque de ressources.\n<voice type=question>\nMe prêterais-tu main forte, Mr. Prepper ?\n<voice type=thanks>\nPour le bien de notre glorieuse ville.\n	<voice type=negation>\nЧто? Нет.\nУ меня заканчиваются ресурсы.\n<voice type=question>\nНе поможешь мне, Mr. Prepper?\n<voice type=thanks>\nНа благо нашего славного города.\n
Dialogues/prepFirstFetchQuest9	<voice type=disappointment>\nUmm, yeah, I guess...?	<voice type=disappointment>\nЕ, предполагам...	<voice type=disappointment>\nEuh, oui, je suppose...?\n	<voice type=disappointment>\nЭм, да, наверное...?\n
Dialogues/scientistFirstFetchQuest10	<voice type=order>\nTake this.	<voice type=order>\nВземи това.	<voice type=order>\nPrends ça.\n	<voice type=order>\nВозьми это.\n
Dialogues/scientistFirstFetchQuest11	Look for anything radiated and bring it to me, I might be able to use it as nuclear fuel.\n<voice type=thanks>\nI won't rest until I make Murricaville a better place! Even better! 	Търси всичко радиоактивно и донеси ми го, може да го използвам като ядрено гориво.\n<voice type=thanks>\nНе ще почивам, докато не направя Мърикавил по-добро място! Дори по-добро!	Cherche tout ce qui est irradié et apporte-le-moi, \nje pourrais peut-être l’utiliser comme combustible nucléaire.\n<voice type=thanks>\nJe ne me reposerai pas tant que je n'aurai pas fait de Murricaville un endroit meilleur ! \nEncore mieux ! \n	Ищи всё, что радиационно, и принеси мне, возможно, я смогу использовать это как ядерное топливо.\n<voice type=thanks>\nЯ не успокоюсь, пока не сделаю Murricaville лучшим местом! Ещё лучше!\n
Dialogues/prepFirstFetchQuest12	<voice type=acceptance>\nOkay. I guess it won't hurt to see where this is going.	<voice type=acceptance>\nДобре. Мисля, че няма да навреди да видя къде води това.	<voice type=acceptance>\nD'accord. Je suppose que ça ne fait pas de mal de voir où cela mène.\n	<voice type=acceptance>\nХорошо. Думаю, не повредит посмотреть, куда это ведет.\n
Dialogues/scientistFirstFetchQuestComplited1	Ah, perfect.\n<voice type=thanks>\nThank you, Mr. Prepper, this will be very useful.	А, перфектно.\n<voice type=thanks>\nБлагодаря ти, г-н Препър, това ще ми бъде много полезно.	Ah, parfait.\n<voice type=thanks>\nMerci, Mr. Prepper, cela sera très utile.\n	А, прекрасно.\n<voice type=thanks>\nСпасибо, Mr. Prepper, это будет очень полезно.\n
Dialogues/scientistFirstFetchQuestComplited2	Alright! Next I'm going to need...	Добре! Сега ще ми трябва...	Parfait ! Ensuite, il me faudra...\n	Хорошо! Далее мне понадобится...\n
Dialogues/prepFirstFetchQuestComplited3	<voice type=negation>\nWait a second.	<voice type=negation>\nЧакай малко.	<voice type=negation>\nAttends une seconde.\n	<voice type=negation>\nПодожди секунду.\n
Dialogues/scientistFirstFetchQuestComplited4	<voice type=question>\nYes?	<voice type=question>\nДа?	<voice type=question>\nOui ?\n	<voice type=question>\nДа?\n
Dialogues/prepFirstFetchQuestComplited5	<voice type=order>\nListen, Edward. You are working on activating a nuclear power plant.\n<voice type=order>\nIt's extremely dangerous if you don't have impeccable security systems.	<voice type=order>\nСлушай, Едуард. Работиш по активирането на ядрена електроцентрала.\n<voice type=order>\nИзключително опасно е, ако нямаш безупречни системи за сигурност.	<voice type=order>\nÉcoute, Edward. Tu travailles à l'activation d'une centrale nucléaire.\n<voice type=order>\nC'est extrêmement dangereux si tu n'as pas de systèmes de sécurité impeccables.\n	<voice type=order>\nСлушай, Эдвард. Ты работаешь над запуском атомной электростанции.\n<voice type=order>\nЭто чрезвычайно опасно, если у тебя нет безупречных систем безопасности.\n
Dialogues/scientistFirstFetchQuestComplited6	<voice type=question>\nRelax, Mr. Prepper. \nThere is some risk. But what's a little risk in comparison to the greater good of the whole Murricaville?	<voice type=question>\nПочивай, г-н Препър.\nИма някакъв риск. Но какво е малкото риск в сравнение с по-голямото благо на целия Мърицивал?	<voice type=question>\nRelax, Mr. Prepper. \nIl y a un certain risque. Mais quel est un petit risque comparé au bien de tout Murricaville ?\n	<voice type=question>\nРасслабься, Mr. Prepper. \nЕсть некоторый риск. Но что такое небольшой риск по сравнению с благом всего Murricaville?\n
Dialogues/prepFirstFetchQuestComplited7	<voice type=question>\nAren't you afraid of harming the town accidentally instead?	<voice type=question>\nНе се ли страхуваш, че случайно ще навредиш на града?	<voice type=question>\nN'as-tu pas peur de nuire accidentellement à la ville à la place ?\n	<voice type=question>\nРазве ты не боишься случайно навредить городу вместо этого?\n
Dialogues/scientistFirstFetchQuestComplited8	<voice type=negation>\nNah, I got this, trust me.\nThe worst case scenario is that some local fauna and flora gets a bit spicy.	<voice type=negation>\nНе, аз се справям, довери ми се.\nНай-лошият сценарий е някой местен фауна или флора да стане малко пикантен.	<voice type=negation>\nNon, je gère, crois-moi.\nDans le pire des cas, la faune et la flore locales deviendront un peu « relevées ».\n	<voice type=negation>\nНет, я справлюсь, поверь.\nВ худшем случае местная флора и фауна станут немного «острыми».\n
Dialogues/prepFirstFetchQuestComplited9	<voice type=disappointment>\n...\nYou know what, I helped you out a bit, but I'm done.\nI have my own problems to take care of.	<voice type=disappointment>\n...\nЗнаеш ли, помогнах ти малко, но съм завършил.\nИмам свои проблеми, които да реша.	<voice type=disappointment>\n...\nTu sais quoi, je t'ai un peu aidé, mais j'en ai fini.\nJ'ai mes propres problèmes à gérer.\n	<voice type=disappointment>\n...\nЗнаешь что, я немного помог тебе, но всё, я закончил.\nУ меня есть свои проблемы, которыми нужно заняться.\n
Dialogues/scientistFirstFetchQuestComplited10	<voice type=acceptance>\nAlright.	<voice type=acceptance>\nДобре.	<voice type=acceptance>\nD'accord.\n	<voice type=acceptance>\nХорошо.\n
Dialogues/scientistFirstFetchQuestComplited11	It's a bummer though.\nI was about to share with you this blueprint for a hazmat backpack.	Това е малко тъжно.\nТочно щях да ти споделя този чертеж за противохимичен раница.	C'est dommage.\nJ'allais te partager ce plan pour un sac à dos de protection contre les matières dangereuses.\n	Жаль, правда.\nЯ собирался поделиться с тобой чертежом защитного рюкзака.\n
Dialogues/scientistFirstFetchQuestComplited12	I happen to possess knowledge of all kinds of equipment and machinery that could prove essential to surviving a catastrophic scenario.	Притежавам знания за всякакъв вид оборудване и машини, които могат да се окажат жизненоважни за оцеляване в катастрофален сценарий.	Il se trouve que je possède des connaissances sur toutes sortes d'équipements et de machines,\nqui pourraient s'avérer essentielles pour survivre à un scénario catastrophique.\n	Так уж получилось, что я обладаю знаниями о всевозможном оборудовании и техниках,\nкоторые могут оказаться жизненно необходимыми для выживания в катастрофическом сценарии.\n
Dialogues/prepFirstFetchQuestComplited13	<voice type=disappointment>\nEh...\n<voice type=acceptance>\nAlright, let's be clear - I still don't trust you, but you got my attention.	<voice type=disappointment>\nЕх...\n<voice type=acceptance>\nДобре, да бъдем ясни - все още не ти вярвам, но успях да привлечеш вниманието ми.	<voice type=disappointment>\nEh...\n<voice type=acceptance>\nD'accord, soyons clairs - je ne te fais toujours pas confiance, mais tu as attiré mon attention.\n	<voice type=disappointment>\nЭх...\n<voice type=acceptance>\nЛадно, будем честны - я всё ещё тебе не доверяю, но ты привлёк моё внимание.\n
Dialogues/scientistFirstFetchQuestComplited14	<voice type=thanks>\nSmart. Here, take a look at this blueprint. \n<voice type=thanks>\nYou'll do as you please, of course. But if you reconsider, I will have other requests for you, and more knowledge to share!	<voice type=thanks>\nУмен. Ето, погледни този план. \n<voice type=thanks>\nРазбира се, ще правиш каквото искаш. Но ако се преразмислиш, ще има други молби към теб и още знания за споделяне!	<voice type=thanks>\nIntelligent. Tiens, regarde ce plan.\n<voice type=thanks>\nTu feras comme bon te semble, bien sûr. Mais si tu changes d'avis, j'aurai d'autres demandes pour toi et encore plus de connaissances à partager !\n	<voice type=thanks>\nУмно. Вот, взгляни на этот чертеж.\n<voice type=thanks>\nТы, конечно, поступишь по-своему. Но если передумаешь, у меня будут другие просьбы к тебе и ещё больше знаний, которыми я могу поделиться!\n
Dialogues/scientistSecondFetchQuest1	<voice type=question>\nSo, Mr. Prepper, how do you like the Hazmat Backpack?	<voice type=question>\nЗначи, господин Препър, как ти харесва Hazmat Backpack?	<voice type=question>\nAlors, Mr. Prepper, comment trouves-tu le sac à dos Hazmat ?\n	<voice type=question>\nНу как, Mr. Prepper, тебе нравится защитный рюкзак Hazmat?\n
Dialogues/prepSecondFetchQuest2	I'd prefer a hazmat suit.\nBut looks good anyway, should come in handy.	Предпочитам защитен костюм.\nНо изглежда добре, все пак, ще ми е полезен.	Je préférerais une combinaison de protection.\nMais ça a l'air bien quand même, ça devrait être utile.\n	Я бы предпочёл защитный костюм.\nНо выглядит хорошо и должен пригодиться.\n
Dialogues/scientistSecondFetchQuest3	<voice type=question>\nAwesome! Wanna take up another task? For progress and all?	<voice type=question>\nСупер! Искаш да вземеш още една задача? За прогреса и всичко?	<voice type=question>\nGénial ! Tu veux prendre une autre tâche ? Pour le progrès et tout ça ?\n	<voice type=question>\nОтлично! Хочешь взять ещё одно задание? Во имя прогресса и всего такого?\n
Dialogues/prepSecondFetchQuest4	<voice type=acceptance>\nYeah, I suppose I do.\nIt's just... I figured it's better to keep an eye on you, in case you're on track of getting us all blown up.\nThis seems to be a common danger here in the town, now that I think of it.	<voice type=acceptance>\nДа, предполагам, че да.\nПросто... реших, че е по-добре да те държа под око, в случай че си на път да ни взривиш всички.\nТова изглежда е често срещана опасност тук в града, сега като се замисля.	<voice type=acceptance>\nOui, je suppose que oui.\nC'est juste... J'ai pensé qu'il valait mieux te surveiller, au cas où tu serais en train de nous faire tous exploser.\nCela semble être un danger commun ici dans la ville, maintenant que j'y pense.\n	<voice type=acceptance>\nДа, полагаю, что да.\nПросто... Я подумал, что лучше следить за тобой, на случай если ты собрался всех нас взорвать.\nПохоже, это обычная опасность в нашем городе, если вдуматься.\n
Dialogues/scientistSecondFetchQuest5	<voice type=negation>\nI'd never! I have everything well in hand!\nAnd it's cool we can get our cooperation going again.	<voice type=negation>\nНикога! Всичко е под контрол!\nИ е готино, че можем да започнем отново да си сътрудничим.	<voice type=negation>\nJamais ! J’ai tout bien en main !\nEt c’est génial que nous puissions relancer notre coopération. \n	<voice type=negation>\nНикогда! У меня всё под контролем!\nИ это здорово, что мы можем снова наладить сотрудничество. \n
Dialogues/scientist_NuclearMaterial	Look around just anywhere, Mr. Prepper.\nIt's not only me, Murricaville had more occasions to be exposed to radioactivity throughout its history.\nYou'd be surprised how many irradiated objects lie around EVERYWHERE.\nI'm pretty sure you will find some in no time.	Огледай се навсякъде, препър.\nНе съм само аз, Мюрикавил е имал много повече случаи да бъде изложен на радиация през историята си.\nЩе се изненадаш колко много облъчени предмети лежат навсякъде.\nСигурен съм, че ще намериш някои за нула време.	Regarde simplement autour de toi partout, Mr. Prepper.\nCe n’est pas seulement à cause de moi, Murricaville a eu d’autres occasions d’être exposée à la radioactivité au cours de son histoire.\nTu serais surpris du nombre d’objets irradiés qui se trouvent PARTOUT.\nJe suis sûr que tu en trouveras rapidement.\n	Оглядывайся везде, Mr. Prepper.\nНе только из-за меня, Murricaville за свою историю несколько раз подвергалось радиации.\nТы удивишься, сколько радиоактивных предметов лежит ВЕЗДЕ.\nЯ уверен, что ты быстро что-нибудь найдешь.\n
Dialogues/scientist_AlienIncubator	<voice type=question>\nTrouble with this one? Have you had any contact with the extraterrestrials?\nThey do exist, yes.\nI've even dissected some of them in the old days. I'm not much into xenobiology though, it bores me.\nBut their technology! A completely different, awesome thing.\nWe used some of their tech to shoot them from the sky, and then we'd retrieve more tech. \nAnyway, find a UFO wreckage, and if you get lucky, you may find an incubator in there.\nI need one. Whatever was growing inside, you can throw away, I just want an incubator.	<voice type=question>\nИмаш проблем с този? Имаш ли някакъв контакт с внеземните?\nТе съществуват, да.\nДори някога съм ги дисектирал. Не съм много в ксенобиологията пък, скучно ми е.\nНо технологиите им! Съвсем различен, страхотен нещият.\nИзползвахме част от техните технологии, за да ги изстреляме от небето, а след това събирахме още технологии.\nВъ всяка случай, намери разбит НЛО, и ако си късметлия, може да намериш инкубатор там.\nТрябва ми един. Какво е било в него, можеш да го хвърлиш, аз просто искам инкубатор.	<voice type=question>\nProblème avec celui-ci ? As-tu eu un contact avec les extraterrestres ?\nIls existent, oui.\nJ'en ai même disséqué quelques-uns à l'époque. Mais je ne m'intéresse pas trop à la xénobiologie, ça m'ennuie.\nMais leur technologie ! Quelque chose de complètement différent et génial.\nNous avons utilisé une partie de leur technologie pour les abattre depuis le ciel, puis nous récupérions plus de technologie.\nBref, trouve une épave d'OVNI, et si tu as de la chance, tu pourrais y trouver un incubateur.\nJ'en ai besoin d'un. Peu importe ce qui pousse à l'intérieur, tu peux le jeter, je veux juste un incubateur.\n	<voice type=question>\nПроблемы с этим? Ты имел какой-нибудь контакт с инопланетянами?\nОни существуют, да.\nЯ даже делал вскрытия некоторых из них в старые времена. Но к ксенобиологии я не очень увлечён, скучно.\nНо их технология! Совершенно другое, потрясающее.\nМы использовали часть их технологий, чтобы сбивать их с неба, а затем добывали больше технологий.\nВ любом случае, найди обломки НЛО, и если повезёт, можешь найти там инкубатор.\nМне нужен один. Всё, что там растёт, можешь выбросить, мне нужен только инкубатор.\n
Dialogues/scientist_AtomicWaste	<voice type=question>\nNo more nuclear waste around here? Hm.\nThey used to dump it deep into the ground. I'd reckon an abandoned mine would be perfect for this.	<voice type=question>\nНяма повече ядрени отпадъци наоколо? Хм.\nИзползваха да го изхвърлят дълбоко в земята. Предполагам, че изоставена мина би била идеална за това.	<voice type=question>\nPlus de déchets nucléaires par ici ? Hm.\nIls les enfouissaient profondément dans le sol autrefois. Je dirais qu’une mine abandonnée serait parfaite pour ça.\n	<voice type=question>\nЗдесь больше нет ядерных отходов? Хм.\nРаньше их закапывали глубоко в землю. Думаю, заброшенная шахта подошла бы идеально.\n
Dialogues/scientist_Mannequin	Here, I meant specifically a mannequin used in an atomic bomb test. Like a crash test dummy, but for nukes.\nA long time ago, some nuclear tests were performed in the desert, relatively far from here.	Тук имам предвид конкретно манекен, използван в тест на атомна бомба. Като манекен за катастрофи, но за ядрени оръжия.\nПреди много време, някои ядрени тестове са извършени в пустинята, относително далеч оттук.	Ici, je parlais spécifiquement d'un mannequin utilisé lors d'un test de bombe atomique. Comme un mannequin de crash test, mais pour les bombes nucléaires.\nIl y a longtemps, quelques tests nucléaires ont été réalisés dans le désert, relativement loin d'ici.\n	Здесь я имел в виду конкретно манекен, использованный в ядерном испытании. Как манекен для краш-тестов, но для ядерных бомб.\nДавно в пустыне проводились ядерные испытания, довольно далеко отсюда.\n
Dialogues/scientist_OldGasMask2	<voice type=question>\nMaybe you'll find the masks in some place where dangerous materials were involved?\n<voice type=question>\nA mine, perhaps? And maybe someone uses them still?	<voice type=question>\nМоже би ще намериш маските на някое място, където са били замесени опасни материали?\n<voice type=question>\nМина, може би? И може би някой все още ги използва?	<voice type=question>\nPeut-être que tu trouveras les masques dans un endroit où des matériaux dangereux étaient manipulés ?\n<voice type=question>\nUne mine, peut-être ? Et peut-être que quelqu'un les utilise encore ?\n	<voice type=question>\nМожет, ты найдешь маски там, где работали с опасными материалами?\n<voice type=question>\nВ шахте, может быть? И, возможно, кто-то до сих пор их использует?\n
Dialogues/scientist_RadioactivePlant	A rare species of plant, with some special effects thanks to radioactivity. \nSome specimens are to be found deep in the forest.\nJust go as far as you can.	Редки вид растение, с някои специални ефекти благодарение на радиацията. \nНякои екземпляри могат да се намерят дълбоко в гората.\nПросто продължавай напред.	Une espèce rare de plante, avec certains effets spéciaux grâce à la radioactivité.\nQuelques spécimens se trouvent profondément dans la forêt.\nVa juste aussi loin que tu peux.\n	Редкий вид растения с особыми эффектами благодаря радиации.\nНекоторые экземпляры можно найти глубоко в лесу.\nПросто иди как можно дальше.\n
Dialogues/scientist_RadioactiveClothes	A hazmat suit? Absolutely vital if you plan to walk through irradiated zones without melting. You won’t just find one lying around — you’ll have to craft it yourself.	Екип за химическа защита? Абсолютно необходим, ако планираш да минаваш през заразени зони без да се разтопиш. Няма да намериш такъв просто така — ще трябва да си го направиш сам.	Une combinaison hazmat ? Absolument vitale si tu prévois de traverser des zones irradiées sans fondre. \nTu n’en trouveras pas juste traîner — tu devras la fabriquer toi-même.\n	Защитный костюм? Абсолютно необходим, если планируешь пройти через радиоактивные зоны, не расплавившись. \nПросто так один не найдешь — придётся создать его самому.\n
Dialogues/scientist_Tektite	<voice type=question>\nTrinitite? \nIt's this kind of rock that is being created during nuclear explosions in the desert.\nI'm sure some is still left from the earlier nuke-happy times.	<voice type=question>\nТринити?\nТова е вид скала, която се образува по време на ядрени експлозии в пустината.\nСигурен съм, че останало от по-ранните време на ядрените експлозии.	<voice type=question>\nTrinitite ? \nC’est un type de roche qui se forme lors des explosions nucléaires dans le désert.\nJe suis sûr qu’il en reste encore de l’époque où on faisait la fête avec les bombes nucléaires.\n	<voice type=question>\nТринитит? \nЭто такой камень, который образуется во время ядерных взрывов в пустыне.\nЯ уверен, что кое-что осталось с тех времен, когда любили ядерные испытания.\n
Dialogues/scientist_BlueberrieRadioactive	<voice type=question>\nBlueberries. Where might they be? Where do you find them usually?	<voice type=question>\nЧерни ягоди Къде може да са? Къде обикновено ги намираш?	<voice type=question>\nMyrtilles. Où pourraient-elles être ? Où les trouve-t-on habituellement ?\n	<voice type=question>\nЧерника. Где она может быть? Где обычно её находят?\n
Dialogues/scientist_GuaranaRadioactive	<voice type=question>\nIt's a bit funny there's guarana to be found in Murricaville, ain't it? It must be an invasive species.\nThen again, I was never much into biology, too messy. For what it's worth, they might just be mutated strawberries.\nBut I have an inkling that radioactive guarana might be especially useful to me. 	<voice type=question>\nМалко е забавно, че има гуарана в Мюрикавил, нали? Трябва да е инвазивен вид.\nТогава пак, никога не съм бил много запален по биологията, твърде мръсно. За каквото и да е, може би са просто мутирали ягоди.\nНо имам чувството, че радиоактивната гуарана може да ми бъде особено полезна. 	<voice type=question>\nC’est un peu drôle qu’on trouve du guarana à Murricaville, non ? Ça doit être une espèce invasive.\nCela dit, je n’ai jamais été très passionné par la biologie, trop désordonné. Pour ce que ça vaut, ce pourraient juste être des fraises mutantes.\nMais j’ai l’intuition que le guarana radioactif pourrait m’être particulièrement utile.\n	<voice type=question>\nДовольно забавно, что гуарану можно найти в Murricaville, не правда ли? Должно быть, это инвазивный вид.\nС другой стороны, я никогда особо не увлекался биологией, слишком хаотично. По сути, это могут быть просто мутировавшие клубники.\nНо у меня есть предчувствие, что радиоактивная гуарана может быть особенно полезна мне.\n
Dialogues/scientist_RadiatedRatMeat	Find a green glowing rat. Hard to mistake it for anything else really.\nJust kill it and bring it too me. \n<voice type=laugh>\nGood luck!	Намери зелен светенещ свиняк. Трудно да го свалиш за нещо друго.\nПросто го убий и донеси го на мен. \n<voice type=laugh>\nУспех!	Trouve un rat vert luisant. Difficile de le confondre avec autre chose, vraiment.\nTue-le simplement et apporte-le-moi. \n<voice type=laugh>\nBonne chance !\n	Найди зелёную светящуюся крысу. Её трудно перепутать с чем-то другим.\nПросто убей её и принеси мне. \n<voice type=laugh>\nУдачи!\n
Dialogues/scientist_RadiatedSnakeMeat	Some of the snakes are green and glowing. They would make for a great party accessory were they not so unwieldy. \nKill one and bring it to me. Not for fun, for science, of course.\n<voice type=laugh>\nGood luck!	Някои от змиите са зелени и светят. Биха били страхотен аксесоар за вечери, ако не бяха толкова неудобни. \nУбий една и донеси ми я. Не за забавление, за наука, разбира се.\n<voice type=laugh>\nУспех!	Certains serpents sont verts et brillants. Ils feraient un super accessoire de fête s'ils n'étaient pas si encombrants. \nTue-en un et apporte-le-moi. Pas pour le plaisir, mais pour la science, bien sûr.\n<voice type=laugh>\nBonne chance !\n	Некоторые змеи зелёные и светятся. Из них вышел бы отличный аксессуар для вечеринки, если бы они не были такими неудобными. \nУбей одну и принеси мне. Не для развлечения, а для науки, конечно.\n<voice type=laugh>\nУдачи!\n
Dialogues/scientist_RadiatedWildMeat	You may find a green glowing wolf where other wolves appear as well.\nKill it and bring it too me, I have an idea what I might extract from it.\n<voice type=laugh>\nGood luck!	Можеш да намериш зелен светъл вълк, където се появяват и други вълци.\nУбий го и донеси го на мен, имам идея какво мога да извлека от него.\n<voice type=laugh>\nУспех!	Vous pouvez trouver un loup vert luminescent là où apparaissent aussi d'autres loups.\nTuez-le et apportez-le-moi, j'ai une idée de ce que je pourrais en extraire.\n<voice type=laugh>\nBonne chance !\n	Вы можете найти зелёного светящегося волка там, где появляются и другие волки.\nУбейте его и принесите мне — у меня есть идея, что я мог бы из него извлечь.\n<voice type=laugh>\nУдачи!\n
Dialogues/scientist_UraniumGlass	<voice type=question>\nI think you might find some uranium glass in an uranium mine?\nBut you can also try the junkyard, some dumbass could have thrown it away not having recognized its value.	<voice type=question>\nМисля, че може да намериш малко ураниево стъкло в ураниева мина?\nНо можеш да провериш и на сметището, някой глупак може да го е изхвърлил, без да осъзнае стойността му.	<voice type=question>\nJe pense que tu pourrais trouver du verre à l’uranium dans une mine d’uranium ?\nMais tu peux aussi essayer à la casse, un imbécile a peut-être jeté ça sans en reconnaître la valeur.\n	<voice type=question>\nДумаю, ты можешь найти урановое стекло в урановой шахте?\nНо можешь также поискать на свалке — какой-нибудь дурак мог выбросить его, не осознав его ценности.\n
Dialogues/scientist_Uranium	It used to be excavated in uranium mines, also here in the region.\nI bet there is one nearby, but I don't know where exactly.	Изкопавали са го в уранови мини, също и тук в региона.\nЗалагам, че има една наблизо, но не знам точно къде.	Autrefois, on l’extrayait dans des mines d’uranium, y compris ici dans la région.\nJe parie qu’il y en a une à proximité, mais je ne sais pas exactement où.\n	Раньше его добывали в урановых шахтах, в том числе здесь, в этом регионе.\nДержу пари, где-то поблизости есть одна, но я не знаю точно где.\n
Dialogues/scientist_NuclearRod	A nuclear rods? Now we're talking serious power. It’s refined uranium, spun into purity by a centrifuge and shaped into a perfect little stick of energy. 	Ядрена пръчка? Сега говорим за сериозна мощност. Това е пречистен уран, завъртян до съвършенство в центрофуга и оформен в перфектна малка пръчица енергия.	Des barres nucléaires ? Là, on parle de puissance sérieuse. \nC’est de l’uranium raffiné, tourné vers la pureté dans une centrifugeuse et façonné en un petit bâtonnet d’énergie parfait. \n	Ядерные стержни? Теперь речь идёт о серьёзной мощности. \nЭто очищенный уран, центрифугой доведённый до чистоты и сформированный в идеальную маленькую палочку энергии. \n
Dialogues/scientist_UraniumMushroom	Irradiated mushrooms. Very important for my next scientific project. No other reason.\n<voice type=question>\nWhere to find them? I bet those that are underground could retain more radioactivity.\nThere are some in the overgrown cooling tower around here, but I doubt it will be enough. 	Радиационни гъби. Много важни за следващия ми научен проект. Няма друг друг начин.\n<voice type=question>\nКъде да ги намеря? Залагам, че тези под земята ще запазват повече радиоактивност.\nИма някои в преобширения кула за охлаждане тук, но съм съмнителен дали ще е достатъчно.	Champignons irradiés. Très importants pour mon prochain projet scientifique. Pour aucune autre raison. \n<voice type=question>\nOù les trouver ? Je parie que ceux qui sont sous terre pourraient retenir plus de radioactivité. \nIl y en a quelques-uns dans la tour de refroidissement envahie juste à côté, mais je doute que ce soit suffisant. \n	Облучённые грибы. Очень важны для моего следующего научного проекта. Ни по какой другой причине. \n<voice type=question>\nГде их найти? Думаю, те, что под землёй, могли сохранить больше радиоактивности. \nНемного есть в заросшей градирне неподалёку, но сомневаюсь, что этого хватит. \n
Dialogues/scientistStage1Complited	<voice type=thanks>\nI am happy to announce I finally have enough resources to activate this power plant in its full power!\n<voice type=thanks>\nFrom tomorrow on, Murricaville would never have to worry about electricity!\n<voice type=thanks>\nBless the President, y'all! Glory to progress!	<voice type=thanks>\nРадвам се да обявя, че намерих достатъчно ресурси, за да активирам тази електроцентрала на пълна мощ!\n<voice type=thanks>\nОт утре Мърикавил никога повече няма да се притеснява за електричество!\n<voice type=thanks>\nБлагословено бъдеш Президент, всички! Слава на прогреса!	<voice type=thanks>\nJe suis heureux d’annoncer que j’ai enfin suffisamment de ressources pour activer cette centrale électrique à pleine puissance ! \n<voice type=thanks>\nÀ partir de demain, Murricaville n’aura plus jamais à se soucier de l’électricité ! \n<voice type=thanks>\nBénissez le Président, tous ! Gloire au progrès ! \n	<voice type=thanks>\nРад сообщить, что у меня наконец достаточно ресурсов, чтобы запустить эту электростанцию на полную мощность!\n<voice type=thanks>\nС завтрашнего дня Murricaville больше никогда не придется беспокоиться о электричестве!\n<voice type=thanks>\nБлагослови президента! Слава прогрессу!\n
Dialogues/scientistWait	I am in the middle of some calibrations.\nCome back tomorrow, will ya.	В момента правя някакви калибрации.\nЕла утре, става ли?	Je suis en train de faire quelques calibrages. \nReviens demain, d’accord ? \n	Я сейчас занимаюсь калибровкой. \nПриходи завтра, ладно? \n
Dialogues/prepNextDayOnPowerPlant1	<voice type=question>\nHmm, it's closed now?\nI wonder why...\nThe air feels odd.	<voice type=question>\nХм, сега е затворено?\nЧудя се защо...\nВъздухът се усеща странно.	<voice type=question>\nHmm, c’est fermé maintenant ? \nJe me demande pourquoi... \nL’air est étrange. \n	<voice type=question>\nХм, сейчас закрыто? \nИнтересно, почему... \nВоздух ощущается странно. \n
Dialogues/prepNextDayOnPowerPlant2	There is a lot of background radiation in the area.\n<voice type=question>\nWhat did he do?	В района има много фонова радиация.\n<voice type=question>\nКакво е направил?	Il y a beaucoup de radiation de fond dans la zone. \n<voice type=question>\nQu’a-t-il fait ? \n	В этом районе высокий уровень фона радиации. \n<voice type=question>\nЧто он сделал? \n
Dialogues/prepNextDayOnPowerPlant3	<voice type=surprise>\nOh, no...	<voice type=surprise>\nО, не…	<voice type=surprise>\nOh, non... \n	<voice type=surprise>\nО нет... \n
Dialogues/scientistStage2Start1	<voice type=greeting>\nOh, Mr. Prepper, you are finally here!	<voice type=greeting>\nО, г-н Препър, накрая си тук!	<voice type=greeting>\nOh, Mr. Prepper, tu es enfin là !\n	<voice type=greeting>\nО, Mr. Prepper, ты наконец-то здесь!\n
Dialogues/prepStage2Start2	<voice type=upset>\nYes... And I almost got killed. Again. 	<voice type=upset>\nДа... И почти умрях. Още веднъж.	<voice type=upset>\nOui... Et j’ai failli me faire tuer. Encore. \n	<voice type=upset>\nДа... И меня чуть не убили. Снова. \n
Dialogues/scientistStage2Start3	I've heard animal noises outside, they sound agitated. \nI might have messed up a bit and a small amount of radiation got released during the stress test of a reactor.\nBut I don't think there is a causal connection between the two phenomena, the release of ionizing particles...	Чух животински звуци отвън, изглеждат развълнувани. \nМоже би съм направил малка грешка и малко количество радиация се е освободило по време на стрес теста на реактора.\nНо не мисля, че има причинно-следствена връзка между двете явления, освобождаването на йонизиращи частици...	J'ai entendu des bruits d'animaux dehors, ils semblaient agités. \nIl se peut que j'aie un peu raté quelque chose et qu'une petite quantité de radiation se soit échappée lors du test de contrainte d'un réacteur. \nMais je ne pense pas qu'il y ait un lien de cause à effet entre ces deux phénomènes, la libération de particules ionisantes... \n	Я слышал снаружи шумы животных, они звучали возбужденными. \nВозможно, я немного напортачил, и небольшое количество радиации было выброшено во время стресс-теста реактора. \nНо я не думаю, что между этими двумя явлениями есть причинно-следственная связь, выброс ионизирующих частиц... \n
Dialogues/prepStage2Start4	<voice type=question>\nWait, get back to the previous sentence. What do you mean "a small amount of radiation"?	<voice type=question>\nЧакай, върни се към предишното изречение. Какво имаш предвид с „малко количество радиация“?	<voice type=question>\nAttends, reviens à la phrase précédente. Que veux-tu dire par "une petite quantité de radiation" ? \n	<voice type=question>\nПодожди, вернись к предыдущему предложению. Что ты имеешь в виду под "небольшим количеством радиации"? \n
Dialogues/scientistStage2Start5	Umm... My estimate would be some... 400 petabecquerels... So far.	Хм... Моята оценка е някъде около... 400 петабекерела... Досега.	Euh... Mon estimation serait d’environ... 400 pétaBecquerels... Jusqu’à présent. \n	Эээ... Моя оценка будет примерно... 400 петаБеккерелей... Пока. \n
Dialogues/prepStage2Start6	<voice type=negation>\nThat's bad.	<voice type=negation>\nТова е лошо.	<voice type=negation>\nC'est mauvais. \n	<voice type=negation>\nЭто плохо. \n
Dialogues/scientistStage2Start7.1	It's... quite high, yes.\n<voice type=thanks>\nBut Mr. Prepper, it's so awesome!	Това е... доста високо, да.\n<voice type=thanks>\nНо г-н Препър, това е супер!	C'est... assez élevé, oui.\n<voice type=thanks>\nMais Mr. Prepper, c'est tellement génial !\n	Это... довольно высоко, да.\n<voice type=thanks>\nНо, Mr. Prepper, это так здорово!\n
Dialogues/scientistStage2Start7.2	<voice type=thanks>\nJust look at it!	<voice type=thanks>\nПогледни само!	<voice type=thanks>\nRegarde juste ça ! \n	<voice type=thanks>\nПросто посмотри на это! \n
Dialogues/scientistStage2Start8.1	<voice type=thanks>\nWith this technological feat, Murricaville harnesses the power of atom!	<voice type=thanks>\nС това технологично постижение Мърицивил успя да използва силата на атома!	<voice type=thanks>\nGrâce à cet exploit technologique, Murricaville exploite la puissance de l'atome ! \n	<voice type=thanks>\nС этим технологическим достижением Murricaville использует силу атома!\n
Dialogues/scientistStage2Start8.2	And on top of that, I have enough spare energy for my next project.	И на всичкото отгоре, имам достатъчно свободна енергия за следващия си проект.	Et en plus de ça, j’ai assez d’énergie de réserve pour mon prochain projet. \n	И вдобавок у меня достаточно лишней энергии для моего следующего проекта. \n
Dialogues/prepStage2Start9	<voice type=disappointment>\n...I'm afraid to ask.	<voice type=disappointment>\n...Страховат да попитам.	<voice type=disappointment>\n...J’ai peur de demander. \n	<voice type=disappointment>\n...Боюсь спросить. \n
Dialogues/scientistStage2Start10	<voice type=negation>\nOh, don't worry! It's completely harmless.	<voice type=negation>\nО, не се притеснявай! Напълно е безвредно.	<voice type=negation>\nOh, ne t’inquiète pas ! C’est complètement inoffensif. \n	<voice type=negation>\nО, не волнуйся! Это совершенно безвредно. \n
Dialogues/scientistStage2Start11	I want to fix this electrical switchgear. 	Искам да оправя тази електрическа апаратура.	Je veux réparer ce tableau électrique. \n	Я хочу починить это электрическое распределительное устройство. \n
Dialogues/scientistStage2Start12	I can already redirect energy to residential areas of the town, but if I fix this, I'll have way more options.	Мога вече да пренасоча енергия към жилищните райони на града, но ако оправя това, ще имам много повече опции.	Je peux déjà rediriger de l’énergie vers les zones résidentielles de la ville,  \nmais si je répare ça, j’aurai beaucoup plus d’options. \n	Я уже могу перенаправлять энергию в жилые районы города,  \nно если я это починю, у меня будет гораздо больше возможностей. \n
Dialogues/prepStage2Start13	<voice type=question>\nFor example?	<voice type=question>\nНапример?	<voice type=question>\nPar exemple ? \n	<voice type=question>\nНапример? \n
Dialogues/scientistStage2Start14	<voice type=thanks>\nThe local dam!\nIt's all messed up. But with a stable source of energy it will work like a charm.	<voice type=thanks>\nМестната язовирна стена!\nВсичко е объркано. Но с стабилен източник на енергия ще работи като чар.	<voice type=thanks>\nLe barrage local !  \nTout est en désordre. Mais avec une source d’énergie stable, il fonctionnera à merveille. \n	<voice type=thanks>\nМестная плотина!  \nВсё в беспорядке. Но с стабильным источником энергии она будет работать как надо. \n
Dialogues/prepStage2Start15	Mhm. Surprising as it is, it actually does sound quite harmless.\n<voice type=question>\nBut can we do anything about the radiation that has already leaked?	Мхм. Въпреки че е изненадващо, всъщност звучи доста безвредно.\n<voice type=question>\nНо можем ли да направим нещо срещу радиацията, която вече се е пуснала?	Mhm. Aussi surprenant que cela soit, cela semble en fait assez inoffensif.  \n<voice type=question>\nMais pouvons-nous faire quelque chose à propos des radiations qui se sont déjà échappées ? \n	Ммм. Как ни странно, это действительно звучит довольно безвредно.  \n<voice type=question>\nНо можем ли мы что-то сделать с радиацией, которая уже просочилась? \n
Dialogues/scientistStage2Start16	Oh, yes, here, suit yourself.	Е, да, вземи си.	Oh, oui, tiens, fais-toi plaisir. \n	О, да, вот, угощайся. \n
Dialogues/prepStage2Start17	I think it'll be fine, personally. I mean the environment around.	Мисля, че ще е наред, лично аз. Имам предвид околната среда.	Je pense que ça ira pour moi personnellement. Je parle de l'environnement autour. \n	Лично я думаю, что всё будет нормально. Я имею в виду окружающую среду. \n
Dialogues/scientistStage2Start18	Oh, sure! I don't care that much.\n<voice type=acceptance>\nI'll deal with that eventually, don't you worry, Mr. Prepper!\n<voice type=thanks>\nBless the President, y'all! Glory to progress!	О, разбира се! Не ме интересува толкова.\n<voice type=acceptance>\nНакрая ще се заная, не се притеснявай, г-н Препър!\n<voice type=thanks>\nБоже, пази президента! Слава на прогреса!	Oh, bien sûr ! Ça ne me dérange pas trop.\n<voice type=acceptance>\nJe m'en occuperai tôt ou tard, ne t'inquiète pas, Mr. Prepper !\n<voice type=thanks>\nBénissez le Président ! Gloire au progrès !\n	О, конечно! Мне это особо не важно.\n<voice type=acceptance>\nЯ этим займусь в свое время, не переживай, Mr. Prepper!\n<voice type=thanks>\nБлагослови Президента! Слава прогрессу!\n
Dialogues/prepStage2FirstQuest1	<voice type=question>\nI assume you have another request for me?	<voice type=question>\nПредполагам, че имаш още една молба за мен?	<voice type=question>\nJe suppose que vous avez une autre demande pour moi ? \n	<voice type=question>\nПолагаю, у вас есть ко мне ещё одна просьба? \n
Dialogues/scientistStage2FirstQuest2	Oh, sure, not a dull moment around here.\nThere might be something just for you.	О, разбира се, тук никога не е скучно.\nМоже би има нещо точно за теб.	Oh, bien sûr, il n'y a jamais de moment ennuyeux ici.  \nIl y a peut-être quelque chose juste pour toi. \n	О, конечно, здесь никогда не бывает скучно.  \nВозможно, есть что-то специально для тебя. \n
Dialogues/scientistStage2FirstQuest3	First of all, I have this Crane Machine all set.	Първо, имам тази машина за кранове, готова за действие.	Tout d'abord, j'ai cette machine à grue prête à fonctionner. \n	Прежде всего, у меня есть этот кран, полностью готовый к работе. \n
Dialogues/scientistStage2FirstQues4	There is a substantial amount of radioactive waste upstairs. And also some regular junk which is now radioactive.\nSome of it is... potentially dangerous. I intended to deal with it before, but something always got in the way.\nWith this Crane Machine you can safely... relatively safely extract the items from the room upstairs.	Има доста радиоактивни отпадъци на горния етаж. И някои обикновени боклуци, които сега са радиоактивни.\nНякои от тях са... потенциално опасни. Исках да се справя с тях преди, но винаги нещо се изпречваше на пътя ми.\nС тази машина за повдигане можеш безопасно... относително безопасно да извадиш предметите от стаята на горния етаж.	Il y a une quantité importante de déchets radioactifs à l'étage.  \nEt aussi quelques déchets ordinaires qui sont maintenant radioactifs.  \nUne partie d'entre eux est... potentiellement dangereuse. J'avais l'intention de m'en occuper avant, mais quelque chose se mettait toujours en travers.  \nAvec cette machine à grue, vous pouvez extraire les objets de la pièce à l'étage en toute sécurité... relativement en sécurité. \n	Наверху находится значительное количество радиоактивных отходов.  \nА также немного обычного мусора, который теперь радиоактивен.  \nЧасть из него... потенциально опасна. Я намеревался разобраться с этим раньше, но что-то всегда мешало.  \nС этой крановой машиной вы можете безопасно... относительно безопасно извлечь предметы из комнаты наверху. \n
Dialogues/prepStage2FirstQuest5	<voice type=question>\nI see. And why wouldn't you do it yourself?	<voice type=question>\nРазбирам. А защо не го направиш сам?	<voice type=question>\nJe vois. Et pourquoi ne le feriez-vous pas vous-même ? \n	<voice type=question>\nПонимаю. А почему бы тебе не сделать это самому? \n
Dialogues/scientistStage2FirstQues6	<voice type=acceptance>\nAh, I don't have patience for this. Basic science? Sure. Engineering? Very cool.\n<voice type=negation>\nActual operation of machines? Nah, I should have lab assistants for this.\nBut I think it's the best job for you! Just be careful.\nSome of that stuff can cause a substantial leak when it falls. Or simply blow up.	<voice type=acceptance>\nАх, нямам търпение за това. Основни науки? Разбира се. Инженеринг? Много страхотно.\n<voice type=negation>\nРеална работа с машини? Не, трябва да имам асистенти в лабораторията за това.\nНо мисля, че това е най-добрата работа за теб! Само бъди внимателен.\nНякои от тези неща могат да причинят голяма теч, когато паднат. Или просто да експлодират.	<voice type=acceptance>\nAh, je n'ai pas de patience pour ça. Science de base ? Bien sûr. Ingénierie ? Très cool.  \n<voice type=negation>\nLe fonctionnement réel des machines ? Non, je devrais avoir des assistants de laboratoire pour ça.  \nMais je pense que c'est le meilleur travail pour toi ! Sois juste prudent.  \nCertaines de ces choses peuvent provoquer une fuite importante si elles tombent. Ou simplement exploser. \n	<voice type=acceptance>\nАх, у меня нет терпения для этого. Базовая наука? Конечно. Инженерия? Очень круто.  \n<voice type=negation>\nНастоящая эксплуатация машин? Нет, для этого у меня должны быть лабораторные ассистенты.  \nНо я думаю, что это лучшая работа для тебя! Просто будь осторожен.  \nНекоторые вещи могут вызвать значительный выброс при падении. Или просто взорваться. \n
Dialogues/prepStage2FirstQuest7	<voice type=disappointment>\n...		<voice type=disappointment>\n...\n	<voice type=disappointment>\n...\n
Dialogues/scientistStage2FirstQuest8	<voice type=thanks>\nBut if you don't want to do it, I will have to!\nI'd just need to find a way to do it really quickly so I can get back to other work. Perhaps if I disable some safety mechanisms in the crane...	<voice type=thanks>\nНо ако не искаш да го направиш, ще трябва да го направя аз!\nТрябва ми само да намеря начин да го направя много бързо, за да се върна към други работи. Може би да изключа някои механизми за безопасност в крана...	<voice type=thanks>\nMais si tu ne veux pas le faire, je devrai le faire !  \nJe dois juste trouver un moyen de le faire très rapidement pour pouvoir retourner à d'autres travaux. Peut-être si je désactive certains mécanismes de sécurité de la grue... \n	<voice type=thanks>\nНо если ты не хочешь этого делать, придётся мне!  \nМне просто нужно найти способ сделать это очень быстро, чтобы я мог вернуться к другой работе. Может быть, если я отключу несколько защитных механизмов крана... \n
Dialogues/prepStage2FirstQues9	<voice type=negation>\nNo, no, wait. Don't. I will do it. 	<voice type=negation>\nНе, не, чакай. Не го прави. Аз ще го направя.	<voice type=negation>\nNon, non, attends. Ne le fais pas. Je vais le faire. \n	<voice type=negation>\nНет, нет, подожди. Не делай этого. Я сделаю это. \n
Dialogues/scientistStage2FirstQuest10	Great! I need $x$ from the Crane Machine.	Страхотно! Имам нужда от $x$ от машината за кранове.	Super ! J'ai besoin de $x$ de la machine à grue. \n	Отлично! Мне нужно $x$ из крана. \n
Dialogues/scientistStage2FirstQuest11	You can control it from here.	Можеш да го управляваш оттук.	Vous pouvez le contrôler d'ici. \n	Ты можешь управлять им отсюда. \n
Dialogues/scientistStage2FirstQuest12	<voice type=thanks>\nGood luck!	<voice type=thanks>\nУспех!	<voice type=thanks>\nBonne chance ! \n	<voice type=thanks>\nУдачи! \n
Dialogues/scientist_MetalToilet	One should be in a box upstairs. I hope it's stylish.\nYou can get it with the Crane Machine.	Един трябва да е в кутия горе. Надявам се да е стилен.\nМожеш да го вземеш с крана.	Il devrait y en avoir une dans une boîte à l'étage. J'espère qu'elle est stylée.  \nVous pouvez la récupérer avec la machine à grue. \n	Одна должна быть в ящике наверху. Надеюсь, она стильная.  \nТы можешь достать её с помощью крана. \n
Dialogues/scientist_NuclearBomb	You can find this thing, probably still functional, among the junk upstairs.\nGet it with the crane machine. Just please don't drop it, this one is dangerous.	Можеш да намериш това нещо, вероятно все още функционално, сред боклуците горе.\nВземи го с крана. Моля те, не го изпускай, това е опасно.	Vous pouvez trouver cet objet, probablement encore fonctionnel, parmi les déchets à l'étage.  \nRécupérez-le avec la machine à grue. S'il vous plaît, ne le laissez pas tomber, celui-ci est dangereux. \n	Эту штуку, вероятно, всё ещё рабочую, можно найти среди хлама наверху.  \nДостань её краном. Только, пожалуйста, не урони её, она опасная. \n
Dialogues/scientist_OldComputer	One should be in one of the boxes upstairs.\nCrane machine is the best way to get it. Be careful, it's electronics after all.	Трябва да си в една от кутиите горе.\nКрановете са най-добрият начин да го вземеш. Внимавай, все пак е електроника.	Il devrait y en avoir un dans l'une des boîtes à l'étage.  \nLa machine à grue est le meilleur moyen de l'obtenir. Faites attention, c'est de l'électronique après tout. \n	Один должен быть в одной из коробок наверху.  \nЛучший способ достать его — с помощью крана. Будь осторожен, это же электроника. \n
Dialogues/scientist_BigUraniumRod	I think I saw one big fat uranium rod upstairs.\nPlease bring the bad boy down.	Мисля, че видях една голяма дебела уран-радиоактивна пръчка горе.\nМоля, донеси я долу.	Je crois avoir vu une grosse barre d'uranium à l'étage.  \nS'il te plaît, fais descendre ce mauvais garçon. \n	Мне кажется, я видел наверху один большой толстый урановый стержень.  \nПожалуйста, спусти эту штуку вниз. \n
Dialogues/scientist_SeaBomb	I know one is packed into a box upstairs. Don't ask me how it got there.\nGet it with the Crane Machine. Careful! 	Знам, че има един в кутия горе. Не ме питай как е попаднал там.\nВземи го с кранчето. Внимавай!	Je sais qu'il y en a un emballé dans une boîte à l'étage. Ne me demande pas comment il est arrivé là.  \nRécupérez-le avec la machine à grue. Attention ! \n	Я знаю, что один упакован в коробку наверху. Не спрашивай меня, как он там оказался.  \nДостань его с помощью крана. Осторожно! \n
Dialogues/scientist_Plastic	Plastic? Well, the usual procedure to obtain it would be: refinement, then cracking, and then either addition polymerization or condensation polymerization, and then compounding.\nBut if it sounds too complicated, you could just scavenge scraps from the desert.	Пластмаса? Обикновено се получава чрез рафиниране, след това крекинг, а след това или чрез полимеризация чрез добавяне, или чрез полимеризация чрез кондензация, и накрая чрез смесване.\nНо ако ти звучи прекалено сложно, можеш просто да събираш отпадъци от пустинята.	Plastique ? Eh bien, la procédure habituelle serait :  \nraffinage, puis craquage, puis soit polymérisation par addition  \nou par condensation, puis compounding.  \nMais si cela semble trop compliqué, tu peux simplement récupérer des déchets dans le désert. \n	Пластик? Ну, обычная процедура получения:  \nочистка, затем крекинг, затем либо аддитивная полимеризация  \nлибо конденсационная полимеризация, и затем компаундирование.  \nНо если это звучит слишком сложно, можно просто собрать обломки в пустыне. \n
Dialogues/scientist_Electronics	Electronics? Ah, the delicate art of assembling semiconductors, resistors, and capacitors onto printed circuit boards using soldering and precision engineering. \nBut if you're not running a lab, just rip them out of old phones, radios, or computers. Or go dig through the desert — nature's scrapyard.\n	Електроника? А, деликатният изкуствен процес на сглобяване на полупроводници, резистори и кондензатори върху печатни платки с помощта на запояване и прецизна инженерна работа. \nНо ако не управляваш лаборатория, просто ги извади от стари телефони, радиоапарати или компютри. Или отиди да ровиш в пустинята — природата си има своя скрап-ярд. \n	Électronique ? Ah, le délicat art d'assembler des semi-conducteurs,  \nrésistances et condensateurs sur des circuits imprimés  \nen utilisant la soudure et l'ingénierie de précision.  \nMais si vous n'avez pas de laboratoire, il suffit de les arracher à de vieux téléphones,  \nradios ou ordinateurs. Ou allez fouiller dans le désert — la décharge naturelle. \n	Электроника? Ах, это тонкое искусство сборки полупроводников,  \nрезисторов и конденсаторов на печатных платах  \nс помощью пайки и точной инженерии.  \nНо если у тебя нет лаборатории, просто достань их из старых телефонов,  \nрадиоприемников или компьютеров. Или копай в пустыне — природная свалка. \n
Dialogues/scientist_Generator	A generator? You will need a pretty advanced workbench to build it.	Генератор? Ще ти трябва доста напреднала работна маса, за да го направиш.	Un générateur ? Il vous faudra un établi assez avancé pour le construire. \n	Генератор? Тебе понадобится довольно продвинутая рабочая скамья, чтобы его собрать. \n
Dialogues/scientist_NuclearGenerator	It's basically a small nuclear reactor allowing you to produce electricity just like any other generator.\nYou have a blueprint for it, Mr. Prepper.\nI'm sure you'll figure it out, you're smart.	Това е основно малък ядрен реактор, който ти позволява да произвеждаш електричество точно като всеки друг генератор.\nИмаш чертеж за него, препър.\nСигурен съм, че ще го измислиш, ти си умен.	C'est en fait un petit réacteur nucléaire qui te permet de produire de l'électricité comme n'importe quel autre générateur.  \nTu as un plan pour cela, Mr. Prepper.  \nJe suis sûr que tu vas t'en sortir, tu es intelligent. \n	Это по сути маленький ядерный реактор, который позволяет производить электроэнергию так же, как любой другой генератор.  \nУ тебя есть чертеж, Mr. Prepper.  \nЯ уверен, ты справишься, ты умный. \n
Dialogues/scientist_TeslaCoilGun	That's a tricky one.\nI heard a legend about the mad scientist who once developed it.\nBut it was too dangerous - constantly overheating, volatile.\nNow his theories are a bit of a tinfoil hat area. But who knows, maybe he was onto something?	Това е доста сложно.\nЧух легенда за лудия учен, който го е измислил някога.\nНо беше твърде опасно - постоянно прегряваше, беше нестабилно.\nСега теориите му са малко като заговорнически теории. Но кой знае, може би е бил на прав път?	C'est délicat.  \nJ'ai entendu une légende sur le scientifique fou qui l'avait autrefois développé.  \nMais c'était trop dangereux – surchauffe constante, instable.  \nAujourd'hui ses théories sont un peu du domaine du chapeau en aluminium. Mais qui sait, peut-être avait-il raison sur quelque chose ? \n	Это сложный вопрос.  \nЯ слышал легенду о сумасшедшем ученом, который когда-то это разработал.  \nНо это было слишком опасно – постоянно перегревалось, нестабильно.  \nСейчас его теории больше считаются ерундой, но кто знает, может он был на правильном пути? \n
Dialogues/scientist_Fuel	<voice type=question>\nFuel? Well, where do people around here get their fuel from?\nAnd I guess you might try the abandoned gas station on the desert.\nOr you can take crude oil from the abandoned mine and refine it in your own refinery, DIY style.\nAnd don't try to give me the Nuclear Fuel, i need pure gasoline for this.	<voice type=question>\nГориво? Ами откъде хората наоколо си набавят гориво?\nИ предполагам, че можеш да опиташ изоставената бензиностанция в пустинята.\nИли можеш да вземеш суров петрол от изоставената мина и да го пречистиш в собствената си рафинерия, по нашенски.\nИ не се опитвай да ми даваш ядрено гориво, имам нужда от чисто гориво за това.	<voice type=question>\nCarburant ? Eh bien, où les gens ici se procurent-ils leur carburant ?  \nEt je suppose que tu pourrais essayer la station-service abandonnée dans le désert.  \nOu tu peux prendre du pétrole brut dans la mine abandonnée et le raffiner dans ta propre raffinerie, façon DIY.  \nEt n'essaie pas de me donner le carburant nucléaire, j'ai besoin d'essence pure pour ça. \n	<voice type=question>\nТопливо? Ну, откуда здесь люди обычно берут топливо?  \nИ, думаю, ты можешь попробовать на заброшенной заправке в пустыне.  \nИли можешь взять сырую нефть из заброшенной шахты и переработать её в собственной НПЗ, по-любительски.  \nИ не пытайся дать мне ядерное топливо, мне нужна чистая бензин для этого. \n
Dialogues/scientistStage2Complited1	This should be enough to fix the switchgear.	Това би трябвало да е достатъчно, за да поправиш превключвателя.	Cela devrait suffire à réparer le tableau électrique. \n	Этого должно хватить, чтобы починить распределительный щит. \n
Dialogues/prepBeforeStage3Start1	There is even more radiation in the area now.	Сега има още повече радиация в района.	Il y a maintenant encore plus de radiation dans la zone. \n	Теперь в этом районе еще больше радиации. \n
Dialogues/prepBeforeStage3Start2	I better watch out for the feral animals. Which are not causally connected to the whole thing, of course.	По-добре да внимавам с дивите животни. Които, разбира се, не са свързани с цялата работа.	Je ferais mieux de me méfier des animaux sauvages.  \nQui ne sont bien sûr pas liés à tout cela. \n	Лучше мне остерегаться диких животных.  \nКоторые, конечно, не связаны причинно со всем этим. \n
Dialogues/scientistStage3Start1	<voice type=greeting>\nMr. Prepper, good to see you again, man!\nThe switchgear is complete.\nCome, take a look.	<voice type=greeting>\nГ-н Препър, приятно да те видя отново, приятел!\nПрепиращите устройства са готови.\nЕла, погледни.	<voice type=greeting>\nMr. Prepper, content de te revoir, mec !  \nLe tableau électrique est terminé.  \nViens, regarde. \n	<voice type=greeting>\nMr. Prepper, рад снова тебя видеть!  \nРаспределительный щит готов.  \nИди, посмотри. \n
Dialogues/prepStage3Start2	<voice type=question>\nNo packs of irradiated wolves or snakes this time?	<voice type=question>\nНяма пакети с радиоактивни вълци или змии този път?	<voice type=question>\nPas de meutes de loups ou de serpents irradiés cette fois-ci ? \n	<voice type=question>\nНа этот раз нет стай радиоактивных волков или змей? \n
Dialogues/scientistStage3Start3	<voice type=negation>\nNo, they learned already to keep outta there.\nI bet they won't bother us any longer.	<voice type=negation>\nНе, те вече се научиха да стоят настрана.\nЗалагам, че няма да ни безпокоят повече.	<voice type=negation>\nNon, ils ont déjà appris à rester à l'écart.  \nJe parie qu'ils ne nous dérangeront plus. \n	<voice type=negation>\nНет, они уже научились держаться подальше.  \nБьюсь об заклад, они больше нам не помешают. \n
Dialogues/prepStage3Start4	Good, but at this rate I think I'd better stay in a hazmat suit at all times just as you do. As a precaution.	Добре, но с тази скорост мисля, че по-добре да си стоя в защитен костюм през цялото време, както правиш ти. За всеки случай.	Bien, mais à ce rythme, je pense qu'il vaudrait mieux que je reste en combinaison Hazmat tout le temps, comme toi.  \nPar précaution. \n	Хорошо, но при таком раскладе мне лучше всё время оставаться в защитном костюме, как и ты.  \nДля предосторожности. \n
Dialogues/scientistStage3Start5	<voice type=acceptance>\nYeah. I had a little miscalculation.\nSeveral miscalculations, in fact.\nThe nuclear generator suffered a leak.\nBut it's all good now!\nWell, better.\nNothing to worry about.	<voice type=acceptance>\nДа. Направих малка грешка.\nВсъщност няколко грешки.\nЯдреният генератор изтече.\nНо сега всичко е наред!\nЕ, по-добре.\nНяма за какво да се притесняваш.	<voice type=acceptance>\nOui. J'ai fait une petite erreur de calcul.  \nEn fait, plusieurs erreurs de calcul.  \nLe générateur nucléaire a subi une fuite.  \nMais tout va bien maintenant !  \nEnfin, mieux.  \nRien à craindre. \n	<voice type=acceptance>\nДа. Я немного ошибся в расчетах.  \nНа самом деле несколько раз.  \nВ ядерном генераторе произошла утечка.  \nНо теперь всё в порядке!  \nНу, лучше.  \nНе о чем волноваться. \n
Dialogues/prepStage3Start6	<voice type=question>\nMhm, so what about electricity for the dam controls?	<voice type=question>\nМхм, ами какво ще кажем за електричеството за контролите на язовира?	<voice type=question>\nMhm, et l'électricité pour le contrôle du barrage ? \n	<voice type=question>\nМм, а как насчет электричества для управления плотиной? \n
Dialogues/scientistStage3Start7	<voice type=thanks>\nAll working already!\nWe won't hear about the dam malfunctioning again anytime soon.\nAccording to my calculations at least.	<voice type=thanks>\nВсичко работи вече!\nНе ще чуем за повреден дамски нов път.\nПо най-малко според моите изчисления.	<voice type=thanks>\nTout fonctionne déjà !  \nNous n'entendrons plus parler d'un dysfonctionnement du barrage de sitôt.  \nSelon mes calculs du moins. \n	<voice type=thanks>\nВсё уже работает!  \nВ ближайшее время мы больше не услышим о сбоях плотины.  \nПо крайней мере, по моим расчетам. \n
Dialogues/prepStage3Start8	Yeah, about that... Can we discuss a thing?	Да, за това... Можем ли да поговорим за нещо?	Oui, à ce propos… Peut-on discuter de quelque chose ? \n	Да, кстати... Можем обсудить кое-что? \n
Dialogues/scientistStage3Start9	Shoot, Mr. Prepper.	Стреляй, препър.	Vas-y, Mr. Prepper. \n	Давай, Mr. Prepper. \n
Dialogues/prepStage3Start10	I thought about what should become your next project.\nI believe you should focus now on stabilizing the reactor. \nIt doesn't look safe.	Помислих си какво трябва да бъде следващият ти проект.\nСмятам, че сега трябва да се съсредоточиш върху стабилизирането на реактора.\nНе изглежда безопасно.	J'ai réfléchi à ce que devrait être ton prochain projet.  \nJe pense que tu devrais maintenant te concentrer sur la stabilisation du réacteur.  \nIl ne semble pas sûr. \n	Я подумал о том, каким должно быть твоё следующее задание.  \nЯ считаю, что тебе следует сейчас сосредоточиться на стабилизации реактора.  \nОн не выглядит безопасным. \n
Dialogues/scientistStage3Start11	<voice type=thanks>\nIt's a clever suggestion, Mr. Prepper!\nI will redirect my efforts to it right away.\nFor the safety of our beautiful town. \n<voice type=thanks>\nGlory to progress, y'all! Bless the Murricaville!	<voice type=thanks>\nТова е умна идея, г-н Препър!\nВеднага ще насоча усилията си към нея.\nЗа безопасността на нашия красив град.\n<voice type=thanks>\nСлава на прогреса, всички! Благословено Муритикавил!	<voice type=thanks>\nC'est une suggestion astucieuse, Mr. Prepper !  \nJe vais rediriger mes efforts immédiatement.  \nPour la sécurité de notre belle ville.  \n<voice type=thanks>\nGloire au progrès, tout le monde ! Bénis le Murricaville ! \n	<voice type=thanks>\nЭто умное предложение, Mr. Prepper!  \nЯ немедленно сосредоточусь на этом.  \nДля безопасности нашего прекрасного города.  \n<voice type=thanks>\nСлава прогрессу, друзья! Благослови Murricaville! \n
Dialogues/prepStage3Start12	<voice type=negation>\nYeah, bless.	<voice type=negation>\nДа, благословен.	<voice type=negation>\nOui, bénis. \n	<voice type=negation>\nДа, слава. \n
Dialogues/scientistStage3Start13	But I could use your help again, Mr. Prepper.\nIn order to stabilize the generator, I need more reliable fuel.\nUsing this random irradiated junk won't cut it anymore. 	Но бих могъл да използвам помощта ти отново, г-н Препър.\nЗа да стабилизирам генератора, ми трябва по-надежден гориво.\nИзползването на тази случайна радиоактивна боклук вече няма да свърши работа.	Mais j'aurais encore besoin de ton aide, Mr. Prepper.  \nPour stabiliser le générateur, j'ai besoin d'un carburant plus fiable.  \nUtiliser ces déchets irradiés au hasard ne suffira plus. \n	Но мне снова нужна твоя помощь, Mr. Prepper.  \nЧтобы стабилизировать генератор, мне нужно более надёжное топливо.  \nИспользование этого случайного радиоактивного хлама больше не годится. \n
Dialogues/scientistStage3Start14	Bring me $x$.	Донеси ми $x$.	Apporte-moi $x$. \n	Принеси мне $x$. \n
Dialogues/scientistStage3Start15	I heard there once was an Uranium Mine somewhere in the region.\nI'm sure you will find it!	Чух, че някъде в региона има мина за уран.\nСигурен съм, че ще я намериш!	J'ai entendu dire qu'il y avait autrefois une mine d'uranium quelque part dans la région.  \nJe suis sûr que tu la trouveras ! \n	Я слышал, что где-то в этом районе когда-то была урановая шахта.  \nУверен, ты её найдёшь! \n
Dialogues/prepStage3FirstQuestEnd1	<voice type=question>\nHow's stabilizing the reactor going? Are we close to being safer?	<voice type=question>\nКак върви стабилизирането на реактора? Близо ли сме до по-голяма безопасност?	<voice type=question>\nComment se passe la stabilisation du réacteur ? Sommes-nous bientôt en sécurité ? \n	<voice type=question>\nКак идет стабилизация реактора? Мы близки к безопасности? \n
Dialogues/scientistStage3FirstQuestEnd2	<voice type=question>\nWhat?\nAh, yes, the reactor. Of course. It's going well.\nI'm almost done with it.	<voice type=question>\nКакво?\nА, да, реакторът. Разбира се. Добре върви.\nПочти го свърших.	<voice type=question>\nQuoi ?  \nAh, oui, le réacteur. Bien sûr. Ça se passe bien.  \nJ'ai presque terminé. \n	<voice type=question>\nЧто?  \nАх, да, реактор. Конечно. Всё идет хорошо.  \nЯ почти закончил с ним. \n
Dialogues/prepStage3FirstQuestEnd3	<voice type=question>\nAnd what's all of that...?	<voice type=question>\nИ какво е това?	<voice type=question>\nEt tout ça, c’est quoi… ? \n	<voice type=question>\nИ что это всё такое...? \n
Dialogues/scientistStage3FirstQuestEnd4	Ah, it's just a little side project.\nNothing major.\nYou know, just to unwind and clear my head.\nI will fix the generator issue shortly.	А, просто малък страничен проект.\nНищо сериозно.\nПросто да се отпусна и да си изчистя главата.\nЩе оправя проблема с генератора скоро.	Ah, ce n’est qu’un petit projet annexe.  \nRien de majeur.  \nTu sais, juste pour me détendre et me vider la tête.  \nJe vais régler le problème du générateur bientôt. \n	А, это просто маленький побочный проект.  \nНичего серьёзного.  \nЗнаешь, просто чтобы расслабиться и очистить голову.  \nЯ скоро исправлю проблему с генератором. \n
Dialogues/prepIspectAdroidPostMan	Maybe I don't want to know.\nI will just act like I hadn't seen it.	Може би не искам да знам.\nПросто ще се държа така, сякаш не съм го видял.	Peut-être que je ne veux pas savoir.  \nJe vais juste faire comme si je ne l'avais pas vu. \n	Может, я не хочу знать.  \nПросто притворюсь, что не видел этого. \n
Dialogues/scientistStage3Complite1	I have enough resources now to finish fixing the generator.	Имам достатъчно ресурси, за да завърша поправката на генератора.	J'ai maintenant assez de ressources pour terminer la réparation du générateur. \n	У меня теперь достаточно ресурсов, чтобы закончить ремонт генератора. \n
Dialogues/scientistStage4Start1	<voice type=greeting>\nMr. Prepper! You are finally here.\n<voice type=thanks>\nLook!\n<voice type=thanks>\nIt is finished!	<voice type=greeting>\nГ-то Препър! Накрая си тук.\n<voice type=thanks>\nВиж!\n<voice type=thanks>\nГотово е!	<voice type=greeting>\nMr. Prepper ! Tu es enfin là.  \n<voice type=thanks>\nRegarde !  \n<voice type=thanks>\nC'est terminé ! \n	<voice type=greeting>\nMr. Prepper! Ты наконец здесь.  \n<voice type=thanks>\nСмотри!  \n<voice type=thanks>\nГотово! \n
Dialogues/prepStage4Start2	<voice type=question>\nEhm... Mr. Postman?	<voice type=question>\nЕх... господин Пощальон?	<voice type=question>\nEuh... Monsieur le facteur ? \n	<voice type=question>\nЭм... Мистер Почтальон? \n
Dialogues/postdroidStage4Start3	<voice type=thanks>\nWhat a lovely weather today!	<voice type=thanks>\nКакво хубаво време днес!	<voice type=thanks>\nQuel beau temps aujourd'hui!	<voice type=thanks>\nКакая прекрасная сегодня погода!
Dialogues/scientistStage4Start4	<voice type=question>\nIsn't it perfect?	<voice type=question>\nНе е ли перфектно?	<voice type=question>\nN'est-ce pas parfait ?\n	<voice type=question>\nРазве это не идеально?\n
Dialogues/postdroidStage4Start5	<voice type=greeting>\nYou've got mail!	<voice type=greeting>\nИмаш поща!	<voice type=greeting>\nVous avez du courrier!	<voice type=greeting>\nВам письмо!
Dialogues/prepStage4Start6	<voice type=disappointment>\nThis is too much for me.	<voice type=disappointment>\nТова е твърде много за мен.	<voice type=disappointment>\nC'est trop pour moi.\n	<voice type=disappointment>\nЭто слишком много для меня.\n
Dialogues/scientistStage4Start7	<voice type=thanks>\nBut Mr. Prepper! This is a replacement of a fallible public service!\n<voice type=thanks>\nNow you can say goodbye to the days without the postman!	<voice type=thanks>\nНо, господин Препър! Това е замяна на несигурна обществена услуга!\n<voice type=thanks>\nСега можеш да се сбогуваш с дните без пощальона!	<voice type=thanks>\nMais Mr. Prepper ! C'est un remplacement d'un service public faillible !\n<voice type=thanks>\nVous pouvez maintenant dire adieu aux jours sans facteur !\n	<voice type=thanks>\nНо, Mr. Prepper! Это замена ненадёжной государственной службы!\n<voice type=thanks>\nТеперь вы можете попрощаться с днями без почтальона!\n
Dialogues/scientistStage4Start8	<voice type=thanks>\nGo, go, onwards, into the world!	<voice type=thanks>\nТръгвай, тръгвай, напред в света!	<voice type=thanks>\nAllez, allez, en avant dans le monde !\n	<voice type=thanks>\nВперёд, вперёд, в мир!\n
Dialogues/prepStage4Start9	<voice type=question>\nWait, what is happening here? Why was he missing so often?\n<voice type=question>\nDid you have something to do with this?\n<voice type=anger>\nArgh, I guess it doesn't matter now.\n<voice type=order>\nNow let me remind you that you were supposed to work on stabilizing the generator.	<voice type=question>\nЧакай, какво се случва тук? Защо толкова често го нямаше?\n<voice type=question>\nИмаш ли нещо общо с това?\n<voice type=anger>\nА, предполагам, че вече няма значение.\n<voice type=order>\nСега ми позволи да ти напомня, че трябваше да работиш по стабилизирането на генератора.	<voice type=question>\nAttends, que se passe-t-il ici ? Pourquoi a-t-il été si souvent absent ?\n<voice type=question>\nAs-tu eu quelque chose à voir avec ça ?\n<voice type=anger>\nArgh, je suppose que ça n'a plus d'importance maintenant.\n<voice type=order>\nMaintenant, laissez-moi vous rappeler que vous deviez travailler à la stabilisation du générateur.\n	<voice type=question>\nПостой, что здесь происходит? Почему он так часто отсутствовал?\n<voice type=question>\nТы как-то причастен к этому?\n<voice type=anger>\nАргх, думаю, теперь это уже не имеет значения.\n<voice type=order>\nА теперь позволь напомнить тебе, что ты должен был работать над стабилизацией генератора.\n
Dialogues/prepStage4Start10	<voice type=anger>\nThere is even more radiation in the area now!	<voice type=anger>\nСега има още повече радиация в зоната!	<voice type=anger>\nIl y a encore plus de radiation dans la zone maintenant !\n	<voice type=anger>\nТеперь в этой области еще больше радиации!\n
Dialogues/scientistStage4Start11	Yes, yes, I had a small delay, but it's almost done.\nJust trust me.\n<voice type=thanks>\nI swear on our beloved President!	Да, да, имах малко забавяне, но почти е готово.\nПросто ми се довери.\n<voice type=thanks>\nКълна се на нашия любим президент!	Oui, oui, j'ai eu un petit retard, mais c'est presque fait.\nFais-moi juste confiance.\n<voice type=thanks>\nJe le jure sur notre président bien-aimé !\n	Да, да, у меня была небольшая задержка, но почти готово.\nПросто доверься мне.\n<voice type=thanks>\nКлянусь нашим любимым Президентом!\n
Dialogues/prepStage4Start12	<voice type=negation>\nI feel much more reassured now.	<voice type=negation>\nСега се чувствам много по-спокоен.	<voice type=negation>\nJe me sens beaucoup plus rassuré maintenant.\n	<voice type=negation>\nТеперь я чувствую себя гораздо спокойнее.\n
Dialogues/scientistStage4Start13	I'm still gonna need your help, Mr. Prepper. \nThere is a bunch of other stuff missing on my road to engineering perfection.	Все още ще ми трябва твоята помощ, господин Препър. \nИма още куп неща, които липсват по пътя ми към инженерното съвършенство.	J'aurai encore besoin de ton aide, Mr. Prepper.\nIl manque encore beaucoup d'autres choses sur mon chemin vers la perfection en ingénierie.\n	Мне всё ещё нужна твоя помощь, Mr. Prepper.\nНа пути к инженерной идеальности мне не хватает ещё кучи вещей.\n
Dialogues/prepStage4Start14	<voice type=negation>\n...No, wait, enough is enough. He is not going to repair it.\n<voice type=order>\nI need to take it into my own hands or this whacko is going to turn the whole place into a nuclear wasteland.\n<voice type=order>\nI will keep working on my shelter. \nIt needs to be safe and reliable, just in case.\nI will keep an eye on him in the meantime.\nMaybe one of his blueprints will give me an idea how to fix the generator.\nAnd in case of trouble - shelter. It will be fine. I will be fine. 	<voice type=negation>\n…Не, чакай, достатъчно е. Той няма да го поправи.\n<voice type=order>\nТрябва сам да се заема, иначе този луд ще превърне цялото място в ядрена пустиня.\n<voice type=order>\nЩе продължа да работя върху моето убежище.\nТрябва да е безопасно и надеждно, за всякакви случаи.\nМеждувременно ще го наблюдава.\nМоже би някой от неговите чертежи ще ми даде идея как да поправя генератора.\nИ за всякакви проблеми – убежище. Ще бъде добре. Аз ще бъда добре.	<voice type=negation>\n...Non, attendez, ça suffit. Il ne va pas le réparer.\n<voice type=order>\nJe dois prendre les choses en main, sinon ce fou va transformer tout l'endroit en désert nucléaire.\n<voice type=order>\nJe vais continuer à travailler sur mon abri. \nIl doit être sûr et fiable, au cas où.\nEntre-temps, je vais garder un œil sur lui.\nPeut-être qu'un de ses plans me donnera une idée pour réparer le générateur.\nEt en cas de problème - abri. Tout ira bien. Je vais m'en sortir.\n	<voice type=negation>\n...Нет, подождите, хватит. Он это не починит.\n<voice type=order>\nМне нужно взять это в свои руки, иначе этот сумасшедший превратит всё место в ядерную пустошь.\n<voice type=order>\nЯ продолжу работать над своим убежищем. \nОно должно быть безопасным и надежным, на всякий случай.\nТем временем я буду наблюдать за ним.\nВозможно, один из его чертежей даст мне идею, как починить генератор.\nА в случае проблем – убежище. Всё будет хорошо. Со мной всё будет в порядке.\n
Dialogues/prepReciveRadiationStabilizer1	<voice type=thanks>\nFinally! \nNow I should try it out and install it in my shelter.\nMaybe this or something similar will let me fix the nuclear generator.	<voice type=thanks>\nНакрая!\nСега трябва да го пробвам и да го инсталирам в убежището си.\nМоже би това или нещо подобно ще ми позволи да поправя ядрената генератор.	<voice type=thanks>\nEnfin ! \nMaintenant je devrais l'essayer et l'installer dans mon abri.\nPeut-être que ceci ou quelque chose de similaire me permettra de réparer le générateur nucléaire.\n	<voice type=thanks>\nНаконец-то! \nТеперь мне нужно попробовать это и установить в своём убежище.\nВозможно, это или что-то подобное позволит мне починить ядерный генератор.\n
Dialogues/prepInstallRadiationStabilizer1	There is no excessive radiation!\nIt works. Maybe if I work further on this, I could fix the nuclear generator.	Няма прекомерна радиация!\nРаботи. Може би ако продължа да работя по това, ще мога да оправя ядрения генератор.	Il n'y a pas de radiation excessive !\nÇa fonctionne. Peut-être que si je continue à travailler là-dessus, je pourrai réparer le générateur nucléaire.\n	Избыточного излучения нет!\nЭто работает. Может быть, если я буду дальше работать над этим, я смогу починить ядерный генератор.\n
Dialogues/scientistStage4Complite1	<voice type=thanks>\nPerfect! The resources are sufficient. \n<voice type=thanks>\nFinally, we are on the verge of great breakthrough!	<voice type=thanks>\nПерфектно! Ресурсите са достатъчни.\n<voice type=thanks>\nНакрая сме на прага на голям пробив!	<voice type=thanks>\nParfait ! Les ressources sont suffisantes. \n<voice type=thanks>\nEnfin, nous sommes sur le point d'une grande percée !\n	<voice type=thanks>\nПрекрасно! Ресурсов достаточно. \n<voice type=thanks>\nНаконец-то мы на пороге великого прорыва!\n
Dialogues/prepNuclearPlantWithoutRadiationStabilizer	<voice type=negation>\nIt's closed.\nI guess he needs more time, whatever he is doing.	<voice type=negation>\nЗатворено е.\nПредполагам, че му трябва повече време, каквото и да прави.	<voice type=negation>\nC'est fermé.\nJe suppose qu'il a besoin de plus de temps, quoi qu'il fasse.\n	<voice type=negation>\nЗакрыто.\nПохоже, ему нужно больше времени, что бы он ни делал.\n
Dialogues/prepNuclearPlantBombs	<voice type=surprise>\nOh shit, what's all of that?! Are these nuclear warheads?\n<voice type=anger>\nI know he was not the sanest, but this is batshit crazy.	<voice type=surprise>\nО, за черта, какво е това?! Това са ядрени глави?\n<voice type=anger>\nЗнам, че не е бил най-здравил, но това е лудо.	<voice type=surprise>\nOh merde, c'est quoi tout ça ?! Ce sont des ogives nucléaires ?\n<voice type=anger>\nJe sais qu'il n'était pas des plus sensés, mais c'est complètement dingue.\n	<voice type=surprise>\nО чёрт, что это всё?! Это ядерные боеголовки?\n<voice type=anger>\nЯ знаю, он не был самым разумным, но это просто сумасшествие.\n
Dialogues/prepNuclearPlantGenerator	I better take care of this.\nI don't know how much more time is left.	По-добре да се погрижа за това.\nНе знам колко време остава.	Je ferais mieux de m'en occuper.\nJe ne sais pas combien de temps il reste.\n	Лучше мне этим заняться.\nЯ не знаю, сколько осталось времени.\n
Dialogues/prepNuclearPlantGeneratorFixed	<voice type=thanks>\nPhew, looks good.\nI think we are safe for now.	<voice type=thanks>\nУф, изглежда добре.\nМисля, че сме в безопасност засега.	<voice type=thanks>\nOuf, ça a l'air bien.\nJe pense que nous sommes en sécurité pour l'instant.\n	<voice type=thanks>\nФух, выглядит хорошо.\nДумаю, мы в безопасности на данный момент.\n
Dialogues/scientistNuclearConfrontation1	So you've come to behold my new achievement.\n<voice type=laugh>\nGreat timing, man!	Значи дойде да видиш моето ново постижение.\n<voice type=laugh>\nОтлична намеса, приятел!	Alors tu es venu admirer ma nouvelle réussite.\n<voice type=laugh>\nParfait timing, mec !\n	Так ты пришёл полюбоваться на моё новое достижение.\n<voice type=laugh>\nОтличное время, чувак!\n
Dialogues/prepNuclearConfrontation2	<voice type=question>\nLet's talk. Could you explain me slowly what exactly have you done?\nI want to properly appreciate all the steps of the scientific reasoning.	<voice type=question>\nНека поговорим. Можеш ли да ми обясниш бавно какво точно си направил?\nИскам да оценя правилно всички стъпки на научното разсъждение.	<voice type=question>\nParlons-en. Peux-tu m'expliquer lentement ce que tu as exactement fait ?\nJe veux apprécier correctement toutes les étapes du raisonnement scientifique.\n	<voice type=question>\nДавай поговорим. Можешь медленно объяснить мне, что именно ты сделал?\nЯ хочу должным образом оценить все шаги научного рассуждения.\n
Dialogues/scientistNuclearConfrontation3	Hey, Prepper, please don't come closer, I don't need to whisper it to your ear.	Хей, Препър, моля, не се приближавай, не е нужно да ти шепна в ухото.	Hé, Prepper, ne t'approche pas, je n'ai pas besoin de te le chuchoter à l'oreille.\n	Эй, Prepper, пожалуйста, не подходи ближе, мне не нужно шептать тебе на ухо.\n
Dialogues/scientistNuclearConfrontation4	Delivering almost unlimited power to the town is a great achievement.\n<voice type=question>\nBut why stop there? Why harness the power of the atom only for lighting homes and streets?	Даването на почти неограничена енергия на града е голямо постижение.\n<voice type=question>\nНо защо да спреш тук? Защо да използваш силата на атома само за осветяване на жилища и улици?	Fournir une énergie presque illimitée à la ville est un grand accomplissement.\n<voice type=question>\nMais pourquoi s'arrêter là ? Pourquoi exploiter la puissance de l'atome uniquement pour éclairer les maisons et les rues ?\n	Поставка почти неограниченной энергии в город — это большое достижение.\n<voice type=question>\nНо зачем на этом останавливаться? Почему использовать силу атома только для освещения домов и улиц?\n
Dialogues/prepNuclearConfrontation5	<voice type=thanks>\nIt's an achievement to be truly proud of!\n<voice type=thanks>\nIt's relieving people of thinking about energy sources. They can use their own potential for greater things!	<voice type=thanks>\nТова е нещо, от което наистина можеш да се изпратиш с гордост!\n<voice type=thanks>\nТова освобождава хората от мисленето за източници на енергия. Те могат да използват своя потенциал за по-голените неща!	<voice type=thanks>\nC'est un accomplissement dont on peut être vraiment fier !\n<voice type=thanks>\nCela libère les gens de la réflexion sur les sources d'énergie. Ils peuvent utiliser leur propre potentiel pour des choses plus grandes !\n	<voice type=thanks>\nЭто достижение, которым можно по-настоящему гордиться!\n<voice type=thanks>\nЭто освобождает людей от забот о источниках энергии. Они могут использовать свой потенциал для великих дел!\n
Dialogues/scientistNuclearConfrontation6	<voice type=anger>\nStop spinning a yarn, Mr. Prepper, and don't come any closer!	<voice type=anger>\nСпре да разказваш истории, г-н Препър, и не се приближавай повече!	<voice type=anger>\nArrête de raconter des histoires, Mr. Prepper, et ne t'approche pas !\n	<voice type=anger>\nХватит врать, Mr. Prepper, и не подходи ближе!\n
Dialogues/scientistNuclearConfrontation7	It's not enough to only achieve comfort and stability. No one will understand the power of science if it is only used for lightbulbs.\nThis is why more is needed. Display of force. Enlightenment through power.\n	Не е достатъчно само да постигнеш комфорт и стабилност. Никой няма да разбере силата на науката, ако тя се използва само за крушки.\nЗатова е нужно повече. Показване на сила. Просветление чрез мощ.\n	Il ne suffit pas de se contenter du confort et de la stabilité. Personne ne comprendra le pouvoir de la science si elle n'est utilisée que pour les ampoules.\nC'est pourquoi il faut plus. Démonstration de force. Éclaircissement par le pouvoir.\n	Недостаточно просто достичь комфорта и стабильности. Никто не поймет силу науки, если она используется только для лампочек.\nВот почему нужно больше. Демонстрация силы. Просвещение через мощь.\n
Dialogues/prepNuclearConfrontation8	<voice type=question>\nWhat are you gonna do, just throw some nukes around? \nYou surely don't have intercontintental missiles to shoot them far.	<voice type=question>\nКакво ще правиш, просто ще хвърляш ядрени бомби наоколо? \nСигурно нямаш междуконтинентални ракети, за да ги изстреляш надалеч.	<voice type=question>\nQu'est-ce que tu vas faire, jeter des bombes nucléaires partout ? \nTu n'as sûrement pas de missiles intercontinentaux pour les lancer loin.\n	<voice type=question>\nЧто ты собираешься делать, просто разбрасывать ядерные бомбы? \nУ тебя точно нет межконтинентальных ракет, чтобы запустить их далеко.\n
Dialogues/scientistNuclearConfrontation9	I can shoot them for a shorter distance, create a ring of power around Murricaville. It will be enough.\n<voice type=laugh>\nWe will gain awe, admiration, respect!\n<voice type=thanks>\nBless the Pestilent!	Мога да ги стрелям на по-късо разстояние, да създам кръг от сила около Мърикавил. Ще бъде достатъчно.\n<voice type=laugh>\nЩе спечелим благоговение, възхищение, уважение!\n<voice type=thanks>\nБлесла на Пестилния!	Je peux les tirer sur une distance plus courte, créer un cercle de pouvoir autour de Murricaville. Cela suffira.\n<voice type=laugh>\nNous gagnerons crainte, admiration, respect !\n<voice type=thanks>\nBénis les Pestilent !\n	Я могу выстрелить их на короткое расстояние, создать кольцо силы вокруг Murricaville. Этого будет достаточно.\n<voice type=laugh>\nМы завоюем трепет, восхищение, уважение!\n<voice type=thanks>\nБлагослови Чумного!\n
Dialogues/prepNuclearConfrontation10	<voice type=anger>\nThis isn't even science, this is just putting up big fireworks!\n<voice type=negation>\nIt benefits no one, it will just bring us clouds of fallout. And possibly a preventive attack from across the ocean.\n<voice type=order>\nJust stop it! It's not too late!	<voice type=anger>\nТова дори не е наука, това са просто големи фойерверки!\n<voice type=negation>\nТова не облагодетелства никого, само ще ни донесе облаци от радиоактивни отпадъци. И евентуално превантивна атака отвъд океана.\n<voice type=order>\nСпри! Не е късно!	<voice type=anger>\nCe n'est même pas de la science, ce n'est que de grands feux d'artifice !\n<voice type=negation>\nCela ne profite à personne, cela ne fera qu'apporter des nuages de retombées. Et peut-être une attaque préventive depuis l'autre côté de l'océan.\n<voice type=order>\nArrêtez ça ! Il n'est pas trop tard !\n	<voice type=anger>\nЭто даже не наука, это просто большие фейерверки!\n<voice type=negation>\nЭто никому не принесет пользы, только принесет облака радиоактивных осадков. И возможно превентивная атака с другой стороны океана.\n<voice type=order>\nПросто остановись! Ещё не поздно!\n
Dialogues/scientistNuclearConfrontation11	<voice type=negation>\nNo, Mr. Prepper. You're just a simpleton, an obstacle on the road to progress.\n<voice type=laugh>\nPrepare to be blown away like dust. And don't try anything, I'm bulletproof. 	<voice type=negation>\nНе, г-н Препър. Ти си просто глупак, пречка по пътя на прогреса.\n<voice type=laugh>\nПодготви се да бъдеш отнесен като прах. И не се опитвай да правиш нищо, аз съм неуязвим. 	<voice type=negation>\nNon, Mr. Prepper. Tu n'es qu'un simplet, un obstacle sur la route du progrès.\n<voice type=laugh>\nPrépare-toi à être soufflé comme de la poussière. Et n'essaie rien, je suis pare-balles.\n	<voice type=negation>\nНет, Mr. Prepper. Ты просто простак, препятствие на пути прогресса.\n<voice type=laugh>\nПриготовься быть сметённым, как пыль. И ничего не пробуй, я пуленепробиваемый.\n
Dialogues/scientistNuclearConfrontation12	<voice type=question>\nYou thought it's all I have? Try to get through my electron shell.\nDonate your body to science already.	<voice type=question>\nМислеше, че това е всичко, което имам? Опитай се да преминеш през моя електронен слой.\nДари тялото си на науката вече.	<voice type=question>\nTu pensais que c'était tout ce que j'avais ? Essaie de traverser ma couche électronique.\nDonne déjà ton corps à la science.\n	<voice type=question>\nТы думал, что это всё, что у меня есть? Попробуй пройти через мою электронную оболочку.\nОтдай своё тело науке уже.\n
Dialogues/scientistNuclearConfrontation13	<voice type=laugh>\nI'm invincible. Sheltered. You don't have anything on me.	<voice type=laugh>\nАз съм непобедим. Защитена съм. Нищо нямаш срещу мен.	<voice type=laugh>\nJe suis invincible. Protégé. Tu n'as rien sur moi.\n	<voice type=laugh>\nЯ непобедим. Под защитой. У тебя нет ничего против меня.\n
Dialogues/scientistNuclearConfrontation14	<voice type=question>\nWhat are you even trying to do?\nYou won't beat my force field. Bite the dust.	<voice type=question>\nКакво правиш?/Какво си замислил?\nНе ще победиш моето поле. Умирай.	<voice type=question>\nQu'essaies-tu de faire ?\nTu ne vaincras pas mon champ de force. Mords la poussière.\n	<voice type=question>\nЧто ты вообще пытаешься сделать?\nТы не победишь моё силовое поле. Ляг в пыль.\n
Dialogues/prepNuclearConfrontation15	<voice type=laugh>\nOh, science protects you, you see? Let's see if it protects you from the law of universal gravitation.\nMeaning: heavy things dropping on your head.	<voice type=laugh>\nО, науката те защитава, виждаш? Да видим дали те ще защити от законът на всеобщото привличане.\nЗначи: тежки неща, които ти падаят на глава.	<voice type=laugh>\nOh, la science te protège, tu vois ? Voyons si elle te protège de la loi de la gravitation universelle.\nC'est-à-dire : des objets lourds tombant sur ta tête.\n	<voice type=laugh>\nО, наука защищает тебя, видишь ли? Посмотрим, защитит ли она тебя от закона всемирного тяготения.\nТо есть: тяжёлые вещи падают тебе на голову.\n
Dialogues/scientistNuclearConfrontation16	<voice type=surprise>\nNo! Why must you ruin everything?!\n<voice type=anger>\nYou forced my hand. Come, ye poor and wretched!	<voice type=surprise>\nНе! Защо трябва да всичко да унищожаш?!\n<voice type=anger>\nТи ме принуди. Ела, бедни и жалък!	<voice type=surprise>\nNon ! Pourquoi dois-tu tout gâcher?!\n<voice type=anger>\nTu as forcé ma main. Venez, vous pauvres et misérables !\n	<voice type=surprise>\nНет! Почему ты всё портишь?!\n<voice type=anger>\nТы вынудил меня. Идите ко мне, бедные и несчастные!\n
Dialogues/scientistNuclearConfrontation17	<voice type=upset>\nAh... Defeated... Suppressed... Fissured...\n<voice type=upset>\nDecompressed... Bless the Sediment.	<voice type=upset>\nАх... Развален... Потиснат... Разрушен...\n<voice type=upset>\nДекомпресиран... Благословено е седиментатото.	<voice type=upset>\nAh... Vaincu... Supprimé... Fissuré...\n<voice type=upset>\nDécompressé... Bénis le Sédiment.\n	<voice type=upset>\nАх... Побеждён... Подавлен... Расколот...\n<voice type=upset>\nДекомпрессирован... Благослови Осадок.\n
Dialogues/scientistNuclearConfrontation18	<voice type=disappointment>\nI can't believe you just trampled on my plans, you nitwit.	<voice type=disappointment>\nНе мога да повярвам, че просто премина с краката си през моите планове, ти глупак.	<voice type=disappointment>\nJe n'arrive pas à croire que tu aies piétiné mes plans comme ça, imbécile.\n	<voice type=disappointment>\nНе могу поверить, что ты просто растоптал мои планы, болван.\n
Dialogues/prepNuclearConfrontation18	<voice type=question>\nWhat were you even trying to achieve?!\n<voice type=question>\nImpress the town population, who are numb and half-braindead anyway?	<voice type=question>\nКакво си дори опитвал да постигнеш?!\n<voice type=question>\nДа впечатлиш населението на града, което и да е чувства лишено и наполовита изгубило ума?	<voice type=question>\nQu'essayais-tu d'accomplir?!\n<voice type=question>\nImpressionner la population de la ville, qui est de toute façon engourdie et à moitié abrutie ?\n	<voice type=question>\nЧто ты вообще пытался достичь?!\n<voice type=question>\nПроизвести впечатление на жителей города, которые и так тупые и наполовину безмозглые?\n
Dialogues/scientistNuclearConfrontation19	<voice type=question>\nWhat do you mean? I remember it as a lively place!\nFrom before I locked myself down to focus on my research.	<voice type=question>\nКакво имаш предвид? Спомням си го като оживено място!\nОт преди да се заключа, за да се съсредоточа върху изследванията си.	<voice type=question>\nQue veux-tu dire ? Je me souviens que c'était un endroit animé !\nD'avant que je ne m'enferme pour me concentrer sur mes recherches.\n	<voice type=question>\nЧто ты имеешь в виду? Я помню это как оживлённое место!\nС тех пор, как я заперся здесь, чтобы сосредоточиться на своих исследованиях.\n
Dialogues/prepNuclearConfrontation20	Look... Most inhabitants of the town are under the influence of some mind control technology.\nI think it's a government project.\nIt makes people complacent. Docile. Extremely dull, also.	Погледни... Повечето жители на града са под влияние на някаква технология за контрол на ума.\nМисля, че е правителствен проект.\nКара хората да са доволни. Покорни. Изключително скучни също така.	Écoute... La plupart des habitants de la ville sont sous l'influence d'une technologie de contrôle mental.\nJe pense que c'est un projet gouvernemental.\nCela rend les gens complaisants. Dociles. Extrêmement ennuyeux aussi.\n	Слушай... Большинство жителей города находятся под влиянием какой-то технологии контроля разума.\nЯ думаю, это правительственный проект.\nЭто делает людей покорными. Послушными. Крайне скучными.\n
Dialogues/scientistNuclearConfrontation21	<voice type=question>\nBut... Why would the government do it?\n<voice type=upset>\nThis would just dampen people's wit, creativity and analytical skills! This is not the way to progress!	<voice type=question>\nНо… защо би прави разпоредването правителството?\n<voice type=upset>\nТова просто ще задуши ума, креативността и аналитичните способности на хората! Това не е начинът да се напредва!	<voice type=question>\nMais... pourquoi le gouvernement ferait-il cela ?\n<voice type=upset>\nCela ne ferait que diminuer l'esprit, la créativité et les compétences analytiques des gens ! Ce n'est pas le chemin du progrès !\n	<voice type=question>\nНо... зачем правительству это делать?\n<voice type=upset>\nЭто лишь притупит ум, креативность и аналитические способности людей! Это не путь к прогрессу!\n
Dialogues/prepNuclearConfrontation22	Well. This might be a lesson for you that the President is perhaps not to be blessed too much.	Е, това може да ти е урок, че президентът може би не трябва да се благославя прекалено много.	Eh bien. Cela pourrait être une leçon pour toi que le Président ne doit peut-être pas être trop béni.\n	Ну что ж. Возможно, это урок для тебя, что президента, возможно, не стоит слишком восхвалять.\n
Dialogues/scientistNuclearConfrontation23	<voice type=upset>\nAh, Mr. Prepper. I don't like shifting paradigms, it forces you to relearn so much stuff!\nBut tell me one thing - you say most of the people are under the influence of mind control.\n<voice type=question>\nWhy not all then? What about the others? Me? You?	<voice type=upset>\nА, г-н Препър. Не ми харесва да променя парадигмите, принуждава те да научиш много неща отново!\nНо кажи ми едно нещо – казваш, че повечето хора са под влияние на контрол на ума.\n<voice type=question>\nЗащо не всички? А другите? А аз? Ти?	<voice type=upset>\nAh, Mr. Prepper. Je n'aime pas les changements de paradigme, ça te force à réapprendre tant de choses !\nMais dis-moi une chose – tu dis que la plupart des gens sont sous l'influence du contrôle mental.\n<voice type=question>\nPourquoi pas tous alors ? Et les autres ? Moi ? Toi ?\n	<voice type=upset>\nАх, Mr. Prepper. Я не люблю смену парадигм, приходится так много всему учиться заново!\nНо скажи мне одно — ты говоришь, что большинство людей находятся под влиянием контроля разума.\n<voice type=question>\nПочему не все тогда? А остальные? Я? Ты?\n
Dialogues/prepNuclearConfrontation24	I don't actually know. Some people seem to be immune, or at least partially resistant.\nThose who are awake seem to be... Passionate about something. Driven. Obsessive, one could say.\nI also know that stimulants help. Anyway, the thing surely influences me or you as well, just to a different extent.	Не знам всъщност. Някои хора изглеждат имунизирани или поне частично устойчиви.\nТези, които са будни, изглеждат... страстни за нещо. Водени. Обсебени, бих казал.\nЗнам също, че стимулантите помагат. Както и да е, нещото със сигурност влияе и на мен, и на теб, просто в различна степен.	Je ne sais pas vraiment. Certaines personnes semblent être immunisées, ou du moins partiellement résistantes.\nCeux qui sont éveillés semblent... Passionnés par quelque chose. Motivés. Obsédés, pourrait-on dire.\nJe sais aussi que les stimulants aident. Quoi qu'il en soit, la chose influence sûrement aussi moi ou toi, mais dans une mesure différente.\n	На самом деле я не знаю. Некоторые люди, похоже, невосприимчивы или, по крайней мере, частично устойчивы.\nТе, кто бодрствует, кажутся... Страстными к чему-то. Целеустремлёнными. Навязчивыми, можно сказать.\nЯ также знаю, что стимуляторы помогают. В любом случае, это явно влияет и на меня, и на тебя, только в разной степени.\n
Dialogues/scientistNuclearConfrontation25	I haven't noticed anything. I've been completely sane and composed all the time.	Не съм забелязал нищо. Бях напълно здрав и спокоен през цялото време.	Je n'ai rien remarqué. J'ai été complètement sain d'esprit et maître de moi tout le temps.\n	Я ничего не заметил. Я все время был полностью в здравом уме и спокойным.\n
Dialogues/scientistNuclearConfrontation26	<voice type=question>\nHey, what's that sound?	<voice type=question>\nЗдравей, какво е това шумове?	<voice type=question>\nHé, quel est ce bruit ?\n	<voice type=question>\nЭй, что это за звук?\n
Dialogues/prepNuclearConfrontation27	<voice type=upset>\nOh, I'm afraid I know this.\nIt's the Agency. They must have noticed something.\n<voice type=order>\nWe need to get out of here!	<voice type=upset>\nО, боитесь, че познавам това.\nТова е Агенцията. Трябва да са забелязали нещо.\n<voice type=order>\nТрябва да излезем оттук!	<voice type=upset>\nOh, j'ai bien peur de connaître ça.\nC'est l'Agence. Ils ont dû remarquer quelque chose.\n<voice type=order>\nNous devons sortir d'ici !\n	<voice type=upset>\nОх, боюсь, я это знаю.\nЭто Агентство. Они, должно быть, что-то заметили.\n<voice type=order>\nНам нужно отсюда уходить!\n
Dialogues/scientistNuclearConfrontation28	But...	Но...	Mais...\n	Но...\n
Dialogues/prepNuclearConfrontation29	<voice type=negation>\nNo time to talk! Let's find a calmer place first.\n<voice type=order>\nFollow me.	<voice type=negation>\nНяма време за приказки! Първо да намерим по-спокойно място.\n<voice type=order>\nСледвай ме.	<voice type=negation>\nPas le temps de parler ! Trouvons d'abord un endroit plus calme.\n<voice type=order>\nSuis-moi.\n	<voice type=negation>\nНет времени разговаривать! Сначала найдем более спокойное место.\n<voice type=order>\nСледуй за мной.\n
Dialogues/prepAfterNuclearConfrontation1	<voice type=thanks> \nOkay, we should be safe now.	<voice type=thanks> \nДобре, сега трябва да сме в безопасност.	<voice type=thanks> \nD'accord, nous devrions être en sécurité maintenant.\n	<voice type=thanks> \nХорошо, теперь мы должны быть в безопасности.\n
Dialogues/scientistAfterNuclearConfrontation2	Thank you, Mr. Prepper. Why did you decide to help me? We had just fought.	Благодаря ти, господин Препър. Защо реши да ми помогнеш? Току-що се бихме.	Merci, Mr. Prepper. Pourquoi as-tu décidé de m'aider ? Nous venions juste de nous battre.\n	Спасибо, Mr. Prepper. Почему ты решил мне помочь? Мы только что сражались.\n
Dialogues/prepAfterNuclearConfrontation3	Look, I’ll assume you were under a lot of stress and didn’t even know what you were doing. Mind control stuff.	Виж, ще предположа, че си бил под голям стрес и дори не си знаел какво правиш. Манипулация на ума.	Écoute, je vais supposer que tu étais sous beaucoup de stress et que tu ne savais même pas ce que tu faisais. Des trucs de contrôle mental.\n	Слушай, я просто предположу, что ты находился в сильном стрессе и даже не понимал, что делаешь. Манипуляция сознанием и все такое.\n
Dialogues/scientistAfterNuclearConfrontation4	<voice type=disappointment> \nBut...	<voice type=disappointment> \nНо...	<voice type=disappointment> \nMais...\n	<voice type=disappointment> \nНо...\n
Dialogues/prepAfterNuclearConfrontation5a	<voice type=acceptance> \nMind control, no doubt. Anyway, I know someone who runs a certain underground community. You could head there—just promise to keep it confidential. \n<voice type=order> \nAnd no 'bless the president' bullshit.	<voice type=acceptance> \nУправление на ума, без съмнение. Всъщност, познавам някой, който управлява определено подземен общността. Можеш да отидеш там—само обещавай да запазиш това в тайна. \n<voice type=order> \nИ никакви глупости за „благословението на президента“.	<voice type=acceptance> \nContrôle mental, sans aucun doute. Quoi qu'il en soit, je connais quelqu'un qui dirige une certaine communauté souterraine. Tu peux t'y rendre — promets juste de garder le secret.\n<voice type=order> \nEt pas de conneries du genre 'bénir le président'.\n	<voice type=acceptance> \nКонтроль разума, без сомнений. В любом случае, я знаю одного человека, который управляет определённым подпольным сообществом. Ты можешь туда пойти — только обещай держать это в секрете.\n<voice type=order> \nИ никакого «благословения президента».\n
Dialogues/prepAfterNuclearConfrontation5b	<voice type=acceptance> \nMind control, no doubt. Anyway, you should definitely find a place where you can lay low.\nI'd offer a place in my house, but you know how are the housing conditions in Murricaville, and the Agency controls...	<voice type=acceptance> \nУправление на ума, без съмнение. Всякакви, трябва да намериш някъде където да се скриеш.\nБи ти предложил място вкъщи, но знаеш какви са жилищните условия в Мърикавил и какво контролира Агенцията...	<voice type=acceptance> \nContrôle mental, sans aucun doute. Quoi qu'il en soit, tu devrais absolument trouver un endroit où te cacher.\nJe proposerais un endroit dans ma maison, mais tu sais comment sont les conditions de logement à Murricaville, et l'Agence contrôle...\n	<voice type=acceptance> \nКонтроль разума, без сомнений. В любом случае, тебе определённо стоит найти место, где можно скрыться.\nЯ бы предложил место у себя дома, но ты знаешь, какие жилищные условия в Murricaville, и Агентство контролирует...\n
Dialogues/scientistAfterNuclearConfrontation6a	Alright, alright, I admit I've been... overworked. And hiding for a while sounds like a good idea.	Добре, добре, признавам, че съм бил... претоварен. И да се скрия за известно време звучи като добра идея.	D'accord, d'accord, j'admets que j'ai été... surmené. Et se cacher un moment semble être une bonne idée.\n	Ладно, ладно, признаю, я был... перегружен работой. И скрыться на время кажется хорошей идеей.\n
Dialogues/scientistAfterNuclearConfrontation6b	That's alright, it wouldn't be safe enough.\nBut don't you worry, I have a knack for sniffing out places away from the eyes of the Agency.\nI'll manage.	Няма проблем, няма да е достатъчно безопасно.\nНо не се притеснявай, имам усет за намиране на места далеч от очите на Агенцията.\nЩе се справя.	Ça va, ce ne serait pas assez sûr.\nMais ne t'inquiète pas, j'ai le don de dénicher des endroits à l'abri des yeux de l'Agence.\nJe m'en occuperai.\n	Ничего, это было бы недостаточно безопасно.\nНо не волнуйся, у меня есть чутьё на места, скрытые от глаз Агентства.\nЯ справлюсь.\n
Dialogues/prepAfterNuclearConfrontation7a	Head east and keep your eyes open for an abandoned mine. Hard to miss.\nThere are people dwelling inside. Friends. Tell them I sent you. But please, don't do anything stupid and work to earn their trust.	Тръгни на изток и дръж очите си отворени за изоставена мина. Трудно е да я пропуснеш.\nИма хора вътре. Приятели. Кажи им, че аз те изпращам. Но моля те, не прави нищо глупаво и работи, за да спечелиш доверието им.	Dirige-toi vers l'est et garde les yeux ouverts pour une mine abandonnée. Difficile à manquer.\nIl y a des gens à l'intérieur. Des amis. Dis-leur que je t'ai envoyé. Mais s'il te plaît, ne fais rien de stupide et gagne leur confiance.\n	Направляйся на восток и держи глаза открытыми в поисках заброшенной шахты. Трудно не заметить.\nВнутри живут люди. Друзья. Скажи им, что я тебя послал. Но, пожалуйста, не делай ничего глупого и заслужи их доверие.\n
Dialogues/prepAfterNuclearConfrontation7b	If you say so.\nJust don't let them get in you head again.	Ако казваш така.\nПросто не им позволявай да влязат отново в главата ти.	Si tu le dis.\nNe les laisse pas te laver le cerveau à nouveau.\n	Если ты так говоришь.\nПросто не позволяй им снова промывать тебе мозги.\n
Dialogues/scientistAfterNuclearConfrontation8a	Got it. I won't make any trouble, don't you worry.	Разбрах. Няма да създавам проблеми, не се притеснявай.	Compris. Je ne causerai aucun problème, ne t'inquiète pas.\n	Понял. Я не буду создавать проблем, не волнуйся.\n
Dialogues/prepTalkWithBobAboutEdward1	So I send you this new tenant. He didn't have anywhere else to go. I hope he behaves.	Изпращам ти този нов наемател. Нямаше къде другаде да отиде. Надявам се да се държи добре.	Alors je t'envoie ce nouveau locataire. Il n'avait nulle part où aller. J'espère qu'il se comportera bien.\n	Так что я присылаю тебе этого нового жильца. Ему некуда было идти. Надеюсь, он будет вести себя хорошо.\n
Dialogues/bobTalkWithBobAboutEdward2	Oh, Edward is lovely! He sometimes borrows my books and we have little chats.\nHe also keeps trying to mix materials he finds around and make something funny with them.	Едуард е страхотен! Понякога ми заема книги и си говорим. \nСъщо така постоянно се опитва да смесва материали, които намира наоколо, и да прави нещо смешно с тях.	Oh, Edward est adorable ! Il emprunte parfois mes livres et nous discutons un peu.\nIl essaie aussi constamment de mélanger des matériaux qu'il trouve pour en faire quelque chose de drôle.\n	О, Эдвард замечательный! Он иногда берёт у меня книги, и мы немного общаемся.\nОн также постоянно пытается смешивать найденные материалы и делать из них что-то забавное.\n
Dialogues/prepTalkWithBobAboutEdward3	Damn! I need to talk him out of these shenanigans.	По дяволите! Трябва да го разубедя от тези глупости.	Mince ! Il faut que je lui fasse abandonner ces bêtises.\n	Чёрт! Мне нужно отговорить его от этих проделок.\n
Dialogues/bobTalkWithBobAboutEdward4	Nah, no worries, Mr. Prepper, I have a good eye on the situation.\nI've been herding the Sleepless for a while, I can handle an eccentric scientist.	Не, не се притеснявай, г-н Препър, имам добро око на ситуацията.\nХерждам Безсънните от известно време, мога да се справя с ексцентричен учен.	Non, pas de souci, Mr. Prepper, j'ai un bon œil sur la situation.\nJe m'occupe des Insomniaques depuis un moment, je peux gérer un scientifique excentrique.\n	Нет, не переживай, Mr. Prepper, я держу ситуацию под контролем.\nЯ некоторое время присматривал за Бессонными, могу справиться с эксцентричным ученым.\n
Dialogues/prepSleeplessBaseScientist0	Oh, Edward! You're here!	О, Едуард! Ти си тук!	Oh, Edward ! Tu es là !\n	О, Эдвард! Ты здесь!\n
Dialogues/scientistSleeplessBaseScientist0	Ha, surprise! I bet you thought you'd seen the last of me!\nSince the Agency raid, I was in search of a place that would be safe, but also cozy.\nThen I noticed the warning signs around the mine and thought - that's the spot.\n	Ха, изненада! Залагам, че си мислеше, че си ме видял за последен път!\nОт нападението на Агенцията търсех място, което да е безопасно, но и уютно.\nТогава забелязах предупредителните знаци около мината и си помислих - това е мястото.\n	Ha, surprise ! Je parie que tu pensais m'avoir vu pour la dernière fois !\nDepuis le raid de l'Agence, je cherchais un endroit sûr mais aussi confortable.\nPuis j'ai remarqué les panneaux d'avertissement autour de la mine et j'ai pensé - c'est l'endroit.\n	Ha, Überraschung! Ich wette, du dachtest, du hättest mich zum letzten Mal gesehen!\nSeit dem Überfall der Agentur suchte ich einen Ort, der sicher, aber auch gemütlich wäre.\nDann bemerkte ich die Warnschilder um die Mine und dachte - das ist der Platz.\n
Dialogues/prepSleeplessBaseScientist1	<voice type=question>\nSo how are you doing down here?	<voice type=question>\nКак си тук долу?	<voice type=question>\nAlors, comment ça se passe ici en bas ?\n	<voice type=question>\nНу как тебе здесь внизу?\n
Dialogues/scientistSleeplessBaseScientist2	I miss all my equipment. It's a bit boring. But in general, I feel... calmer? \nI try not to get carried away with wanting to bring my ideas to life instantly.\nThere's something about the ambience here that is very chill.	Липсва ми цялото оборудване. Малко е скучно. Но като цяло се чувствам... по-спокоен? \nОпитвам се да не се увличам в желанието си да осъществя идеите си веднага.\nИма нещо в атмосферата тук, което е много релаксиращо.	Mon équipement me manque. C'est un peu ennuyeux ici. Mais en général, je me sens... plus calme ?\nJ'essaie de ne pas me laisser emporter par l'envie de réaliser mes idées immédiatement.\nIl y a quelque chose dans l'ambiance ici qui est très détendue.\n	Я скучаю по всему своему снаряжению. Тут немного скучно. Но в целом я чувствую себя... спокойнее?\nЯ стараюсь не поддаваться желанию воплотить свои идеи мгновенно.\nЗдесь что-то в атмосфере очень расслабляющее.\n
Dialogues/prepSleeplessBaseScientist3	<voice type=question>\nDid you have some time to think over the last events?	<voice type=question>\nИмаш време да размислиш за последните събития?	<voice type=question>\nAs-tu eu le temps de réfléchir aux derniers événements ?\n	<voice type=question>\nУ тебя было время обдумать последние события?\n
Dialogues/scientistSleeplessBaseScientist4	Yes, I think I was a bit... too self-absorbed and wanting to get a big win quickly.\nThis thing with launching nuclear warheads around? Unhinged, now that I think of it.\nThe elevation angle for the missiles and the wind direction were such that...\n	Да, мисля, че бях малко... прекалено самовглъбен и исках да постигна голяма победа бързо.\nТази работа с изстрелването на ядрени бойни глави наоколо? Лудост, сега като се замисля.\nЪгълът на издигане за ракетите и посоката на вятъра бяха такива, че...\n	Oui, je pense que j'étais un peu... trop centré sur moi-même et que je voulais un gros gain rapidement.\nCette histoire de lancer des ogives nucléaires partout ? Déséquilibré, maintenant que j'y pense.\nL'angle d'élévation des missiles et la direction du vent étaient tels que...\n	Да, я думаю, я был немного... слишком самовлюблённым и хотел бы быстро добиться большого успеха.\nЭто дело с запуском ядерных боеголовок вокруг? Ненормально, если теперь подумать.\nУгол возвышения ракет и направление ветра были таковы, что...\n
Dialogues/prepSleeplessBaseScientist5	Let me stop you right there. It was mind control, is that right?	Спри ме точно тук. Беше контрол над ума, нали?	Laisse-moi t'arrêter là. C'était un contrôle mental, n'est-ce pas ?\n	Давай остановлю тебя прямо здесь. Это была контроль разума, верно?\n
Dialogues/scientistSleeplessBaseScientist6	Uhm... Right. Of course. Otherwise, I guess, you would have to punish me instead of just sending to an underground spa.	Хм... Добре. Разбира се. Иначе, предполагам, щеше да ме накажеш, вместо просто да ме изпратиш в подземен спа център.	Euh... Oui. Bien sûr. Sinon, je suppose que tu devrais me punir au lieu de m'envoyer simplement dans un spa souterrain.\n	Эм... Верно. Конечно. Иначе, наверное, тебе пришлось бы меня наказать, а не просто отправить в подземный спа.\n
Dialogues/scientistSleeplessBaseScientist7	Oh, but one other thing - I still, in my free time, work on some blueprints.\n<voice type=question>\nAre you interested in getting some more?	А, но има още нещо – в свободното си време все още работя върху някои чертежи.\n<voice type=question>\nИнтересуваш ли се да вземеш още?	Oh, mais une autre chose - je travaille encore, pendant mon temps libre, sur quelques plans.\n<voice type=question>\nÇa t'intéresse d'en obtenir d'autres ?\n	О, ещё кое-что — я всё ещё в свободное время работаю над чертежами.\n<voice type=question>\nТебе интересно получить ещё?\n
Dialogues/prepSleeplessBaseScientist8	<voice type=acceptance>\nSure, they've been very useful so far. Just don't pull off another power trip, please.	<voice type=acceptance>\nРазбира се, досега бяха много полезни. Просто не се опитвай да правиш още един властови ход, моля.	<voice type=acceptance>\nBien sûr, elles ont été très utiles jusqu'à présent. Juste, ne refais pas un autre coup de pouvoir, s'il te plaît.\n	<voice type=acceptance>\nКонечно, они были очень полезны до сих пор. Только, пожалуйста, не устраивай ещё один «показы силы».\n
Dialogues/scientistSleeplessRandom1	The experiments on stimulants they're doing here are quite interesting, I must say.\nI won't participate, but I gave them some advice on tweaking the research designs.	Експериментите със стимуланти, които правят тук, са доста интересни, трябва да призная.\nНяма да участвам, но им дадох някои съвети за подобряване на изследователските проекти.	Les expériences sur les stimulants qu'ils font ici sont assez intéressantes, je dois dire.\nJe ne vais pas y participer, mais je leur ai donné quelques conseils pour ajuster les protocoles de recherche.\n	Эксперименты с стимуляторами, которые они проводят здесь, довольно интересные, должен сказать.\nЯ не буду участвовать, но дал им несколько советов по корректировке дизайна исследований.\n
Dialogues/scientistSleeplessRandom2	Now that the things got calmer, maybe I should wrap up the results from my last experiments in a scientific paper.\n<voice type=question>\nBut where should I submit it? Do we still have scientific journals around?	Сега, когато нещата се успокоили, може би трябва да завършя резултатите от последните си експерименти в научна статия.\n<voice type=question>\nНо къде да я подам? Имаме ли още научни списания наоколо?	Maintenant que les choses se sont calmées, je devrais peut-être compiler les résultats de mes dernières expériences dans un article scientifique.\n<voice type=question>\nMais où devrais-je le soumettre ? Avons-nous encore des revues scientifiques ?\n	Теперь, когда все успокоилось, возможно, мне стоит оформить результаты моих последних экспериментов в научную статью.\n<voice type=question>\nНо куда её подавать? У нас ещё есть научные журналы?\n
Dialogues/scientistSleeplessRandom3	I don't know what's the deal with it, but I think the air down here in the mine serves me well.\n<voice type=question>\nIs it diminished influence of mind control? Or maybe there was some disadvantageous factor back in the power plant? Hard to say.	Не знам какво е с това, но ми се струва че въздухът тук в рудника ми пасва добре.\n<voice type=question>\nТова е намалено влияние на контрола върху ума? Или може би имаше някакъв неблагоприятен фактор в електроцентралата? Трудно да се каже.	Je ne sais pas ce qu'il en est, mais je pense que l'air ici dans la mine me fait du bien.\n<voice type=question>\nEst-ce une influence réduite du contrôle mental ? Ou peut-être y avait-il un facteur défavorable dans la centrale électrique ? Difficile à dire.\n	Я не знаю, в чём дело, но, кажется, воздух здесь, в шахте, мне идет на пользу.\n<voice type=question>\nЭто уменьшенное влияние контроля разума? Или, может, там, на электростанции, был какой-то неблагоприятный фактор? Трудно сказать.\n
Dialogues/scientistSleeplessRandom4	<voice type=question>\nMaybe I should install a small nuclear generator around here. You think it's not a good idea? No?\n<voice type=disappointment>\nEven a tiny one? Oh, a pity.	<voice type=question>\nМоже би трябва да инсталирам малък ядрен генератор наоколо. Ти мислиш, че не е добра идея? Не?\n<voice type=disappointment>\nДори и малка? О, жалко.	<voice type=question>\nPeut-être que je devrais installer un petit générateur nucléaire ici. Tu penses que ce n'est pas une bonne idée ? Non ?\n<voice type=disappointment>\nMême un tout petit ? Oh, dommage.\n	<voice type=question>\nМожет, мне стоит установить здесь небольшой ядерный генератор. Думаешь, это плохая идея? Нет?\n<voice type=disappointment>\nДаже крошечный? Ах, какая жалость.\n
Dialogues/scientistSleeplessRandom5	<voice type=thanks>\nMy grandfather was a miner somewhere in the region. Maybe even in this mine? It must had been fun!\nI never met him though, he died young. I wonder why.	<voice type=thanks>\nБаба ми е бил шах в някое място в региона. Може би дори в този шах? Сигурно е било забавно!\nНо никога не съм го срещал, почина рано. Чудесно е, защо.	<voice type=thanks>\nMon grand-père était mineur quelque part dans la région. Peut-être même dans cette mine ? Ça a dû être amusant !\nJe ne l'ai jamais rencontré, il est mort jeune. Je me demande pourquoi.\n	<voice type=thanks>\nМой дед был шахтёром где-то в этом регионе. Может быть, даже в этой шахте? Должно быть, это было весело!\nНо я его никогда не встречал, он умер молодым. Интересно, почему.\n
Dialogues/prepUraniumCompanySignInspect	"Murricaville Uranium Company."\nThis is the place.	"Мърикавил Uranium Company."\nТова е мястото.	"Entreprise d'uranium Murricaville."\nC'est l'endroit.\n	"Урановое предприятие Murricaville."\nВот это место.\n
Dialogues/prepNuclearPowerPlantGeneratorNotActive	<voice type=question>\nWhat do we have here? It must be some kind of generator. And it's powered by...\nOh, it's nuclear. Interesting.	<voice type=question>\nКакво имаме тук? Трябва да е някакъв генератор. И се захранва от...\nО, ядрена е. Интересно.	<voice type=question>\nQu'avons-nous ici ? Ça doit être une sorte de générateur. Et il fonctionne avec...\nOh, il est nucléaire. Intéressant.\n	<voice type=question>\nЧто у нас здесь? Должен быть какой-то генератор. И он работает на...\nО, это ядерный. Интересно.\n
Dialogues/prepNuclearPowerPlantGeneratorActive	So... The reaction is ongoing and the electricity is being generated. It works! I hope it stays stable.	Така че... реакцията продължава и се генерира електричество. Работи! Надявам се да остане стабилно.	Alors... La réaction est en cours et l'électricité est générée. Ça marche ! J'espère que ça restera stable.\n	Итак... Реакция продолжается, и электричество вырабатывается. Это работает! Надеюсь, всё останется стабильным.\n
Dialogues/prepNuclearPowerPlantGeneratorUnStable1	<voice type=surprise>\nOh no. It's most definitely overheating. It seems the reactor is unstable! \nSomething must be done with it, and quickly.	<voice type=surprise>\nО, не. Със сигурност прегрява. Изглежда реакторът е нестабилен! \nТрябва да се направи нещо с него, и то бързо.	<voice type=surprise>\nOh non. Il surchauffe très certainement. Le réacteur semble instable !\nIl faut agir vite.\n	<voice type=surprise>\nО нет. Он явно перегревается. Похоже, реактор нестабилен!\nНужно что-то с этим сделать, и быстро.\n
Dialogues/prepNuclearPowerPlantGeneratorUnStable2	From the looks of it, it needs a more stable way of delivering fuel, and also something to deal with leaking radiation.	Изглежда, че се нуждае от по-стабилен начин за доставяне на гориво и нещо, което да се справи с изтичащата радиация.	À en juger, il faut un moyen plus stable d'approvisionner en carburant, et aussi quelque chose pour gérer les fuites de radiation.\n	Судя по всему, нужна более стабильная подача топлива, а также что-то для устранения утечки радиации.\n
Dialogues/prepNuclearPowerPlantGeneratorStable	Wow, it looks it's stable and secure now. I can't believe it myself.	Уау, изглежда стабилно и сигурно сега. Не мога да повярвам сам.	Wow, il semble maintenant stable et sûr. Je n'arrive même pas à y croire moi-même.\n	Вау, похоже, теперь он стабилен и безопасен. Я сам не могу поверить.\n
Dialogues/prepNuclearPowerPlantSwitchGearBroken	Okay, I don't need to be an electrician to see that this switchgear is seriously messed up.	Добре, не е нужно да съм електротехник, за да видя, че това прекъсвач е сериозно развален.	D'accord, pas besoin d'être électricien pour voir que ce tableau de distribution est sérieusement détraqué.\n	Ладно, мне не нужно быть электриком, чтобы понять, что с этим распределительным щитом серьёзные проблемы.\n
Dialogues/prepNuclearPowerPlantSwitchGearFixed	Now it finally looks like a proper piece of technology. The electricity is flowing.	Сега изглежда като истинско технологично чудо. Електричеството тече.	Ça ressemble enfin à une véritable pièce de technologie. L’électricité circule.\n	Теперь это наконец-то похоже на настоящий кусок технологии. Электричество течёт.\n
Dialogues/prepNuclearPowerPlantScintistPlans1	It's a plan for fixing the nuclear generator. I really, really hope it makes sense.	Това е план за поправка на ядрения генератор. Наистина, наистина се надявам да има смисъл.	C’est un plan pour réparer le générateur nucléaire. J’espère vraiment, vraiment que ça a du sens.\n	Это план по починке ядерного генератора. Я очень, очень надеюсь, что он имеет смысл.\n
Dialogues/prepNuclearPowerPlantScintistPlans2	From what I can tell, this is a plan for fixing a broken electrical switchgear nearby. It looks professional.	Изглежда, че това е план за поправка на повреден електрически прекъсвач наблизо. Изглежда професионално.	D’après ce que je peux voir, c’est un plan pour réparer un poste de distribution électrique cassé à proximité. Ça a l’air professionnel.\n	Насколько я могу судить, это план ремонта сломанного распределительного щита неподалёку. Выглядит профессионально.\n
Dialogues/prepNuclearPowerPlantScintistPlans3	This looks pretty much like our postman. Post-man rather. He's artificial. Android. Why? Hell if I know.	Това изглежда почти като нашия пощальон. Пощальон, по-скоро. Той е изкуствен. Андроид. Защо? По дяволите, ако знам.	Ça ressemble beaucoup à notre facteur. Plutôt « post-homme ». Il est artificiel. Un androïde. Pourquoi ? J’en sais foutrement rien.\n	Он выглядит почти как наш почтальон. Почта-человек, скорее. Он искусственный. Андроид. Зачем? Чёрт его знает.\n
Dialogues/prepNuclearPowerPlantScintistPlans4	These are clearly plans for making simple nuclear bombs. I would really prefer not to see those in the flesh.	Това са ясно планове за направата на прости ядрени бомби. Честно казано, не бих искал да ги видя на живо.	Ce sont clairement des plans pour fabriquer des bombes nucléaires simples. Je préférerais vraiment ne pas les voir se concrétiser.\n	Это явно планы по изготовлению простых ядерных бомб. Я бы очень не хотел видеть их воплощёнными в реальности.\n
Dialogues/prepRadiationPurgeBeaconDiscovered	<voice type=surprise>\nOh, this might come in handy. I have no idea how this could work, but... it apparently does?\nIt won't fix the damaged generator shell, but it will reduce radiation in the area, which is a good start.\nI still need a solution for the nuclear generator though. I need to keep looking.	<voice type=surprise>\nО, това може да е полезно. Нямам представа как работи, но... явно работи?\nНяма да поправи повредената обвивка на генератора, но ще намали радиацията в района, което е добро начало.\nВсе още ми трябва решение за ядрения генератор. Трябва да продължа да търся.	<voice type=surprise>\nOh, cela pourrait être utile. Aucune idée de comment cela pourrait fonctionner, mais... apparemment, ça marche ?\nÇa ne réparera pas la coque endommagée du générateur, mais cela réduira la radiation dans la zone, ce qui est un bon début.\nIl me faut toutefois toujours une solution pour le générateur nucléaire. Il faut que je continue de chercher.\n	<voice type=surprise>\nО, это может пригодиться. Я понятия не имею, как это могло бы работать, но... похоже, работает?\nЭто не исправит повреждённую оболочку генератора, но снизит уровень радиации в районе — неплохое начало.\nНо мне всё ещё нужно решение для ядерного генератора. Надо продолжать поиск.\n
Dialogues/prepNuclearGeneratorRefuelerDiscovered	<voice type=thanks>\nOh, intriguing!\nMaybe if I extrapolate on this design, I will be provide a stable delivery of fuel to the generator.\nAnd this, with some tweaks on moderation, should fix the ustable core.\nI have to take a closer look at this design.	<voice type=thanks>\nО, интересно!\nМоже би ако разширя своя дизайн, ще осигуря стабилно захранване на генератора.\nИ това, с малко корекции в регулирането, трябва да поправи нестабилната ядро.\nТрябва да погледна по-близо в този дизайн.	<voice type=thanks>\nOh, intrigant !\nPeut-être que si je développe un peu ce concept, je pourrai assurer une alimentation stable en carburant vers le générateur.\nEt cela, avec quelques ajustements de modulation, devrait réparer le cœur instable.\nJe dois examiner de plus près ce projet.\n	<voice type=thanks>\nО, интригующе!\nВозможно, если я немного доработаю этот проект, мне удастся обеспечить стабильную подачу топлива к генератору.\nИ это, вместе с некоторыми усовершенствованиями по регулированию, должно исправить нестабильное ядро.\nМне нужно внимательнее изучить этот проект.\n
Dialogues/prepReactorSafetySystemDiscovered	<voice type=acceptance>\nYes, I have an idea now. It's all coming together. \nIf I connect the water pump here for increased neutron moderation, this will decrease the fission energy and the reaction should be more stable.\n<voice type=thanks>\nThis might actually work!	<voice type=acceptance>\nДа, сега имам идея. Всичко се свързва.\nАко свързая водната помпа тук за по-голяма неутронна модулация, това ще намали енергията на деленията и реакцията трябва да бъде по-стабилна.\n<voice type=thanks>\nТова може наистина да работи!	<voice type=acceptance>\nOui, j'ai maintenant une idée. Tout se met en place.\nSi je branche la pompe à eau ici pour augmenter la modération des neutrons, cela diminuera l'énergie de fission et la réaction devrait être plus stable.\n<voice type=thanks>\nÇa pourrait vraiment marcher !\n	<voice type=acceptance>\nДа, теперь у меня есть идея. Всё сходится.\nЕсли я подключу здесь водяной насос для повышения замедления нейтронов, это уменьшит энергию деления и реакция должна стать более стабильной.\n<voice type=thanks>\nЭто может действительно сработать!\n
Dialogues/scientist_Diamond	It's not true that diamonds are forever, they surely burn.\nBut it's possible you will find some in the mines.	Диамантите не са вечни, те със сигурност горят.\nНо е възможно да намериш някои в мините.	Ce n'est pas vrai que les diamants sont éternels, ils peuvent bel et bien brûler.\nMais il est possible que tu en trouves dans les mines.\n	Неправда, что алмазы вечны, они вполне горят.\nНо возможно, ты найдёшь некоторые в шахтах.\n
Dialogues/scientist_AnimalPart5	<voice type=question>\nAntlers? Set a trap in the forest. Deers are rare around, I guess? \nUsing a correct bait will help you get them quicker.	<voice type=question>\nРога? Заложи капан в гората. Еленът е рядък наоколо, предполагам? \nИзползването на правилната стръв ще ти помогне да ги хванеш по-бързо.	<voice type=question>\nDes bois? Installe un piège dans la forêt. Les cerfs sont rares ici, je suppose ?\nUtiliser le bon appât t'aidera à les attraper plus rapidement.\n	<voice type=question>\nРога? Поставь ловушку в лесу. Олени здесь редкость, да?\nИспользование правильной приманки поможет поймать их быстрее.\n
Dialogues/scientist_AntiRadiation	Antiradiation substance? You know the recipe, Mr. Prepper. Just cook a few for me.	Антирадиационна субстанция? Знаеш рецептата, господин Препър. Просто сготви няколко за мен.	Substance antiradiation ? Tu connais la recette, Mr. Prepper. Prépare-moi juste quelques-uns.\n	Антирадиационное вещество? Ты знаешь рецепт, Mr. Prepper. Просто приготовь немного для меня.\n
Dialogues/prepCraneMinigameRewards	I should check the floor hatch downstairs to claim the rewards.	Трябва да проверя капака на пода долу, за да взема наградите.	Je devrais vérifier le trappe au sol en bas pour récupérer les récompenses.\n	Мне стоит проверить люк в полу внизу, чтобы забрать награды.\n
Dialogues/prepCraneMinigameRewardsShort	Time to collect the rewards downstairs.	Време е да вземеш наградите долу.	Il est temps de récupérer les récompenses en bas.\n	Время забрать награды внизу.\n
Dialogues/scientistScientistLaunch1	Hello, Prepper! Bob told me about the rocket while debriefing about the Operation Awakening.\nSo there was certainly more to your scientific skills than being my lab assistant.	Здравей, Препър! Боб ми разказа за ракетата, докато ни разказваше за Операция Събуждане.\nТака че явно имаш повече умения в науката, отколкото да си ми лабораторен асистент.	Bonjour, Prepper ! Bob m'a parlé de la fusée lors du débriefing sur l'Opération Awakening.\nIl y avait donc certainement plus dans tes compétences scientifiques que le fait d'être mon assistant de laboratoire.\n	Привет, Prepper! Боб рассказал мне о ракете во время брифинга по Операции Пробуждение.\nТак что твои научные способности явно выходят за рамки работы моим лабораторным ассистентом.\n
Dialogues/prepScientistLaunch2	Yeah, who would have thought?\nI needed to keep a low profile. You know what happens when the Agency gets too curious about your research.	Да, кой би си помислил?\nТрябваше да се скрия. Знаеш какво става, когато Агенцията стане прекалено любопитна за твоите изследвания.	Oui, qui l'aurait cru ?\nJe devais rester discret. Tu sais ce qui se passe quand l'Agence devient trop curieuse de tes recherches.\n	Да, кто бы мог подумать?\nМне нужно было держаться в тени. Ты знаешь, что бывает, когда Агентство слишком интересуется твоими исследованиями.\n
Dialogues/scientistScientistLaunch3	Right. A whole rocket? That's some serious engineering.\nI want to know how you did some of this stuff.\nWhat kind of fuel injection do you have? How did you solve exhaust containment? What happens to the house when...	Добре. Цяла ракета? Това е сериозна инженерна работа.\nИскам да знам как си направил някои от тези неща.\nКакъв вид горивна инжекция имаш? Как си решил проблема с улавянето на изгорелите газове? Какво се случва с къщата, когато...	Vraiment. Une fusée entière ? C’est de l’ingénierie sérieuse.\nJe veux savoir comment tu as réalisé certaines de ces choses.\nQuel type d’injection de carburant as-tu ? Comment as-tu géré l’évacuation des gaz ? Que se passe-t-il avec la maison quand...\n	Точно. Целая ракета? Это серьёзная инженерия.\nХочу знать, как ты сделал некоторые из этих вещей.\nКакая у тебя система впрыска топлива? Как решил проблему с выпуском газов? Что происходит с домом, когда...\n
Dialogues/prepScientistLaunch4	Let me stop you right there. Launch schedule is tight and I don't have time to discuss the details.\nBut I want to know what are your plans.	Спри се, моля те. Графикът за изстрелването е много стегнат и нямам време да обсъждам подробностите.\nНо искам да знам какви са твоите планове.	Laisse-moi t'arrêter là. Le calendrier de lancement est serré et je n'ai pas le temps de discuter des détails.\nMais je veux savoir quels sont tes plans.\n	Позволь остановить тебя прямо здесь. График запуска плотный, и у меня нет времени обсуждать детали.\nНо я хочу узнать, какие у тебя планы.\n
Dialogues/scientistScientistLaunch5	Well, first we'll be conducting this social experiment called Operation Awakening.\nCan't wait to see if it works on people.\nAfter that, I hope to get back to my own stuff.	Добре, първо ще проведем този социален експеримент, наречен Операция Събуждане.\nНямам търпение да видя дали ще подейства на хората.\nСлед това се надявам да се върна към моите неща.	Eh bien, d'abord nous allons mener cette expérience sociale appelée Opération Awakening.\nJ'ai hâte de voir si ça fonctionne sur les gens.\nAprès cela, j'espère revenir à mes propres affaires.\n	Сначала мы проведем этот социальный эксперимент под названием Операция «Пробуждение».\nНе могу дождаться, чтобы увидеть, сработает ли это на людях.\nПосле этого надеюсь вернуться к своим делам.\n
Dialogues/prepScientistLaunch6	I see. Don't make it too explosive.	Разбрах. Не го прави прекалено експлозивно.	Je vois. Ne le rends pas trop explosif.\n	Понимаю. Не делай это слишком взрывоопасным.\n
Dialogues/scientistScientistLaunch7	And that coming from you...	И това от теб...	Et ça vient de toi...\n	И это говорит ты…\n
Dialogues/prepScientistLaunch8	Point taken. So, happy road to progress, I guess.	Разбрано. Така че, приятно пътуване към прогреса, предполагам.	Point pris. Alors, bonne route vers le progrès, je suppose.\n	Принято. Так что, удачного пути к прогрессу, полагаю.\n
Dialogues/scientistScientistLaunch9	Thanks. And have a good launch!	Благодаря. И приятно изстрелване!	Merci. Et bon lancement !\n	Спасибо. И удачного запуска!\n
Dialogues/scientistHi	<voice type=greeting>\n<duration value=2>\nHi, mate!	<voice type=greeting>\n<duration value=2>\nЗдравей, приятелю!	<voice type=greeting>\n<duration value=2>\nSalut, mec !\n	<voice type=greeting>\n<duration value=2>\nПривет, дружище!\n
Dialogues/scientistGoodbyeEnd	Good flight!	Добър полет!	Bon vol !\n	Хорошего полета!\n
Dialogues/bobGasMask	A gas mask, huh?\nOne of the Sleepless wears one all the time.\nNever asked why, but I think it’s valuable to her.	Газова маска, а?\nЕдна от Безсънните винаги носи такава.\nНикога не съм я питал защо, но мисля, че е ценна за нея.	Un masque à gaz, hein ?\nL’une des Sans-Sommeil en porte toujours un.\nJe n’ai jamais demandé pourquoi, mais je pense qu’il a de la valeur pour elle.	Противогаз, да?\nОдна из Бессонных всегда носит его.\nНикогда не спрашивал почему, но думаю, он ей дорог.
Dialogues/prepPlatformSupport	It needs platform support.	Има нужда от поддръжка на платформата.		
Dialogues/prepCantClimb	I'm too tired to climb.	Прекалено съм уморен, за да се катеря.		
Dialogues/prepUnlockMountainWorkbench	I have a lot of climbing ahead of me.\nI may need to adjust my workbench to better suit crafting mountain climbing equipment. 	Имам много катерене пред мен.\nМоже да се наложи да настроя работната си маса, за да е по-подходяща за изработка на екипировка за планинско катерене.		
Dialogues/prepEmpty	It's empty	Празно е		
Dialogues/prepMountainInitLetter	Maybe worth checking.	Може би си струва да провериш.		
Dialogues/prepWalkieTalkie1	Hello...?	Здравей...?		
Dialogues/prepWalkieTalkie2	No answer.	Няма отговор.		
Dialogues/prepWalkieTalkie3	Still no answer.	Все още няма отговор.		
Dialogues/prepNeedWalkieTalkie	I should grab the Walkie Talkie in case [blank] wants to make a conntact.	Трябва да взема радиостанцията, в случай че [blank] иска да се свърже.		
Dialogues/prepWalkieTalkieAudioLogActive	She doesn't seem to hear me.	Тя не ме чува.		
Dialogues/prepRepairRailWayTip	I should try to repair the railway before going further.\nWithout it i want be able to get back in here quickly.	Трябва да опитам да поправя железопътната линия, преди да продължа.\nБез него няма да мога да се върна бързо тук.		
Dialogues/prepRepairRailWayTip2	I should try to repair the railway before heading back.\nWithout it i want be able to get back in here quickly.	Трябва да опитам да поправя железопътната линия, преди да се върна.\nБез нея няма да мога да се върна бързо тук.		
Dialogues/prepLineBrake	<voice type=anger>\nMy rope broke!	<voice type=anger>\nИзопадната ми въже!		
Dialogues/prepPlatformBrake	<voice type=anger>\nMy platform broke!	<voice type=anger>\nПлатформа ми се счупи!		
Dialogues/prepPlatformSupportBrake	<voice type=anger>\nMy platform support broke!	<voice type=anger>\nПоддържането на платформата ми се счупи!		
Dialogues/prepGrassSnowPeaksView	It's getting cold.	Става студено.		
Dialogues/prepSnowPeaksView	It's freezing here.	Тук е студено като куче.		
Dialogues/prepSleepPodBlock	I can't sleep in there tonight. \nMy body would not be able to handle that.\nI need to wait few days.	Не мога да спя там тази нощ. \nТялото ми няма да издържи. \nТрябва да изчакам няколко дни.		
Dialogues/prepSleepPodUnlock	Alright, I think I'm starting to get the hang of this cryo-tech. \nLet's give this design a try.	Добре, мисля, че започвам да схващам тази крио-технология. \nНека пробваме този дизайн.		
Dialogues/prepSleepPodFirstNight1	I feel horrible.\nWorst night of my life.	Чувствам се ужасно.\nНай-лошата нощ в живота ми.		
Dialogues/prepSleepPodFirstNight2	This thing is broken.\nMay us well sleep in my freezer.	Това нещо е счупено.\nПо-добре да спим във фризера ми.		
Dialogues/prepSleepPodFirstNight3	Something must be wrong with orginal design.\nMaybe I can find a way to fix it.	Нещо не е наред с оригиналния дизайн.\nМоже би мога да намеря начин да го оправя.		
Dialogues/prepSleepPodRepair1	Okay.\nI think i pinned down the issue.\nThis machine need to by spacificly calibrated for the user.	Добре.\nМисля, че открих проблема.\nТази машина трябва да бъде специално калибрирана за потребителя.		
Dialogues/prepSleepPodRepair2	Alright, now it should work properly.\nLet's give it another try.	Добре, сега трябва да работи правилно.\nДа опитаме пак.		
Dialogues/prepSleepPodWorking1	I feel...\nGood.	Чувствам се... \nДобре.		
Dialogues/prepSleepPodWorking2	Still I would freeze myslef for longer only in case of emergancy.\nBut spending a night in it from time to time can be beneficial.	Все пак бих се замразил за по-дълго само в случай на спешност.\nНо прекарването на нощ в него от време на време може да бъде полезно.		
Dialogues/prepSaveBlankQuestStart1	Wait...\nBlank wants to use the cryo sleep pod on top of the mountain.\nI dont think she nows it requires callibration.	Изчакай...\nБланк иска да използва крио-сънната капсула на върха на планината.\nНе мисля, че знае, че се изисква калибрация.		
Dialogues/prepSaveBlankQuestStart2	Damn broken walkie talkie.\nI have no way to tell her about it.	По дяволите, счупеното радиостанция.\nНямам начин да й кажа за това.		
Dialogues/prepSaveBlankQuestStart3	I set my cryo sleep pod to just couple hours for testing.\nShe said she will freeze herself for full week.\nThis will be deadly. If I don't do anything, she will die.	Настроих крио-леглото си за няколко часа за тест.\nТя каза, че ще се замрази за цяла седмица.\nТова ще е смъртоносно. Ако не направя нищо, тя ще умре.		
Dialogues/prepSaveBlankQuestStart4	I need to get to the top before her.\nOr...\nEven if she enters the cryo sleep pod, I can still calibrate it with her inside.\nBut for that to work I need to know her height, age, something, something...	Трябва да стигна до върха преди нея.\nИли...\nДори ако тя влезе в крио-сън, все още мога да го настроя с нея вътре.\nНо за да стане това, трябва да знам нейната височина, възраст, нещо, нещо...		
Dialogues/prepSaveBlankQuestStart5	I should listen more carefully to her talking from now on.\nAny information about her, may help in calibrating the cryo sleep pod.	Трябва да я слушам по-внимателно отсега нататък.\nВсяка информация за нея може да помогне при калибрирането на крио-сънния модул.		
Dialogues/prepBlankInfo1	prepBlankInfo1			
Dialogues/prepBlankInfo2	prepBlankInfo2			
Dialogues/prepBlankInfo3	prepBlankInfo3			
Dialogues/prepBlankInfo4	prepBlankInfo4			
Dialogues/prepBlankInfo5	prepBlankInfo5			
Dialogues/prepAllBlankInfo	Alright, I think I know enought about her to properly calibrate the cryo sleep pod.\nOnly thing left is to reach the top.	Добре, мисля, че знам достатъчно за нея, за да калибрирам правилно крио-сънната капсула.\nОстава само да стигна до върха.		
Dialogues/prepNoticeCryoSleepPod	There she is.	Ето я.		
Dialogues/prepInspectBlankCryoSleepPod	Blank is in there.\nTime is set to one weak.\nAnd all the parameters are... set to default as expected.\nShe will not survive this.\nAnd its too dangerous to force it off. It would shock her system.\nI must properly calibrate the machine for her. I hope I can do its active.	Празна е вътре.\nВремето е настроено на една седмица.\nИ всички параметри са... настроени на стандартните, както се очаква.\nТя няма да оцелее това.\nИ е твърде опасно да я изключим насила. Това би шокирало системата ѝ.\nТрябва да калибрирам правилно машината за нея. Надявам се, че мога да я активирам.		
Dialogues/prepCalibratedBlankCryoSleepPod1	Okay, all done, she should be okay now.	Добре, готово, тя трябва да е добре сега.		
Dialogues/prepCalibratedBlankCryoSleepPod2	I should come back in couple of days to check on her again.	Трябва да се върна след няколко дни, за да я проверя отново.		
Dialogues/dianaCalibratedBlankCryoSleepPod3	Hello...?	Здравей...?		
Dialogues/dianaCalibratedBlankCryoSleepPod4	Someone there...?	Някой там...?		
Dialogues/prepCalibratedBlankCryoSleepPod5	You shoudn't be awake.\nJust relax, everything is okay. \nWell, now it is. 	Не трябва да си буден.\nПросто се отпусни, всичко е наред.\nЕ, сега е.		
Dialogues/dianaCalibratedBlankCryoSleepPod6	Is that you Mr. Prepper?	Ти ли си, господин Препър?		
Dialogues/prepCalibratedBlankCryoSleepPod7	prepCalibratedBlankCryoSleepPod8			
Dialogues/dianaCalibratedBlankCryoSleepPod8	dianaCalibratedBlankCryoSleepPod9			
Dialogues/prepCalibratedBlankCryoSleepPod9	prepCalibratedBlankCryoSleepPod10			
Dialogues/dianaCalibratedBlankCryoSleepPod10	dianaCalibratedBlankCryoSleepPod11			
Dialogues/prepCalibratedBlankCryoSleepPod11	prepCalibratedBlankCryoSleepPod12			
Dialogues/dianaCalibratedBlankCryoSleepPod12	dianaCalibratedBlankCryoSleepPod13			
Dialogues/prepCalibratedBlankCryoSleepPod13	prepCalibratedBlankCryoSleepPod14			
Dialogues/prepCalibratedBlankCryoSleepPod14	Diana?	Диана?		
Dialogues/prepCalibratedBlankCryoSleepPod15	Okay, I think she is back to sleep.\nCryogenic sleep, but still.\nSweet dreams. I will be back.	Добре, мисля, че отново заспа.\nКриосън, но все пак.\nСладки сънища. Ще се върна.		
Dialogues/prepInspectBlankCryoSleepPodRandom	<random>\nShe is still in there.\nShe looks alright.\nI need to give her time.\n</random>	<random>\nТя все още е там.\nИзглежда добре.\nТрябва да ѝ дам време.\n</random>		
Dialogues/prepNoticeCryoSleepPodAfterBlankHealed	She is gone?!	Тя си тръгна?!		
Dialogues/prepCryoSleepPodAfterBlankHealed1	She is gone.\nShe must have walked out on her own already.\nWhich is a good thing.	Тя си е тръгнала.\nТрябва да е излязла сама.\nКоето е добре.		
Dialogues/prepCryoSleepPodAfterBlankHealed2	Wonder if I will ever hear from her again.	Чудя се дали някога ще чуя от нея отново.		
Dialogues/prepCryoSleepPodAfterBlankHealed3	Thats her!	Това е тя!		
Dialogues/prepOutOfIce	It's out of Ice.	Изчерпано е.		
Dialogues/prepThermosEmpty	It's empty.	Празно е.		
Dialogues/prepRailwayInspect1	It looks funtional.\nWhy not just use it to catch up with Diane?	Изглежда функционално.\nЗащо просто не го използваш, за да наваксаш с Диана?		
Dialogues/prepRailwayInspect2	Doesn't work.	Не работи.		
Dialogues/prepRailwayInspect3	I see. Only first station is currently operational.	Разбирам. Само първата станция работи в момента.		
Dialogues/prepRailwayInspect4	I will have to take a long way up.	Ще трябва да извървя дълъг път нагоре.		
Dialogues/prepRailwayInspect5	I could reactivating next station when I reach it.\nIt could at least serve as a quick way to get back, if it will work.	Мога да активирам следващата станция, когато стигна до нея.\nМоже поне да служи като бърз начин да се върна, ако работи.		
Dialogues/prepRailwayInspectAlt5	I could try to reactivating this station.\nIt could at least serve as a quick way to get back, if it will work.	Мога да опитам да активирам тази станция.\nМоже поне да служи като бърз начин да се върна, ако работи.		
Dialogues/prepRepairFirstRailway	Looks like it works.\nThe power lines still reach this place. It just needed a little kick to get started again.	Изглежда, че работи.\nЕлектрическите линии все още достигат до това място. Просто му трябваше малко подбутване, за да започне отново.		
Dialogues/prepPeak	That's the top.	Това е върхът.		
Dialogues/prepLastStation	...and the last Station.	...и последната станция.		
Dialogues/prepPeakRandom1	Another peak.\nNo way to go further from here.	Друг връх.\nНяма път нататък оттук.		
Dialogues/prepPeakRandom2	Another peak.	Още един връх.		
Dialogues/prepInfinitLevelNote	"I cleared a path to some of surrounding peaks.\nIf you want to climb some more mountain tops, follow this path.\n~Diane"	"Разчистих пътека до някои от околните върхове.\nАко искаш да изкачиш още планински върхове, следвай тази пътека.\n~Диана"		
Dialogues/prepMountainTraderNote	This looks old, wonder if he still is in buisness. \nCan't imagine thoes mountains getting much traffic now a days.	Изглежда старо, чудя се дали още е в бизнеса. \nНе мога да си представя обаче тези планини да имат много трафик в днешно време.		
Dialogues/prepYetiFootMark1	prepYetiFootMark2			
Dialogues/prepYetiHandMark1	prepYetiHandMark2			
Dialogues/prepYetiRock	prepYetiRock			
Dialogues/prepHeadHurt	My head hurts	Главата ме боли		
Items/Apple	Apple	Ябълка	Pomme	Яблоко
Items/Axe	Axe	Брадва	Hache	Топор
Items/Backpack	Backpack	Раница	Sac à dos	Рюкзак
Items/BaseballBat	Baseball Bat	Бейзболна бухалка	Batte de Baseball	Бейсбольная бита
Items/Bed	Bed	Легло	Lit	Кровать
Items/Bin	Bin	Контейнер	Poubelle	Мусорка
Items/BinMountain	Bin	Кошче	Poubelle	Мусорка
Items/BiodieselBarrel1	Fuel Barrel	Варел за гориво	Baril de Carburant	Бочка топлива
Items/Blueberrie	Blueberries	Сини сливи	Myrtilles	Черника
Items/BlueberryTest	BlueberryTest	Изработка на Тестови Боровинки	MyrtillesTest	BlueberryTest
Items/Book	Book	Книга	Livre	Книга
Items/Book1	Book	Книга	Livre	Книга
Items/Book2	Book	Книга	Livre	Книга
Items/Book3	Book	Книга	Livre	Книга
Items/Book4	Book	Книга	Livre	Книга
Items/BookSet1	Book Set	Книгата на препъра	Ensemble de Livres	Стопка книг
Items/BookSet2	Book Set	Книгата на препъра	Ensemble de Livres	Стопка книг
Items/Bowl1	Bowl	Бункер	Bol	Миска
Items/Box Square Large Blue	Large Square Blue Box	Голяма синя кутия	Grande Boîte Carrée Bleue	Квадр. синяя коробка
Items/Box Square Large Green	Large Square Green Box	Голяма зелена кутия	Grande Boîte Carrée Verte	Квард. зеленая коробка
Items/Box Square Large Red	Large Square Red Box	Голяма червена кутия	Grande Boîte Carrée Rouge	Квард. красная коробка
Items/Box Square Small Blue	Small Square Blue Box	Малка синя кутия	Petite Boîte carrée Bleue	Квадр. син. коробочка
Items/Box Square Small Green	Small Square Green Box	Малка зелена кутия	Petite Boîte carrée Verte	Квадр. зелен. коробочка
Items/Box Square Small Red	Small Square Red Box	Малка червена кутия	Petite Boîte carrée Rouge	Квадр. красн. коробочка
Items/BoxCookies	Cookies Box	Кутия с бисквити	Boîte à Cookies	Коробка для печенья
Items/BoxRoundBlue	Round Blue Box 	Синя кутия	Boîte Ronde Bleue	Кругл. синяя коробка
Items/BoxRoundGreen	Round Green Box 	Зелена кутия	Boîte Ronde Verte	Кругл. зеленая коробка
Items/BoxRoundRed	Round Red Box 	Червена кутия	Boîte Ronde Rouge	Кругл. красная коробка
Items/BreadBox	Bread Box	Кутия за хляб	Huche à Pain	Хлебница
Items/Can	Can	Можеш	Boîte de conserve	Консерва
Items/Can_long	Can	Можеш	Boîte de conserve	Консервная банка
Items/Can_puszka_long	Can	Можеш	Boîte de conserve	Консервная банка
Items/Can_square	Can	Можеш	Boîte de conserve	Консервная банка
Items/Canvas	Canvas	Платно	Tableau	Холст
Items/Canvas2	Canvas	Канава	Tableau	Картина
Items/Carpet	Carpet	Килим	Tapis	Ковер
Items/Carrot	Carrot	Морков	Carotte	Морковь
Items/Chair	Chair	Стол	Chaise	Стул
Items/Chair Wood	Wood Chair	Дървена пейка	Chaise en Bois	Деревянный стул
Items/Chandelier	Ceiling Lamp	Подов лампион	Lustre	Люстра
Items/Chandelier2	Ceiling Lamp	Подов лампион	Lustre	Люстра
Items/Chandelier3	Ceiling Lamp	Подов лампион	Lustre	Люстра
Items/Chandelier5	Ceiling Lamp	Подов лампион	Lustre	Люстра
Items/Computer	Computer	Компютър	Ordinateur	Компьютер
Items/Corn	Corn	Царевица	Maïs	Кукуруза
Items/CrateBox1	Crate	Кутия	Caisse	Ящик
Items/Cup Green	Green Cup	Зелена чаша	Tasse Verte	Зеленый стакан
Items/Cup Purple	Purple Cup	Лилав чаша	Tasse Violette	Фиолетовый стакан
Items/Cup Red	Red Cup	Червена чаша	Tasse Rouge	Красный стакан
Items/Cup White	White Cup	Бяла чаша	Tasse Blanche	Белый стакан
Items/DesKeyApple	An apple a day keeps the doctor away.	Една ябълка на ден държи доктора далеч.	Une pomme par jour éloigne le docteur.	Кто яблоко в день съедает, у того врач не бывает.
Items/DesKeyAxe	You know what they say about axes. \nExactly, they are good at chopping. 	Знаеш какво казват за брадвите. \nТочно така, добри са за сечене.	Vous savez ce qu'ils disent des haches.\nExactement, elles sont bonnes pour couper.	Вы знаете, что говорят о топорах.\nОни хорошо помогают от головной боли.
Items/DesKeyBackpack	Gives you ability to carry more.	Дава ти възможност да носиш повече.	Vous donne la possibilité de porter plus de poids.	Помогает переносить больше вещей.
Items/DesKeyBaseballBat	Take a swing and hit. (You didn't expect any baseball teams in Murricaville, did you?)	Удари. (Не очакваше да има бейзболни отбори в Мъррикавил, нали?)	Faites un swing et frappez. (Vous ne vous attendiez pas à ce qu'il y ait un club de baseball à Murricaville, n'est-ce pas?)	Нужно размахнуться и ударить. (Не догадывались, что в Мерикосвиле есть бейсбольные команды?)
Items/DesKeyBed	Ah, sweet sleep. Sleeping is useful for recovering energy.	Ах, сладък сън. Спането е полезно за възстановяване на енергията.	Ah, doux sommeil. Dormir est utile pour récupérer son énergie.	Сон, сладкий сон. Он необходим для восстановления энергии.
Items/DesKeyBin	An entry to a bottomless void that can devour any matter. \nTry not to fall in there.	Вход към бездънна пропаст, която може да погълне всякаква материя. \nОпитай се да не паднеш вътре.	Une entrée dans un trou infini qui peut engloutir n'importe quelle matière.\nEssayez de ne pas tomber dedans.	Врата в бездонную пустоту, способную поглотить любую материю.\nПостарайтесь не упасть туда.
Items/DesKeyBiodieselBarrel1	You can store fuel here.	Можеш да съхраняваш гориво тук.	Vous pouvez stocker du carburant dedans.	Здесь можно хранить топливо.
Items/DesKeyBlueberrie	Forest fruits. You can eat them or cook them.	Горски плодове. Можеш да ги ядеш или да ги готвиш.	Fruits de la forêt. Vous pouvez les manger ou les cuisiner.	Лесные фрукты. Можно съесть или приготовить.
Items/DesKeyBlueberryTest	Gifts of the forest. \nAlso you can eat or cook them.	Подаръци от гората. \nСъщо така можеш да ги ядеш или готвиш.	Cadeaux de la forêt.\nVous pouvez également les manger ou les cuisiner.	Дары леса.\nМожно съесть или приготовить.
Items/DesKeyBook	They say reading books broadens your horizons and increases your cultural and social capital.\nBut you can also scrap them for materials.\n	Те казват, че четенето на книги разширява хоризонтите ти и увеличава културния и социалния ти капитал.\nНо можеш и да ги рециклираш за материали.\n	Ils disent que la lecture élargit vos horizons et augmente votre capital culturel et social.\nMais vous pouvez également en récuperer les matériaux.	Говорят, чтение книг расширяет кругозор и увеличивает культурный и социальный багаж.\nА еще их можно пустить на материалы.
Items/DesKeyBook1	They say reading books broadens your horizons and increases your cultural and social capital.\nBut you can also scrap them for materials.\n	Казват, че четенето на книги разширява хоризонтите ти и увеличава културния и социалния ти капитал.\nНо можеш и да ги рециклираш за материали.\n	Ils disent que la lecture élargit vos horizons et augmente votre capital culturel et social.\nMais vous pouvez également en récuperer les matériaux.	Говорят, чтение книг расширяет кругозор и увеличивает культурный и социальный багаж.\nА еще их можно пустить на материалы.
Items/DesKeyBook2	They say reading books broadens your horizons and increases your cultural and social capital.\nBut you can also scrap them for materials.\n	Казват, че четенето на книги разширява хоризонтите ти и увеличава културния и социалния ти капитал.\nНо можеш и да ги рециклираш за материали.\n	Ils disent que la lecture élargit vos horizons et augmente votre capital culturel et social.\nMais vous pouvez également en récuperer les matériaux.	Говорят, чтение книг расширяет кругозор и увеличивает культурный и социальный багаж.\nА еще их можно пустить на материалы.
Items/DesKeyBook3	They say reading books broadens your horizons and increases your cultural and social capital.\nBut you can also scrap them for materials.\n	Казват, че четенето на книги разширява хоризонтите ти и увеличава културния и социалния ти капитал.\nНо можеш и да ги рециклираш за материали.\n	Ils disent que la lecture élargit vos horizons et augmente votre capital culturel et social.\nMais vous pouvez également en récuperer les matériaux.	Говорят, чтение книг расширяет кругозор и увеличивает культурный и социальный багаж.\nА еще их можно пустить на материалы.
Items/DesKeyBook4	They say reading books broadens your horizons and increases your cultural and social capital.\nBut you can also scrap them for materials.\n	Казват, че четенето на книги разширява хоризонтите ти и увеличава културния и социалния ти капитал.\nНо можеш и да ги рециклираш за материали.\n	Ils disent que la lecture élargit vos horizons et augmente votre capital culturel et social.\nMais vous pouvez également en récuperer les matériaux.	Говорят, чтение книг расширяет кругозор и увеличивает культурный и социальный багаж.\nА еще их можно пустить на материалы.
Items/DesKeyBookSet1	They say reading books broadens your horizons and increases your cultural and social capital.\nBut you can also scrap them for materials.\n	Казват, че четенето на книги разширява хоризонтите ти и увеличава културния и социалния ти капитал.\nНо можеш и да ги рециклираш за материали.\n	Ils disent que la lecture élargit vos horizons et augmente votre capital culturel et social.\nMais vous pouvez également en récuperer les matériaux.	Говорят, чтение книг расширяет кругозор и увеличивает культурный и социальный багаж.\nА еще их можно пустить на материалы.
Items/DesKeyBookSet2	They say reading books broadens your horizons and increases your cultural and social capital.\nBut you can also scrap them for materials.\n	Казват, че четенето на книги разширява хоризонтите ти и увеличава културния и социалния ти капитал.\nНо можеш и да ги рециклираш за материали.\n	Ils disent que la lecture élargit vos horizons et augmente votre capital culturel et social.\nMais vous pouvez également en récuperer les matériaux.	Говорят, чтение книг расширяет кругозор и увеличивает культурный и социальный багаж.\nА еще их можно пустить на материалы.
Items/DesKeyBowl1	You can eat from it or scrap it for materials.	Можеш да ядеш от него или да го разглобиш за материали.	Vous pouvez l'utiliser pour manger ou pour en récuperer les matériaux.	Из нее можно есть, а можно пустить на материалы.
Items/DesKeyBox Square Large Blue	A blue box. Can be disassembled.	Синя кутия. Може да се разглоби.	Une boîte bleue. Peut être démontée.	Синяя коробка. Можно разобрать.
Items/DesKeyBox Square Large Green	A green box. Can be disassembled.	Зелена кутия. Може да се разглоби.	Une boîte verte. Peut être démontée.	Зеленая коробка. Можно разобрать.
Items/DesKeyBox Square Large Red	Some people keep cookies in those. Others transform them into weapons.	Някои хора държат бисквити в тях. Други ги превръщат във оръжия.	Certaines personnes gardent des cookies à l'interieur. D'autres les transforment en armes.	Некоторые люди хранят в них печенье. Другие – превращают в оружие.
Items/DesKeyBox Square Small Blue	Where did all these cookies go?	Къде отидоха всички тези бисквити?	Où sont passés tous les cookies?	Куда делись все печеньки?
Items/DesKeyBox Square Small Green	Can be disassembled. A good source of materials.	Може да се разглоби. Добър източник на материали.	Peut être désassemblée. Bonne source de matériaux.	Можно разобрать, хороший источник материалов.
Items/DesKeyBox Square Small Red	Can be disassembled. A good source of materials.	Може да се разглоби. Добър източник на материали.	Peut être désassemblée. Bonne source de matériaux.	Можно разобрать, хороший источник материалов.
Items/DesKeyBoxCookies	Can be disassembled. A good source of materials.	Може да се разглоби. Добър източник на материали.	Peut être désassemblée. Bonne source de matériaux.	Можно разобрать, хороший источник материалов.
Items/DesKeyBoxRoundBlue	Can be disassembled. A good source of materials.	Може да се разглоби. Добър източник на материали.	Peut être désassemblée. Bonne source de matériaux.	Можно разобрать, хороший источник материалов.
Items/DesKeyBoxRoundGreen	Can be disassembled. A good source of materials.	Може да се разглоби. Добър източник на материали.	Peut être désassemblée. Bonne source de matériaux.	Можно разобрать, хороший источник материалов.
Items/DesKeyBoxRoundRed	Can be disassembled. A good source of materials.	Може да се разглоби. Добър източник на материали.	Peut être désassemblée. Bonne source de matériaux.	Можно разобрать, хороший источник материалов.
Items/DesKeyBreadBox	Preppers don't use breadboxes, but they still be used for materials.	Препърите не използват хлябници, но те все още могат да се използват за материали.	Les preppers n'utilisent pas de huches à pain, mais on peut toujours les utilisées pour les matériaux.	Выживальщики не используют хлебницы, но их можно пустить на материалы.
Items/DesKeyCan	This is the basic unit of food. Gonna save you in difficult situations.	Това е основната единица храна. Ще те спаси в трудни ситуации.	C'est l'unité de base de nourriture. Peut vous sauver dans des situations difficiles.	Простая пища. Спасет в трудных ситуациях.
Items/DesKeyCan_long	This is the basic unit of food. Gonna save you in difficult situations.	Това е основната единица храна. Ще те спаси в трудни ситуации.	C'est l'unité de base de nourriture. Peut vous sauver dans des situations difficiles.	Простая пища. Спасет в трудных ситуациях.
Items/DesKeyCan_puszka_long	This is the basic unit of food. Gonna save you in difficult situations.	Това е основната единица храна. Ще те спаси в трудни ситуации.	C'est l'unité de base de nourriture. Peut vous sauver dans des situations difficiles.	Простая пища. Спасет в трудных ситуациях.
Items/DesKeyCan_square	This is the basic unit of food. Gonna save you in difficult situations.	Това е основната единица храна. Ще те спаси в трудни ситуации.	C'est l'unité de base de nourriture. Peut vous sauver dans des situations difficiles.	Простая пища. Спасет в трудных ситуациях.
Items/DesKeyCanvas	One of your priceless paintings.	Една от твоите безценни картини.	Une de vos peintures inestimables.	Один из ваших драгоценных шедевров.
Items/DesKeyCanvas2	One of your priceless paintings.	Една от твоите безценни картини.	Une de vos peintures inestimables.	Один из ваших драгоценных шедевров.
Items/DesKeyCarpet	Don't let ANYBODY look under the carpet.	Не позволявай на НИКОГО да гледа под килима.	Ne laissez PERSONNE regarder sous le tapis.	НИКОМУ не позволяйте заглядывать под ковер.
Items/DesKeyCarrot	You can eat it raw or cook it. Such a versatile veggie.	Можеш да го ядеш сурово или сготвено. Толкова универсална зеленчука.	Vous pouvez les manger crues ou cuisinées. Un légume très polyvalent.	Можно съесть сырой или приготовить. Такой вот универсальный овощ.
Items/DesKeyChair	You can not only sit on it, but also disassemble it!	Можеш не само да седнеш на него, но и да го разглобиш!	Vous pouvez non seulement vous asseoir dessus, mais aussi la démonter.	Вы можете на него сесть или разобрать!
Items/DesKeyChair Wood	You can not only sit on it, but also disassemble it!	Можеш не само да седнеш на него, но и да го разглобиш!	Vous pouvez non seulement vous asseoir dessus, mais aussi la démonter.	Вы можете на него сесть или разобрать!
Items/DesKeyChandelier	Let there be a light! But you can also sell or disassemble it.	Нека има светлина! Но можеш също така да го продадеш или разглобиш.	Que la lumière soit! Mais vous pouvez également le vendre ou le démonter.	Да будет свет! А еще эту штуковину можно продать или разобрать.
Items/DesKeyChandelier2	Let there be a light! But you can also sell or disassemble it.	Нека има светлина! Но можеш и да го продадеш или разглобиш.	Que la lumière soit! Mais vous pouvez également le vendre ou le démonter.	Да будет свет! А еще эту штуковину можно продать или разобрать.
Items/DesKeyChandelier3	Let there be a light! But you can also sell or disassemble it.	Нека има светлина! Но можеш също да го продадеш или разглобиш.	Que la lumière soit! Mais vous pouvez également le vendre ou le démonter.	Да будет свет! А еще эту штуковину можно продать или разобрать.
Items/DesKeyChandelier5	Let there be a light! But you can also sell or disassemble it.	Нека има светлина! Но можеш също така да го продадеш или разглобиш.	Que la lumière soit! Mais vous pouvez également le vendre ou le démonter.	Да будет свет! А еще эту штуковину можно продать или разобрать.
Items/DesKeyComputer	A miracle of modern technology. It can be a source of materials, too.	Чудо на съвременната технология. Може да бъде източник на материали.	Un miracle de la technologie moderne. Peut aussi être une bonne source de matériaux.	Не только чудо современных технологий, но и источник различных материалов.
Items/DesKeyCorn	Tastes best when cooked. Also, you can make flour of it.	Вкусно е, когато е сготвено. Можеш да направиш и брашно от него.	A meilleur goût cuisiné. Vous pouvez aussi en faire de la farine.	Вкуснее всего приготовленной. А еще из нее можно сделать муку.
Items/DesKeyCrateBox1	Just a basic wooden box. Easy to disassemble.	Обикновена дървена кутия. Лесна за разглобяване.	Juste une caisse de base en bois. Facile à démonter.	Просто обычная деревянная коробка. Легко разбирается.
Items/DesKeyCup Green	Useful for holding liquids. Can be dissassembled. A good source of materials.	Полезна за съхранение на течности. Може да се разглоби. Добър източник на материали.	Utile pour contenir des liquides. Peut être démontée. Bonne source de matériaux.	Предназначен для хранения жидкостей. Можно разобрать. Хороший источник материалов.
Items/DesKeyCup Purple	Useful for holding liquids. Can be dissassembled. A good source of materials.	Полезна за съхранение на течности. Може да се разглоби. Добър източник на материали.	Utile pour contenir des liquides. Peut être démontée. Bonne source de matériaux.	Предназначен для хранения жидкостей. Можно разобрать. Хороший источник материалов.
Items/DesKeyCup Red	Useful for holding liquids. Can be dissassembled. A good source of materials.	Полезна за съхранение на течности. Може да се разглоби. Добър източник на материали.	Utile pour contenir des liquides. Peut être démontée. Bonne source de matériaux.	Предназначен для хранения жидкостей. Можно разобрать. Хороший источник материалов.
Items/DesKeyCup White	Useful for holding liquids. Can be dissassembled. A good source of materials.	Полезна за съхранение на течности. Може да се разглоби. Добър източник на материали.	Utile pour contenir des liquides. Peut être démontée. Bonne source de matériaux.	Предназначен для хранения жидкостей. Можно разобрать. Хороший источник материалов.
Items/DesKeyDieselBarrel1	Store fuel here.	Съхранявай горивото тук.	Stockez du carburant ici.	Здесь хранится топливо.
Items/DesKeyElectronics	Rare basic material. 	Редки основни материали.	Matériau de base assez rare.	Редкий простой материал.
Items/DesKeyField Ration	This is the basic unit of food. Gonna save you in difficult situations.	Това е основната храна. Ще те спаси в трудни ситуации.	C'est l'unité de base de nourriture. Peut vous sauver dans des situations difficiles.	Простая пища. Спасет в трудных ситуациях.
Items/DesKeyField Ration Big	This is the bigger unit of food. Gonna save you in difficult situations.	Това е по-голямата единица храна. Ще те спаси в трудни ситуации.	C'est la plus grande unité de nourriture. Peut vous sauver dans des situations difficiles.	Самая объемная пища. Спасет в трудных ситуациях.
Items/DesKeyFlower	A house plant. Purely decorative. Doesn't even have a name.	Стайно растение. Чисто декоративно. Дори няма име.	Une plante d'intérieur. Purement décorative. N'a même pas de nom.	Домашнее растение. Декоративное. У него даже имени нет.
Items/DesKeyFlower2	A house plant. Purely decorative. Doesn't even have a name.	Стайно растение. Чисто декоративно. Дори няма име.	Une plante d'intérieur. Purement décorative. N'a même pas de nom.	Домашнее растение. Декоративное. У него даже имени нет.
Items/DesKeyFreezer	Food stored in this container will never go off.\n	Храната, съхранявана в този контейнер, никога няма да се развали.\n	La nourriture stockée à l'intérieur ne pourrira jamais.	Еда в этом контейнере никогда не испортится.
Items/DesKeyFridge	Use it to store your food and protect it from going off.	Използвай го, за да съхраняваш храната си и да я предпазиш от разваляне.	Utilisez-le pour stocker votre nourriture et éviter qu'elle pourrisse.	Используйте его для хранения продуктов и продления их срока годности.
Items/DesKeyFuel	The basic unit of energy. Can be used in a generator.	Основната единица енергия. Може да се използва в генератор.	Unité d'énergie de base. Peut être utilisé dans un générateur.	Основная энергетическая единица. Может использоваться в генераторе.
Items/DesKeyGasolineBarrel	Store some fuel to be able to power your generator in the future.	Съхрани малко гориво, за да можеш да захраниш генератора си в бъдеще.	Stockez du carburant pour pouvoir alimenter votre générateur plus tard.	Здесь можно хранить топливо для подпитки генератора.
Items/DesKeyGenerator	It will allow you to become independent of your energy supplier. Devours fuel like a monster.	Ще ти позволи да станеш независим от доставчика на енергия. Изяжда горивото като чудовище.	Vous permet d'être indépendant de votre fournisseur d'énergie. Dévore l'essence comme un monstre.	Он позволит вам не зависеть от внешних источников энергии. Жрет топливо как в последний раз.
Items/DesKeyGlass	Basic material. You can get it by transforming stone in a furnace.	Основен материал. Можеш да го получиш, като преобразуваш камък във фурна.	Matériau de base. Peut être obtenu en transformant de la pierre dans un fourneau.	Простой материал. Его можно получить, если раскалить камень в печи.
Items/DesKeyGreenHouse	Makes your plants feel cozy by providing them with light. Tomatoes and oranges can grow in there.	Прави растенията ти уютни, като им осигурява светлина. В него могат да растат домати и портокали.	Vos plantes s'y sentent à l'aise si elles sont éclairées. Les tomates et les oranges peuvent y pousser.	Сделает жизнь ваших растений приятнее, снабдив их светом. Здесь могут расти томаты и апельсины.
Items/DesKeyGround	Basic material. Allows you to make patches of soil for gardening.	Основен материал. Позволява ти да направиш лехи за градинарство.	Matériau de base. Vous permet de créer des parcelles de terre pour jardiner.	Простой материал. Позволяет формировать участки почвы для садоводства.
Items/DesKeyHuntingClothes	Allows you to be a better hunter. Use it in the woods.	Позволява ти да бъдеш по-добър ловец. Използвай го в гората.	Vous permet d'être un meilleur chasseur. À utiliser dans les bois.	Помогает лучше охотиться. Надевайте ее в лесу.
Items/DesKeyKettle	Perhaps it can make tea?	Може би може да направи чай?	Ça peux peut-être faire du thé?	Может, в нем можно заварить чай?
Items/DesKeyKitchenHood	A kitchen hood. Saves you from fumes or gives you materials.	Качулка за кухня. Спасява те от дим или ти дава материали.	Une hotte de cuisine. Protège de la fumée ou donne des matériaux.	Кухонная вытяжка. Спасает от паров. Или дает материалы.
Items/Kitchen Cupboard	A simple kitchen cupboard. Disassemble it. Just do it!	Една проста кухненска шкафче. Разглоби го. Просто го направи!	Un simple placard de cuisine. Démontez-le. Just do it!	Простой кухонный шкафчик. Разберите его. Просто разберите!
Items/DesKeyKitchenWardrobe3	A simple kitchen cupboard. Disassemble it. Just do it!	Едно просто кухненско шкафче. Разглоби го. Просто го направи!	Un simple placard de cuisine. Démontez-le. Just do it!	Простой кухонный шкафчик. Разберите его. Просто разберите!
Items/DesKeyKitchenWardrobe4	A simple kitchen cupboard. Disassemble it. Just do it!	Едно просто кухненско шкафче. Разглоби го. Просто го направи!	Un simple placard de cuisine. Démontez-le. Just do it!	Простой кухонный шкафчик. Разберите его. Просто разберите!
Items/DesKeyKitchenWardrobe5	A simple kitchen cupboard. Disassemble it. Just do it!	Прост кухненски шкаф. Разглоби го. Просто го направи!	Un simple placard de cuisine. Démontez-le. Just do it!	Простой кухонный шкафчик. Разберите его. Просто разберите!
Items/DesKeyKitchenWardrobe_M	A simple kitchen cupboard. Disassemble it. Just do it!	Едно просто кухненско шкафче. Разглоби го. Просто го направи!	Un simple placard de cuisine. Démontez-le. Just do it!	Простой кухонный шкафчик. Разберите его. Просто разберите!
Items/DesKeyLadder	Use it to move between levels in your bunker.	Използвай го, за да се движиш между нивата в бункера си.	Utilisez-la pour changer d'étage dans votre bunker.	Используйте ее для перемещения между уровнями бункера.
Items/DesKeyLamp	This kind of lamp is supposedly perfect for use in underground shelters.	Този вид лампа е идеален за използване в подземни убежища.	Ce type de lampe est sensé être parfait pour une utilisation dans les abris souterrains.	Такие лампы отлично подойдут для использования в подземных укрытиях.
Items/DesKeyLettuce	Good for making pickled foods or fresh salads.	Добра за мариновани храни или свежи салати.	Bon pour être mariné ou mangé en salade.	Хорошо подходит для приготовления солений или салатов.
Items/DesKeyLever	A relatively simple lever. Maybe it will be useful in fixing the ropeway?	Едно сравнително просто лостче. Може би ще е полезно за поправяне на въжената линия?	Un levier relativement simple. Pourrait être utile pour réparer le téléphérique.	Относительно простой рычаг. Может быть, он пригодится для ремонта канатной дороги?
Items/DesKeyLog	Chunky and heavy, but worth taking home.	Дебел и тежък, но си заслужава да го вземеш вкъщи.	Encombrant et lourd, mais vaut le coup d'être ramené à la maison.	Тащить будет тяжело, но все равно может пригодиться.
Items/DesKeyLoona Tuna	Food is food, even if it smells fishy.	Храната е храна, дори и да мирише на риба.	La bouffe, c'est de la bouffe, même si ça sent le poisson.	Еда есть еда, даже если пахнет рыбой.
Items/DesKeyMailBox	Your window to the world. Brings you good and bad news. Also used for trading.	Твоят прозорец към света. Донася ти добри и лоши новини. Използва се и за търговия.	Votre fenètre sur le monde. Apporte bonnes et mauvaises nouvelles. Est aussi utilisée pour échanger.	Ваше окно в мир. Приносит хорошие и плохие известия. Также используется для торговли.
Items/DesKeyManhole	Use it to move around in your bunker.	Използвай го, за да се движиш из бункера си.	Utilisez-le pour vous déplacer dans votre bunker.	Используется для перемещения в бункере.
Items/DesKeyMeat	A basis for a hearty meal.\nIt can be cooked, dried, or done however you want.	Основа за вкусно ястие.\nМоже да се сготви, изсуши или да се направи както искаш.	Une base pour un repas copieux.\nElle peut être cuite, séchée ou comme vous le souhaitez.	Основа любой сытной еды.\nЕго можно жарить, сушить... Да как угодно готовить.
Items/DesKeyMetal	Basic material. Metal will be useful for plenty of things you build.	Основен материал. Металът ще ти бъде полезен за много неща, които ще изработваш.	Matériau de base. Le métal sera utile pour de nombreuses choses que vous fabriquerez.	Простой материал. Металл пригодится для изготовления многих вещей.
Items/DesKeyMinerHelmet	Protects your head and has a light attached. Useful underground, perhaps?	Защитава главата ти и има прикрепена лампа. Полезно е под земята, нали?	Protège votre tête et a une lumière attachée dessus. Utile sous terre, peut-être?	Защищает голову, еще и фонарик имеется. Может, под землей пригодится?
Items/DesKeyMoney	The basic means of payment in your beautiful country: an apocalyptic dollar.	Основното средство за плащане в твоята красива страна: апокалиптичен долар.	Le moyen de paiement de base dans votre beau pays: un dollar apocalyptique.	Основная валюта вашей прекрасной страны: апокалиптический доллар.
Items/DesKeyNewspaper	Only the truest and most relevant information. \nDon't miss the next weeks of OUR TRUTH!	Само най-истинската и най-важна информация. \nНе пропускай следващите седмици на НАШАТА ИСТИНА!	Seules les informations les plus véritables et les plus pertinentes.\nNe manquez pas les prochaines semaines de NOTRE VÉRITÉ!	Только самая правдивая и актуальная информация.\nНе пропустите следующий выпуск «НАШЕЙ ПРАВДЫ»!
Items/DesKeyOilBarrel1	You can store the surplus of oil in here.	Можеш да съхраняваш излишния петрол тук.	Vous pouvez stocker le surplus de pétrole dedans.	Здесь можно хранить излишки масла.
Items/DesKeyOrange	Maybe it can be transformed to something delicious.	Може би може да се превърне в нещо вкусно.	Pourrait peut-être être transformée en quelque chose de délicieux.	Может быть, получится приготовить из него что-нибудь вкусненькое.
Items/DesKeyPan	Just a frying pan. You will receive some materials after disassembling. 	Просто тиган. Ще получиш някои материали след разглобяване.	Juste une poêle à frire. Vous recevrez quelques matériaux après l'avoir démontée.	Просто сковорода. Можно разобрать на материалы.
Items/DesKeyPhone	Hello? Is it me you're looking for? 	Здравей? Аз ли съм това, което търсиш?	Bonjour? C'est moi que vous cherchez?	Алло? Чего вам надо?
Items/DesKeyPicture1	One of your priceless paintings.	Една от твоите безценни картини.	Une de vos peintures inestimables.	Один из ваших драгоценных шедевров.
Items/DesKeyPlastic	Basic material. 	Основен материал.	Matériau de base.	Простой материал.
Items/DesKeyPlate Green	You don't need all these plates. You will receive glass after disassembling them.	Не ти трябват всички тези плочи. Ще получиш стъкло, след като ги разглобиш.	Vous n'avez pas besoin de toutes ces assiettes. Vous recevrez du verre après les avoir démontées.	Вам не нужна вся эта посуда. А разобрав ее, можно получить стекло.
Items/DesKeyPlate Red	You don't need all these plates. You will receive glass after disassembling them.	Не ти трябват всички тези плочи. Ще получиш стъкло, след като ги разглобиш.	Vous n'avez pas besoin de toutes ces assiettes. Vous recevrez du verre après les avoir démontées.	Вам не нужна вся эта посуда. А разобрав ее, можно получить стекло.
Items/DesKeyPlate White	You don't need all these plates. You will receive glass after disassembling them.	Не ти трябват всички тези плочи. Ще получиш стъкло, след като ги разглобиш.	Vous n'avez pas besoin de toutes ces assiettes. Vous recevrez du verre après les avoir démontées.	Вам не нужна вся эта посуда. А разобрав ее, можно получить стекло.
Items/DesKeyPot Green	Just a pot for cooking. You will receive some materials after disassembling it.	Просто тенджера за готвене. Ще получиш някои материали след като я разглобиш.	Juste une marmite pour cuisiner. Vous recevrez des matériaux après l'avoir démontée.	Обычная кастрюля для приготовления пищи. Можно разобрать на материалы.
Items/DesKeyPot Main	Just a pot for cooking. You will receive some materials after disassembling it.	Просто тенджера за готвене. Ще получиш някои материали след като я разглобиш.	Juste une marmite pour cuisiner. Vous recevrez des matériaux après l'avoir démontée.	Обычная кастрюля для приготовления пищи. Можно разобрать на материалы.
Items/DesKeyPot Red	Just a pot for cooking. You will receive some materials after disassembling it.	Просто една тенджера за готвене. Ще получиш някои материали след като я разглобиш.	Juste une marmite pour cuisiner. Vous recevrez des matériaux après l'avoir démontée.	Обычная кастрюля для приготовления пищи. Можно разобрать на материалы.
Items/DesKeyRadio	Nobody killed the radio star in this timeline.	Никой не уби радиозвездата в тази времева линия.	Personne n'a tué la star de la radio dans cette chronologie.	В этой временной линии радио все еще на пике популярности.
Items/				
Items/DesKeyRafinery	Converts oil from the mines into proper, refined fuel.	Превръща нефта от мините в истинско, рафинирано гориво.	Convertit le pétrole des mines en carburant raffiné approprié.	Превращет нефть из шахт в отличное горючее.
Items/DesKeyRevolver	Can be helpful in difficult situations. You need bullets to use it.	Може да ти бъде полезно в трудни ситуации. Нуждаеш се от куршуми, за да го използваш.	Peut être utile dans les situations difficiles. Vous avez besoin de balles pour l'utiliser.	Может пригодиться в сложной ситуации, но без пуль бесполезен.
Items/DesKeyRifle	Stronger, but slower than a revolver. Can be useful against large enemies.	По-силен, но по-бавен от револвер. Може да е полезен срещу големи врагове.	Plus puissant, mais plus lent qu'un revolver. Peut être utile contre de gros ennemis.	Мощнее, но медленнее револьвера. Может пригодиться против крупных врагов.
Items/DesKeyRocketPlan	Your precious ULTIMATE PLAN. It's gonna help you build a rocket.	Твоят безценен УЛТИМАТЕН ПЛАН. Ще ти помогне да построиш ракета.	Votre précieux PLAN ULTIME. Il vous aidera à construire une fusée.	Ваш драгоценный ГРАНДИОЗНЫЙ ПЛАН. Он поможет вам построить ракету.
Items/DesKeySaltPepper	Adds new properties to your food.	Добавя нови свойства на храната ти.	Ajoute de nouvelles propriétés à votre nourriture.	Добавляет еде новые свойства.
Items/DesKeySeed Apple	Put into a patch of soil to grow an apple tree. You need a high room for that.	Засади в парче почва, за да порасне ябълково дърво. Нуждаеш се от висока стая за това.	À planter dans une parcelle de terre pour faire pousser un pommier. Vous avez besoin d'une pièce haute pour ça.	Поместите в участок почвы, чтобы вырастить яблоню. Нужно место для роста.
