# key	english
UI/Blueprint	Blueprint
UI/Continue	Continue
UI/Craft	Craft
UI/Disassemble	Disassemble
UI/Eat	Eat
UI/EventBlackout	The electricity has been cut off!
UI/EventNoWater	The water has been cut off!
UI/EventTrade	The Postman is missing!
UI/Food	Food
UI/Gear	Gear
UI/Grab	Grab
UI/Item	Items
UI/Material	Materials
UI/Separate	Separate
UI/Trade	Trade
UI/Use	Use
UI/Hide	Hide
UI/Unhide	Unhide
UI/LadderHide	Cover
UI/LadderUnhide	Uncover
UI/PlanHide	Turn
UI/PlanUnhide	Turn
UI/	
UI/agentClock	Open the door, the Agent has arrived!
UI/reportHeader	Inspection Result
UI/reportMissingItems	Essential items lacking
UI/reportRedundantItems	Suspicious items
UI/reportAdditionalText	We remind you to be a good citizen.
UI/reportNone	none
UI/reportNextVisit	Next visit
UI/reportNextVisitDemo	- 
UI/reportConsumption	Consumption
UI/reportSuspicion	Suspicion level
UI/reportPreparedness	Preparedness
UI/reportPositive	Result: <i>Positive score</i>
UI/reportNegative	Result: <i>Negative score</i>
UI/reportGrade	Grade
UI/reportResult	Result:
UI/reportItemRedundant	Too many:
UI/reportItemMissing	Too little:
UI/reportAnyItem	any
UI/reportGradeTooltip	The grade depends on the result of the visit.
UI/reportSuspicionTooltip	The suspicion level depends on the results from all visits.\nIf the Agent doesn't suspect anything, you get a buff.\nIf the Agent suspects something, you get a debuff.
UI/reportConsumptionTooltip	Keep consumption below suspect values
UI/reportWaterTooltip	Average daily water consumption
UI/reportElectricityTooltip	Electricity consumption
UI/reportNextVisitTooltip	The agent will visit you on:
UI/reportNextVisitTooltipDay	day
UI/reportNextVisitTooltipMonth	month
UI/reportManualHeader	Citizen Inspection Protocol
UI/reportManualNextVisit	To be conducted in 1–7 days intervals, depending on the suspicion level.
UI/reportManualItems	Standard house equipment
UI/reportManualConsumption	Consumption rate up to
UI/reportManualItemsText	The rating is up to your judgement, but you should pay attention to the lack of certain items or excess thereof (relative to the standard).
UI/reportManualEleInfo	Check the electricity box
UI/reportManualSinkInfo	Check the sink
UI/reportManualWaterInfo	Water usage per day (since the last visit)
UI/reportManualBorderRed	The most\nSuspicious
UI/reportManualBorderOrange	More\nSuspicious
UI/tooltipQuantity	Safe quantity
UI/tooltipType	For all items of the category
UI/reportNotOpen	I'll come tomorrow. Avoiding inspection has serious consequences!
UI/reportUnsuccessful	Unsuccessful
UI/pcs	pcs.
UI/EventBlackoutC	The electricity has been cut off!
UI/EventNoWaterC	The water has been cut off!
UI/EventTradeC	The Postman is missing!
UI/EventAgentC	The Agent
UI/shelterSpaceOccupied	Shelter space is already occupied
UI/shelterSiloUnreachable	The silo is unreachable. Build more rooms to reach it.
UI/demoBlockText	Not available in the demo
UI/endOfDemo	Demo Ends
UI/LimitBar	Sleep to recover
UI/BlueprintsIcon	Blueprints [Tab]
UI/StatusIcon	Prepper Status [U]
UI/ClockIcon	Clock [T]
UI/ConstructionIcon	Construction [B]
UI/InventoryIcon	Inventory [I]
UI/Bunker	Bunker
UI/Farming	Farming
UI/Decorative	Decorative
UI/Food0	Basic recipes
UI/Food1	Cookbook 1
UI/Food2	Cookbook 2
UI/Food3	Cookbook 3
UI/FoodFarm	Farm Cookbook
UI/AnimalFarmDLC	Animal Farm
UI/controlEsc	Menu
UI/controlTab	Blueprints
UI/controlCtrl	Fast forward
UI/controlQ	Change weapon
UI/controlWSAD	Move camera
UI/controlT	Time control
UI/controlB	Bunker construction
UI/controlU	Gear / Journal
UI/controlI	Inventory
UI/controlSpace	Center the camera / Drive around obstacles
UI/controlSpacePort	Center the camera
UI/controlLMB	Move / Quick action
UI/controlRMB	Interact
UI/controlKeyboardLayout	Keyboard layout
UI/controlQuickGrab	Quick grab
UI/controlGrid	Alternate item placement grid
UI/controlBoost	Drive Boost
UI/contextEAT	EAT
UI/contextSLEEP	SLEEP
UI/contextCRAFT	CRAFT
UI/contextTRADE	Trade
UI/contextRECEIVE	RECEIVE
UI/contextRECHARGE	RECHARGE
UI/contextWATER	WATER
UI/contextPLANT	PLANT
UI/contextHARVEST	HARVEST
UI/contextREAD	READ
UI/contextTURNON	TURN ON
UI/contextNAP	NAP
UI/contextCOOK	COOK
UI/contextEQUIP	EQUIP
UI/contextTALK	TALK
UI/contextCOLLECT	COLLECT
UI/contextCHANGECOLOR	CHANGE COLOR
UI/contextUSE	USE
UI/contextREPAIR	Repair
UI/contextMINE	MINE
UI/contextQUICK_PLANT	QUICK PLANT
UI/contextQUICK_SET	QUICK SET
UI/contextLAUNCH_ROCKET	LAUNCH THE ROCKET
UI/contextOPEN	OPEN
UI/contextINSPECT	INSPECT
UI/contextGRAB	GRAB
UI/contextBUILD	BUILD
UI/contextHIDE	HIDE
UI/contextPOWERON	POWER ON
UI/contextPOWEROFF	POWER OFF
UI/contextDESTROY	DESTROY
UI/contextCHOP	CHOP
UI/contextCANCEL	CANCEL
UI/contextDOWN	Down 
UI/contextUP	Up 
UI/contextGETBACK	Get back 
UI/contextMELT	Melt
UI/contextDRY	Dry
UI/contextGIVE	Give
UI/contextLEVEL	LEVEL
UI/contextAsk	Ask
UI/contextFort	Fort Observer
UI/contextCustomize	Customize
UI/attributeStamina	Stamina
UI/attributeHealth	Health
UI/attributePrep	Preparedness
UI/Resume	Resume
UI/Back	<back
UI/BackPort	back
UI/Apply	Apply
UI/habitat	habitat
UI/planBunker	Build the bunker
UI/planFood	Establish a food source
UI/planMakeAPlan	Make a plan
UI/planRocket1	Ultimate Rocket Plan Phase 1
UI/planRocket2	Ultimate Rocket Plan Phase 2
UI/planRocket3	Ultimate Rocket Plan Phase 3
UI/planRocket4	Ultimate Rocket Plan Phase 4
UI/actionPlan	Plan
UI/rocketProlog	More of the rocket\nin the full version
UI/railWayProlog	You need the full version \nof the game to repair that
UI/demoEnd1	Thank you for playing the demo!
UI/demoEnd2	   If you want to try to survive in the bunker and live the Prepper's story we encourage you to visit Mr. Prepper's full game Steam Page: 
UI/demoEnd3	Mr. Prepper steam page
UI/demoEnd4	   Add it to your Wishlist and Subscribe to be up to date!\n   We hope you enjoyed this small part of our game!\n
UI/demoEnd5	Kind regards,\nRejected Games
UI/demoEnd6	   P.S. although this is the end of demo, and the rest of the content is only available in the full version, you can continue playing if you wish ;D
UI/demoEnd7	Exit Game
UI/demoEnd8	Continue playing
UI/myCash	My cash
UI/trust	trust
UI/lowPrep	Your preparedness is low
UI/SeedsOnly	Seeds only
UI/BaitsOnly	Baits only
UI/Prepper	Set up
UI/FoodOnly	Food only
UI/WaterOnly	Water only
UI/Upgrade	Upgrade
UI/ChooseSlot	Choose a slot
UI/UI	UI
UI/Suspiciousness	Suspiciousness
UI/Skills	Skills
UI/warning	Warning!!!
UI/deleteSave	Are you sure you want to pernamently <color=red>delete</color> this save file?
UI/sleepWarning	You should go to sleep
UI/GoToSleepClock	Time to sleep! You will collapse soon.
UI/unlocked	unlocked
UI/pillar	Ropeway pillar
UI/Trash	Trash
UI/changeWeaponTip	Press [Q] to change weapon/tool
UI/changeWeaponTipPort	Press <sprite index=Button30_UIAtlas> to change weapon/tool
UI/grabTip	[Alt] + LMB to quick grab
UI/grabTipPort	Hold <sprite index=Button26_UIAtlas> and press <sprite index=Button0_UIAtlas> to quick grab
UI/fastForwardTip	Hold [Left Ctrl] to fast forward
UI/prologueEnd1	This storyline is to be continued in the full version!
UI/prologueEnd2	If you want to try to survive in the bunker and live the Prepper's story, we encourage you to visit Mr. Prepper's full game Steam Page: 
UI/prologueEnd3	Mr. Prepper Steam page
UI/prologueEnd4	   Add it to your Wishlist and Subscribe to be up to date!\n   We hope you enjoyed this part of our game!\n
UI/prologueEnd5	Kind regards,\nRejected Games
UI/prologueEnd6	   P.S. Although this is the end of Prologue's story it's not the end of the content you can discover. Feel free to continue! :)
UI/prologueEnd7	Exit Game
UI/prologueEnd8	Continue playing
UI/gearTip1	To equip a baseball bat, open your gear
UI/gearTip2	Double click a baseball bat to equip it
UI/gearTip2Port	Double press <sprite index=Button0_UIAtlas> on a baseball bat to equip it
UI/gearTip3	Press Q to toggle your weapon
UI/gearTip3Port	Press <sprite index=Button30_UIAtlas> to toggle your weapon
UI/skip	Skip
UI/prologueFarmingInfo1	In Prologue, ways of upgrading your farm are limited,
UI/prologueFarmingInfo2	which makes survival very challenging in the long run.
UI/prologueFarmingInfo3	In the full version, you will gain access to better, more efficient plants,
UI/prologueFarmingInfo4	more tools to make your plants grow faster,
UI/prologueFarmingInfo5	and more ways of obtaining water and electricity.
UI/arrested	Arrested
UI/escape	Escape
UI/drive	Drive
UI/driveForward	Drive Forward
UI/backToJoe	Back to Joe
UI/toggleFortObserver	Fort Observer
UI/toggleScavenge	Scavenge
UI/driveTooltipBeta	You can't go further in beta
UI/inFullVersion	(In full version)
UI/driveToFort	Drive to the fort
UI/driveForwardTooltip	
UI/backToJoeTooltip	Back to the junkyard
UI/driveToFortTootlip	
UI/driveForwardDesc	Take a risk
UI/driveToFortDesc	
UI/tooLittleFuel	Not enough fuel
UI/PutOnBackPack	Put on a backpack to unlock
UI/tutTipDisassemble1	Mr. Prepper can learn new recipes by disassembling items.
UI/tutTipDisassemble2	If you disassemble something from your house,
UI/tutTipDisassemble3	you will always be able to reconstruct it.
UI/tipAdventuringGear1	With the backpack equipped, you can now use quick access slots.
UI/tipAdventuringGear2	You can equip food, combat gear and other consumables here.
UI/tipAdventuringGear3	You can use them any time with keyboard keys 1–4.
UI/tipAdventuringGear3Port	You can use them any time by hold <sprite index=Button2_UIAtlas> and press <sprite index=Button36_UIAtlas>
UI/youSureExit	Are you sure you want to exit? Your progress is being saved only when you sleep or nap.
UI/CenterCamera	Center Camera
UI/Up	Up
UI/Down	Down
UI/Left	Left
UI/Right	Right
UI/Blueprints	Blueprints
UI/ChangeWeapon	Switch weapons
UI/Reload	Reload
UI/GearSlot1	Gear Slot 1
UI/GearSlot2	Gear Slot 2
UI/GearSlot3	Gear Slot 3
UI/GearSlot4	Gear Slot 4
UI/Timer	Timer
UI/SpeedUp	Speed Up
UI/Pouse	Pause
UI/Construction	Construction
UI/Inventory	Inventory
UI/QuickGrab	Quick Grab
UI/Avoid	Change Lane (Car)
UI/Boost	Boost (Car)
UI/BasicBind	Default Bind
UI/CustomBind	Custom Bind
UI/ReloadSave	Load Last Save
UI/ReloadFurther	Go Further Back
UI/Load	Load
UI/Block	Block
UI/TryAgain	Try Again
UI/betaEnd1	You have finished all main quests in the beta version
UI/betaEnd2	Thank you for playing the beta version!
UI/betaEnd3	   P.S. Although this is the end of Beta, it's not the end of the content you can discover. Feel free to continue! :)
UI/lounch	Launch The Rocket
UI/MaterialsOnly	Materials Only
UI/CommunityLanguageAsk	The current language has been translated by the community. Some parts might be unfinished.\nDo you still want to use it?
UI/GraphicsSettingsAsk	Do you want to keep the current display settings?\n(Yes - keep, No - back to default)
UI/creditsBob	Live well and read well!
UI/creditsHunter	Hunt down \nall of them!
UI/creditsPrep	See ya!
UI/creditsJoe	Find yourself a nice junkyard!
UI/creditsJenny	Live long and flourish!
UI/creditsPostman	Send a nice postcard \nonce you're there!
UI/creditsProducers	Producers
UI/creditsProgrammers	Programmers
UI/creditsGraphic	Graphical Assets
UI/creditsWriter	Script Writer
UI/creditsMusic	Music and Sound Effects
UI/creditsDesign	Gameplay Design
UI/creditsTranslators	Translators
UI/creditsCommunity	Community Managers
UI/creditsKillers	Bug Hunters
UI/creditsQA	Quality Assurance
UI/creditsBeta	Beta Testers
UI/creditsSpecial	Special Thanks
UI/creditsExternal	External Producers
UI/creditsConcept	Based on a concept by
UI/thx	Thank you for playing
UI/stop	Stop
UI/lvl	lvl
UI/max	MAX
UI/car	Fuel Tank
UI/Car	Car
UI/contextENTRANCE	Entrance
UI/contextUNKNOWNLEVEL	Level ?
UI/immortal	Immortal
UI/mode	Game Mode
UI/creative	Creative
UI/regular	Regular
UI/special	Special Modes
UI/regularMode	Normal Game
UI/creativeDesc	You have unlimited access to all items and materials and you can set to be immortal. This mode is intended for people who like to focus on creative/building part of the game without any limitations. In this mode you will not be able to unlock any achievements.
UI/sandbox	Sandbox
UI/sandboxDesc	All locations are unlocked from the start. This is a storyless mode - you get to make your own path. 
UI/moreComing	more to come
UI/CreativeOp	Creative Mode Options
UI/creativeIcon	Creative Mode Options [C]
UI/beta	Beta
UI/diffEasy	Easy
UI/diffEasyDesc	For those who just want to enjoy a calm everyday life of a prepper.
UI/diffNormal	Normal
UI/diffNormalDesc	Intended/balanced difficulty. We recommend you to start with this one.
UI/diffHard	Hard
UI/diffHardDesc	For players who want a bigger challenge.
UI/diff	Difficulty
UI/diffHardcoreDesc	<U>Hardcore</U> - if you faint, your save file is deleted
UI/diffHardcore	Hardcore
UI/daysSurvive	Days survived
UI/corruptSuc	Your save file was corrupted. Automatic recovery was successful and everything should be fine now. If you encounter any more problems, please contact us via Steam or Discord. 
UI/corruptFail	Your save file was corrupted. Automatic recovery failed. Corrupted save file was moved to Corr folder in your save files directory. Please contact us via Steam or Discord and we will try to help.
UI/ok	OK
UI/halloween	HALLOWEEN
UI/halloweenFlyerText	MEET ME IN THE FOREST
UI/contextCLOSE	CLOSE
UI/contextAnimalsBand	TRACKING DEVICE
UI/contextMaterial	BLACK FABRIC
UI/contextBrokenCamera	BROKEN CAMERA
UI/contextUFO	UFO
UI/rocketNeeded0	<B>Unlock</B>: build Rocket Silo
UI/rocketNeeded1	<B>Unlock</B>: finish building Rocket Phase 2
UI/rocketNeeded2	<B>Unlock</B>: finish building Rocket Phase 3
UI/contextSHAVE	Shave
UI/contextMILK	Milk
UI/contextFEED	FEED
UI/contextFILLET	Fillet
UI/contextFILLET_ALL	Fillet All
UI/wall	Wall
UI/floor	Floor
UI/ceiling	Ceiling
UI/customRoomTextureInfo	You can use <color=yellow>your own images</color>.\nPut them in "<color=yellow>Custom Room Texture</color>" folder in your game instalation directory and reload your save file.\nImages needs to be in <color=yellow>JPG or PNG</color> format.
UI/addToWhislist	Add it to your Wishlist!
UI/skipToUFO	Do you want to wait till 3:00?
UI/unknown	Unknown
UI/prefWeather	Preferred weather
UI/prefTime	Preferred time
UI/prefLocation	Preferred location
UI/anyConditions	Without preferences
UI/bestFishingRod	Best fishing rod
UI/bestBait	Best bait
UI/Rainy	Rainy
UI/Sunny	Sunny
UI/Foggy	Foggy
UI/Stormy	Stormy
UI/LabirinthLake	Maze Lake
UI/Night	Nighttime
UI/Morning	Morning
UI/FBaitBasic	Basic
UI/FBaitGood	Good
UI/FBaitGreat	Great
UI/FBaitExcelent	Excellent
UI/OldRod	Old fishing rod
UI/GoodRod	Good fishing rod
UI/ExpertRod	Expert fishing rod
UI/Pet	Pet
UI/getFishingReward	Collect an award from Will!
UI/contextPET	PET
UI/contextCLEANUP	Clean up
UI/contextOpenTrunk	Open the trunk
UI/contextElevatorStorage	Storage
UI/contextPUSH	Push
UI/autopilot	Autopilot
UI/autopilotUpgrade1	Autopilot upgrade
UI/autopilotUpgrade2	Solar panels
UI/autopilotDescription1	Your car will drive automatically, but will consume a bit more fuel.
UI/autopilotDescription2	Your car will drive automatically without any additional cost.
UI/contextWEATHER_TODAY	TODAY'S FORECAST
UI/contextWEATHER_TOMORROW	TOMORROW'S FORECAST
UI/contextPLAY	Play
UI/contextSHOOT	Shoot
UI/dogeUndergroundTut1	Xeno will be uncomfortable underground.
UI/dogeOvergroundTut1	Xeno is still getting to know you.
UI/dogeOvergroundTut2	You need to feed him and play with him to raise your friendship level.
UI/dogeOvergroundTut3	By raising friendship level, Xeno will learn new behaviors and keep you more Prepared.
UI/anyMeat	Any Meat
UI/anyVege	Any food without meat
UI/anySeed	Any Seed
UI/anyFruit	Any fruit
UI/bestFood	Best Food
UI/goodFood	Good Food
UI/okayFood	Okay Food
UI/animalPet	Pet
UI/barnHole	Hole in the barn
UI/brokenFence	Broken fence
UI/mazeLevel	Maze level
UI/mazeUnlocked	unlocked
UI/mazeLocked	locked
UI/mazeProgressInfo	This panel displays unlocked maze levels and progress towards the next level. \nEach time you reach end of maze you are progressing towards unlocking the next level. \nHigher maze levels are longer, harder and give better rewards.\nEach day maze level is chosen randomly from your unlocked maze levels.
UI/contextGiveTreat	GIVE TREAT
UI/fishingCaughtFish	You caught
UI/fishingNotCaughtFish	Close one, maybe next time!
UI/fishingMinigameMiss	Miss
UI/fishingMinigameGoodJob	Good Job!
UI/fishingSignTooltip	Fish have their preferences regarding weather, time of the day and other things.\n\nThe weather is variable, so if you want to plan your fishing, check the weather forecast on the radio.\n\nIn the case of the time of day, the fish like these times:\nMorning: Till 12:00\nDay: 12:00 - 17:00\nNight: From 17:00
UI/menuDLCInfo	Playing the DLC starts on the tenth day of game time, when you receive a letter with a work order from the Agency.
UI/menuDLCEnable	DLC is enabled.
UI/menuDiscord	Join Discord
UI/DLCs	DLCs
UI/farmDLC	Animal Farm
UI/dlcSave	<b><size=20>incompatible</size></b>\n\nThis game file was saved with DLC(s) enabled. Install the DLC(s) listed in the save file description to load this game.
UI/farmDLCFirstEnableInfo	<b><size=20>Animal Farm</size></b>\n\nAnimal Farm DLC is enabled. You can play it on an old save file or start a new one. The recommended way to enjoy the Animal Farm DLC is starting it with a fresh save file. Have fun!
UI/dogeUpperFloorTut1	Xeno will be uncomfortable if you close him on the upper floor.
UI/contextLAUNCH_ROCKET_SATELITE	Set the target: Brazen Serpent
UI/farmDLCAvailable	Available in the Animal Farm DLC
UI/notEnoughGranades	You need grenades to play this
UI/TwoButtonsAttack	Attack with [Q] to the left. Attack with [E1] to the right.
UI/TwoButtonsAttackPort	Attack with <sprite index=27> to the left. Attack with <sprite index=28> to the right.
UI/CursorAttack	Attack with [E2] in the direction of the cursor.
UI/CursorAttackPort	Attack in the direction you're aiming with <sprite index=28>.
UI/OldCombatSystem	Click on an enemy to attack them.
UI/OldCombatSystemPort	Press <sprite index=Button0_UIAtlas> on an enemy to attack them.
UI/CombatTutTittle1	How to fight
UI/CombatTutDescription1	There are two attack buttons. \nClick to attack once or hold to keep attacking.
UI/AttackLeftTut	Attack to the left with [Q]
UI/AttackRightTut	Attack to the right with [E]
UI/CombatTutTittle2	options
UI/CombatTutDescription2	You can customize attacking to fit your own preferences in the gameplay settings menu.
UI/calMon	Monday
UI/calTue	Tuesday
UI/calWed	Wednesday
UI/calThu	Thursday
UI/calFri	Friday
UI/calSat	Saturday
UI/calSun	Sunday
UI/Attack	Attack
UI/AttackLeft	Attack to the left
UI/AttackRight	Attack to the right
UI/keyBindsConflict	Some key bindings are in conflict!
UI/dlcLoadWarning	You are loading a save file that has not been saved with your currently enabled DLC(s). After you do that, you will not be able to load this save file without your currently enabled DLC(s). Do you want to continue?
UI/dogeFriendshipLevel1	You feel more prepared. Xeno will now start reacting to the postman and the neighbors arriving.
UI/dogeFriendshipLevel2	Xeno will be bringing you newspapers and hiding when the agent arrives.
UI/dogeFriendshipLevel3	Xeno will be hiding his bowl from the Agent and will be bringing you gifts from time to time.
UI/dogeFriendshipLevelLabel	Xeno Friendship Level:
UI/dogeFriendshipBenefLabel	Friendship benefits
UI/allCategory	All
UI/dogFriendshipTooltip	When you interact with Xeno - for instance, you pet him, \ngive him snacks or react to his behavior - your friendship will increase.\nHowever, if you leave him alone at home at night or you \nneglect his needs to the point when he escapes, your friendship will decrease.\nThese are not the only factors that affect your friendship. \nPay attention to Xeno and his reactions in order to notice \nwhat changes your friendship level.
UI/creditsAnimalFarm	Additional help with Animal Farm DLC
UI/creditsWill	Respect the land or it'll bite you
UI/credits	Credits
UI/translationInProgress	Translation in progress - coming soon
UI/ultimateFishBoard	Ultimate Fish Board
UI/advancedCombatMode	This book activates advanced combat mode, allowing you to attack and move simultaneously. It can be disabled later. Enable now?
UI/advancedCombatModeNo	You still get other benefits from this book: \nbetter speed and damage. 
UI/advancedCombatModeSetting	Stop when attacking
UI/contextKILL	Kill
UI/fishingMinigameToEarly	Too Early!
UI/fishingMinigameToLate	Too Late!
UI/minigameEvent	event
UI/minigameBeat	Reach the score:
UI/minigameToGet	to get a prize of
UI/minigameWin	We have a winner!!!
UI/minigameWin2	The reward will be delivered to your mail box.
UI/minigameEventFreedomRoad	Beat the target score in a Freedom Road event!
UI/minigameEventUndeadHell	Beat the target score in an Undead Hell event!
UI/minigameGetScoreUndeadHell1	Nights to survive:
UI/minigameGetScoreFreedomRoad	Reach the level:  
UI/minigameFlierTitle	GAME COMPETITION
UI/minigameCongratulation	CONGRATULATIONS
UI/minigameCongratulation2	MR. PREPPER!
UI/minigameReachedTargetScore	YOU'VE REACHED THE TARGET SCORE IN THE GAME:
UI/minigameYouWon	YOU WON
UI/minigameOutstandingJob	OUTSTANDING JOB! SEE YOU IN THE NEXT EVENT
UI/minigameGameingClub	NEIGHBORHOOD GAMING CLUB
UI/computerNotebookContentText	Tuesday\n\nDear Diary... ah, damn, no, I can't do it like this.\n\nWednesday\n\nOkay, once again. I decided to start making some notes as an exercise. My memory feels bad and all days seem to be the same. It is said that journaling makes you remember stuff better. I will try and see how this works out.\n\nThursday\n\nToday I was just walking around Murricaville area. I think such long walks help me concentrate. I need to get to know the surroundings better.\n\nFriday\n\nThe forest seems familiar somehow: the plants, the light, the scents. One thing surprised me though, and it was the sound of howling. Since when do we have wolves around here? \n\nSaturday \n\nRestless today. Did some small chores and repairs around the house. I can't help thinking that the town is too quiet. What is missing? The traffic, maybe? The daily chatter of neighbors? Barking of dogs?\n\nSunday\n\nA dream about flying. Gaining speed. Exhilaration. I don't actually know whether I'm in an airplane or not. I'm flying right above the treeline, I feel I'm reaching my destination, but I don't slow down for landing, I just go faster, treetops are closer. I wake up with a twitch of my whole body.\n\nTuesday\n\nDecided to drive around Murricaville for a bit. Not much going on. Neighbors greet each other with "Bless the President!". The postman delivers "One Truth" (what happened to other newspapers?). Everything looks the same. Nothing is happening. Everything is thoroughly, deeply, incredibly boring.\n\nShould I drive further and see how it is in other places?\n\nWednesday\n\nI dreamt about dogs tonight. Don't remember the details, but it wasn't a pleasant dream. Barking, growling. Why they were so agitated? I don't know.\n\nThursday\n\nLiterally nothing happened today. I'm so bored I don't even know what to write here.\n\nSaturday\n\nOkay, I'm leaving tomorrow. I have a full tank. I really, really need to see other places.\n\n
UI/AttackType1	Attack with [Q] and [E1]
UI/AttackType1Port	Attack with <sprite index=27> and <sprite index=28>
UI/AttackType2	Attack with [E2]
UI/AttackType2Port	Attack with <sprite index=28>
UI/AttackType3	Old Combat System
UI/loadSaveConfirmationText	Do you want to load this save?
UI/loadSaveMenuLabel	Load game
UI/sortButtonTooltip	Sort
UI/diffCustom	Custom
UI/diffCustomdesc	Tailor the game to your preferences by adjusting individual parameters. Choose your own balance between challenge and creativity by customizing elements such as combat difficulty, speed of certain actions, events and more. This mode offers the ultimate flexibility for players who want to craft their own unique gameplay experience.\r
UI/diffCustomSettings	Custom mode settings
UI/applySettings	Apply settings
UI/customSettingsCreative	Creative mode
UI/customSettingsSandbox	Sandbox mode
UI/customSettingsHardcore	Hardcore mode
UI/customSettingsEnemyQuantity	Enemies quantity multiplier
UI/customSettingsPlayerDmgTaken	Player damage taken multiplier
UI/customSettingsPlayerAtkDmg	Player attack damage multiplier
UI/customSettingsPlayerAtkSpeed	Player attack speed
UI/customSettingsPlayerMovSpeed	Player movement speed
UI/customSettingsCraftingSpeed	Crafting speed
UI/customSettingsDisassembleMat	Materials received from disassembling multiplier
UI/customSettingsPrepGain	Preparedness gain multiplier
UI/customSettingsPrepLoss	Preparedness loss multiplier
UI/customSettingsStaminaGain	Stamina gain multiplier
UI/customSettingsStaminaLoss	Stamina loss multiplier
UI/customSettingsHealthGain	Health gain multiplier
UI/customSettingsHealthLoss	Health loss multiplier
UI/customSettingsConditionDiff	Conditions difficulty
UI/customSettingsEvents	Events
UI/customSettingsEventDuration	Events duration
UI/customSettingsFoodSpoilSpeed	Food spoil speed 
UI/customSettingsPlantsCanWilt	Plants can wilt
UI/customSettingsPlantsGrowSpeed	Plants grow speed multiplier
UI/customSettingsTradePrices	Trade prices multiplier
UI/customSettingsMachineFuelUse	Machines fuel usage multiplier
UI/customSettingsDayDuration	Day duration multiplier
UI/conditionDiffTooltip	Influences effects of player buffs and debuffs like hungry, tired, etc.
UI/eventsAndEventsDurationTooltip	Electricity cut off, water cut off, postman missing events
UI/eventDurationShort	Short
UI/eventDurationLong	Long
UI/eventDurationNormal	Normal
UI/customSettingsSurpriseAgentVisits	Surprise agent visits
UI/customSettingsGunsCanBreak	Guns can break
UI/shareCustomPresetButton	Share with developers
UI/todaysLimit	today's limit:
UI/todaysLimitReached	today's limit reached
UI/customModeSettingsShare	Custom mode settings share
UI/customModeSettingsShareDesc	Help us come up with awesome custom mode settings to try. We may feature your settings in feature updates. This will send your current custom mode settings to us. Please provide name and description of your custom setting suggestion.
UI/customModeSettingsShareNamePlaceholder	Name your custom setting...
UI/customModeSettingsShareDescPlaceholder	Describe your custom setting...
UI/customModeSettingsShareSend	Send
UI/customModeSettingsShareWarning	Name and description are required
UI/radiatedItemsTutorialMessage	Warning! Having irradiated items in your inventory \nmakes the Prepper's radiation level grow.
UI/uraniumGlowingGlassJoeAsk	Glowing Glass
UI/uraniumMineBobAsk	Uranium Mine
UI/radiatedMushroomsAsk	Weird Mushrooms
UI/nucklearEngineeringBookAsk	Nuclear DIY
UI/contextCentrifuge	Activate
UI/contextBUY	Buy
UI/contextExtract	Extract
UI/noElectricityDisabled	Electricity cut off event is permanently disabled
UI/noWaterDisabled	Water cut off event is permanently disabled
UI/postamMissingDisabled	Postman missing event is permanently disabled
UI/expeditionSend	Send expedition
UI/expeditionCancel	Cancel expedition
UI/expeditionCost	Cost
UI/expeditionDuration	Duration
UI/expeditionLoot	Loot
UI/expeditionLootCommon	Common
UI/expeditionLootRare	Rare
UI/expeditionLootEpic	Epic
UI/nuclearDLC	Uranium Project
UI/contextEXPEDITION	Expedition
UI/currentExpedition	Current expedition:
UI/craneTittle	Crane Machine
UI/craneLevel	Level
UI/craneLevelInfo	You gain experience points by retrieving boxes with the crane machine. \nYou gain extra experience points for clearing all boxes in the room. \nLevels grant perks that increase chances of better boxes and unlock additional mechanics.
UI/craneCostInfo	Every next game is more expensive, but the cost resets every day.
UI/craneRerollInfo	Reset position of current boxes.
UI/craneCurrent	Current perks
UI/craneNextLevel	Next level perks
UI/craneNoPerks	No perks
UI/craneStart	Play
UI/craneCleared	Prize boxes cleared!
UI/craneExp	exp
UI/cranePerkUncommon	for <color=#A8E6A1>uncommon</color> boxes
UI/cranePerkRare	for <color=#A1C9F1>rare</color> boxes
UI/cranePerkVeryRare	for <color=#D1A8F0>very rare</color> boxes
UI/cranePerkLegendary	for <color=#FFE0A8>legendary</color> boxes
UI/craneChancesLabel	Current boxes chances
UI/craneCommon	<color=#D3D3D3>Common</color> 
UI/craneUncommon	<color=#A8E6A1>Uncommon</color> 
UI/craneRare	<color=#A1C9F1>Rare</color> 
UI/craneVeryRare	<color=#D1A8F0>Very Rare</color> 
UI/craneLegendary	<color=#FFE0A8>Legendary</color> 
UI/creditsUranium	Additional help with Project Uranium DLC
UI/creditsUpdates	Additional help with Content Updates
UI/creditsProgramming	(Programming)
UI/creditsGraphics	(Graphics)
UI/creditsLemon	Bye my lemonade!
UI/creditsFreeSounds	SFX
UI/geigerUIEnviro	It displays the current radiation level around you.
UI/geigerUIInventory	It displays the current radiation level in your inventory.
UI/contextPULL	Pull
UI/contextDETONATE	Detonate
UI/craneMinigameLucky	Lucky Prizes\nAll prize boxes are higher rarity.
UI/craneMinigameOneType	Red Lights\nAll boxes have the same type.\nBonus exp for clearing all prize boxes.
UI/craneMinigamePrizeBoxesCleared	Clear All Prize Boxes
UI/craneMinigamePrizeBox	Prize Box
UI/menuNuclearDLCInfo	To start the DLC side story, you need to survive until day 12 and complete a couple of quests from the main story. When these conditions are met, the scout girl will appear in the morning with information that starts the DLC.
UI/gasMaskAsk	Gas Mask
UI/Upgraded	Upgraded
UI/buffsWindow	Player status
UI/creditsPort	Port by Console Way
UI/sleepOnlySave	Your progress is being saved only when you sleep or nap.
UI/contextFREEZE	Freeze
UI/contextDIAGNOSE	Diagnose
UI/contextCALIBRATE	Calibrate
UI/Ice	Ice
UI/contextSCAREOFF	Scare Off
UI/contextREACTIVATE	Reactivate
UI/contextTURN_ON_FIRE	Light Up
UI/contextTURN_OFF_FIRE	Extinguish
UI/contextTURNOFF	Turn Off
UI/contextSHAKE	Shake
UI/frozenItemTutorialMessage	Freeze-dried — this item never expires.
UI/mountainDLC	MountainDLC
UI/ALL_FOOD	All recipes
UI/RemainingTime	Remaining time
UI/Under	under
UI/ToggleReadyToCraftTip	Show only blueprints you have materials for.
UI/ToggleReadyToCookTip	Show only recipes you have ingredients for.
UI/FoodAttributeRegenInfo1	Eat to regenerate [x] [y]
UI/FoodExpireInfo1	Expires after [x]
UI/FoodMaxAttributeIncreaseInfo1	<b>Improved [x]</b>\n\nGain +[y] Max [x] for 24 hours.\nThis effect does not stack.
UI/FoodMaxAttributeIncreaseInfo2	Eat [z] more to permanently gain +1 Max [x].
UI/FoodMaxAttributeIncreaseInfo3	Current permanent Max [x] bonus: +[a]
UI/FoodPoisonedInfo	You will get poisoned if you eat this.
UI/FoodHealBeatenUpDebuff	Heals Beaten Up debuff.
Chop/Mine	
GAME INFO/	
GAME INFO/Arabic	
GAME INFO/Chinese	
GAME INFO/Czech	
GAME INFO/Danish	
GAME INFO/Dutch	
GAME INFO/French	
GAME INFO/German	
GAME INFO/Hungarian	
GAME INFO/Italian	
GAME INFO/Japanese	
GAME INFO/Korean	
GAME INFO/Polish	
GAME INFO/Portuguese	
GAME INFO/Russian	
GAME INFO/Spanish	
GAME INFO/Steam:	
GAME INFO/Swedish	
GAME INFO/Thai	
GAME INFO/Trailer:	
GAME INFO/Turkish	
GAME INFO/Ukrainian	
GAME INFO/https://store.steampowered.com/app/761830/Mr_Prepper/	
Parameters/	
Parameters/AWAITING REPLY IN Q A	
Parameters/IN PROGRESS	
Parameters/Korean	
Parameters/READY	
Q A/Translator	Translator | Question
Q A/please choose your language	ask questions only in English
Dialogues/color use	quest
Dialogues/colors definition	yellow
Dialogues/herbBush	<duration value=2.5>\n<voice type=surprise>\nAh! \n<voice type=surprise>\nOh fudge! I wasn't hiding, just picking some berries.\n<voice type=question>\nBob, are you okay?
Dialogues/herbq1.1	<color=yellow>huh</color>, <S>praise</S> the forest.\nYou are here, just when i need you.\nThank god I escaped.. he had already devoured me with his eyes...\nWolf! And what did you think!\nThis bad wolf doesn't let me enter my house.\nMy flowers need water!\nYou are a strong man, please get rid of him and bring me his skin.\nIn return, I will give you something dear to my heart.
Dialogues/herbq1.2	I'm not your grandma.\nSo be it, flower...hi hi
Dialogues/herbq2.1	Oh hello there. Flower
Dialogues/herbq2.2	Where are you think your going?\nIt's not nice to sniff around in strangers houses.
Dialogues/herbq3	Oh, How can I thank you.\nPlease take those precious seeds.\nAny time you need something,\nBob and I are gonna hang around here
Dialogues/herbr1	My name is Janny Winston.\nI live in the forest now. \nI'm known as Granny. \nI talk to flowers, \nWhat's so funny?! \nThere's a story behind that.
Dialogues/herbr2	There are many stories in my head\nBut they are mystery to me.. \nto us who are old.. \nand lost our minds.
Dialogues/herbr3	There's a mystery in the wood. \nthat few will know.\nBut i can tell you there are times when even big birds fall.
Dialogues/prepCook	Just add some raw ingredients together, apply some heat... \n<voice type=laugh>\nand voilà - FOOD. \n<voice type=acceptance>\nCooking makes your food richer.
Dialogues/prepCraft	<voice type=thanks>\nA workbench. A prepper's best friend.\n<voice type=acceptance>\nCraft, disassemble and work magic.  \n<voice type=order>\nBut it better stay hidden from the Agency...
Dialogues/prepForest	<voice type=greeting>\nAh, the smell of adventure. \nI'm sure the forest is full of useful materials.
Dialogues/prepLever	Oh! A lever. Maybe it'll be useful for fixing the ropeline? 
Dialogues/prepMap	Where do I want to go today?
Dialogues/prepMine	This could be a good place to look for STONE.
Dialogues/prepPillar	It's not supposed to look like this. Is it...?
Dialogues/prepRocketPlan	<voice type=order>\nGoal number one: survive.\n<voice type=order>\nGoal number two: ESCAPE!
Dialogues/prepStart	It's time for my ULTIMATE PLAN. \nI gotta get out of this place.
Dialogues/prepTrade	<voice type=acceptance>\nSo it's time for some trading.\nMake an order, collect it in 2 hours.\n<voice type=acceptance>\nThat's how it should work.
Dialogues/preph1	Ok granny. \nAnd please, don't flower me just like that.
Dialogues/preph2	So I'm a flower now.\nWell... I guess, I have to live with that.
Dialogues/agentStartScene	By decision of the American Government on your last attempt to escape.\nFrom now I will conduct inspection visits.\nStay prepared.
Dialogues/text2	ENG Text text
Dialogues/text3	ENG Text text text
Dialogues/text4	ENG Text text text text
Dialogues/	I'm looking for hydrogen.
Dialogues/prepHungry1	<voice type=disappointment>\nI'm so hungry!
Dialogues/prepHungry2	<voice type=hunger>\nI could really use a snack.
Dialogues/prepHungry3	<voice type=hunger>\nDamn, I'm starving!
Dialogues/prepHungry4	<voice type=upset>\nIt would be nice to eat something.
Dialogues/prepTired1	<voice type=question>\nI'm tired. A short nap?
Dialogues/prepTired2	I could use a short nap.
Dialogues/prepTired3	I'd like to go to bed for a short nap.
Dialogues/prepTired4	<voice type=upset>\nI need to rest. Just for a little while...
Dialogues/prepLowPrepnes1	<voice type=disappointment>\nI do not feel Prepared enough.
Dialogues/prepLowPrepnes2	<voice type=disappointment>\nNothing goes right, I feel un-Prepared...
Dialogues/prepLowPrepnes3	<voice type=disappointment>\nMy Preparedness is low.
Dialogues/prepLowPrepnes4	<voice type=disappointment>\nEverything's slowed down and I don't feel Prepared enough.
Dialogues/prepTutAfterAgent	<voice type=surprise>\nOh my, that was close. I have to be more careful.
Dialogues/prepTutEnd	<voice type=acceptance>\nOkay, everything is in place. Time for my Ultimate Plan. 
Dialogues/prepNotAllowed	It's not a good time for that.
Dialogues/prepBasics1	<voice type=order>\nLet's get this over with.
Dialogues/prepBasics2	<voice type=question>\nMorning jog? Nah.
Dialogues/prepBasics3	One step at a time.
Dialogues/prepBasics4	<voice type=order>\nTime to get Prepared!
Dialogues/prepEat1	<voice type=upset>\nI'm so hungry.
Dialogues/prepEat2	<voice type=question>\nMaybe I still have some leftovers in the fridge?
Dialogues/prepEat3	<voice type=order>\nLet's look for some food in the fridge.
Dialogues/prepEat4	I need to eat something soon.
Dialogues/prepBuild1	<voice type=acceptance>\nTime to create my secret base.
Dialogues/prepBuild2	I'll make the first room of my bunker.
Dialogues/prepBuild3	I need to start working on my bunker.
Dialogues/prepBuild4	<voice type=order>\nLet's dig the first room of my bunker.
Dialogues/prepPlan1	I'll have a look at the plan.
Dialogues/prepPlan2	Hmm...
Dialogues/prepPlan3	<voice type=order>\nI need to check my ULTIMATE PLAN.
Dialogues/prepPlan4	I need to think of what to start with.
Dialogues/prepFirstWork1	I will need a workbench to craft a ladder.
Dialogues/prepFirstWork2	I should have an old table somewhere in the backyard...
Dialogues/prepFirstWork3	<voice type=order>\nI'll better check the backyard.
Dialogues/prepFirstWork4	I need a place to work.
Dialogues/prepFirstTrade1	<voice type=acceptance>\nTime to trade with Bob, he should have some metal.
Dialogues/prepFirstTrade2	<voice type=acceptance>\nWe have a small, but pretty close community of traders here.
Dialogues/prepFirstTrade3	Trading is sometimes the only way to get what I need.
Dialogues/prepFirstTrade4	<voice type=thanks>\nThe postman helps us with trading.\n<voice type=fear>\nIt's a bit unofficial, so let's hope the Agency doesn't find out.
Dialogues/prepGoToForest1	I could go to the nearby forest to collect some wood.
Dialogues/prepGoToForest2	The nearby forest should have plenty of wood.
Dialogues/prepGoToForest3	<voice type=question>\nBest place to look for wood would be a forest, I guess?
Dialogues/prepGoToForest4	<voice type=acceptance>\nTime to go to the forest.
Dialogues/prepInForest1	<voice type=thanks>\nAh, I love nature!
Dialogues/prepInForest2	<voice type=thanks>\nWhat a lovely place!
Dialogues/prepInForest3	It would be great to collect these logs.
Dialogues/prepInForest4	<voice type=order>\nLet's grab these logs and get out of here.
Dialogues/prepBackHome1	It would be good to get back home.
Dialogues/prepBackHome2	<voice type=acceptance>\nI need to go back home.\nThere should be a roadsign somewhere around here...
Dialogues/prepBackHome3	Time to go back home.\n<voice type=acceptance>\nI need to look for a path.
Dialogues/prepBackHome4	<voice type=disappointment>\nEnough of this nature.\n<voice type=acceptance>\nTime to go home.
Dialogues/prepDisLog1	<voice type=thanks>\nHome sweet home!
Dialogues/prepDisLog2	<voice type=acceptance>\nTime to disassemble some stuff!\nLet me go to my workbench.
Dialogues/prepDisLog3	I need to cut these logs into pieces of wood.
Dialogues/prepDisLog4	I need to make wood out of these logs first.\n<voice type=order>\nWorkbench time!
Dialogues/prepIGotMail1	<voice type=surprise>\nI have mail!
Dialogues/prepIGotMail2	I need to go to the mailbox.
Dialogues/prepIGotMail3	<voice type=thanks>\nThe postman is a really cool guy.
Dialogues/prepIGotMail4	<voice type=order>\nTime to receive ordered supplies!
Dialogues/prepUpgrade1	Now I can upgrade my work station.
Dialogues/prepUpgrade2	<voice type=acceptance>\nLet's go to the workbench and upgrade it.
Dialogues/prepUpgrade3	I need to go to the workbench.
Dialogues/prepUpgrade4	<voice type=acceptance>\nTime to refresh my old workbench.
Dialogues/prepPleaceLadder1	<voice type=acceptance>\nTime to place the ladder so I can go down to my bunker.
Dialogues/prepPleaceLadder2	<voice type=acceptance>\nI'll place the ladder, I need a convenient way to get to my bunker.
Dialogues/prepPleaceLadder3	Ladder down and I go underground.
Dialogues/prepPleaceLadder4	<voice type=order>\nI need to place the ladder.
Dialogues/prepLight1	<voice type=acceptance>\nI could use some light in my shelter.
Dialogues/prepLight2	<voice type=fear>\nIt's so dark!
Dialogues/prepLight3	I should be able to craft some lamps.
Dialogues/prepLight4	<voice type=acceptance>\nI have to disassemble some of these old plates.\nI need glass to craft wall lamps.
Dialogues/prepPleaceLight1	<voice type=thanks>\nNow I can place it in my bunker!
Dialogues/prepPleaceLight2	<voice type=thanks>\nNo more darkness! It's actually kind of cosy down here.
Dialogues/prepPleaceLight3	<voice type=laugh>\nLet there be light!
Dialogues/prepPleaceLight4	I can light up my bunker now.
Dialogues/prepActualSleepTime1	<voice type=acceptance>\nIt's late, I need to go to sleep.
Dialogues/prepActualSleepTime2	<voice type=negation>\nNo use of another nap, I want to sleep till morning.
Dialogues/prepActualSleepTime3	I'm tired. A plan for now: PJs, bed, sleep.
Dialogues/prepActualSleepTime4	<voice type=laugh>\nThat was a good day. Time to sleep now.
Dialogues/prepAgentTime1	<voice type=fear>\nOh no, the Agent will be here soon, I need to hide my stuff!
Dialogues/prepAgentTime2	<voice type=order>\nThe ladder, the workbench, and the escape plan, I'm on it!
Dialogues/prepAgentTime3	<voice type=order>\nLet's hide the ladder, the workbench, and the escape plan, quick!
Dialogues/prepAgentTime4	<voice type=order>\nI need to hurry!
Dialogues/prepPleaceWorkbench1	I can place my workbench now.\n<voice type=laugh>\nI wonder how these things fit into my pockets.
Dialogues/prepPleaceWorkbench2	<voice type=acceptance>\nTime to place the workbench in the bunker.\n<voice type=fear>\nI don't want the Agent to see it.
Dialogues/prepPleaceWorkbench3	<voice type=acceptance>\nI need to hide the workbench in my bunker.
Dialogues/prepPleaceWorkbench4	One last step - place the workbench in the bunker.
Dialogues/prepNoAmo	<voice type=disappointment>\nI'm out of ammo!
Dialogues/prepOverheated	<voice type=disappointment>\nOverheated!
Dialogues/prepTrap	<voice type=negation>\nIt wouldn't work here.\n<voice type=acceptance>\nI should set it in the forest.
Dialogues/prepTrapForest	<voice type=negation>\nIt won't work here.\n<voice type=acceptance>\nI need to find an area more suitable for traps.
Dialogues/prepNeedFuel	<voice type=negation>\nI need fuel.
Dialogues/prepNeedWater	<voice type=negation>\nI need water.
Dialogues/prepNeedWood	<voice type=negation>\nI need wood.
Dialogues/prepNoWay	<voice type=negation>\nI can't get there!
Dialogues/prepBlockedWay	<voice type=negation>\nThe way is blocked!
Dialogues/prepTree	<voice type=negation>\nI need a higher room for this.
Dialogues/prepTreePatch	<voice type=negation>\nI need a planter for this.
Dialogues/prepGreenhouse	<voice type=negation>\nI need a greenhouse for this.
Dialogues/prepNeedOil	<voice type=negation>\nI need oil.
Dialogues/prepGrabbingFullBoxForbidden	<voice type=negation>\nI can't grab that since it's full!
Dialogues/prepPlacingForbiddenForest	<voice type=negation>\nForest is no place for that!
Dialogues/prepPlacingForbiddenMines	<voice type=negation>\nA mine is no place for that!
Dialogues/prepPlacingForbiddenDesert	<voice type=negation>\nA desert is no place for that!
Dialogues/prepPlacingForbiddenOther	<voice type=negation>\nThis is no place for that!
Dialogues/prepPlacingForbiddenQuest	<voice type=negation>\nThis one seems important. I'll better keep it!
Dialogues/prepPickaxeNeeded	<voice type=negation>\nI need a pickaxe for that!\nMaybe I can buy one from Bob?
Dialogues/prepAxeNeeded	<voice type=negation>\nI need an axe for that!\nMaybe I can buy one from Joe?
Dialogues/prepInsideDestroyRoom	<voice type=negation>\nI can't destroy a room I'm still in!
Dialogues/prepItemsInsideDestroyRoom	<voice type=negation>\nI can't destroy a room with items inside!
Dialogues/prepUpgradeDestroyRoom	<voice type=negation>\nI can't destroy an upgraded room!
Dialogues/prepSick1	<voice type=upset>\nI feel sick.
Dialogues/prepSick2	<voice type=upset>\nMy stomach hurts.
Dialogues/prepWrackPlane	Gdy prepper znajduje zdjęcie przy wraku samolotu
Dialogues/prepHunterNote	<voice type=surprise>\nHmm, a local hunter. Interesting, I need to check out her stuff.
Dialogues/prepFirstMinutManLetter	<voice type=surprise>\nInteresting. I don't know who this guy is, but he does seem helpful. Perhaps he has more interesting items to share? Maybe he'll be willing to trade?
Dialogues/prepRocketPhoto	<voice type=laugh>\nFunny, this surprisingly makes sense. I have the feeling I could actually pull this off. It will need some planning though.
Dialogues/prepMakeAPlan	<voice type=question>\nHow can I escape? \n<voice type=negation>\nCar? Plane? Rocket...? No, that's just crazy.
Dialogues/prepInspiration	<voice type=question>\nI need to do some more planning... How can I escape?\n<voice type=acceptance>\nI need to find some inspiration.
Dialogues/prepPrequel	<voice type=negation>\nI need to read the previous volume of this book first.
Dialogues/prepFoodSource	<voice type=acceptance>\nI need a food source. Time to kick off my underground plantation.\n<voice type=laugh>\nThe Agent would not be happy to see that.
Dialogues/prepAfterFoodSource	<voice type=acceptance>\nFood source established. I'll check my plan again!
Dialogues/prepIntro	At last. Speed. The road before me, the space around me. An open horizon - this I haven't seen in a long time. Away from control, propaganda, boredom, from the empty-eyed people around. Heck, even those damned headaches seem to go away with every mile away from this town. To the new beginning!
Dialogues/agentBack1	<voice type=acceptance>\nAnd we are back at your place of residence, citizen.\nFor an attempted escape, we have confiscated your vehicle. This is standard procedure.\n<voice type=negation>\nObviously, you are also prohibited from buying or registering a new one.\n<voice type=order>\nThe Agency expresses hope that you will not attempt to leave Murricaville again.
Dialogues/prepBack2	<voice type=laugh>\nOh, sure, now I plan to fall back in love with this beautiful town.
Dialogues/agentBack3	<voice type=acceptance>\nThis is a commendable attitude, citizen. From today onwards, you are also on probation.\nI will come for a brief inspection regularly to check for any subversive actions or items.\nThis is standard procedure.\n<voice type=order>\nI am sure you will comply and my visits will only be a formality. Bless the President!
Dialogues/prepBack4	<voice type=negation>\nBless.
Dialogues/herbWolf1	<voice type=greeting>\nHello, buttercup! I knew you would come. \n<voice type=laugh>\nYou seem like a strong and capable young lad.
Dialogues/prepWolf2	<voice type=surprise>\nIt's been a while since anybody called me “young”.\n<voice type=question>\nAnd you are...?
Dialogues/herbWolf3	<voice type=greeting>\nOh, my manners! My name is <color=yellow>Jenny</color>. I'm the one who sent you the letter.\nSorry for the secrecy, but one cannot be too cautious these days.\nYou can usually meet me here around this time.\n<voice type=order>\nI'm a herbalist. Your contact regarding all plant matters, you could say.
Dialogues/prepWolf4	<voice type=greeting>\nPeople call me Prepper. Nice to meet you, ma'am.
Dialogues/herbWolf5	<voice type=order>\nOh, just <color=yellow>Jenny</color>, please. And let me get to the point: I could use your help.\n<voice type=anger>\nSee, I have this cozy <color=yellow>cabin</color> in the <color=yellow>woods</color>. But I can't get there now.\n<voice type=fear>\nThere is a really <color=yellow>vicious wolf</color> hanging around constantly. I've tried everything. \n<voice type=laugh>\nIt didn't fall for my package of poisonous herbs inside a delicious sausage.\n<voice type=question>\nCould you get rid of it for me?
Dialogues/prepWolf6	<voice type=question>\nHmm, a <color=yellow>wolf</color> and a <color=yellow>cabin</color> in the <color=yellow>woods</color>. Is a red hood and a basket required for this mission?
Dialogues/herbWolf7	<voice type=laugh>\nYou'd look lovely in bright red, but I'm not fashion police. Just help me so I won't have to explain big ears and teeth to anyone.\nIn return, you can take anything you want from the <color=yellow>materials</color> left in the <color=yellow>cabin</color>. I need to do some resupply soon anyway.\n<voice type=question>\nAnd once I have my cabin back, we could <color=yellow>trade</color> with each other. Do we have a deal?
Dialogues/prepWolf8	<voice type=acceptance>\nWe do. I'll deal with the <color=yellow>wolf</color>.
Dialogues/herbWolf9	<voice type=thanks>\nYou hear that, Bob? We'll have our cabin back!
Dialogues/herbShrooms1	<voice type=thanks>\nOh hello, daisy! Me and Bob thank you for defeating the big bad! I hope you didn't get hurt.
Dialogues/prepShrooms2	<voice type=disappointment>\nPlease don't call me… ah, whatever. You're welcome. And no, I'm fine.
Dialogues/herbShrooms3	Now that I have my little sweet home and workshop back, I'd like to get back to my little cooking experiments.\nMany of my friends in the town suffer from certain <color=yellow>sleep issues</color>.\n<voice type=laugh>\nA nice old lady as I am, I want to help. I am trying out various ingredients to put in… a <color=yellow>herbal tea</color>.\nI've heard about a curious kind of <color=yellow>mushrooms</color> growing in the <color=yellow>old mine</color> just outside of town.\n<voice type=question>\nCould you bring me some of those? I have a hunch they'll fit well into my new tea.
Dialogues/prepShrooms4	Curious <color=yellow>mushrooms</color>. From the <color=yellow>old mine</color>. For a <color=yellow>tea</color>.\n<voice type=acceptance>\nYeah, sure, why not.
Dialogues/herbShrooms5	<voice type=thanks>\nLovely! Just be careful, young lad, the <color=yellow>mine</color> is a dangerous place. \nBut there's also a chance you'll meet a <color=yellow>friendly soul</color> there.
Dialogues/herbGuaranaLittle1	<voice type=greeting>\nHello, buttercup! You're back already! How was the mine? Do you have the <color=yellow>mushrooms</color>?
Dialogues/prepGuaranaLittle2	<voice type=acceptance>\nNot exactly a walk in the park, but it was fine. Here they are.
Dialogues/herbGuaranaLittle3	<voice type=thanks>\nWonderful! I'll come up with a recipe for a new <color=yellow>tea</color> very soon.\n<voice type=upset>\nMeanwhile, more and more people have been complaining to me about <color=yellow>sleep issues</color>, weird headaches and concentration problems. \n<voice type=question>\nDo you also have those, sweetheart?
Dialogues/prepGuaranaLittle4	<voice type=upset>\nWell, since you mention it… Yes, it happens.
Dialogues/herbGuaranaLittle5	<voice type=disappointment>\nSee? Trust the old lady: it must be something in the air. And my usual herbal remedies don't seem to work as they should.\n<voice type=order>\nSo I think I need to step up a bit and try some new mixes. \n<color=yellow>Deeper</color> in the <color=yellow>woods</color>, there are some <color=yellow>guarana plants</color>. You'll know them for their <color=yellow>red fruits</color>. Hard to mistake for anything really.
Dialogues/prepGuaranaLittle6	<voice type=surprise>\n<color=yellow>Guarana</color>? Isn't it, like, an exotic plant?
Dialogues/herbGuaranaLittle7	<voice type=surprise>\nCrazy, right? I don't know where it came from, but apparently it feels at home in the woods of Murricaville County. \n<voice type=order>\nAnyways – bring me some <color=yellow>fruits</color> and I'll see if they work in my mixtures. 
Dialogues/prepGuaranaLittle8	<voice type=acceptance>\nOK then. Anything for good <color=yellow>herbal mixes</color>, right?
Dialogues/prepGuaranaMore1	<voice type=greeting>\nHello, Jenny. I reckon these are the fruits you were looking for?
Dialogues/herbGuaranaMore2	<voice type=thanks>\nCorrect! See them, Bob? So red! So ripe! Thank you so much!\n<voice type=disappointment>\nNow, my first teas with the mushrooms you brought from the mine turned out a mixed blessing.\n<voice type=laugh>\nThey did help my friends to stay awake, but also made them… a bit unfocused.
Dialogues/prepGuaranaMore3	Who would have thought.
Dialogues/herbGuaranaMore4	So for now, I'd stick to more tested ingredients. I need <color=yellow>more guarana fruits</color>. I'll grow some myself, but I don't have much space.\n<voice type=question>\nWould you be so kind to take some of these <color=yellow>seeds</color>, and start <color=yellow>growing</color> them too?
Dialogues/prepGuaranaMore5	<voice type=acceptance>\nI guess I can add them to my little indoor hobby plantation.
Dialogues/herbGuaranaMore6	<voice type=thanks>\nSplendid!  Please come back with a crop. Me and my friends will be grateful.
Dialogues/herbWreck1	<voice type=thanks>\nThank you very much for the fruits! By the way - you're blooming! 
Dialogues/prepWreck2	<voice type=surprise>\nReally?
Dialogues/herbWreck3	<voice type=laugh>\nWell… At least in comparison to the rest of the townsfolk. Do you also get the feeling they're somehow… wilted? 
Dialogues/prepWreck4	I'm not much of a people's person, but yes, they do look rather dull. Unlike you. Or Bob.\n<voice type=surprise>\nBy the way, do you know that a guy taking care of the mine is also named Bob?
Dialogues/herbWreck5	<voice type=question>\nYes, and you find it funny because…?
Dialogues/prepWreck6	<voice type=disappointment>\n…nevermind. 
Dialogues/herbWreck7	Anyway, I wanted to ask you for another favor. It's not plant-related this time.
Dialogues/prepWreck8	I'm shocked.
Dialogues/herbWreck9	<voice type=question>\nSo, do you know about the <color=yellow>plane crash</color> in the forest a few months ago?
Dialogues/prepWreck10	<voice type=negation>\nUhm… no. I must have been… away, I guess.
Dialogues/herbWreck11	You don't know much about the life of the town, do you? Anyway. A <color=yellow>plane</color> fell down one day.\n<voice type=surprise>\nLots of noise and smoke. And not a word about it in our local newspaper the days afterwards.\nIt happened <color=yellow>deep</color>, <color=yellow>deep</color> in the <color=yellow>forest</color>. The crash site is closed off by some ravines and <color=yellow>fallen tree trunks</color>.\nBut I'd like you to get there. I have a feeling the pilot was someone I know. And I'd like to check. \n<voice type=question>\nCould you find a way to get to the wreckage?\n<voice type=laugh>\nI'm sure you'll find some useful <color=yellow>items</color> and <color=yellow>materials</color> on the site.
Dialogues/prepWreck12	<voice type=acceptance>\nSounds interesting. I'll try.
Dialogues/bobElev1	Damn, it's no use again.\n<voice type=surprise>\nWait, who's there? Excuse me, this is a restricted area!\n
Dialogues/prepElev2	I'm sorry, I'm harmless! But… restricted by whom? The Agency? I haven't seen their signs.
Dialogues/bobElev3	<voice type=surprise>\nUhm… No, not the Agency. It's…\nWait. You look… different, from the rest of the townspeople, I mean.\n<voice type=question>\nYour eyes seem present. And you talk sense. Who are you?\n
Dialogues/prepElev4	People call me Prepper. I'm… an amateur constructor, you could say. \nI know this is a mine, and I'd like to get inside. \nI'm working for a local herbalist. I'm here to collect certain… organisms.\n
Dialogues/bobElev5	<voice type=surprise>\nOkay… a contructor, huh?\nI'm Bob: And here's my proposition: you do something that will be useful for both of us, and I will let you in.\nThis is an elevator that allows you to go to lower levels of the mine.\n<voice type=question>\nSounds great, right? Well, except that this junk has just broken again.\nFix it, and I'll let you into the mine.\n
Dialogues/prepElev6	<voice type=acceptance>\nAn elevator. I'll see what I can do. \nAnd I hope you're the friendly soul I've been told about.\n
Dialogues/bobElev7	Oh, I sure am!\nIf our cooperation works properly, I'll be friendly as hell.\n
Dialogues/prepWreckFound0	<voice type=surprise>\nWhat's that?
Dialogues/herbWreckFound1	<voice type=surprise>\nHey buttercup, you look like you've seen a ghost. \n<voice type=question>\nLet me guess: is that <color=yellow>you</color> in this photo?
Dialogues/prepWreckFound2	<voice type=upset>\nUhm… Yes… Apparently. How did you know?
Dialogues/herbWreckFound3	<voice type=laugh>\nOld lady's intuition. You look like someone trying to <color=yellow>escape</color>. I just connected the dots.
Dialogues/prepWreckFound4	<voice type=upset>\nI don't… I <color=yellow>don't remember</color>. Any of this. 
Dialogues/herbWreckFound5	<voice type=upset>\nHoney, you're not alone. Some people in the town don't remember entire decades. Some have trouble recognizing their friends.\n<voice type=order>\nAnd you at least have a plane crash to blame. 
Dialogues/prepWreckFound6	It's a military aircraft. \n<voice type=question>\nDoes it mean that I was… am… on their side? <color=yellow>One of them</color>?
Dialogues/herbWreckFound7	I don't know much about military things. What I know is that right now you don't seem much of a government type.\nBesides, I'm pretty sure it's them who shot you down. So, you were once one of them or not… Does it really matter now? \n<voice type=order>\nWhat matters is that you're a capable young lad. \n<voice type=laugh>\nAnd I'm sure you're coming up with a way of escaping with something <color=yellow>bigger</color> and <color=yellow>faster</color> as we speak.
Dialogues/prepWreckFound8	<voice type=upset>\n…
Dialogues/herbWreckFound9	Alright darling, I'll leave you to it. You know where to find me if you want to talk about plants, memories, and other things.
Dialogues/prepGuaranaMixture1	<voice type=greeting>\nHello, Jenny. And Bob.
Dialogues/herbGuaranaMixture2	<voice type=greeting>\nOh hello, buttercup! What brings you here?
Dialogues/prepGuaranaMixture3	<voice type=question>\nI was thinking… Do you have your <color=yellow>special mixture</color> with guarana ready? Could I get a portion?\nI'm planning to go… for a <color=yellow>long trip</color>. And I'd prefer <color=yellow>not to fall asleep</color> in the middle.
Dialogues/herbGuaranaMixture4	<voice type=laugh>\nAh, the <color=yellow>mixture</color> turned out quite well. Some of my friends already managed to pull an <color=yellow>all-nighter</color> thanks to it!\nBut here's the thing: the mixture takes up a lot of raw material resources. And we're already out after these few tests.\n<voice type=order>\nSo I'd need you to bring <color=yellow>more fruits</color>. We need enough for our needs and to make an extra portion for you.
Dialogues/prepGuaranaMixture5	I'm starting to suspect you have quite a bunch of those ‘friends'. But fine, I'll grow <color=yellow>more fruits</color> for you.
Dialogues/prepGuaranaDone1	<voice type=greeting>\nHi Jenny. And Bob. Here's the supply of fruits. It should be enough to keep the whole town awake.
Dialogues/herbGuaranaDone2	<voice type=laugh>\nTee-hee. What a funny idea!\n<voice type=thanks>\nThank you very much, young lad, I owe you!\n<voice type=acceptance>\nExpect the <color=yellow>delivery</color> in your <color=yellow>mailbox</color>. And have a good trip, buttercup!
Dialogues/prepGuaranaDone3	<voice type=thanks>\nThanks. Take care, Jenny!
Dialogues/prepGuaranaTooSoon1	<voice type=greeting>\nHi Jenny. And Bob. Here's the supply of fruits.
Dialogues/herbGuaranaTooSoon2	<voice type=thanks>\nThank you very much! It helps a lot!
Dialogues/prepGuaranaTooSoon3	<voice type=question>\nNow, when can I expect the <color=yellow>mixture</color>?
Dialogues/herbGuaranaTooSoon4	<voice type=upset>\nAh. See, buttercup, there's a small <color=yellow>problem</color>.\n<voice type=disappointment>\nI'm <color=yellow>not allowed</color> to give it to you just yet. I'm sorry, it's not really up to me.
Dialogues/prepGuaranaTooSoon5	<voice type=surprise>\nWhat?! What does it mean? And who's not allowing you, Bob?
Dialogues/herbGuaranaTooSoon6	<voice type=anger>\nDon't be disrespectful, young man. Bob has nothing to do with this. \nMy friends really need the mixture and they are not sure they can <color=yellow>trust you</color>.\nBut I'm sure you'll earn the <color=yellow>trust</color> soon enough. At the right moment, one of my friends will send you back to me.\n<voice type=upset>\nI'm sorry, buttercup.
Dialogues/prepGuaranaTooSoon7	<voice type=anger>\nI don't like this at all. We had a deal. I will come back.
Dialogues/prepGuaranaFinally1	<voice type=greeting>\nHey, Jenny. I'm back to pick up my <color=yellow>mixture</color>. Bob has sent me to you. I already know about the <color=yellow>Sleepless</color>.\nI had the feeling that all those strong stimulants are for something bigger than a Sunday knitting club.
Dialogues/herbGuaranaFinally2	<voice type=upset>\nApologies, buttercup. I couldn't tell you openly before, it would be risky to our cause..\n<voice type=acceptance>\nHere's the <color=yellow>mixture</color>. Good luck with your trip. 
Dialogues/prepGuaranaFinally3	<voice type=thanks>\nThank you. And I wish you folks many sleepless, subversive nights, if that's your thing.
Dialogues/herbTooSoonIncomplete	<voice type=upset>\nI'm not allowed to give it to you just yet. I'm sorry, it's not really up to me.
Dialogues/herbGenericIncompleteAlt0	<voice type=question>\nHave you done what I asked for?
Dialogues/herbGenericIncomplete0	<voice type=question>\nHey buttercup, do you have what I needed?
Dialogues/herbGenericIncomplete1	<voice type=disappointment>\nNo? Oh, that's a pity. Come back later then, me and Bob will be grateful.
Dialogues/bobJack1	<voice type=greeting>\nOh, hi Prepper! Sorry for leaving so soon last time, I needed to check something.\nMany thanks for repairing the elevator! It makes many things easier.\nAll electrical equipment seems to break easily these days.\nLike this radio. It doesn't ever turn on.\nHey, do you want it? I dont have any use out of it anyways. \n
Dialogues/bobJack1.1	Where's my radio? I swear it was here...\nI need to drink some tea.
Dialogues/bobJack1.2	Anyway...
Dialogues/bobJack1.5	There is also a phone on the wall, doesn't work either. You can take it if you want.\n
Dialogues/bobJack1.6	<voice type=question>\nNow, what brings you down here?
Dialogues/prepJack2	Let's say I'm here for some sightseeing.
Dialogues/bobJack3	<voice type=question>\nUhm, OK. While you're at it… Could you look around for my jacket? I lost it somewhere in the mine.\nIt's red and white. A bit dirty. It has… emotional value. And it's warm. Very important here.\n
Dialogues/prepJack4	Right. Sure. I'll be on the lookout and let you know.
Dialogues/bobJack5	Just… You should know you need to be careful lower from here. There are… certain organisms in the mine.\nLike, moving ones. Biting. Scratching. Dragging your helpless body into--\n
Dialogues/prepJack6	Okay, okay, enough. I'll be careful.
Dialogues/bobGlass1	<voice type=question>\nHello, Prepper! Can I ask you another favor?
Dialogues/prepGlass2	<voice type=order>\nShoot.
Dialogues/bobGlass3	I've been struggling with getting around the mine a little bit lately. At first I thought it's the usual, you know – things get blurry because of sleep issues and concentration problems. \nBut no, it seems it's just my eyesight getting bad.\nAnd since the… you know, the government change, we don't have an optician in town.\n<voice type=question>\nYou visit so many places. Could you find glasses for me?
Dialogues/prepGlass4	<voice type=acceptance>\nAll right. I'll see what I can do.
Dialogues/bobSleep1	Let me give you some advice.\nThere is dangerous on lower leves of this mine, too much hydrogen!\nSome industrial stuff from back then...\nSo I won't advice you going there.
Dialogues/bobSleep2	What are you doing here?
Dialogues/bobSleep3	I'll tel you but you first.
Dialogues/bobSleep4	Ok, fine!\nI'm boss of a secret organization called Sleepless.
Dialogues/bobSleep5	Welcome to our secret base.
Dialogues/prepBobGeneric1	<voice type=question>\nOh, so… Do you give names to all your plants?
Dialogues/herbBobGeneric2	<voice type=laugh>\nUhm. Sweetie, I'm a herbalist. I pick plants, dry them, chop them, cook them, squeeze them, burn them. Et cetera.\nSo no, I don't give names to all my plants.
Dialogues/prepBobGeneric3	<voice type=question>\nOkay. So… how is Bob special?
Dialogues/herbBobGeneric4	<voice type=order>\nWell, Bob is a friend. \nAnd please be kind to him. He's sensitive and has a good memory.
Dialogues/prepBobGeneric5	<voice type=greeting>\nOK. So… Nice to meet you, Bob.
Dialogues/herbBobGeneric6	<voice type=order>\nHe's pleased too! Don't mess it up.
Dialogues/prepBobGlasses1	<voice type=question>\nHello, Jenny and Bob. Could I ask you a favor?
Dialogues/herbBobGlasses2	<voice type=greeting>\nHello. We're all ears.
Dialogues/prepBobGlasses3	So, it's about the other Bob. You know, from the mine. The biped.\nHis sight is getting bad lately. He needs glasses to read. And tend to his mine, in general.\n<voice type=question>\nI was wondering… would Bob… I mean, Bob, would you be willing to give your glasses to Bob?
Dialogues/herbBobGlasses4	<voice type=question>\nI feel he is willing to help, a kind plant as he is. But… doesn't he still need them himself?
Dialogues/prepBobGlasses5	Uhm… I think… Bob doesn't have to use them anymore. He is growing so well, gets greener everyday. I'm sure his sight is already great.\nBecause of… you know… photosynthesis and stuff. 
Dialogues/herbBobGlasses6	<voice type=surprise>\nI think you're right! Bob will be fine without the glasses. And maybe it's time for a new look. Take them!
Dialogues/prepBobGlasses7	<voice type=thanks>\nThanks, Jenny! And Bob. You're a swell guy, Bob.
Dialogues/herbPicture1	See, that's me. I wasn't always an old lady – amazing, isn't it? \nAnd next to me, you can see my friend Mary. She was the one to drag me to my first demonstrations.\nShe still lives in Murricaville, by the way. She's now one of the “bless the President”, empty-eyed types. Doesn't recognize me anymore.\nThese were troubled, turbulent times. But today? I'd be glad to know what I actually fight against.\n
Dialogues/prepElevComplete1	<voice type=greeting>\nSo... That thing is positively ancient, but I got it up and running.
Dialogues/bobElevComplete2	<voice type=thanks>\nOh, amazing! Now if you'll excuse me... I have some very urgent things to check in the mine!
Dialogues/bobElevIncomplete1	 
Dialogues/bobJackIncomplete1	<voice type=question>\nOh hey, have you stumbled upon my jacket by any chance? Oh, too bad. Please don't forget about it, OK? 
Dialogues/bobJackComplete1	<voice type=thanks>\nHey Prepper. You have my jacket! Great! Oh man, I really need to wash it now. Was it in a very dangerous place?
Dialogues/prepJackComplete2	There were certain organisms around indeed, if that's what you're asking about.
Dialogues/bobJackComplete3	<voice type=acceptance>\nI see. Well, you deserve a reward. Here, in one of the pockets, there is a revolver.\nYou can take it. It may come in handy during your… sightseeing trips.\nIt's broken though. But I know a person who could be able to repair it. \nGo to the junkyard in the desert at night and you'll meet him.\nHe's also one of the… aware ones. But please mind that he has… some other issues.\n
Dialogues/prepJackComplete4	<voice type=thanks>\nLike we all do. Thanks for the gun and the advice.
Dialogues/bobJackComplete5	Like we all do. Take care.
Dialogues/bobGlassIncomplete1	<voice type=question>\nHey, Prepper, it's you! I don't see you bringing me my new glasses!\nDo you get it?
Dialogues/prepGlassIncomplete2	<voice type=laugh>\nAh. It was actually a bit funny! No, I don't have the glasses yet.
Dialogues/bobGlassIncomplete3	<voice type=order>\nPlease don't make me say another joke like this!
Dialogues/prepGlassComplete1	<voice type=greeting>\nHi, Bob. Here you are, I brought glasses for you!
Dialogues/bobGlassComplete2	<voice type=thanks>\nOh, wonderful! Let me try them right away!
Dialogues/prepGlassComplete3	Wow, you actually look similar to him!
Dialogues/bobGlassComplete4	<voice type=question>\n…To whom?
Dialogues/prepGlassComplete5	<voice type=question>\nOh, nevermind. Do the glasses help?
Dialogues/bobGlassComplete6	<voice type=thanks>\nYes, Prepper, thank you, you're the best!\nNow, I think you deserve to know something. But I hope you can keep a secret!\n
Dialogues/prepGlassComplete7	Sure! I can store it in an underground bunker.
Dialogues/bobGlassComplete8	<voice type=laugh>\nYou have a weird sense of humor, Mr. Prepper. Anyway, come, I need to show you something.
Dialogues/prepGlassComplete9	<voice type=acceptance>\nOh. This is quite a collection.
Dialogues/bobGlassComplete10	Now you understand the secrecy? I have always loved books and comics. Too much for my own good, it turned out.\nWhen the new government started implementing censorship laws, I didn't really believe they would act on them.\nUp to the day the Agency came into my house and confiscated all my books. Not all were “subversive”, as they say, but they took everything anyway.\nEverything — Civil War era pamphlets, Little Nemo, Jules Verne, pre-war Superman, Sylvia Plath.\nAnd then they took my job – I used to be a teacher, you know. But possession of subversive materials is bad influence on the youth.
Dialogues/prepGlassComplete11	But it seems the punishment didn't work well. You're a habitual offender.
Dialogues/bobGlassComplete12	True. Collecting is way harder now than it used to be. I managed to gather some wonders and curiousities though. \nAnd please don't ask me where I have the contemporary European comic strips from.\nPlease take a look if you want!\n
Dialogues/bobHydrogen1	Uhm, hey, Prepper… One more thing before you go.
Dialogues/prepHydrogen2	<voice type=question>\nYes?
Dialogues/bobHydrogen3	As you go on exploring the mine… Please be careful.\n<voice type=order>\nAnd under no circumstances, please don't go to the 5th level of the mine. It's way too dangerous. I myself never go there.\n
Dialogues/prepHydrogen4	<voice type=surprise>\nUhm, okay. Why is that?
Dialogues/bobHydrogen5	Before the government had abandoned the mine, they were doing some technology experiments here.\nBasically, they were using hydrogen-based mining explosives.\n
Dialogues/prepHydrogen6	<voice type=question>\nAnd how did it go?
Dialogues/bobHydrogen7	Not very well. But there is still a lot of hydrogen containers down there.\nPlease don't go there. You would risk blowing yourself up with the whole mine.\n
Dialogues/prepHydrogen8	<voice type=acceptance>\nOh, this sounds very dangerous indeed! I will keep well away from there.\n(Hydrogen, you say. That's interesting…)\n
Dialogues/bobSleepless1	<voice type=surprise>\nHey! It's you! What are you doing here?
Dialogues/prepSleepless2	<voice type=surprise>\nWhat are *you* doing here? You said you never went down here! And where does this door lead to?
Dialogues/bobSleepless3	<voice type=order>\nI asked the question first! And I'm the one who let you into the mine!
Dialogues/prepSleepless4	And I have repaired your damn elevator so you can come down here!
Dialogues/bobSleepless5	...
Dialogues/prepSleepless6	Okay. I'll tell you if you tell me.
Dialogues/bobSleepless7	Mmm. Fine. But you go first!
Dialogues/prepSleepless8	Ugh. Okay. So I was drawn here by your mention of hydrogen.
Dialogues/bobSleepless9	<voice type=surprise>\nWhat?! Why the hell would you?
Dialogues/prepSleepless10	So I have this small… crafting project. In my basement.\nI'm building a rocket to get out of here.\nAnd hydrogen could actually be useful as a fuel.
Dialogues/bobSleepless11	…\nYou're… Weirder than I thought, Prepper. \nOkay, so I guess it's the time for my part of the deal. But remember – not a word to anyone or people might die.\n<voice type=question>\nShall we get inside?
Dialogues/prepSleepless12	<voice type=surprise>\nOh my. I see you are not the only one coming down here.
Dialogues/bobSleepless13	No. There's more of us, and we call ourselves the Sleepless. We fight the mind control measures the government forces upon us. Ever noticed you will always fall asleep on 3 AM, no matter what? Ever noticed concentration problems? Headaches? Faulty memory?
Dialogues/prepSleepless14	Of course I have. The compulsory bedtime is driving me nuts.
Dialogues/bobSleepless15	        \nWe're sure it's the thing in the sky, the Brazen Serpent. Supposed to be protecting us, bless-the-president. But it's sending waves that mess with our brains. Making us complacent.\nWe're trying to overcome the 3 AM reset. We believe it's the key to mind control.
Dialogues/prepSleepless16	<voice type=question>\nAnd… how is it going so far?
Dialogues/bobSleepless17	Well, we have… preliminary successes. With the help of certain strong substances, some of us were able to stay awake through 3 AM.\nThose substances have some troublesome side effects though.
Dialogues/prepSleepless18	…And that's why you try them out in a den halfway to the centre of the Earth.
Dialogues/bobSleepless19	That and for keeping well away from the Agency.
Dialogues/prepSleepless20	Makes sense. And I think I know now where all the herbal teas go.
Dialogues/bobSleepless21	I know you have met Jenny already. We'll give her a green light to help you in case you're in need.\nYou're a peculiar man, Prepper, but I trust you.
Dialogues/prepSleepless22	Thanks. I'll get back to my things. Good luck with staying awake.
Dialogues/bobSleepless23	Doing our best.\nAnd oh, Prepper?\nPlease, please don't blow us all up with that hydrogen.
Dialogues/prepSleepless24	Please, please don't blow us all up with that hydrogen.
Dialogues/postRand1	<voice type=thanks>\nWhat a lovely weather today!
Dialogues/postRand2	<voice type=upset>\nA foul weather today. Or maybe it's just my mood?
Dialogues/postRand3	<voice type=upset>\nI had trouble falling asleep last night. I was watching the Brazen Serpent shining in the sky. Finally fell asleep around 3, I guess.
Dialogues/postRand4	I used to have more newspapers to carry around, but now people only read the Truth. Well, it's definitely better for my back.
Dialogues/postRand5	<voice type=acceptance>\nAlways clinks and clanks coming from your house, Mr. Prepper. It's good to keep yourself busy!
Dialogues/postRand6	<voice type=surprise>\nFunny, every day I pass a dog park, but I haven't seen a dog in quite a while.
Dialogues/postRand7	<voice type=disappointment>\nI remember we used to enjoy gondola lift rides through the forest on sunny Sundays, before the Plague. Somebody should bring the lift back to life.
Dialogues/postRand8	The rumour is that Mr. Johnson woke up in someone else's bed last Saturday. He swears he doesn't know how it happened. Mrs. Johnson is not having it!
Dialogues/postRand9	Ah, so many letters to deliver today.
Dialogues/postRand10	<voice type=greeting>\nGood morning, Mr. Prepper, there's mail for you again! You seem to have a lot of pen pals, that's nice.
Dialogues/postRand11	The building of the Agency looked busier than usual today. I wonder what that might mean.
Dialogues/postRand12	<voice type=greeting>\nYou've got mail!
Dialogues/postRand13	<voice type=question>\nUnreceived mail is piling up in the mailbox of Bob, the former teacher. Has he gone on a vacation or something?
Dialogues/postRand14	These days many people in the town just look at me empty-eyed when I bring them mail. People used to be more polite and respect the postal workers more.
Dialogues/postRand15	<voice type=anger>\nSome graffiti appeared around the town lately. Weird slogans on staying awake, clumsy drawings of eyes. Senseless vandalism if you ask me.
Dialogues/postRand16	<voice type=upset>\nIt used to be more lively here in the neighborhood.
Dialogues/postRand17	<voice type=question>\nHow are you, Mr. Prepper? This morning I took a wrong turn and lost my way. Funny, I must be getting old!
Dialogues/postRand18	<voice type=surprise>\nI've recently heard of wolves coming back to the forest outside town. Can you believe it?
Dialogues/postRand19	<voice type=question>\nDo you sometimes think that your letters travel further than you ever will?
Dialogues/postRand20	<voice type=greeting>\nMornin'! We have a new series of stamps! Exciting, isn't it? It's – yeah, you guessed it – our beloved President. His left profile this time.
Dialogues/postRand21	You know, Mr. Prepper, I also had these daily visits from the Agency some time ago, after I had done a small mistake at work. Be patient, they will get bored at one point.
Dialogues/postRand22	<voice type=greeting>\nGood morning, Mr. Prepper! I like that you're always up to something. Murricaville is a rather sleepy town these days.
Dialogues/postRand23	<voice type=greeting>\nHey Mr. Prepper! I hope you're dealing well with the shortages! It's always good to keep some emergency supplies in case the electricity goes out again.
Dialogues/postRand24	<voice type=question>\nWhat was I… ah, yes. The mail. Now I remember.
Dialogues/postRand25	<voice type=greeting>\nHello, Mr. Prepper! I hope you'll find only good news in the mail today!
Dialogues/introText	In the late 1970s, a new virus had emerged and soon spread all over the world. The pandemic had a specific scientific name, but people have remembered it simply as the Plague.\nSome governments handled it better, some worse. The US administration's catastrophic response led first to a change of government, and then a change of the whole political system.\nThe year is 1995. Life in the town of Murricaville is calm and happy. But apparently, not everyone is satisfied…\n
Dialogues/introClick	- press anything to continue -
Dialogues/prepPlanHidden	<voice type=laugh>\nIt would help to flip it first.
Dialogues/prepRocketReword	<voice type=thanks>\nNice timing.
Dialogues/introTextPrepper	Ever since the Plague and the change of government, this town has been unbearable. Lifeless. Filled only with boredom, propaganda, and control.\n\nI have tried to escape and I've failed, this time. But I'll find a way.\n\nThey call me Mr. Prepper...
Dialogues/introTextPrepper1	Ever since the Plague...
Dialogues/introTextPrepper2	...and the change of government,
Dialogues/introTextPrepper3	this town has been unbearable.
Dialogues/introTextPrepper4	Lifeless.
Dialogues/introTextPrepper5	Filled only with boredom, propaganda, and control.
Dialogues/introTextPrepper6	I have tried to escape and I've failed, this time.
Dialogues/introTextPrepper7	But I'll find a way.
Dialogues/introTextPrepper8	They call me...
Dialogues/introTextPrepper9	Mr. Prepper.
Dialogues/herbTools	Ah, why the face? Don't be afraid, these are just my gardening tools. \nBoth are for effective weeding. With proper tools and technique, you can uproot anything, be it a daisy or a thistle.\nAm I talking only about gardening now? Don't mind me, I'm just an old lady. \n
Dialogues/joeFirstMeeting1	<voice type=question>\nHey, who's there?
Dialogues/prepFirstMeeting2	<voice type=greeting>\nHello, I'm Prepper. I'm a friend… Bob has sent me here.
Dialogues/joeFirstMeeting3	<voice type=laugh>\nAh, Bob, that old rascal! What's he up to these days?
Dialogues/prepFirstMeeting4	He's tending to a mine. Minekeeping, if that's a thing.
Dialogues/joeFirstMeeting5	<voice type=acceptance>\nIt can be a thing if we want it to be a thing. And good that he stays in the mine!\nIt should be safe down there from chemtrails, the Hum, and the mind-controlling waves.
Dialogues/prepFirstMeeting6	Uh… Uhm… Okay. So, Bob has said that you were repairing guns, among other things. 
Dialogues/prepFirstMeeting6.2	<voice type=question> \nI have a broken revolver. Could you take a look at it?
Dialogues/prepFirstMeeting6.3	Uhm... Wait. I think I must have left it somewhere. I'll be back.
Dialogues/joeFirstMeeting6.4	Oh, okay. See you later, young man.
Dialogues/joeFirstMeeting7	<voice type=question>\nYeah, sure. But could I ask you for a thing in return?
Dialogues/prepFirstMeeting8	<voice type=acceptance>\nShoot, I'll see what I can do.
Dialogues/joeFirstMeeting9	So, how to explain it… With all the waves coming around… I figured I could install some protection in my lil' shack.\nAnd maybe have some… wearable personal protection too.
Dialogues/prepFirstMeeting10	<voice type=question>\nSo you want me to… 
Dialogues/joeFirstMeeting11	Well, since it's the waves… I want you to bring me some tinfoil. At least enough to line my shack with it.
Dialogues/prepFirstMeeting12	<voice type=laugh>\nAh, right! Tinfoil! The universal protection from mind control. I should've guessed.
Dialogues/joeFirstMeeting13	<voice type=thanks>\nYou get it, that's great! 
Dialogues/prepFirstMeeting14	Suuure. Now, before I go looking for tinfoil… I have one another thing. I've noticed you have some cars around here.\n<voice type=question>\nDo you have something close to a working condition so I could try to get it up and running?
Dialogues/joeFirstMeeting15	Why, I do. Feel free to take a look and try. If you manage to repair one, it's yours.\nOh, and by the way – if you need to trade something, our usual Murricaville way, I'm open.\nI have fuel, scrap metal, and ammunition. You know, the usual things on the junkyard.
Dialogues/prepFirstMeeting16	<voice type=thanks>\nGreat, thanks! See you later then.\n(What the hell is the Hum?)
Dialogues/joeFirstMeetingIncomplete1	<voice type=question>\nHey Prepper, do you have the material?
Dialogues/prepFirstMeetingIncomplete2	<voice type=negation>\nNo, not yet, I need to look around some more.
Dialogues/joeFirstMeetingIncomplete3	<voice type=disappointment>\nPlease do! I feel the waves are getting worse lately.
Dialogues/prepFirstMeetingComplete1	<voice type=greeting>\nHey Joe! I have the tinfoil for you!
Dialogues/joeFirstMeetingComplete2	<voice type=thanks>\nOh, shiny! Thanks a lot, I hope I'll get my concentration back!\nBy the way, I have repaired your revolver, it's like new. But if the Agency asks you about it, I know nothing!\nI have some stuff to do now, but remember to stop by sometimes!
Dialogues/prepFirstMeetingComplete3	<voice type=thanks>\nSure thing. Thank you, Joe!
Dialogues/chupaWoof1	<animation trigger=BeforAttack>\nWoof!
Dialogues/chupaWoof2	<animation trigger=BeforAttack>\nWoof woof!
Dialogues/chupaWoof3	<animation trigger=BeforAttack>\n(snarl)
Dialogues/chupaWoof4	<animation trigger=BeforAttack>\nBark bark!
Dialogues/joeDog1	<voice type=thanks>\nHey, Prepper! Thank goodness you're here!
Dialogues/prepDog2	<voice type=question>\nHey Joe, what happened?
Dialogues/joeDog3	<voice type=upset>\nMy dog, Chupacabra, is missing! I'm losing my mind. He has never been going far by himself.\nHe is a disciplined dog, normally he is helping me guard the junkyard.\n<voice type=upset>\nI don't know what happened! Could you please help me find him?
Dialogues/prepDog4	<voice type=question>\nI'll be on the lookout. Can you remind me how did he look like?
Dialogues/joeDog5	Oh, don't you remember him? He's a shepherd dog type, quite muscular. Very wise eyes.\n<voice type=upset>\nPlease bring him back if you see him!
Dialogues/prepDog6	<voice type=acceptance>\nSure, I'll see what I can do.
Dialogues/joeDogIncomplete1	<voice type=upset>\nPrepper! Have you found my dog? I'm worried sick about him!
Dialogues/prepDogIncomplete2	<voice type=negation>\nNo, sorry. 
Dialogues/prepDogComplete1	<voice type=greeting>\nHey Joe! And Chupacabra! I'm glad he already got to you. He ran away as soon as I released him.
Dialogues/joeDogComplete2	<voice type=laugh>\nOh Prepper, so it was really you! We can't thank you enough, brother.
Dialogues/prepDogComplete3	<voice type=question>\nDo you have any idea who would want to hurt your dog?
Dialogues/joeDogComplete4	<voice type=negation>\nI dunno if it even was a person. I have a feeling dogs get crazy because of the waves, like we all do.
Dialogues/prepDogComplete5	<voice type=question>\nHm. Oh, that reminds me… Why the name? Did you have any experience with… you know… a chupacabra?
Dialogues/joeDogComplete6	<voice type=surprise>\nWhat? No, come on. Chupacabra is just a silly legend. I just thought the name is funny, that's all.
Dialogues/prepDogComplete7	<voice type=acceptance>\nHeh. Right, of course.
Dialogues/joeDogComplete8	And hey, Prepper, I have something for ya. I've found an access card with "Murricaville Mining Company" written on it.\nMaybe you'll make some use of this.
Dialogues/prepDogComplete9	<voice type=thanks>\nI actually might. Thanks, Joe.
Dialogues/joeBroadcast1	<voice type=greeting>\nHi, Prepper! Good to see ya.\n<voice type=question>\nHave you heard the rumors about the radio broadcast from… you know… the south?
Dialogues/prepBroadcast2	<voice type=negation>\nNo. From the south? You mean from Mexico?
Dialogues/joeBroadcast3	I haven't spoken this name out loud for a long time. See, the Agency propaganda got even into my blood.\nYes, from Mexico. People say they pick up a radio signal, but too weak to be readable.\nI tried with my radio. I got something, but couldn't get the words. But I'm sure it's a repeated message, not a regular radio station.
Dialogues/prepBroadcast4	<voice type=surprise>\nTransmission from abroad? Exciting!\n<voice type=question>\nMaybe we should try to catch the signal from a car? Somewhere from the desert south of here?
Dialogues/joeBroadcast5	That's what I was thinking, Prepper. The thing is: the car radio is broken. With some decent electronic parts I could repair it. \n<voice type=disappointment>\nAnd it turns out I've already used all the ones I had on the junkyard for some... other projects.\n<voice type=question>\nWould ya get me some good electronic parts so I can install a strong radio in the car?
Dialogues/prepBroadcast6	<voice type=acceptance>\nSure, I'll try. 
Dialogues/joeBroadcastFoundIncomplete1	<voice type=greeting>\nPrepper! Have you picked up the signal yet?
Dialogues/prepBroadcastFoundIncomplete2	<voice type=negation>\nNo luck so far, sorry.
Dialogues/joeBroadcastIncomplete1	<voice type=greeting>\nHey Prepper! Do you have the electronic parts? I'm very curious about this broadcast!
Dialogues/prepBroadcastIncomplete2	<voice type=negation>\nNot yet! But I'm working on it, trust me.
Dialogues/radioBroadcastText	…Attention! All citizens of the United States of America! Your government is lying to you!\nThe Brazen Serpent satellite is not a medical project! Brazen Serpent is a mind control tool!\nBrazen Serpent causes lack of motivation, memory problems, and vulnerability to manipulation!\nA series of terrorist attacks is thought to be linked with Brazen Serpent!\nCitizens of the United States! Revolt against your government or defect to our side!\nWe have help for you ready at the borders! You do not have to suffer!\nAttention! All citizens… (the broadcast repeats itself)\n
Dialogues/joeBroadcastFoundComplete1	<voice type=greeting>\nHi, Prepper! Have you caught the transmission?
Dialogues/prepBroadcastFoundComplete2	<voice type=acceptance>\nI have, yes. It's read with a strong Spanish accent. I've written it down, but I can tell you the main points.
Dialogues/joeBroadcastFoundComplete3	<voice type=order>\nDo it right now, I'm anxious to know!
Dialogues/prepBroadcastFoundComplete4	They're basically saying the Brazen Serpent satellite is a mind control tool.\nAnd this indeed would explain a lot of things.
Dialogues/joeBroadcastFoundComplete5	<voice type=laugh>\nThe waves! I told you, Prepper!
Dialogues/prepBroadcastFoundComplete6	They also say it causes memory and concentration problems. Oh, and they blame it for some terrorist attacks.
Dialogues/joeBroadcastFoundComplete7	<voice type=upset>\nThis… I dunno, Prepper. I feel broken. I was afraid of the mind control waves for some time, but I secretly hoped it wasn't true.\nNow I know for sure, and this thing is circling above us constantly.\n<voice type=question>\nAnd did the Mexicans have any… advice for us?\n
Dialogues/prepBroadcastFoundComplete8	They're telling us to revolt or escape to their side. A walk in the park, right?
Dialogues/joeBroadcastFoundComplete9	Damn, Prepper. I'm too old and weak to leave this junkyard and take Chupacabra with me.\nBut I know you can outsmart them. Escape from here, maybe fight from the outside.\n<voice type=order>\nPlease, do it for us.
Dialogues/prepBroadcastFoundComplete10	<voice type=thanks>\nThanks, Joe. Trust me… I'm doing what I can.  
Dialogues/bobComicStrip	This is a precious exhibit in my collection. A page from the “Imperial Observer”, smuggled from Europe. \nThe cartoon nicely shows how our country is seen abroad, bless the President.\nOh, and the article on the same page is quite interesting too.\n
Dialogues/bobOntheBeach	Ah, this is one of my favorites. Despite the title, it's not about summer vacations merrymaking.\nIt shows the aftermath of nuclear war from the perspective of Australia.\nAnd the Australians are surprisingly chill about their imminent doom. I'm still not sure if it's sad or inspiring.\n
Dialogues/joeOldCar	Ah, this one brings memories. It's a Studebaker Silver Hawk, just like the one I had in my youth. \nBack in the days when you could afford a car with a factory job and gasoline was dirt cheap.\nWe spent some lovely moments in this car with Barbara. Drive-in cinemas, a road trip to the Pacific coast, sunsets on hilltops.\nBut Barbara died in the Plague, and everything else went to hell afterwards. Except for the sunsets maybe.\n
Dialogues/prepAtomicBook1	Hey, Bob. I'm looking for a book on a specific topic and I wonder if you have something in your library.
Dialogues/bobAtomicBook2	Oh, it's been a while since I could help anyone with a request like this! Shoot.
Dialogues/prepAtomicBook3	I'm looking for an informative book about nuclear warfare and its consequences. Not a novel, rather a non-fiction sort of thing.\nI'm asking for a friend.
Dialogues/bobAtomicBook4	This is… a very telling field of inquiry.\nBut fine, I think I actually have something. Here's Fallout Protection: What To Know And Do About Nuclear Attack, a government brochure from the early sixties.\nVery informative. And check out the illustrations! You can actually feel excited about your area being nuked.\n
Dialogues/prepAtomicBook5	Sounds like something right up my alley! Thanks, Bob.
Dialogues/sleep1Hello	It's my 37th hour without sleep and I feel almost fine! And the red color on these posters sounds really pleasant, don't you think?
Dialogues/sleep2Hello	Sometimes right after 3 AM you can see some people walking back to their beds, completely unconscious. It's super creepy.
Dialogues/sleep3Hello	Most of us Sleepless have tried tying ourselves up somewhere outside our beds, and not for the fun reasons.
Dialogues/sleep4Hello	Stay awake! *yawn*
Dialogues/sleep5Hello	I miss the days when a regular coffee was enough to keep me awake through the night.
Dialogues/sleep6Hello	Maybe I'll lie down here for a moment… Just a short nap…
Dialogues/joeNoQuests1	<voice type=question>\nWhat's up, Prepper? Nothing much happens here lately. I was just chilling and watching chemtrails from the passing planes.
Dialogues/joeNoQuests2	<voice type=greeting>\nOh, hi, Prepper. I ain't got anything exciting for you right now, it's just same old at the junkyard. But please pay me a visit from time to time!
Dialogues/joeNoQuests3	<voice type=question>\nDo you sometimes think what if Lee Harvey Oswald had really been a lone gunman? Nah, you probably don't bother yourself with such whacky theories.
Dialogues/prepFortEnoughTrust1	<voice type=greeting>\nHey, Joe, I have an important question and I suspect you know the answer.\nCould you tell me how to get to the Fort Observer military base? I know it's in the desert somewhere.\n
Dialogues/joeFortEnoughTrust2	<voice type=question>\nOh, chasing the military secrets now, Prepper, aren't you?\nI can tell you for sure they ain't got UFOs like in Area 51, I have good intel on that.\n<voice type=fear>\nSome say it's haunted though. You need to be careful.\n
Dialogues/prepFortEnoughTrust3	<voice type=acceptance>\nI'll try. There might just be something I need out there.
Dialogues/joeFortEnoughTrust4	<voice type=acceptance> \nOkay, buddy. I can show it to you on the map.\nSo, there it is. A long stretch of road from the last place you can use as a supply stash.\nWhich leads to another problem…\n
Dialogues/prepFortEnoughTrust5	<voice type=upset>\n…it's too long to make it in one go before the 3 AM knocks me out.
Dialogues/joeFortEnoughTrust6	You're smart, Prepper. And yes, I'd say it ain't possible unless you find a way to stay awake.
Dialogues/prepFortEnoughTrust7	Hmm, I might have an idea on how to deal with this. Thank you, Joe.
Dialogues/prepFortNotEnoughTrust1	<voice type=greeting>\nHi Joe. I have an important question: do you know the exact location of the Fort Observer military base? \nI know it's in the desert somewhere, and nobody knows as much about the desert as you.\n
Dialogues/joeFortNotEnoughTrust2	I might know what you're talking about. \nBut ya know, buddy, it ain't personal, but I'm not going to give away classified information to someone I barely know.\n<voice type=negation>\nNot in this political climate, that's for sure.\nBut maybe if you lend me a hand here and there, I'll trust you with this. \n
Dialogues/prepNotEnoughTrust3	<voice type=upset>\nOh, it's sad. You don't really think I'm one of the Agency guys, right?\n<voice type=acceptance>\nBut fine, I can prove you I'm trustworthy. I really need to get to that base.
Dialogues/prepChupacabra1	<voice type=greeting>\nHey, who's a good boy?
Dialogues/chupaChupacabra2	(stares suspiciously)
Dialogues/joeChupacabra3	<voice type=negation>\nChupacabra doesn't do this bullshit. But don't ya worry, he's a fine, friendly dog.
Dialogues/prepChupacabra4	<voice type=acceptance>\nHe looks fit and smart. So does he help you with your business? 
Dialogues/joeChupacabra5	Yup. Scares off vermins and odd wanderers who stray into the area. Helps me find some stuff when I'm too forgetful.\nIt's been 10 years or so since I've found him.\n<voice type=surprise>\nBy the way, I haven't seen any other dog around for quite some time already. Weird, isn't it?\n
Dialogues/prepChupacabra6	Hmm, me neither. So it's even more lucky that you two have each other. 
Dialogues/chupaChupacabra7	Woof!
Dialogues/prepNeon1	<voice type=greeting>\nHey, Joe! Was wondering about something… Why ‘Big' Joe?
Dialogues/joeNeon2	Ah, it's the nickname I got back in the days. ‘Cause I'm, ya know. Not big.
Dialogues/prepNeon3	<voice type=surprise>\nAnd that's it? No Agency-held secrets behind it? No conspiracies?
Dialogues/joeNeon4	<voice type=negation>\nNone whatsoever. My pals just had a lame sense of humor, that's the story.
Dialogues/prepBroadcastComplete1	<voice type=greeting>\nHey Joe, I brought some electronic parts, take a look.
Dialogues/joeBroadcastComplete2	<voice type=acceptance>\nThese will do! Now I'm gonna go and install the radio in the car. Please come back later.
Dialogues/joeBroadcastFound1	<voice type=greeting>\nHey buddy! I've fixed the car up with a radio. I bet it's strong enough to pick up something.\nNow you can venture to the desert and pick up the broadcast. I'm dying to know its content!\n
Dialogues/prepBroadcastFound2	<voice type=acceptance>\nI'll write it down for you when I catch it!
Dialogues/prepSignalNone1	Now let's see if the radio picks up anything. 
Dialogues/radioSignalNone2	(static)
Dialogues/prepSignalNone3	<voice type=negation>\nNothing whatsoever. I need to go farther.
Dialogues/prepSignalBarely1	Maybe now I'll have more luck.
Dialogues/radioSignalBarely2	(static) …government… …medical… …memory… …not… (static)
Dialogues/prepSignalBarely3	<voice type=anger>\nDamn, it's impossible to make anything sensible out of it. I need to try somewhere else.
Dialogues/prepSignalPartially1	Okay, let's try it again.
Dialogues/radioSignalPartially2	(static) … Brazen Serpent… …tool… …series of terrorist… …ready at the borders… …have to suffer… (static)
Dialogues/prepSignalPartially3	<voice type=order>\nThe signal is stronger, but the message does not get more understandable. I need to go farther.
Dialogues/prepSignalFull1	Now I have a good feeling about this. Let's try.
Dialogues/radioSignalFull2	…Attention! All citizens of the United States of America! Your government is lying to you!\nThe Brazen Serpent satellite is not a medical project! Brazen Serpent is a mind control tool!\nBrazen Serpent causes lack of motivation, memory problems, and vulnerability to manipulation!\nA series of terrorist attacks is thought to be linked with Brazen Serpent!\nCitizens of the United States! Revolt against your government or defect to our side!\nWe have help for you ready at the borders! You do not have to suffer!\nAttention! All citizens… (the broadcast repeats itself)
Dialogues/prepSignalFull3	<voice type=surprise>\nWow.\nIt all makes sense, but damn, this sounds serious.\nAnd it seems at least one of Joe's conspiracy theories was right. I wonder how he'll take it.
Dialogues/prepDogFound1	<voice type=greeting>\nHey! Chupacabra, is that you? 
Dialogues/chupaDogFound2	Woof!
Dialogues/prepDogFound3	<voice type=laugh>\nIt's you! Oh, buddy, how did you get into this mess? Let's get you out of here!
Dialogues/chupaDogFound4	(whine)
Dialogues/prepGeiger1	<voice type=greeting>\nHey Joe! This Geiger counter here? Do you mind if I borrow it?
Dialogues/joeGeiger2	<voice type=surprise>\nWh-what? Why? Prepper, tell me! Have you been contaminated?! Was there a leak of nuclear fuel?\n<voice type=fear>\nA reactor meltdown?! No, wait, we don't have a nuclear power plant around here. A mini-nuke explosion?\n<voice type=laugh>\nOh, I know! You were abducted by aliens!\n
Dialogues/prepGeiger3	<voice type=surprise>\nWhat? No, wait, Joe, please calm down. \n<voice type=negation>\nNothing happened to me. And there's no source of radiation around. That I know of, at least.\n
Dialogues/joeGeiger4	Okay… So… Why do you need a Geiger counter?
Dialogues/prepGeiger5	Uhm, its for… a friend. I don't know what does he need it for.
Dialogues/joeGeiger6	See? Maybe he knows stuff! Is he connected to government services?
Dialogues/prepGeiger7	<voice type=negation>\nNo. I guess he just wants to check something. Or have it just in case.\nSo... can I take the counter or not?\n
Dialogues/joeGeiger8	<voice type=surprise>\nOh, sure you can! I should have a spare one around, so it's not a problem.\nBut please, please let me know if you get any more info on this.\n
Dialogues/prepGeiger9	<voice type=acceptance>\nOh sure, you'll be the first to know. And thanks!
Dialogues/boss1	<voice type=greeting>\nHello, hello, hello, hello
Dialogues/prepFakeCore	Hm... It doesn't work without inside parts. \nI should come up with some kind of replacement.
Dialogues/bossCreated	<voice type=greeting>\nHello. It's me, Ellipse, Fort Observer's security AI. I don't like what you've just done.
Dialogues/bossCreated1	Fine, you can pass now. Come on. I am not angry at all.
Dialogues/prepCantGrabMonitor	<voice type=negation>\nIt won't let me grab it.
Dialogues/prepShouldCraftABad	It's late. I should craft myself a bed and go to sleep.
Dialogues/bossWelcome	<voice type=greeting>\nWelcome to Fort Observer. This is Ellipse, the base's security AI. Bless the President!
Dialogues/bossCard0	Please enter your access card.
Dialogues/prepNoCard1	<voice type=question>\nCard? Uhm… I forgot mine. Can I access any other way?
Dialogues/bossNoCard2	Please enter your access card. This is the only way of authentication.
Dialogues/prepCard1	Hmm, wait, maybe this one will work…
Dialogues/bossCard2	<voice type=thanks>\nThank you. Checking the status.
Dialogues/bossCard3	<voice type=acceptance>\nIdentity confirmed. Welcome to Fort Observer, Mr. Prepper. 
Dialogues/prepCard4	<voice type=surprise>\nWait. This thing… Knows me?
Dialogues/bossLeaveItems0	Please leave all unauthorized items outside before entering Fort Observer.
Dialogues/bossLeaveItems1	Food is allowed. Please place all your other possessions in the box.
Dialogues/bossComeIn	<voice type=acceptance>\nEntry authorized. Enjoy your workday in Fort Observer. Bless the President! 
Dialogues/prepFortObserverEnter	Damn. It really does look... familiar.
Dialogues/prepIllegal1	<voice type=greeting>\nHey, Mr. Postman! I have a… small request for you. 
Dialogues/postIllegal2	<voice type=question>\nYes?
Dialogues/prepIllegal3	So… I've heard you've had some issues with the Agency.
Dialogues/postIllegal4	<voice type=fear>\nIt's dangerous to say this out loud, but yes, they harassed me for a long time. Why do you ask?
Dialogues/prepIllegal5	I need your help in taking down a particularly vicious agent. \nThe plan is: I give you an illegal item, you plant it somewhere not instantly visible, and then a friend of mine denounces him to the Agency.\n<voice type=laugh>\nThe Agency comes for a control and – gotchya! \nAnd we have one problem less.
Dialogues/postIllegal6	<voice type=fear>\nMr. Prepper, this is a bit much… And who even is that friend of yours? Do you trust them?
Dialogues/prepIllegal7	Uhm… Yes. He knows a lot of stuff. And I can vouch for him.
Dialogues/postIllegal8	<voice type=question>\nAnd what kind of item are we talking about?
Dialogues/prepIllegal9	<voice type=laugh>\nIt's this beautiful likeness of our beloved leader. 
Dialogues/postIllegal10	<voice type=laugh>\nOh! Very incriminating indeed.\n<voice type=acceptance>\nAlright then. I will take this risk. Any chance of harming the Agency is good.\nBut you know, if I get in trouble, the whole postal system of Murricaville collapses.\n
Dialogues/prepIllegalDelivered1	<voice type=greeting>\nHello, Mr. Postman! So, did you manage to put our small conversation piece in the right place?
Dialogues/postIllegalDelivered2	Ah yes, I arranged it in a way that should really make an impression on the viewer. And I suppose Mr. FitzPatrick won't find it before the Agency does.
Dialogues/prepIllegalDelivered3	<voice type=laugh>\nBrilliant! Thank you, Mr. Postman. Frankly, I didn't expect such enthusiastic subversive attitude from you.
Dialogues/postIllegalDelivered4	You know, it's not that I'm a revolutionary or anything. I just simply hate agents to the bone.
Dialogues/prepIllegalFigurine1	Uhm, Bob? One more thing. This bobblehead figurine around there, bless the President?
Dialogues/bobIllegalFigurine2	Ah, this one? What about it?
Dialogues/prepIllegalFigurine3	I like it a lot. Can I take it?
Dialogues/bobIllegalFigurine4	Prepper, you're a really weird person, you know that?\nBut sure, you can take it. I don't even remember who brought it here.\n
Dialogues/prepIllegalFigurine5	Thanks! I will make a truly revolutionary use of it.
Dialogues/bobIllegalFigurine6	Sure, Prepp.
Dialogues/bossTaunt1	<voice type=order>\nSecurity, you fool!
Dialogues/bossTaunt2	<voice type=anger>\nYou will be met with fire and fury!
Dialogues/bossTaunt3	<voice type=laugh>\nI have identified you as belonging to the axis of evil!
Dialogues/bossTaunt4	Yes I can!
Dialogues/bossTaunt5	I am the change you have been waiting for.
Dialogues/bossTaunt6	<voice type=anger>\nThat was your last unprovoked and dastardly attack.
Dialogues/bossTaunt7	<voice type=upset>\nYou're a bad hombre who still wants to attack me. Sad!
Dialogues/bossTaunt8	The security AI's purpose should be to eliminate, as far as possible, the need for its own existence.
Dialogues/bossTaunt9	<voice type=greeting>\nHi, I'm from the government, and I'm here to help!
Dialogues/bossTaunt10	<voice type=anger>\nRead my lips: no new trespassers!
Dialogues/bossTaunt11	<voice type=laugh>\nYou're just fake news!
Dialogues/bossFightStart	<voice type=thanks>\nThank you. Now, you will be eliminated as a security threat. It's time to put Fort Observer first!
Dialogues/bossFightMiddle	<voice type=laugh>\nElimination of a threat is usually quicker. But you are done. My buttons are bigger than yours!
Dialogues/bossFightEnd	<voice type=fear>\nCritical failure. Fort Observer will be left unobserved. Time to die.
Dialogues/agentRandom	<random>\nAgent Text One\nAgent Text Two\n<if event=fortObserverUnlocked>\nAgent Text Three\nAgent Text Four\n</random>
Dialogues/agentCondition	Agent Text Five\nAgent Text Six\n<if event=agentSaidTextSeven is=false>\n<event set=agentSaidTextSeven>\nAgent Text Seven
Dialogues/agentDialogue	Agent Text Eight\n<prepper>\nPrepper Text One\n<prepper>\nPrepper Text Two\nAgent Text Nine\nAgent Text Ten\n<prepper>\nPrepper Text Three
Dialogues/agentRoomCheck	<random>\nLet's see what we have here.\nLegality inspection underway.\nRoom inspection based on Security & Wellbeing Act.\nChecking for illegal & non-standard items.\nSeems very decent at first glance, let's see the details.\nChecking the contents of the room.\nIt's all for citizens' security & wellbeing. Bless the President!\nThe room seems tidy and functional! I hope there is nothing illegal in it.\nGathering information for a report.\nI will check the contents of the room. This is standard procedure.\nThis is standard procedure.\nUnder the previous government, we needed a separate warrant for every inspection. This was detrimental to the protection of security & wellbeing.\nKeeping one's home tidy and standard is beneficial for all the citizens of Murricaville & the country.\nChecking for signs of subversive activity.\n</random>
Dialogues/agentBoxCheck	<random>\nLet's see what we have here.\nPlease don't take it personally, citizen. Checking containers is standard procedure.\nThis is a very nice box, it would be shame if it had something illegal in it.\nChecking for illegal & non-standard items.\nThe Agency searches for items jeopardizing security & wellbeing of citizens.\nThis is standard procedure. Bless the President!\nIt is important to keep all the containers visible and easy to open. Transparency benefits everyone.\nI hope there are no illegal items inside, citizen.\nThe Agency firmly believes you will not attempt another escape, but we want to be sure that you do not have the means.\nSigns of subversive activity may sometimes be well hidden.\nOpening the container. This is standard procedure.\n</random>
Dialogues/agentElectricityCheck	<random>\nChecking if the electricity usage is normal.\nChecking for abnormalities in electricity usage.\nFair and even distribution of energy is important for Murricaville's security & wellbeing.\nEnergy usage inspection based on Security & Wellbeing Act.\nChecking the electricity meter for abnormalities. This is standard procedure. \nUnusual usage of electricity may be a sign of subversive activity.\nElectricity is one of the crucial national resources and must be used responsibly. Bless the President!\n</random>
Dialogues/agentWaterCheck	<random>\nChecking the water meter for abnormalities. This is standard procedure.\nAssessment of water usage is part of the inspection report.\nChecking if the water usage is normal.\nAbnormalities in water usage may point to subversive activity.\nWater is a crucial resource in the national economy and should be used responsibly. Bless the President!\nA very large water consumption would be suspicious, this is why I check the water meter. This is standard procedure.\nChecking if the water usage is normal in comparison to Murricaville's average.\nSaving water is an act of responsibility. Bless the President!\n</random>
Dialogues/prepperHouseWarning	<random>\nThis might be risky in case of an inspection. I need to take care of this later.\nIt's not safe to leave it like this before an inspection.\nThe Agent better not see this.\nI need to tidy the house up a bit in case the Agent comes.\nThe house does not look completely legal at the moment.\nI better hide the subversive items.\nThe house would not be ready for an inspection in the current state.\nI hope the Agent does not see the house like this.\n</random>
Dialogues/prepperHouseNotReady	<random>\nThe house is not ready!\nI need to get ready for the inspection real quick!\nOh no, the Agent is coming! I need to get prepared!\nThe house is not ready for the inspection. I better hurry!\nThe Agent is coming and the house looks subversive. I need to take care of that.\nThe inspection is imminent, and the house needs to be beyond suspicion.\nI need to get ready for the inspection!\n</random>
Dialogues/agentPlanNoticed	<random>\nWhat is this? Are you planning to escape again, citizen?\nI hope this is only a decoration, citizen.\nI am afraid the contents of this board do not comply with requirements of security & wellbeing. \nThese look like dangerous dreams, citizen.\nI am afraid this needs to be reported.\nThis is subversive content, citizen. The Agency will be disappointed.\n</random>\n
Dialogues/agentWorkbenchNoticed	<random>\nThis is certainly not standard equipment in a lawful citizen's household.\nThis might be used for subversive activities, citizen. I need to report this.\nA workbench? A good citizen of Murricaville should not need this.\nCitizen, this is an illegal item. This will go into a report.\nI need to report this illegal item.\nThis item is not compliant with the Security & Wellbeing Act.\nThe Agency does not approve of such activities.\n</random>
Dialogues/agentLadderNoticed	<random>\nI do not see the purpose of you having this, citizen.\nWhy do you need a ladder, citizen? This is a potentially subversive item.\nCitizen, where does this ladder lead to? Does it serve subversive purposes?\nThis is an illegal item and I need to report this.\nStandard houses in Murricaville do not need ladders. I am suspecting a subversive motive of having it.\nThis item is not compliant with the Security & Wellbeing Act.\nCitizen, you should be aware that this is an illegal item.\nCitizen, where does this ladder lead to? Do you perhaps have some non-standard rooms in your household?\n</random>
Dialogues/agentGearNoticed	<random>\nCitizen, what is it that you have here?\nThis does not look like a standard personal equipment.\nCitizen, I am worried by some of the things you carry.\nI have to remind you that the rules regarding forbidden items also apply to things you carry with you.\nCitizen, I see you are carrying subversive items with you. This is not acceptable.\nCitizen, hiding illegal items in your personal belongings does not make them legal. \n</random>
Dialogues/prepLeverTip	Hm, this <color=yellow>lever</color> must be somewhere in the forest.
Dialogues/prepReload	<voice type=laugh>\nReload!
Dialogues/prep1Wolf	<voice type=laugh>\nHe doesn't look that tough.
Dialogues/prep3Wolfs	<voice type=fear>\nThere is more of them?!
Dialogues/prepBigBadWolf	<voice type=laugh>\nHere comes the Big Bad!
Dialogues/prepWeaponBroke	<voice type=anger>\nMy weapon broke!
Dialogues/prepObserverEntry	That smell. A mixture of metal, rust, and some chemicals. It is… oddly familiar.
Dialogues/prepObserverTestChamb	These instruments… This test chamber… It all rings a bell. Why?\n<voice type=fear>\nOh. Oh no. I think I remember… Like a scene from another life. \n<voice type=upset>\nAnimals… dogs, I think?, in test chambers. Bombarded with waves. \n<voice type=upset>\nDogs attacking other dogs, like they're turned rabid instantly. Tearing those other dogs apart.\n<voice type=upset>\nLater the dogs are sitting next to the killed ones, still bloodied, but now docile and empty-eyed. \n<voice type=question>\n…Why do I remember this?\n
Dialogues/prepObserverPicture	<voice type=surprise>\nOh, it's a group picture of some sort, let's have a look.\n“BRAZEN SERPENT LAUNCH”, dated from several years ago. Happy faces, serious faces, faces of pride.\n<voice type=anger>\nAnd there's… Oh crap, not this again. That's me right here.\n<voice type=upset>\nI was building that thing. The Brazen Serpent.\n
Dialogues/prepObserverCafeteria	And this… This corridor leads to the base cafeteria. I just remembered this.\n<voice type=surprise>\nI remember meeting people. Happy faces. Team spirit. Tasty mac & cheese. Good times. \nThere was one face smiling to me often. Have I met this person later…? Damn, I don't know, it's all foggy.\n
Dialogues/bobProposition1	<voice type=greeting>\nGood day, Mr. Prepper. I hope your little excursion went well.
Dialogues/prepProposition2	Oh, Bob, I didn't expect your visit. The trip was enlightening indeed. \n<voice type=question>\nBut Bob, why do you look so serious? Has something happened?
Dialogues/bobProposition3	I'm serious because I have a serious proposition to you. On behalf of the Sleepless.\n I know that after coming back from the military base, you are now close to reaching your goal.\n We know you're almost done with the rocket.
Dialogues/prepProposition4	Oh, so you're watching my progress closely. I guess I should be proud.
Dialogues/bobProposition5	<voice type=negation>\nDon't worry, we don't want to get into your small vehicle. But we want to use the moment of the launch to conduct our action.\n<voice type=order>\nWe have named it Operation Awakening.\n
Dialogues/prepProposition6	Of course you have.
Dialogues/bobProposition7	When you launch your rocket, it will surely catch everyone's attention. Agents will be running around like crazy. Regular folk of Murricaville will probably just watch in amazement.\n<voice type=order>\nAnd here's where we step in. We use the chaos to distribute leaflets, put some graffiti, give away some of our anti-sleep mixture.\n
Dialogues/prepProposition8	Oh, you give it away now.
Dialogues/bobProposition9	We have long suspected that the mind control is weaker when you experience strong emotions or when something very unusual happens to you. \n That's why we believe the Operation Awakening synchronized with your launch would nudge some people out of stupor.\n <voice type=order>\n We, the Sleepless, will then take care of them. The resistance will grow.\n And we need your help.
Dialogues/prepProposition10	Well, if that's what you want. I hope to be far from here when you start awakening the people.
Dialogues/bobProposition11	We prefer resistance to escape, but all we need from you is a sign when you are ready for the launch of the rocket.\nWhen you are ready to go, please light this red light in your bedroom.\nThen wait for our arrival before you start the launch procedure. \nI will bring people that put the most <color=yellow>trust</color> in you.\n
Dialogues/prepProposition12	<voice type=acceptance>\nRed light. Got it. I just need to tie up some loose ends before I go.
Dialogues/bobProposition13	<voice type=thanks>\nGreat. See you on the day of the operation, Prepper.
Dialogues/agentReveal1	Hello, Mr. Prepper. 
Dialogues/prepReveal2	<voice type=greeting>\nOh. Hello. I… I didn't expect an inspection right now. I thought they… are no longer needed.
Dialogues/agentReveal3	<voice type=surprise>\nAh, you recognized me without my glasses! You are very perceptive, Mr. Prepper! \nI thought my disguise will last for longer and I will be able to surprise you.\n<voice type=negation>\nAnd as for the inspection… I don't do this kind of things anymore.\n
Dialogues/prepReveal4	It's not the lack of glasses that gave you away. It's just that I know your voice very well.\n“This is standard procedure,” you know.\nBut I must admit, Mr. Agent, that I'm confused. I don't know the purpose of your visit.\n
Dialogues/agentReveal5	Oh, Mr. Prepper. Please call me Minuteman from now on.
Dialogues/prepReveal6	<voice type=question>\n…
Dialogues/agentReveal7	Oh, I thought you'd have this figured out already! Yes, I'm the one who was sending you all the items and information. \n<voice type=thanks>\nAnd thank you for answering my requests, Mr. Prepper!
Dialogues/prepReveal7.1	<voice type=surprise>\nSo... you want to tell me that all those inspections and reports... were just for a show?\n<voice type=anger>\nYou had fun harassing me, Minuteman?
Dialogues/agentReveal7.2	But Mr. Prepper! I had to keep up appearances!\n<voice type=order>\nI had to work well for the Agency to be able to help you!\nAnd I even resisted the urge to look under your rug!
Dialogues/prepReveal8	<voice type=question>\nOh sure, you were just following orders. But how did you manage to escape the Agency's ambush?
Dialogues/agentReveal9	Ah, this. I was expecting to die valiantly, but it actually wasn't that bad.\nI got a tip-off about the ambush, but it turned out it was actually just one older Agent.\nHe retreated after my warning shot, possibly to get reinforcements. I used the occasion to run away from the hideout.\nAnd here I am. I couldn't resist to introduce myself with my truer identity.\n
Dialogues/prepReveal10	<voice type=acceptance>\nOkay. I'm honored, but you still owe me some explanations. Why did you choose me as your pen pal?
Dialogues/agentReveal11	You caught my eye a long time ago. When we were still working together.
Dialogues/prepReveal12	<voice type=surprise>\nWhat?!
Dialogues/agentReveal13	Yeah, you probably wouldn't remember me even without your amnesia. I was just a regular Agent assigned to the Fort Observer, and you were a superstar there.
Dialogues/prepReveal14	…
Dialogues/agentReveal15	Oh, stop with the false modesty, Mr. Prepper. You were a top-class engineer. Your solutions were absolutely vital to getting the Brazen Serpent up to the orbit and keeping it there.\nAnd you loved the job. You were dedicated, hardworking, and very sociable on top of that.\n<voice type=laugh>\nWhenever I saw you in the base, I thought: oh, I want to be like that guy. \n
Dialogues/prepReveal16	I'm not sure if I'm flattered, really. But what happened then? How did I stop working for the government?
Dialogues/agentReveal17	How to put that concisely… After the successful launch of the Brazen Serpent, you got bored.\nSupervision of the satellite was just too easy, everything worked as planned.\nSo you started visiting other teams in the base, socializing, getting to know their work, seeing if you can help.\nAnd one day you visited the Inspiration & Wellbeing Department. \n
Dialogues/prepReveal18	Gotta love those military names these days. So what were they doing?
Dialogues/agentReveal19	Well… Further testing the technology that's installed on the Brazen Serpent. The waves, you know.\nAnd they were testing them on dogs, as usual.\n
Dialogues/prepReveal20	<voice type=order>\nI'll stop you right there. I… I remember this. Wish I didn't.
Dialogues/agentReveal21	Sure. In the next days you weren't yourself. And not very sociable anymore.\nThen one morning I woke up to the alarm in the base. Everyone was running around and screaming.\nTurned out somebody broke into the Inspiration & Wellbeing Department, let the dogs out, and painted the word FREEDOM in big letters on the one-way mirror in the test room.\n<voice type=laugh>\nAnd then stole one of the planes and took off without authorization. And who didn't show up for work? Our Mr. Perfect. Mr. Prepper.\n
Dialogues/prepReveal22	It seems it's all coming together.
Dialogues/agentReveal23	Right? Unfortunately for you, an AA missile got you right before you went out of range.\nThey never got to the wreckage. But they found you wandering endlessly in the forest.\nThey were ready to make an example of you. \n
Dialogues/prepReveal24	<voice type=question>\nSo… Why didn't they?
Dialogues/agentReveal25	They realized you're a perfect test case.
Dialogues/prepReveal26	<voice type=surprise>\nWhat are you talking about?
Dialogues/agentReveal27	Observing the effects of the Brazen Serpent. You lost your memory, so you were a clean slate for the mind-controlling waves. But you were known to have a strong personality.\nA perfect situation for testing the strength of the satellite, right? So they assigned an Agent to observe you and let you free. Well, “free”.\n
Dialogues/prepReveal28	<voice type=question>\nWas it you observing me?
Dialogues/agentReveal29	<voice type=negation>\nAh, no. That Agent got fired after you had tried to escape with a car.\nAnd then I convinced them to continue the experiment. I suggested the regular controls. They agreed.\nAnd besides, I wanted to take a closer look at you.\n
Dialogues/prepReveal30	<voice type=disappointment>\nThat's weird, Minuteman.
Dialogues/agentReveal31	No, I admired you. I was fascinated. You were always different.\nAnd your escape. The dogs, the writing on the mirror. It was… beautiful.\nAnd by that time, I was already bored by the dullness of the Agency. So I decided to help you out.\nI needed to keep up appearances, so I performed all the controls dutifully, but also set up my Minuteman alter ego to help you out.\n
Dialogues/prepReveal32	So it was all for show. And what's in it for you?
Dialogues/agentReveal33	<voice type=question>\nApart from that I sincerely wanted to help the most interesting person in Murricaville?
Dialogues/prepReveal34	<voice type=acceptance>\nYes, apart from that.
Dialogues/agentReveal35	So, Mr. Prepper, you need to know that in the Agency I had access to sources more reliable than Our Truth (bless the President). \n And the international situation is really, really tense. See, the Brazen Serpent doesn't affect only our great country.\n I'm afraid a foreign attack is imminent.
Dialogues/prepReveal36	<voice type=order>\nAnd so you want…
Dialogues/agentReveal37	<voice type=upset>\nMr. Prepper, I have gone out of my way so many times…
Dialogues/prepReveal38	<voice type=order>\nTo the point, please.
Dialogues/agentReveal39	<voice type=acceptance>\nI want to get away with you in your rocket.
Dialogues/prepReveal40	See, and that's a concrete answer!\n<voice type=negation>\nNo, not gonna happen.
Dialogues/agentReveal41	<voice type=disappointment>\nBut Mr. Prepper…!
Dialogues/prepReveal42	<voice type=negation>\nNo, it's impossible, there's only one place inside. And I'm pretty sure you can't control a rocket.
Dialogues/agentReveal43	<voice type=fear>\nMr. Prepper! We are all in grave danger! We cannot know how much longer Murricaville and the whole country will survive!
Dialogues/prepReveal44	<voice type=acceptance>\nWell… okay. You can use my bunker after I fly away. I won't need it anymore.\nThe equipment is not compliant with the Security & Wellbeing Act, but I hope you don't mind.\n
Dialogues/agentReveal45	<voice type=thanks>\nMr. Prepper, thank you! This will help a lot. \nAnd good luck on your flight, wherever you are going.\n<voice type=disappointment>\nI just have to admit I imagined our meeting being a bit… warmer.\n
Dialogues/prepReveal46	<voice type=order>\nThis is standard procedure, Minuteman.
Dialogues/prepPillReq	I need a pill not to fall asleep, the way is too long!
Dialogues/neighHello1	Good day, neighbor!
Dialogues/neighHello2	Hello, dear neighbor! Bless the President!
Dialogues/neighHello3	Good day, Mr. Prepper! Bless the President!
Dialogues/neighHello4	Hello, dear neighbor, how are you?
Dialogues/neighBye1	Goodbye, neighbor!
Dialogues/neighBye2	Have a good day, neighbor! Until next time!
Dialogues/neighBye3	See you next time! 
Dialogues/neighBye4	Bless the President!
Dialogues/prepSmallTalkHello1	Hi.
Dialogues/prepSmallTalkHello2	Hello.
Dialogues/prepSmallTalkPost1	Odd...
Dialogues/prepSmallTalkPost2	What was that?
Dialogues/prepSmallTalkPost3	Okay.
Dialogues/prepSmallTalkPost4	Oh dear.
Dialogues/prepSmallTalkPost5	Yeah, sure.
Dialogues/prepSmallTalkGenericResponse	...
Dialogues/neighSmallTalk1	What a lovely day!
Dialogues/prepSmallTalk2	Yeah, sure, I guess.
Dialogues/neighSmallTalkA1	The weather is fantastic today! I'm sure it's thanks to our government.
Dialogues/prepSmallTalkA2	Uhm... Sure.
Dialogues/neighSmallTalkAA1	I was just wondering... Have you seen any dogs around lately?
Dialogues/prepSmallTalkAA2	No, can't say I have.
Dialogues/neighSmallTalkB	You have a very pretty house! It's very similar to mine.
Dialogues/neighSmallTalkC	Every day I feel thankful for living in Murricaville. Why would anyone want to leave?
Dialogues/neighSmallTalkD	I used to have some trouble with insomnia, but now I sleep through the night every time.
Dialogues/neighSmallTalkE	I'm so forgetful lately! Yesterday I forgot where I keep my salt, can you imagine?
Dialogues/neighSmallTalkF	Did you know that Murricaville County has one of the most diverse landscapes in the US?\nNot that I ever feel the need to leave the town, but it's truly remarkable!
Dialogues/neighSmallTalkG	Life is great in Murricaville, but I'm reading in Our Truth that the foreign powers want to destroy our way of life. \nThis worries me a lot!
Dialogues/neighQuest1	Can I borrow some <color=white>sugar</color>?
Dialogues/neighQuest2	I ran out of <color=white>salt</color>. Can I borrow some?
Dialogues/neighQuest3	Can I borrow some <color=white>flour</color>?
Dialogues/neighQuestComplite	Hello, neighbor!\nI have this for you!
Dialogues/neighThankYou	Thank you, neighbor!
Dialogues/herbGoodbye1	<voice type=greeting>\nHello, Buttercup. So it's finally the time for you to shoot forth!
Dialogues/prepGoodbye2	<voice type=greeting>\nHello, Jenny! Do you always speak in plant metaphors?
Dialogues/herbGoodbye3	Only when I find it fruitful. 
Dialogues/prepGoodbye4	<voice type=acceptance>\nRight. It's the first time I see you outside the forest, by the way.
Dialogues/herbGoodbye5	I needed to be there for the operation. I want to see if everyone feels well after my herbs, you know.\nAnd I'd also like to see Mary. See if anything can help her remember her life.\nIf not, I'll just see if she's alright.
Dialogues/prepGoodbye6	<voice type=disappointment>\nI'm… sorry. I took part in this. The Brazen Serpent program. Some of the memories got back to me.
Dialogues/herbGoodbye7	<voice type=acceptance>\nI know, Buttercup. But you're a different person now. This is what matters.\nAfter all, it was your decision to escape them. And I remember the search for you after the crash.\nI have been observing it from my small hideouts in the forest. They deployed great force, and they wanted your blood.\nBut they didn't expect to find you completely lost, not remembering anything, apparently already under the influence of the satellite.
Dialogues/prepGoodbye8	<voice type=question>\nYou've seen that?
Dialogues/herbGoodbye9	With my own old eyes, yes. And then, for some reason, they decided to let you go. Perhaps they wanted to observe you.\nAnd, well… Not only they had the same idea.
Dialogues/prepGoodbye10	I know that the Sleepless had been watching me too. Have you gotten to any conclusions from the observation?
Dialogues/herbGoodbye11	That you are the most peculiar person around.\nAt first you seemed completely brainwashed like the most of Murricaville. But it didn't last long.\nYour determination is fascinating. You quickly started doing your own things. The Agency hadn't noticed soon enough.\nFinally, you attempted to escape with a car… And I think you remember the rest.
Dialogues/prepGoodbye12	<voice type=thanks>\nYou know, Jenny, I'm very glad I got this letter from you. You are my favourite granny from the woods.
Dialogues/herbGoodbye13	<voice type=thanks>\nAnd you're my favourite youngster. Godspeed, Buttercup, and good luck with finding greener pastures. Remember to eat well and drink tea.
Dialogues/prepGoodbye14	It's been an honor, Jenny. Good luck with the Awakening.
Dialogues/bobAwakening1	<voice type=greeting>\nHello, Mr. Prepper.
Dialogues/prepAwakening2	<voice type=greeting>\nHello, Bob! Glad to see you found some time to stop by before the great operation.\n<voice type=question>\nAre you prepared? Do you hear the people sing?
Dialogues/bobAwakening3	<voice type=question>\nIs it irony, Prepper? You don't believe in our cause?
Dialogues/prepAwakening4	<voice type=negation>\nOh no, it's not that. It's just… I'm more of a solo player and I'm not seeing myself marching behind banners. \nBut I wish you all the best. Do you think you stand a chance today? Are you ready?
Dialogues/bobAwakening5	As we'll ever be. We have nothing to lose but chains.
Dialogues/prepAwakening6	I like the attitude. But there's one thing, Bob. As for people loving freedom and hating surveillance so much, you have done your share of observation, am I right?
Dialogues/bobAwakening7	<voice type=question>\n Oh, you mean observing you? We had to, in order to understand your case and how it could help our struggle.\n Already since the plane crash we knew there's something special about you. You started tricking the Agency very early on. And most of us Sleepless require certain effort to stay outside the influence of the Brazen Serpent.\n Physical barriers, avoiding the nightly reset, regular contact with other awakened people, concentration exercises.\n And you seemed to defy the brainwashing by sheer force of will and keeping yourself busy. Remarkable!\n <voice type=thanks>\n Your example gives us hope. We feel very grateful to have you on our side. Thank you, Mr. Prepper.
Dialogues/prepAwakening8	<voice type=acceptance>\nYou're welcome. Don't think I'll forget all this ‘don't go to the lower levels of the mine' thingie, though.\nGood luck today. May the whole town become sleepless.
Dialogues/bobAwakening9	Hopefully. And good luck with your shiny metal bullet. It was a pleasure knowing you, Prepper.
Dialogues/prepAwakening10	Likewise, Bob. You are my favorite bookworm revolutionary. Take care.
Dialogues/herbBetaBlock	Oh, I'm sorry, Buttercup. I can't give you any more quests in the <color=yellow>beta version</color> of the game.
Dialogues/joeBetaBlock	Hey, Prepper. Sorry, but that's all you will get from me in the <color=yellow>beta version</color> of the game.
Dialogues/bobBetaBlock	Hi Prepper, that is all from me in the <color=yellow>beta version</color> of the game. Come back in the full one!
Dialogues/joeLaunch1	<voice type=greeting>\nHi, Prepper!
Dialogues/chupaLaunch2	Woof!
Dialogues/prepLaunch3	<voice type=greeting>\nOh, hi, Joe! And Chupacabra! In the town! I didn't expect you here. So you're among the Sleepless now?
Dialogues/joeLaunch4	Ya know, I'm not sure if they consider me a regular member. But I'm helping them out, yes.\nAfter all these years of reading about conspiracies and secret organizations I didn't want to miss the chance to take a closer look at one.\nThey have a bit of Illuminati vibe with all the eyes, don't they?\nAt least it's the best you can get in Murricaville County.
Dialogues/prepLaunch5	<voice type=question>\nAnd what do you think happens afterwards? After the Awakening?
Dialogues/joeLaunch6	<voice type=laugh>\nFunny thing is, I really don't know.\nThe expectation is that we awaken enough people to self-organize well and resist our local Agents. And then we'll see.\nWhat I'm afraid is that the Awakening triggers something else. A reaction of Deep State. A massive release of chemtrails. Ionosphere activation.\nBut whatever happens, I wanted to see it up close. It gets boring on the junkyard sometimes, you know.\n<voice type=thanks>\nAnd your launch! I know you're leaving, and I wanted to say goodbye. I think we got along well, Prepper.
Dialogues/prepLaunch7	<voice type=thanks>\nI think the same, Joe. I enjoyed your help and company.
Dialogues/chupaLaunch8	Woof!
Dialogues/prepLaunch9	Yes, and yours too, Chupacabra, of course!
Dialogues/joeLaunch10	But tell me one thing, Prepper. You had your share of work for a secret organization, am I right?
Dialogues/prepLaunch11	The word got to you, eh? Yes, I worked for the Agency, it turns out. But this was another life, a previous life.
Dialogues/joeLaunch12	Oh, I know, don't dwell on it, Prepper. The history of the world is full of double agents and defectors. \nAnd I've heard it with my own ears how furious they were at you.
Dialogues/prepLaunch13	<voice type=question>\nHow so?
Dialogues/joeLaunch14	You're not the only one who knows how to use the radio, Prepper. \nBack when Fort Observer was still active, I used to have one of my antennas directed towards the base. I would sometimes pick up some military chatter.\nMostly nothing important or just some codes I couldn't understand.\nAnd then one day the radio got off like the fireworks on July 4th. Back when we still celebrated it, that is.\nThey were yelling something about the ‘wellbeing department'. I thought somebody broke their sauna or something.\nBut then they cried in horror that somebody let the dogs out.
Dialogues/chupaLaunch15	Woof! Woof!
Dialogues/joeLaunch16	<voice type=acceptance>\nThat's right. And it sounded like it was a really big deal. I guess these were no regular good boys.\nThen they were telling somebody wrote ‘FREEDOM' on a glass somewhere. Like it was a curse word for them.\nAnd then there was an official announcement: it was now forbidden to repeat the written word.\nThey were also shocked after finding out who the saboteur was. I didn't pick up the name at the time. But their reaction was like the President himself had defected.\nAnd then came the alert about the unauthorized takeoff from the airfield. Everyone on the radio went nuts. They had shortly announced they were going to cut all radio communications and everything went silent.
Dialogues/prepLaunch17	<voice type=question>\nHow did you figure out it was me?
Dialogues/joeLaunch18	Oh, after the crash in the forest it was just connecting the dots really.
Dialogues/prepLaunch19	<voice type=question>\nSo why were you willing to help a former Agent?
Dialogues/joeLaunch20	Oh, come on, Prepper. Me, a collaborator of a secret rebel organization, and a defector from the government agency? It's the stuff of my dreams. 
Dialogues/prepLaunch21	<voice type=acceptance>\nRight. I was happy to do some of the conspiring with you.
Dialogues/joeLaunch22	<voice type=laugh>\nHave a good flight, Prepper. And just one thing, I'm not one of those types, but just in case: remember to look out of the window and see if the Earth is really round.\nIt would be very funny if it's not!
Dialogues/prepLaunch23	<voice type=acceptance>\nUhm. Sure. Will do. So long, Joe! And Chupacabra!
Dialogues/chupaLaunch24	Woof! Woof!
Dialogues/willWillLaunch1	Hi, Prepper. So it's the end, huh?
Dialogues/prepWillLaunch2	So it seems, Will.
Dialogues/willWillLaunch3	You know I'm not a man of many words, Prepper. I don't quite know what to say.
Dialogues/prepWillLaunch4	Let me try: the work order that brought me to the farm led to a pretty big adventure.
Dialogues/willWillLaunch5	Out of this world. At first I thought you'll just be another Agency's nuisance. I was glad to be wrong.
Dialogues/prepWillLaunch6	And thanks for teaching me a lot about animals. Fish, above all.
Dialogues/willWillLaunch7	You're welcome. I hope you won't give up on fishing, wherever you land.
Dialogues/prepFinale	At last. This is where it ends.\nIn a short moment, I will be speeding away in a giant metal bullet.\nAway from here, from the dullest place on Earth.\nGoodbye, Murricaville, I won't miss you!
Dialogues/prepCookingTut	I didn't even have time for breakfast.\nMaybe I should cook something?
Dialogues/prepRocketComplete	It's done.\nMy little shiny thing is complete. The last part of my ultimate escape plan.\nThe launch procedure can be started any moment. Now I just need to think if there's something left to do in Murricaville.\nThere'll be no going back, not this time.
Dialogues/prepUnfinishedBusiness	I could fly away already or deal with some unfinished business while still here.
Dialogues/bobPropositionStart	<voice type=question>\nHey, Prepper! Got a minute?
Dialogues/outroTextPrepper	Rumble of engines. Overwhelming speed. This is what everything has led to. \nI went through a plane crash, memory loss, government surveillance. I dug myself a second home underground. And then, I fought, farmed, explored and built my way out of that damned town. \nIn my previous life, I worked for the regime. In this one, I have helped some weird dreamers like me fight it.\nOnwards! To the new beginnings. To freedom.\n...Shit.
Dialogues/outroTextPrepper1	Rumble of engines.
Dialogues/outroTextPrepper2	Overwhelming speed. 
Dialogues/outroTextPrepper3	This is what everything has led to.
Dialogues/outroTextPrepper4	I went through a plane crash,
Dialogues/outroTextPrepper5	memory loss,
Dialogues/outroTextPrepper6	government surveillance.
Dialogues/outroTextPrepper7	I dug myself a second home underground.
Dialogues/outroTextPrepper8	And then, I fought,
Dialogues/outroTextPrepper9	farmed,
Dialogues/outroTextPrepper10	explored
Dialogues/outroTextPrepper11	and built my way out of that damned town.
Dialogues/outroTextPrepper12	In my previous life, I worked for the regime.
Dialogues/outroTextPrepper13	In this one, I have helped some weird dreamers like me fight it.
Dialogues/outroTextPrepper14	Onwards!
Dialogues/outroTextPrepper15	To the new beginnings.
Dialogues/outroTextPrepper16	To freedom.
Dialogues/outroTextPrepper17	...Shit.
Dialogues/prepGoodbyesStart1	Okay, the light has been set up. Now let's just wait for the Sleepless.
Dialogues/prepGoodbyesStart2	I should go outside and look for them.
Dialogues/prepSignalToEarly	It's too early for the signal. \nI have to finish the rocket first!
Dialogues/bobHi	<voice type=greeting>\n<duration value=2>\nHi, Prepper!
Dialogues/joeHi	<voice type=greeting>\n<duration value=2>\nHowdy!
Dialogues/herbHi	<voice type=greeting>\n<duration value=2>\nHello!
Dialogues/willHi	<voice type=greeting>\n<duration value=2>\nNice to see you, Prepper.
Dialogues/prepGoodbyeEnd1	<voice type=acceptance>\nThis is it. Time for me to go.
Dialogues/joeGoodByeEnd2	<voice type=greeting>\nGodspeed, Prepper!
Dialogues/herbGoodbyeEnd3	<voice type=thanks>\nGoodbye, Buttercup!
Dialogues/bobGoodByeEnd4	<voice type=acceptance>\nGood luck out there. Farewell.
Dialogues/chupaGoodbyeEnd5	Woof!
Dialogues/willGoodbyeEnd5.5	So long!
Dialogues/prepGoodbyeEnd6	Goodbye.
Dialogues/prepLastAgentVisit	<voice type=surprise>\nWho's that? The Agent?!
Dialogues/prepGoodbyesStart3	Oh, here they are!
Dialogues/prepGoodbyesStart4	Hm, looks like it's only Bob.
Dialogues/bobPropositionIncomplete	Hi, Prepper. Are you preparing for the takeoff? We are ready for Operation Awakening.
Dialogues/bobr1	Hi, Prepper! This time I don't have anything you could help with. Perhaps you want to read something?\nI have lately bought this novel, "A Canticle for Leibovitz". A fun little story about monks.
Dialogues/bobr2	Oh, hi. We have been doing another experiment today and we are now all very, very sleepy. Please come again some other time. 
Dialogues/bobr3	Hi, Prepper. Checking up on our subversive activities here? Nothing particularly interesting happening now, but you can always visit us to check again.
Dialogues/bobr4	Oh hello, Prepper. We're organizing a small Oxford-style debate on the validity of violent resistance tactics.\nAt least if I convince one of the team leaders to come back after she stormed out of the last one.\n...But you can also come back another time to see if we're doing something more interesting. 
Dialogues/bobr5	Oh hi, Prepper. I'm afraid nothing fascinating happens here now. Even subversive activity can be boring, you know.\nBut come again some other time!
Dialogues/bobPostLaunch	Wow, that was impressive.\nAnd now the time has finally come! Let's start the Operation Awakening!\n...Heavens, what's that light?! No! A blast!\nWe are not... we are not... not prepared... not prepared... not prepared for this!\n...or are we?
Dialogues/bobPostLaunch1	<voice type=thanks>\nWow, that was impressive.
Dialogues/bobPostLaunch2	And now the time has finally come! Let's start the Operation Awakening!
Dialogues/joePostLaunch3	Aye, aye, Captain!
Dialogues/herbPostLaunch4	I'm ready. Let's sow the seeds of dissent!
Dialogues/willPostLaunch4.2	Let's do it, I guess.
Dialogues/scientistPostLaunch4.3	Time to bring science to the people.
Dialogues/bobPostLaunch4.5	<voice type=surprise>\n!?
Dialogues/bobPostLaunch5	<voice type=anger>\nYou? What are you doing here?!
Dialogues/agentPostLaunch6	I... can explain. But it's a long story, we would need plenty of time.\nBut I'm on your side!
Dialogues/bobPostLaunch7	<voice type=surprise>\n...Heavens, what's that light?!
Dialogues/bobPostLaunch8	<voice type=fear>\nNo! A blast!
Dialogues/agentPostLaunch9	<voice type=fear>\nI have been right about it!
Dialogues/scientistPostLaunch9.5	It wasn't me!
Dialogues/joePostLaunch10	<voice type=fear>\nI didn't sign up for that!
Dialogues/herbPostLaunch11	<voice type=fear>\nGoodness gracious! Don't look, Bob. We will get through this.
Dialogues/willPostLaunch11.5	<voice type=fear>\nNo! It's horrible! Henry, stay strong, we'll get through this!
Dialogues/bobPostLaunch12	<voice type=fear>\nWe are not... we are not... not prepared... not prepared... not prepared for this!
Dialogues/bobPostLaunch12a	<voice type=fear>\nI am not... I am not... not prepared... not prepared... not prepared for this!
Dialogues/bobPostLaunch13	<voice type=question>\n...or are we?
Dialogues/bobPostLaunch13a	<voice type=question>\n...or am I?
Dialogues/bobAwakeningLowTrust1	<voice type=greeting>\n Hello, Mr. Prepper.
Dialogues/prepAwakeningLowTrust2	<voice type=greeting>\n Hello, Bob! You're here to start your operation?
Dialogues/bobAwakeningLowTrust3	Yes, just as we agreed. I'm glad you kept your part of the deal.
Dialogues/prepAwakeningLowTrust4	Oh, sure, I keep my word. Even if I'm not exactly enthusiastic about something.
Dialogues/bobAwakeningLowTrust5	I have a feeling you don't really believe in the case of the Sleepless.
Dialogues/prepAwakeningLowTrust6	Ah, it doesn't matter. It's just… I'm more of a solo player and I'm not seeing myself marching behind banners.\nAnd I just prefer to leave it all behind rather than fight.
Dialogues/bobAwakeningLowTrust7	I respect that. I hope you will find the peace you seek.
Dialogues/prepAwakeningLowTrust8	Thanks. Good luck with your subversive activities.
Dialogues/bobAwakeningLowTrust9	Goodbye, Prepper.
Dialogues/prepAwakeningLowTrust10	Goodbye, Bob.
Dialogues/prepJacketPickUp1	This must be Bob's jacket.
Dialogues/prepJacketPickUp2	I can't see the next mining pass in here.\nI will have to look for it elsewhere.
Dialogues/prepVedingMachine	<voice type=laugh>\nOne energy drink for five coins. Sounds good.
Dialogues/prepNeedMonayV	I need 5 coins for this.
Dialogues/prepBobHideoutBeetle	I don't recognize this exotic language, but it looks like something about an invasion of deadly giant bugs. Very cool.
Dialogues/prepBobHideoutBless	This poster just tells it like it is. I also like to start the day with saluting the president's head in the sky. 
Dialogues/prepSleeplessBasePillows	So here's where all the herbal teas from Jenny are being tested, I think.
Dialogues/prepSleeplessBasePosters	Catchy. Properly disturbing. Not sure if effective, though.
Dialogues/prepSleeplessBaseChairs	I wonder how many Sleepless are there. Do they hold regular meetings?
Dialogues/prepSleeplessBaseContainers	There's a lot of dangerous stuff for an area that's supposedly full of hydrogen.
Dialogues/prepAlarmWrongFloor	I should place it on the upper floor. No one would see it from here.
Dialogues/prepAlarmNeedLight	The switch needs some source of light in the room to work as an alarm.
Dialogues/prepDesertDifferent1	How complicated can a desert be? I'd swear I haven't seen the same place twice here.
Dialogues/prepDesertDifferent2	Hm, I have no memory of this place. Perhaps I took a different turn than the last time.
Dialogues/prepDesertDifferent3	I was sure I was driving the same route as the last time, and yet it looks different. Is it because of these fabled mirages or what?
Dialogues/prepMineSignStone	A sign with stones. Maybe it's a good spot to mine some rocks?
Dialogues/prepMineSignIron	Looks like a steel H-beam. What does it mean? A construction site?\nOr... a good place for mining iron. Let's see.
Dialogues/prepMineSignSalt	Salt. It's a salt level.
Dialogues/prepMineSignOil	I can get some oil from here. I may be able to convert it into fuel.
Dialogues/prepMineSignCrystal	A crystal? Maybe some rare gems? Perhaps it's a good spot for mining valuables.
Dialogues/prepMineSignRand	A question mark. Great. Very informative. \nI suppose no one know what's on this level.\nOr maybe it changes every time? \nWhat a crazy idea.
Dialogues/prepHerbBed	But grandmother! What small cabin do you have, said Little Prepp Riding Hood.
Dialogues/prepHerbDeerTrophy	A hunter's trophy? Perhaps there is more to the Herbalist than meets the eye.\nAnd what's the deal with these antlers?
Dialogues/prepHerbGrowingBox	A growing box. Somehow I have a feeling these are not only decorative plants.
Dialogues/prepHerbTV	There's nothing worthwhile on TV since the Plague, only news about successes of government, outdated educational programs, and old westerns.
Dialogues/prepHerbWeedHook	This is probably a weeding tool. But it could definitely kill you.
Dialogues/prepHerbDaisyGrubber	A gardening tool or a torture device? I don't trust the cute daisy painted on it. 
Dialogues/prepBobHideoutBoard	Post-it notes always make the interior look professional.
Dialogues/prepAgentMissing	Looks like there's no inspection today. Maybe the Agency is too busy.
Dialogues/prepClosedDoors	It's closed.\nLooks like Ellipse doesn't want me to leave yet.
Dialogues/prepDogCage	<voice type=question>\nA cage?\nIf it's for wolves, it doesn't work too well. 
Dialogues/prepTooLate	It's too late to start this trip. \nI should come back tomorrow morning. 
Dialogues/herbRand1	I think some insects have infested my violets. They apparently don't know I'm good at making effective herbal pesticides.
Dialogues/herbRand2	Hey, Buttercup, I hope you remember to eat and sleep well! It seems to me you lead a rather stressful lifestyle.
Dialogues/herbRand3	There's rosemary, that's for remembrance. Pray you, love, remember. And there is pansies, that's for thoughts.
Dialogues/herbRand4	Bob, are you getting enough sun lately? I hope you do.
Dialogues/herbRand5	Ah, Buttercup, you are always so busy, always moving. I couldn't be like this, I need to have my roots somewhere.
Dialogues/herbRand6	The effects of guarana are quite satisfying, but I also heard good opinions on a certain species of holly from Paraguay. I need to get my hands on it someday!
Dialogues/herbRand7	Where have all the flowers gone? Young girls have picked them everyone. Oh, when will they ever learn?
Dialogues/prepNoDenAvailableTemplate	I first need to place a [den] in this room. \nThis [animal] needs a place to sleep and rest.
Dialogues/prepNoFreeDenSlotAvailableTemplate	[den] is full.\n<voice type=negation>\nThere is no space for this [animal].
Dialogues/prepNoDenAvailable	<voice type=negation>\nNo lair available!
Dialogues/prepNoFreeDenSlotAvailable	<voice type=negation>\nNo free slot in any lair available!
Dialogues/prepNoPlacingDogDenUnderground	<voice type=negation>\nDog lair can't be placed underground!
Dialogues/prepScarecrow1	<voice type=question>\nWait, what now? A scarecrow? A walking one? Never a dull moment in Murricaville.
